ISO-10303-21;
HEADER;
/* Generated by software containing ST-Developer
 * from STEP Tools, Inc. (www.steptools.com) 
 */
/* OPTION: using custom renumber hook */

FILE_DESCRIPTION(
/* description */ ('STEP AP242 Edition 2',
'CAx-IF Rec.Pracs.---Representation and Presentation of Product Manufa
cturing Information (PMI)---4.0---2014-10-13',
'CAx-IF Rec.Pracs.---3D Tessellated Geometry---0.4---2014-09-14','2;1',
'CAx-IF Rec.Pracs.---User Defined Attributes---1.5---2016-08-15'),
/* implementation_level */ '2;1');

FILE_NAME(
/* name */ 'Pneuma_201 parts - Rear_Cover',
/* time_stamp */ '2026-05-25T03:06:32Z',
/* author */ (''),
/* organization */ (''),
/* preprocessor_version */ 'ST-DEVELOPER v20',
/* originating_system */ 'ONSHAPE BY PTC INC, 1.215',
/* authorisation */ '  ');

FILE_SCHEMA (('AP242_MANAGED_MODEL_BASED_3D_ENGINEERING_MIM_LF { 1 0 10303 442 3 1 4 }'));
ENDSEC;

DATA;
#10=SHAPE_REPRESENTATION_RELATIONSHIP('','',#4164,#11);
#11=ADVANCED_BREP_SHAPE_REPRESENTATION('',(#4162),#8042);
#12=CONICAL_SURFACE('',#4231,0.0011,0.78539816339745);
#13=CONICAL_SURFACE('',#4233,0.0011,0.785398163397448);
#14=CONICAL_SURFACE('',#4236,0.0015,0.78539816339745);
#15=CONICAL_SURFACE('',#4256,0.0015,0.785398163397434);
#16=CONICAL_SURFACE('',#4257,0.0015,0.785398163397443);
#17=CONICAL_SURFACE('',#4267,0.0011,0.78539816339745);
#18=CONICAL_SURFACE('',#4288,0.0011,0.785398163397452);
#19=CONICAL_SURFACE('',#4293,0.0011,0.785398163397439);
#20=CONICAL_SURFACE('',#4295,0.0015,0.78539816339745);
#21=CONICAL_SURFACE('',#4300,0.0015,0.785398163397452);
#22=CONICAL_SURFACE('',#4303,0.0011,0.785398163397448);
#23=CONICAL_SURFACE('',#4312,0.0015,0.785398163397443);
#24=CONICAL_SURFACE('',#4315,0.0025,0.785398163397442);
#25=CONICAL_SURFACE('',#4317,0.0025,0.785398163397446);
#26=CONICAL_SURFACE('',#4319,0.0025,0.785398163397435);
#27=CONICAL_SURFACE('',#4321,0.0025,0.785398163397431);
#28=CONICAL_SURFACE('',#4323,0.0027,0.785398163397471);
#29=CONICAL_SURFACE('',#4406,0.0015,0.785398163397452);
#30=CONICAL_SURFACE('',#4408,0.0015,0.78539816339745);
#31=CONICAL_SURFACE('',#4419,0.0015,0.785398163397452);
#32=CONICAL_SURFACE('',#4423,0.0015,0.78539816339745);
#33=B_SPLINE_SURFACE_WITH_KNOTS('',1,3,((#6184,#6185,#6186,#6187,#6188,
#6189,#6190,#6191,#6192,#6193,#6194,#6195,#6196,#6197),(#6198,#6199,#6200,
#6201,#6202,#6203,#6204,#6205,#6206,#6207,#6208,#6209,#6210,#6211),(#6212,
#6213,#6214,#6215,#6216,#6217,#6218,#6219,#6220,#6221,#6222,#6223,#6224,
#6225)),.RULED_SURF.,.F.,.F.,.F.,(2,1,2),(4,2,2,2,2,2,4),(-0.00996101027929315,
0.,1.),(0.,0.00384782887486523,0.00577174331229784,0.00769565774973046,
0.00961957218716307,0.0115434866245957,0.0153913154994609),
 .UNSPECIFIED.);
#34=B_SPLINE_SURFACE_WITH_KNOTS('',1,3,((#6235,#6236,#6237,#6238,#6239,
#6240,#6241,#6242,#6243,#6244,#6245,#6246,#6247,#6248),(#6249,#6250,#6251,
#6252,#6253,#6254,#6255,#6256,#6257,#6258,#6259,#6260,#6261,#6262),(#6263,
#6264,#6265,#6266,#6267,#6268,#6269,#6270,#6271,#6272,#6273,#6274,#6275,
#6276)),.RULED_SURF.,.F.,.F.,.F.,(2,1,2),(4,2,2,2,2,2,4),(-0.00996101027896091,
0.,1.),(0.,0.00384782887486524,0.00577174331229785,0.00769565774973047,
0.00961957218716309,0.0115434866245957,0.0153913154994609),
 .UNSPECIFIED.);
#35=B_SPLINE_SURFACE_WITH_KNOTS('',3,1,((#6286,#6287),(#6288,#6289),(#6290,
#6291),(#6292,#6293)),.SURF_OF_LINEAR_EXTRUSION.,.F.,.F.,.F.,(4,4),(2,2),
(2.58273884168949E-13,0.999999999999889),(0.,1.),
 .PIECEWISE_BEZIER_KNOTS.);
#36=B_SPLINE_SURFACE_WITH_KNOTS('',3,1,((#6295,#6296),(#6297,#6298),(#6299,
#6300),(#6301,#6302),(#6303,#6304)),.SURF_OF_LINEAR_EXTRUSION.,.F.,.F.,
 .F.,(4,1,4),(2,2),(-1.39424295824644E-13,0.499999999878806,0.999999999757751),
(0.,1.),.UNSPECIFIED.);
#37=B_SPLINE_SURFACE_WITH_KNOTS('',1,3,((#6346,#6347,#6348,#6349,#6350,
#6351,#6352,#6353,#6354,#6355,#6356,#6357,#6358,#6359),(#6360,#6361,#6362,
#6363,#6364,#6365,#6366,#6367,#6368,#6369,#6370,#6371,#6372,#6373),(#6374,
#6375,#6376,#6377,#6378,#6379,#6380,#6381,#6382,#6383,#6384,#6385,#6386,
#6387)),.RULED_SURF.,.F.,.F.,.F.,(2,1,2),(4,2,2,2,2,2,4),(0.,1.,2.),(0.,
0.00503746346707057,0.00755619520060586,0.0100749269341411,0.0125936586676764,
0.0151123904012117,0.0201498538682823),.UNSPECIFIED.);
#38=B_SPLINE_SURFACE_WITH_KNOTS('',1,3,((#6389,#6390,#6391,#6392,#6393,
#6394,#6395,#6396,#6397,#6398,#6399,#6400,#6401,#6402,#6403,#6404),(#6405,
#6406,#6407,#6408,#6409,#6410,#6411,#6412,#6413,#6414,#6415,#6416,#6417,
#6418,#6419,#6420),(#6421,#6422,#6423,#6424,#6425,#6426,#6427,#6428,#6429,
#6430,#6431,#6432,#6433,#6434,#6435,#6436),(#6437,#6438,#6439,#6440,#6441,
#6442,#6443,#6444,#6445,#6446,#6447,#6448,#6449,#6450,#6451,#6452)),
 .RULED_SURF.,.F.,.F.,.F.,(2,1,1,2),(4,3,2,2,2,3,4),(-0.199999999999844,
0.,1.,2.),(-0.00156275974392558,0.,0.00390689935981391,0.00781379871962783,
0.0117206980794417,0.0156275974392556,0.0171903571831812),.UNSPECIFIED.);
#39=B_SPLINE_SURFACE_WITH_KNOTS('',1,3,((#6476,#6477,#6478,#6479,#6480,
#6481,#6482,#6483,#6484,#6485),(#6486,#6487,#6488,#6489,#6490,#6491,#6492,
#6493,#6494,#6495),(#6496,#6497,#6498,#6499,#6500,#6501,#6502,#6503,#6504,
#6505),(#6506,#6507,#6508,#6509,#6510,#6511,#6512,#6513,#6514,#6515)),
 .RULED_SURF.,.F.,.F.,.F.,(2,1,1,2),(4,2,2,2,4),(-0.0355753442179651,-0.0293305587947978,
0.,1.),(0.,0.00264585572025085,0.0052917114405017,0.00793756716075255,0.0105834228810034),
 .UNSPECIFIED.);
#40=B_SPLINE_SURFACE_WITH_KNOTS('',3,1,((#6573,#6574),(#6575,#6576),(#6577,
#6578),(#6579,#6580)),.SURF_OF_LINEAR_EXTRUSION.,.F.,.F.,.F.,(4,4),(2,2),
(2.77970977106868E-13,0.999999999999896),(0.,1.),
 .PIECEWISE_BEZIER_KNOTS.);
#41=B_SPLINE_SURFACE_WITH_KNOTS('',3,1,((#6583,#6584),(#6585,#6586),(#6587,
#6588),(#6589,#6590),(#6591,#6592)),.SURF_OF_LINEAR_EXTRUSION.,.F.,.F.,
 .F.,(4,1,4),(2,2),(-1.30916643539346E-13,0.499999999878809,0.999999999757749),
(0.,1.),.UNSPECIFIED.);
#42=B_SPLINE_SURFACE_WITH_KNOTS('',1,3,((#6619,#6620,#6621,#6622,#6623,
#6624,#6625,#6626,#6627,#6628,#6629,#6630,#6631,#6632),(#6633,#6634,#6635,
#6636,#6637,#6638,#6639,#6640,#6641,#6642,#6643,#6644,#6645,#6646),(#6647,
#6648,#6649,#6650,#6651,#6652,#6653,#6654,#6655,#6656,#6657,#6658,#6659,
#6660)),.RULED_SURF.,.F.,.F.,.F.,(2,1,2),(4,2,2,2,2,2,4),(0.,1.,2.),(0.,
0.00503746346707057,0.00755619520060585,0.0100749269341411,0.0125936586676764,
0.0151123904012117,0.0201498538682823),.UNSPECIFIED.);
#43=B_SPLINE_SURFACE_WITH_KNOTS('',1,3,((#6663,#6664,#6665,#6666,#6667,
#6668,#6669,#6670,#6671,#6672,#6673,#6674,#6675,#6676,#6677,#6678),(#6679,
#6680,#6681,#6682,#6683,#6684,#6685,#6686,#6687,#6688,#6689,#6690,#6691,
#6692,#6693,#6694),(#6695,#6696,#6697,#6698,#6699,#6700,#6701,#6702,#6703,
#6704,#6705,#6706,#6707,#6708,#6709,#6710),(#6711,#6712,#6713,#6714,#6715,
#6716,#6717,#6718,#6719,#6720,#6721,#6722,#6723,#6724,#6725,#6726)),
 .RULED_SURF.,.F.,.F.,.F.,(2,1,1,2),(4,3,2,2,2,3,4),(-0.200000000000003,
0.,1.,2.),(-0.00156275974392557,0.,0.00390689935981391,0.00781379871962783,
0.0117206980794417,0.0156275974392556,0.0171903571831812),.UNSPECIFIED.);
#44=B_SPLINE_SURFACE_WITH_KNOTS('',1,3,((#6775,#6776,#6777,#6778,#6779,
#6780,#6781,#6782,#6783,#6784),(#6785,#6786,#6787,#6788,#6789,#6790,#6791,
#6792,#6793,#6794),(#6795,#6796,#6797,#6798,#6799,#6800,#6801,#6802,#6803,
#6804),(#6805,#6806,#6807,#6808,#6809,#6810,#6811,#6812,#6813,#6814)),
 .RULED_SURF.,.F.,.F.,.F.,(2,1,1,2),(4,2,2,2,4),(-0.0355753442329718,-0.0293305587947485,
0.,1.),(0.,0.00264585572025085,0.0052917114405017,0.00793756716075255,0.0105834228810034),
 .UNSPECIFIED.);
#45=B_SPLINE_SURFACE_WITH_KNOTS('',1,3,((#6974,#6975,#6976,#6977,#6978,
#6979,#6980,#6981,#6982,#6983,#6984,#6985,#6986,#6987),(#6988,#6989,#6990,
#6991,#6992,#6993,#6994,#6995,#6996,#6997,#6998,#6999,#7000,#7001),(#7002,
#7003,#7004,#7005,#7006,#7007,#7008,#7009,#7010,#7011,#7012,#7013,#7014,
#7015)),.RULED_SURF.,.F.,.F.,.F.,(2,1,2),(4,2,2,2,2,2,4),(-0.00996101027955541,
0.,1.),(0.,0.00384782887486523,0.00577174331229784,0.00769565774973045,
0.00961957218716306,0.0115434866245957,0.0153913154994609),
 .UNSPECIFIED.);
#46=B_SPLINE_SURFACE_WITH_KNOTS('',1,3,((#7025,#7026,#7027,#7028,#7029,
#7030,#7031,#7032,#7033,#7034,#7035,#7036,#7037,#7038),(#7039,#7040,#7041,
#7042,#7043,#7044,#7045,#7046,#7047,#7048,#7049,#7050,#7051,#7052)),
 .RULED_SURF.,.F.,.F.,.F.,(2,2),(4,2,2,2,2,2,4),(0.,1.),(0.,0.00384782887486525,
0.00577174331229787,0.00769565774973049,0.00961957218716311,0.0115434866245957,
0.015391315499461),.UNSPECIFIED.);
#47=B_SPLINE_SURFACE_WITH_KNOTS('',1,3,((#7078,#7079,#7080,#7081,#7082,
#7083,#7084,#7085,#7086,#7087,#7088,#7089,#7090,#7091,#7092,#7093,#7094,
#7095,#7096,#7097,#7098,#7099),(#7100,#7101,#7102,#7103,#7104,#7105,#7106,
#7107,#7108,#7109,#7110,#7111,#7112,#7113,#7114,#7115,#7116,#7117,#7118,
#7119,#7120,#7121),(#7122,#7123,#7124,#7125,#7126,#7127,#7128,#7129,#7130,
#7131,#7132,#7133,#7134,#7135,#7136,#7137,#7138,#7139,#7140,#7141,#7142,
#7143),(#7144,#7145,#7146,#7147,#7148,#7149,#7150,#7151,#7152,#7153,#7154,
#7155,#7156,#7157,#7158,#7159,#7160,#7161,#7162,#7163,#7164,#7165)),
 .RULED_SURF.,.F.,.F.,.F.,(2,1,1,2),(4,3,2,2,2,2,2,2,3,4),(-0.200000000000182,
0.,1.,2.),(-0.00133538250269674,0.,0.00333845625674185,0.00500768438511278,
0.0066769125134837,0.00834614064185463,0.0100153687702255,0.0116845968985965,
0.0133538250269674,0.0146892075296641),.UNSPECIFIED.);
#48=B_SPLINE_SURFACE_WITH_KNOTS('',1,3,((#7167,#7168,#7169,#7170,#7171,
#7172,#7173,#7174,#7175,#7176,#7177,#7178,#7179,#7180),(#7181,#7182,#7183,
#7184,#7185,#7186,#7187,#7188,#7189,#7190,#7191,#7192,#7193,#7194),(#7195,
#7196,#7197,#7198,#7199,#7200,#7201,#7202,#7203,#7204,#7205,#7206,#7207,
#7208)),.RULED_SURF.,.F.,.F.,.F.,(2,1,2),(4,2,2,2,2,2,4),(0.,1.,2.00000000003143),
(0.,0.00454700905944634,0.00682051358916952,0.00909401811889269,0.0113675226486159,
0.013641027178339,0.0181880362377854),.UNSPECIFIED.);
#49=B_SPLINE_SURFACE_WITH_KNOTS('',1,3,((#7212,#7213,#7214,#7215,#7216,
#7217,#7218,#7219,#7220,#7221,#7222,#7223,#7224,#7225,#7226,#7227),(#7228,
#7229,#7230,#7231,#7232,#7233,#7234,#7235,#7236,#7237,#7238,#7239,#7240,
#7241,#7242,#7243),(#7244,#7245,#7246,#7247,#7248,#7249,#7250,#7251,#7252,
#7253,#7254,#7255,#7256,#7257,#7258,#7259),(#7260,#7261,#7262,#7263,#7264,
#7265,#7266,#7267,#7268,#7269,#7270,#7271,#7272,#7273,#7274,#7275)),
 .RULED_SURF.,.F.,.F.,.F.,(2,1,1,2),(4,3,2,2,2,3,4),(-0.199999999999912,
0.,1.,2.),(-0.00156275974392557,0.,0.00390689935981392,0.00781379871962784,
0.0117206980794418,0.0156275974392556,0.0171903571831812),.UNSPECIFIED.);
#50=B_SPLINE_SURFACE_WITH_KNOTS('',1,3,((#7279,#7280,#7281,#7282,#7283,
#7284,#7285,#7286,#7287,#7288,#7289,#7290,#7291,#7292,#7293,#7294),(#7295,
#7296,#7297,#7298,#7299,#7300,#7301,#7302,#7303,#7304,#7305,#7306,#7307,
#7308,#7309,#7310),(#7311,#7312,#7313,#7314,#7315,#7316,#7317,#7318,#7319,
#7320,#7321,#7322,#7323,#7324,#7325,#7326),(#7327,#7328,#7329,#7330,#7331,
#7332,#7333,#7334,#7335,#7336,#7337,#7338,#7339,#7340,#7341,#7342)),
 .RULED_SURF.,.F.,.F.,.F.,(2,1,1,2),(4,3,2,2,2,3,4),(-0.199999999999965,
0.,1.,2.),(-0.00156275974392556,0.,0.00390689935981391,0.00781379871962782,
0.0117206980794417,0.0156275974392556,0.0171903571831812),.UNSPECIFIED.);
#51=B_SPLINE_SURFACE_WITH_KNOTS('',1,3,((#7343,#7344,#7345,#7346,#7347,
#7348,#7349,#7350,#7351,#7352,#7353,#7354,#7355,#7356),(#7357,#7358,#7359,
#7360,#7361,#7362,#7363,#7364,#7365,#7366,#7367,#7368,#7369,#7370),(#7371,
#7372,#7373,#7374,#7375,#7376,#7377,#7378,#7379,#7380,#7381,#7382,#7383,
#7384)),.RULED_SURF.,.F.,.F.,.F.,(2,1,2),(4,2,2,2,2,2,4),(0.,1.,2.),(0.,
0.00503746346707056,0.00755619520060585,0.0100749269341411,0.0125936586676764,
0.0151123904012117,0.0201498538682823),.UNSPECIFIED.);
#52=B_SPLINE_SURFACE_WITH_KNOTS('',1,3,((#7388,#7389,#7390,#7391,#7392,
#7393,#7394,#7395,#7396,#7397,#7398,#7399,#7400,#7401),(#7402,#7403,#7404,
#7405,#7406,#7407,#7408,#7409,#7410,#7411,#7412,#7413,#7414,#7415),(#7416,
#7417,#7418,#7419,#7420,#7421,#7422,#7423,#7424,#7425,#7426,#7427,#7428,
#7429)),.RULED_SURF.,.F.,.F.,.F.,(2,1,2),(4,2,2,2,2,2,4),(0.,1.,2.),(0.,
0.00503746346707057,0.00755619520060586,0.0100749269341411,0.0125936586676764,
0.0151123904012117,0.0201498538682823),.UNSPECIFIED.);
#53=B_SPLINE_SURFACE_WITH_KNOTS('',1,3,((#7433,#7434,#7435,#7436,#7437,
#7438,#7439,#7440,#7441,#7442,#7443,#7444,#7445,#7446,#7447,#7448),(#7449,
#7450,#7451,#7452,#7453,#7454,#7455,#7456,#7457,#7458,#7459,#7460,#7461,
#7462,#7463,#7464),(#7465,#7466,#7467,#7468,#7469,#7470,#7471,#7472,#7473,
#7474,#7475,#7476,#7477,#7478,#7479,#7480)),.RULED_SURF.,.F.,.F.,.F.,(2,
1,2),(4,2,2,2,2,2,2,4),(0.,1.,2.),(0.,0.00333845625674179,0.00500768438511269,
0.00667691251348358,0.00834614064185448,0.0100153687702254,0.0116845968985963,
0.0133538250269672),.UNSPECIFIED.);
#54=B_SPLINE_SURFACE_WITH_KNOTS('',1,3,((#7482,#7483,#7484,#7485,#7486,
#7487,#7488,#7489,#7490,#7491,#7492,#7493,#7494,#7495),(#7496,#7497,#7498,
#7499,#7500,#7501,#7502,#7503,#7504,#7505,#7506,#7507,#7508,#7509),(#7510,
#7511,#7512,#7513,#7514,#7515,#7516,#7517,#7518,#7519,#7520,#7521,#7522,
#7523)),.RULED_SURF.,.F.,.F.,.F.,(2,1,2),(4,2,2,2,2,2,4),(0.,1.,2.00000000000008),
(0.,0.00454700905944533,0.006820513589168,0.00909401811889066,0.0113675226486133,
0.013641027178336,0.0181880362377813),.UNSPECIFIED.);
#55=B_SPLINE_SURFACE_WITH_KNOTS('',3,1,((#7527,#7528),(#7529,#7530),(#7531,
#7532),(#7533,#7534)),.SURF_OF_LINEAR_EXTRUSION.,.F.,.F.,.F.,(4,4),(2,2),
(1.59891343352744E-13,0.999999999999845),(0.,1.),
 .PIECEWISE_BEZIER_KNOTS.);
#56=B_SPLINE_SURFACE_WITH_KNOTS('',3,1,((#7535,#7536),(#7537,#7538),(#7539,
#7540),(#7541,#7542),(#7543,#7544)),.SURF_OF_LINEAR_EXTRUSION.,.F.,.F.,
 .F.,(4,1,4),(2,2),(4.84503330321188E-10,0.500000000000003,0.999999999515503),
(0.,1.),.UNSPECIFIED.);
#57=B_SPLINE_SURFACE_WITH_KNOTS('',3,1,((#7575,#7576),(#7577,#7578),(#7579,
#7580),(#7581,#7582),(#7583,#7584)),.SURF_OF_LINEAR_EXTRUSION.,.F.,.F.,
 .F.,(4,1,4),(2,2),(-1.4515247990314E-13,0.499999999878803,0.999999999757751),
(0.,1.),.UNSPECIFIED.);
#58=B_SPLINE_SURFACE_WITH_KNOTS('',3,1,((#7594,#7595),(#7596,#7597),(#7598,
#7599),(#7600,#7601)),.SURF_OF_LINEAR_EXTRUSION.,.F.,.F.,.F.,(4,4),(2,2),
(0.,1.),(0.,1.),.PIECEWISE_BEZIER_KNOTS.);
#59=B_SPLINE_SURFACE_WITH_KNOTS('',1,3,((#7643,#7644,#7645,#7646,#7647,
#7648,#7649,#7650,#7651,#7652),(#7653,#7654,#7655,#7656,#7657,#7658,#7659,
#7660,#7661,#7662),(#7663,#7664,#7665,#7666,#7667,#7668,#7669,#7670,#7671,
#7672),(#7673,#7674,#7675,#7676,#7677,#7678,#7679,#7680,#7681,#7682)),
 .RULED_SURF.,.F.,.F.,.F.,(2,1,1,2),(4,2,2,2,4),(-0.0355753442333637,-0.0293305587946586,
0.,1.),(0.,0.00264585572025085,0.00529171144050171,0.00793756716075256,
0.0105834228810034),.UNSPECIFIED.);
#60=B_SPLINE_SURFACE_WITH_KNOTS('',1,3,((#7718,#7719,#7720,#7721,#7722,
#7723,#7724,#7725,#7726,#7727),(#7728,#7729,#7730,#7731,#7732,#7733,#7734,
#7735,#7736,#7737),(#7738,#7739,#7740,#7741,#7742,#7743,#7744,#7745,#7746,
#7747)),.RULED_SURF.,.F.,.F.,.F.,(2,1,2),(4,2,2,2,4),(-0.020209904510697,
0.,1.),(0.,0.00264585572025086,0.00529171144050172,0.00793756716075257,
0.0105834228810034),.UNSPECIFIED.);
#61=CYLINDRICAL_SURFACE('',#4174,0.00235);
#62=CYLINDRICAL_SURFACE('',#4177,0.00235);
#63=CYLINDRICAL_SURFACE('',#4180,0.00235);
#64=CYLINDRICAL_SURFACE('',#4191,0.0015);
#65=CYLINDRICAL_SURFACE('',#4208,0.0015);
#66=CYLINDRICAL_SURFACE('',#4215,0.0015);
#67=CYLINDRICAL_SURFACE('',#4238,0.0015);
#68=CYLINDRICAL_SURFACE('',#4268,0.0015);
#69=CYLINDRICAL_SURFACE('',#4271,0.0015);
#70=CYLINDRICAL_SURFACE('',#4274,0.0025);
#71=CYLINDRICAL_SURFACE('',#4277,0.0025);
#72=CYLINDRICAL_SURFACE('',#4280,0.0025);
#73=CYLINDRICAL_SURFACE('',#4283,0.0025);
#74=CYLINDRICAL_SURFACE('',#4286,0.0025);
#75=CYLINDRICAL_SURFACE('',#4367,0.00235);
#76=CYLINDRICAL_SURFACE('',#4370,0.00235);
#77=CYLINDRICAL_SURFACE('',#4373,0.00235);
#78=CYLINDRICAL_SURFACE('',#4403,0.0015);
#79=CYLINDRICAL_SURFACE('',#4432,0.0015);
#80=B_SPLINE_CURVE_WITH_KNOTS('',3,(#5499,#5500,#5501,#5502,#5503,#5504,
#5505),.UNSPECIFIED.,.F.,.F.,(4,1,1,1,4),(0.,0.00269423801189519,0.00538847602379038,
0.00808271403568557,0.0107769520475808),.UNSPECIFIED.);
#81=B_SPLINE_CURVE_WITH_KNOTS('',3,(#5525,#5526,#5527,#5528,#5529,#5530,
#5531),.UNSPECIFIED.,.F.,.F.,(4,1,1,1,4),(0.,0.00269423801189475,0.00538847602378951,
0.00808271403568427,0.010776952047579),.UNSPECIFIED.);
#82=B_SPLINE_CURVE_WITH_KNOTS('',3,(#5583,#5584,#5585,#5586,#5587,#5588,
#5589),.UNSPECIFIED.,.F.,.F.,(4,1,1,1,4),(0.,0.00269423801189383,0.00538847602378765,
0.00808271403568148,0.0107769520475753),.UNSPECIFIED.);
#83=B_SPLINE_CURVE_WITH_KNOTS('',3,(#5609,#5610,#5611,#5612,#5613,#5614,
#5615),.UNSPECIFIED.,.F.,.F.,(4,1,1,1,4),(0.,0.00269423801189476,0.00538847602378951,
0.00808271403568427,0.010776952047579),.UNSPECIFIED.);
#84=B_SPLINE_CURVE_WITH_KNOTS('',3,(#5675,#5676,#5677,#5678,#5679,#5680,
#5681,#5682,#5683),.UNSPECIFIED.,.F.,.F.,(4,1,1,1,1,1,4),(0.,0.00333332711541138,
0.00499999067311707,0.00666665423082276,0.00833331778852845,0.00999998134623415,
0.0133333084616455),.UNSPECIFIED.);
#85=B_SPLINE_CURVE_WITH_KNOTS('',3,(#5685,#5686,#5687,#5688,#5689,#5690,
#5691,#5692,#5693),.UNSPECIFIED.,.F.,.F.,(4,1,1,1,1,1,4),(9.19920440888097E-16,
0.00454110493089393,0.00681165739634043,0.00908220986178694,0.0113527623272334,
0.01362331479268,0.018164419723573),.UNSPECIFIED.);
#86=B_SPLINE_CURVE_WITH_KNOTS('',3,(#5697,#5698,#5699,#5700,#5701,#5702,
#5703,#5704,#5705),.UNSPECIFIED.,.F.,.F.,(4,1,1,1,1,1,4),(0.,0.00390167781229594,
0.00585251671844391,0.00780335562459188,0.00975419453073985,0.0117050334368878,
0.0156067112491838),.UNSPECIFIED.);
#87=B_SPLINE_CURVE_WITH_KNOTS('',3,(#5709,#5710,#5711,#5712,#5713,#5714,
#5715,#5716,#5717),.UNSPECIFIED.,.F.,.F.,(4,1,1,1,1,1,4),(0.,0.00390167781229595,
0.00585251671844392,0.00780335562459189,0.00975419453073986,0.0117050334368878,
0.0156067112491838),.UNSPECIFIED.);
#88=B_SPLINE_CURVE_WITH_KNOTS('',3,(#5721,#5722,#5723,#5724,#5725,#5726,
#5727,#5728,#5729),.UNSPECIFIED.,.F.,.F.,(4,1,1,1,1,1,4),(0.,0.00390167781229589,
0.00585251671844384,0.00780335562459178,0.00975419453073973,0.0117050334368877,
0.0156067112491836),.UNSPECIFIED.);
#89=B_SPLINE_CURVE_WITH_KNOTS('',3,(#5733,#5734,#5735,#5736,#5737,#5738,
#5739,#5740,#5741),.UNSPECIFIED.,.F.,.F.,(4,1,1,1,1,1,4),(0.,0.00390167781229591,
0.00585251671844387,0.00780335562459183,0.00975419453073979,0.0117050334368877,
0.0156067112491837),.UNSPECIFIED.);
#90=B_SPLINE_CURVE_WITH_KNOTS('',3,(#5829,#5830,#5831,#5832,#5833,#5834,
#5835,#5836),.UNSPECIFIED.,.F.,.F.,(4,1,1,1,1,4),(0.,0.00362143274559426,
0.00543214911839138,0.00724286549118851,0.0108642982367828,0.014485730982377),
 .UNSPECIFIED.);
#91=B_SPLINE_CURVE_WITH_KNOTS('',3,(#5838,#5839,#5840,#5841,#5842,#5843,
#5844,#5845,#5846),.UNSPECIFIED.,.F.,.F.,(4,1,1,1,1,1,4),(0.,0.00421800462747799,
0.00632700694121698,0.00843600925495598,0.010545011568695,0.012654013882434,
0.016872018509912),.UNSPECIFIED.);
#92=B_SPLINE_CURVE_WITH_KNOTS('',3,(#5850,#5851,#5852,#5853,#5854,#5855,
#5856,#5857,#5858),.UNSPECIFIED.,.F.,.F.,(4,1,1,1,1,1,4),(0.,0.00421800462747798,
0.00632700694121697,0.00843600925495596,0.0105450115686949,0.0126540138824339,
0.0168720185099119),.UNSPECIFIED.);
#93=B_SPLINE_CURVE_WITH_KNOTS('',3,(#5859,#5860,#5861,#5862,#5863,#5864,
#5865,#5866,#5867),.UNSPECIFIED.,.F.,.F.,(4,1,1,1,1,1,4),(0.,0.00421800462747801,
0.00632700694121701,0.00843600925495601,0.010545011568695,0.012654013882434,
0.016872018509912),.UNSPECIFIED.);
#94=B_SPLINE_CURVE_WITH_KNOTS('',3,(#5871,#5872,#5873,#5874,#5875,#5876,
#5877,#5878,#5879),.UNSPECIFIED.,.F.,.F.,(4,1,1,1,1,1,4),(0.,0.00421800462747799,
0.00632700694121698,0.00843600925495597,0.010545011568695,0.012654013882434,
0.0168720185099119),.UNSPECIFIED.);
#95=B_SPLINE_CURVE_WITH_KNOTS('',3,(#5883,#5884,#5885,#5886,#5887,#5888,
#5889,#5890,#5891),.UNSPECIFIED.,.F.,.F.,(4,1,1,1,1,1,4),(6.11607507678422E-16,
0.00425075433358668,0.00637613150037972,0.00850150866717276,0.0106268858339658,
0.0127522630007588,0.0170030173343449),.UNSPECIFIED.);
#96=B_SPLINE_CURVE_WITH_KNOTS('',3,(#5892,#5893,#5894,#5895,#5896,#5897,
#5898,#5899,#5900),.UNSPECIFIED.,.F.,.F.,(4,1,1,1,1,1,4),(5.0037075531084E-16,
0.00425075433359271,0.00637613150038881,0.00850150866718492,0.010626885833981,
0.0127522630007771,0.0170030173343693),.UNSPECIFIED.);
#97=B_SPLINE_CURVE_WITH_KNOTS('',3,(#5902,#5903,#5904,#5905,#5906,#5907,
#5908,#5909),.UNSPECIFIED.,.F.,.F.,(4,1,1,1,1,4),(0.,0.00362258740150094,
0.00543388110225142,0.00724517480300189,0.0108677622045028,0.0144903496060038),
 .UNSPECIFIED.);
#98=B_SPLINE_CURVE_WITH_KNOTS('',3,(#5913,#5914,#5915,#5916,#5917,#5918,
#5919,#5920,#5921,#5922),.UNSPECIFIED.,.F.,.F.,(4,1,1,1,1,1,1,4),(0.,0.00235963657099518,
0.00471927314199035,0.00707890971298553,0.0094385462839807,0.0117981828549759,
0.0141578194259711,0.0188770925679614),.UNSPECIFIED.);
#99=B_SPLINE_CURVE_WITH_KNOTS('',3,(#5926,#5927,#5928,#5929,#5930,#5931,
#5932,#5933,#5934,#5935),.UNSPECIFIED.,.F.,.F.,(4,1,1,1,1,1,1,4),(0.,0.00235963657099514,
0.00471927314199028,0.00707890971298542,0.00943854628398056,0.0117981828549757,
0.0141578194259708,0.0188770925679611),.UNSPECIFIED.);
#100=B_SPLINE_CURVE_WITH_KNOTS('',3,(#5936,#5937,#5938,#5939,#5940,#5941,
#5942,#5943,#5944,#5945),.UNSPECIFIED.,.F.,.F.,(4,1,1,1,1,1,1,4),(0.,0.00235963657099511,
0.00471927314199022,0.00707890971298533,0.00943854628398044,0.0117981828549755,
0.0141578194259707,0.0188770925679609),.UNSPECIFIED.);
#101=B_SPLINE_CURVE_WITH_KNOTS('',3,(#5949,#5950,#5951,#5952,#5953,#5954,
#5955,#5956,#5957),.UNSPECIFIED.,.F.,.F.,(4,1,1,1,1,1,4),(0.,0.00471922832738497,
0.00707884249107746,0.00943845665476995,0.0117980708184624,0.0141576849821549,
0.0188769133095399),.UNSPECIFIED.);
#102=B_SPLINE_CURVE_WITH_KNOTS('',3,(#5976,#5977,#5978,#5979,#5980,#5981,
#5982),.UNSPECIFIED.,.F.,.F.,(4,1,1,1,4),(0.,0.00272874637386025,0.00545749274772051,
0.00818623912158076,0.010914985495441),.UNSPECIFIED.);
#103=B_SPLINE_CURVE_WITH_KNOTS('',3,(#5986,#5987,#5988,#5989,#5990,#5991,
#5992),.UNSPECIFIED.,.F.,.F.,(4,1,1,1,4),(0.,0.00272874637392787,0.00545749274785575,
0.00818623912178362,0.0109149854957115),.UNSPECIFIED.);
#104=B_SPLINE_CURVE_WITH_KNOTS('',3,(#5993,#5994,#5995,#5996,#5997,#5998,
#5999),.UNSPECIFIED.,.F.,.F.,(4,1,1,1,4),(0.,0.00272874637386023,0.00545749274772045,
0.00818623912158068,0.0109149854954409),.UNSPECIFIED.);
#105=B_SPLINE_CURVE_WITH_KNOTS('',3,(#6003,#6004,#6005,#6006,#6007,#6008,
#6009),.UNSPECIFIED.,.F.,.F.,(4,1,1,1,4),(0.,0.00272874637392782,0.00545749274785563,
0.00818623912178345,0.0109149854957113),.UNSPECIFIED.);
#106=B_SPLINE_CURVE_WITH_KNOTS('',3,(#6010,#6011,#6012,#6013),
 .UNSPECIFIED.,.F.,.F.,(4,4),(0.,1.),.UNSPECIFIED.);
#107=B_SPLINE_CURVE_WITH_KNOTS('',3,(#6018,#6019,#6020,#6021),
 .UNSPECIFIED.,.F.,.F.,(4,4),(0.,1.),.UNSPECIFIED.);
#108=B_SPLINE_CURVE_WITH_KNOTS('',3,(#6025,#6026,#6027,#6028),
 .UNSPECIFIED.,.F.,.F.,(4,4),(0.,1.),.UNSPECIFIED.);
#109=B_SPLINE_CURVE_WITH_KNOTS('',3,(#6029,#6030,#6031,#6032),
 .UNSPECIFIED.,.F.,.F.,(4,4),(0.,1.),.UNSPECIFIED.);
#110=B_SPLINE_CURVE_WITH_KNOTS('',3,(#6039,#6040,#6041,#6042,#6043,#6044,
#6045,#6046,#6047),.UNSPECIFIED.,.F.,.F.,(4,1,1,1,1,1,4),(2.21543137261655E-15,
0.00454110493089455,0.00681165739634072,0.00908220986178689,0.0113527623272331,
0.0136233147926792,0.0181644197235716),.UNSPECIFIED.);
#111=B_SPLINE_CURVE_WITH_KNOTS('',3,(#6049,#6050,#6051,#6052,#6053,#6054,
#6055,#6056,#6057),.UNSPECIFIED.,.F.,.F.,(4,1,1,1,1,1,4),(0.,0.00503771685098169,
0.00755657527647254,0.0100754337019634,0.0125942921274542,0.0151131505529451,
0.0201508674039268),.UNSPECIFIED.);
#112=B_SPLINE_CURVE_WITH_KNOTS('',3,(#6061,#6062,#6063,#6064,#6065,#6066,
#6067,#6068,#6069),.UNSPECIFIED.,.F.,.F.,(4,1,1,1,1,1,4),(0.,0.00503771685098166,
0.00755657527647248,0.0100754337019633,0.0125942921274541,0.015113150552945,
0.0201508674039266),.UNSPECIFIED.);
#113=B_SPLINE_CURVE_WITH_KNOTS('',3,(#6070,#6071,#6072,#6073,#6074,#6075,
#6076,#6077,#6078),.UNSPECIFIED.,.F.,.F.,(4,1,1,1,1,1,4),(0.,0.00503771685098161,
0.00755657527647242,0.0100754337019632,0.012594292127454,0.0151131505529448,
0.0201508674039264),.UNSPECIFIED.);
#114=B_SPLINE_CURVE_WITH_KNOTS('',3,(#6082,#6083,#6084,#6085,#6086,#6087,
#6088,#6089,#6090),.UNSPECIFIED.,.F.,.F.,(4,1,1,1,1,1,4),(0.,0.00503771685098167,
0.00755657527647251,0.0100754337019633,0.0125942921274542,0.015113150552945,
0.0201508674039267),.UNSPECIFIED.);
#115=B_SPLINE_CURVE_WITH_KNOTS('',3,(#6094,#6095,#6096,#6097,#6098,#6099,
#6100,#6101,#6102),.UNSPECIFIED.,.F.,.F.,(4,1,1,1,1,1,4),(0.,0.00333447284690634,
0.00500170927035951,0.00666894569381268,0.00833618211726585,0.010003418540719,
0.0133378913876254),.UNSPECIFIED.);
#116=B_SPLINE_CURVE_WITH_KNOTS('',3,(#6103,#6104,#6105,#6106,#6107,#6108,
#6109,#6110,#6111),.UNSPECIFIED.,.F.,.F.,(4,1,1,1,1,1,4),(0.,0.00391241769407814,
0.00586862654111721,0.00782483538815627,0.00978104423519534,0.0117372530822344,
0.0156496707763125),.UNSPECIFIED.);
#117=B_SPLINE_CURVE_WITH_KNOTS('',3,(#6115,#6116,#6117,#6118,#6119,#6120,
#6121,#6122,#6123),.UNSPECIFIED.,.F.,.F.,(4,1,1,1,1,1,4),(0.,0.0039124176940779,
0.00586862654111685,0.0078248353881558,0.00978104423519475,0.0117372530822337,
0.0156496707763116),.UNSPECIFIED.);
#118=B_SPLINE_CURVE_WITH_KNOTS('',3,(#6124,#6125,#6126,#6127,#6128,#6129,
#6130,#6131,#6132),.UNSPECIFIED.,.F.,.F.,(4,1,1,1,1,1,4),(6.93889390390723E-18,
0.00391241769407788,0.00586862654111682,0.00782483538815576,0.0097810442351947,
0.0117372530822336,0.0156496707763115),.UNSPECIFIED.);
#119=B_SPLINE_CURVE_WITH_KNOTS('',3,(#6136,#6137,#6138,#6139,#6140,#6141,
#6142,#6143,#6144),.UNSPECIFIED.,.F.,.F.,(4,1,1,1,1,1,4),(0.,0.00391241769407812,
0.00586862654111718,0.00782483538815624,0.00978104423519529,0.0117372530822344,
0.0156496707763125),.UNSPECIFIED.);
#120=B_SPLINE_CURVE_WITH_KNOTS('',3,(#6226,#6227,#6228,#6229,#6230,#6231,
#6232,#6233,#6234),.UNSPECIFIED.,.F.,.F.,(4,1,1,1,1,1,4),(1.09669651694068E-15,
0.00407065619598315,0.00610598429397418,0.00814131239196521,0.0101766404899562,
0.0122119685879473,0.0162826247839293),.UNSPECIFIED.);
#121=B_SPLINE_CURVE_WITH_KNOTS('',3,(#6277,#6278,#6279,#6280,#6281,#6282,
#6283,#6284,#6285),.UNSPECIFIED.,.F.,.F.,(4,1,1,1,1,1,4),(9.995861419348E-16,
0.00407065619598287,0.0061059842939738,0.00814131239196474,0.0101766404899557,
0.0122119685879466,0.0162826247839285),.UNSPECIFIED.);
#122=B_SPLINE_CURVE_WITH_KNOTS('',3,(#6305,#6306,#6307,#6308,#6309,#6310,
#6311,#6312,#6313),.UNSPECIFIED.,.F.,.F.,(4,1,1,1,1,1,4),(0.,0.00277349819601735,
0.00416024729402602,0.00554699639203469,0.00693374549004336,0.00832049458805204,
0.0110939927840694),.UNSPECIFIED.);
#123=B_SPLINE_CURVE_WITH_KNOTS('',3,(#6322,#6323,#6324,#6325),
 .UNSPECIFIED.,.F.,.F.,(4,4),(5.20417042793042E-18,0.000637112160035825),
 .UNSPECIFIED.);
#124=B_SPLINE_CURVE_WITH_KNOTS('',3,(#6340,#6341,#6342,#6343),
 .UNSPECIFIED.,.F.,.F.,(4,4),(5.20417042793042E-18,0.000637112160035825),
 .UNSPECIFIED.);
#125=B_SPLINE_CURVE_WITH_KNOTS('',3,(#6520,#6521,#6522,#6523),
 .UNSPECIFIED.,.F.,.F.,(4,4),(0.,0.000637112160035769),.UNSPECIFIED.);
#126=B_SPLINE_CURVE_WITH_KNOTS('',3,(#6535,#6536,#6537,#6538),
 .UNSPECIFIED.,.F.,.F.,(4,4),(2.73734747335474E-17,0.000591046011556884),
 .UNSPECIFIED.);
#127=B_SPLINE_CURVE_WITH_KNOTS('',3,(#6543,#6544,#6545,#6546),
 .UNSPECIFIED.,.F.,.F.,(4,4),(0.,0.000591046011556858),.UNSPECIFIED.);
#128=B_SPLINE_CURVE_WITH_KNOTS('',3,(#6550,#6551,#6552,#6553),
 .UNSPECIFIED.,.F.,.F.,(4,4),(6.77431173301776E-18,0.000591046011556918),
 .UNSPECIFIED.);
#129=B_SPLINE_CURVE_WITH_KNOTS('',3,(#6595,#6596,#6597,#6598,#6599,#6600,
#6601,#6602,#6603),.UNSPECIFIED.,.F.,.F.,(4,1,1,1,1,1,4),(0.,0.00277349819602344,
0.00416024729403517,0.00554699639204689,0.00693374549005861,0.00832049458807033,
0.0110939927840938),.UNSPECIFIED.);
#130=B_SPLINE_CURVE_WITH_KNOTS('',3,(#6744,#6745,#6746,#6747),
 .UNSPECIFIED.,.F.,.F.,(4,4),(3.14650339589291E-17,0.000591046011556814),
 .UNSPECIFIED.);
#131=B_SPLINE_CURVE_WITH_KNOTS('',3,(#6753,#6754,#6755,#6756),
 .UNSPECIFIED.,.F.,.F.,(4,4),(0.,0.000591046011556844),.UNSPECIFIED.);
#132=B_SPLINE_CURVE_WITH_KNOTS('',3,(#6758,#6759,#6760,#6761),
 .UNSPECIFIED.,.F.,.F.,(4,4),(0.,0.00063711216003576),.UNSPECIFIED.);
#133=B_SPLINE_CURVE_WITH_KNOTS('',3,(#6765,#6766,#6767,#6768),
 .UNSPECIFIED.,.F.,.F.,(4,4),(0.,0.000637112160035816),.UNSPECIFIED.);
#134=B_SPLINE_CURVE_WITH_KNOTS('',3,(#6829,#6830,#6831,#6832),
 .UNSPECIFIED.,.F.,.F.,(4,4),(0.,0.000637112160035821),.UNSPECIFIED.);
#135=B_SPLINE_CURVE_WITH_KNOTS('',3,(#6834,#6835,#6836,#6837),
 .UNSPECIFIED.,.F.,.F.,(4,4),(6.77431173301776E-18,0.000591046011556883),
 .UNSPECIFIED.);
#136=B_SPLINE_CURVE_WITH_KNOTS('',3,(#6893,#6894,#6895,#6896),
 .UNSPECIFIED.,.F.,.F.,(4,4),(0.,0.000591046011556871),.UNSPECIFIED.);
#137=B_SPLINE_CURVE_WITH_KNOTS('',3,(#6898,#6899,#6900,#6901),
 .UNSPECIFIED.,.F.,.F.,(4,4),(0.,0.000637112160035824),.UNSPECIFIED.);
#138=B_SPLINE_CURVE_WITH_KNOTS('',3,(#6918,#6919,#6920,#6921),
 .UNSPECIFIED.,.F.,.F.,(4,4),(0.,0.00059104601155681),.UNSPECIFIED.);
#139=B_SPLINE_CURVE_WITH_KNOTS('',3,(#6926,#6927,#6928,#6929),
 .UNSPECIFIED.,.F.,.F.,(4,4),(7.75791922889773E-18,0.000637112160035768),
 .UNSPECIFIED.);
#140=B_SPLINE_CURVE_WITH_KNOTS('',3,(#6931,#6932,#6933,#6934),
 .UNSPECIFIED.,.F.,.F.,(4,4),(0.,0.00059104601155688),.UNSPECIFIED.);
#141=B_SPLINE_CURVE_WITH_KNOTS('',3,(#6936,#6937,#6938,#6939),
 .UNSPECIFIED.,.F.,.F.,(4,4),(5.20417042793042E-18,0.000637112160035825),
 .UNSPECIFIED.);
#142=B_SPLINE_CURVE_WITH_KNOTS('',3,(#6956,#6957,#6958,#6959),
 .UNSPECIFIED.,.F.,.F.,(4,4),(0.,0.00059104601155688),.UNSPECIFIED.);
#143=B_SPLINE_CURVE_WITH_KNOTS('',3,(#6964,#6965,#6966,#6967),
 .UNSPECIFIED.,.F.,.F.,(4,4),(0.,0.000637112160035827),.UNSPECIFIED.);
#144=B_SPLINE_CURVE_WITH_KNOTS('',3,(#7016,#7017,#7018,#7019,#7020,#7021,
#7022,#7023,#7024),.UNSPECIFIED.,.F.,.F.,(4,1,1,1,1,1,4),(0.,0.00407065619598201,
0.00610598429397302,0.00814131239196402,0.010176640489955,0.012211968587946,
0.016282624783928),.UNSPECIFIED.);
#145=B_SPLINE_CURVE_WITH_KNOTS('',3,(#7053,#7054,#7055,#7056,#7057,#7058,
#7059,#7060,#7061),.UNSPECIFIED.,.F.,.F.,(4,1,1,1,1,1,4),(0.,0.00407065619598209,
0.00610598429397313,0.00814131239196418,0.0101766404899552,0.0122119685879463,
0.0162826247839284),.UNSPECIFIED.);
#146=B_SPLINE_CURVE_WITH_KNOTS('',3,(#7063,#7064,#7065,#7066),
 .UNSPECIFIED.,.F.,.F.,(4,4),(8.90810486241773E-17,0.000591046011556843),
 .UNSPECIFIED.);
#147=B_SPLINE_CURVE_WITH_KNOTS('',3,(#7068,#7069,#7070,#7071),
 .UNSPECIFIED.,.F.,.F.,(4,4),(8.67361737988404E-18,0.000637112160035758),
 .UNSPECIFIED.);
#148=B_SPLINE_CURVE_WITH_KNOTS('',3,(#7547,#7548,#7549,#7550,#7551,#7552,
#7553,#7554,#7555),.UNSPECIFIED.,.F.,.F.,(4,1,1,1,1,1,4),(0.,0.00277349819519475,
0.00416024729279213,0.00554699639038951,0.00693374548798689,0.00832049458558426,
0.011093992780779),.UNSPECIFIED.);
#149=B_SPLINE_CURVE_WITH_KNOTS('',3,(#7585,#7586,#7587,#7588,#7589,#7590,
#7591,#7592,#7593),.UNSPECIFIED.,.F.,.F.,(4,1,1,1,1,1,4),(0.,0.00277349819518701,
0.00416024729278051,0.00554699639037402,0.00693374548796752,0.00832049458556103,
0.011093992780748),.UNSPECIFIED.);
#150=B_SPLINE_CURVE_WITH_KNOTS('',3,(#7603,#7604,#7605,#7606),
 .UNSPECIFIED.,.F.,.F.,(4,4),(0.,0.000591046011556875),.UNSPECIFIED.);
#151=B_SPLINE_CURVE_WITH_KNOTS('',3,(#7610,#7611,#7612,#7613),
 .UNSPECIFIED.,.F.,.F.,(4,4),(2.8609792490764E-17,0.000637112160035847),
 .UNSPECIFIED.);
#152=B_SPLINE_CURVE_WITH_KNOTS('',3,(#7931,#7932,#7933,#7934),
 .UNSPECIFIED.,.F.,.F.,(4,4),(0.,0.000591046011556883),.UNSPECIFIED.);
#153=B_SPLINE_CURVE_WITH_KNOTS('',3,(#7949,#7950,#7951,#7952),
 .UNSPECIFIED.,.F.,.F.,(4,4),(0.,0.000591046011556872),.UNSPECIFIED.);
#154=B_SPLINE_CURVE_WITH_KNOTS('',3,(#7960,#7961,#7962,#7963),
 .UNSPECIFIED.,.F.,.F.,(4,4),(0.,0.000637112160035838),.UNSPECIFIED.);
#155=B_SPLINE_CURVE_WITH_KNOTS('',3,(#7965,#7966,#7967,#7968),
 .UNSPECIFIED.,.F.,.F.,(4,4),(2.01229792518718E-17,0.000637112160035828),
 .UNSPECIFIED.);
#156=B_SPLINE_CURVE_WITH_KNOTS('',3,(#7992,#7993,#7994,#7995),
 .UNSPECIFIED.,.F.,.F.,(4,4),(0.,0.000591046011556887),.UNSPECIFIED.);
#157=B_SPLINE_CURVE_WITH_KNOTS('',3,(#8004,#8005,#8006,#8007),
 .UNSPECIFIED.,.F.,.F.,(4,4),(0.,0.000591046011556876),.UNSPECIFIED.);
#158=B_SPLINE_CURVE_WITH_KNOTS('',3,(#8010,#8011,#8012,#8013),
 .UNSPECIFIED.,.F.,.F.,(4,4),(0.,0.000637112160035838),.UNSPECIFIED.);
#159=B_SPLINE_CURVE_WITH_KNOTS('',3,(#8022,#8023,#8024,#8025),
 .UNSPECIFIED.,.F.,.F.,(4,4),(2.01229792518718E-17,0.000637112160035828),
 .UNSPECIFIED.);
#160=CIRCLE('',#4167,0.0027);
#161=CIRCLE('',#4168,0.0027);
#162=CIRCLE('',#4169,0.0027);
#163=CIRCLE('',#4170,0.0027);
#164=CIRCLE('',#4171,0.0027);
#165=CIRCLE('',#4175,0.00235);
#166=CIRCLE('',#4176,0.00235);
#167=CIRCLE('',#4178,0.00235);
#168=CIRCLE('',#4179,0.00235);
#169=CIRCLE('',#4181,0.00235);
#170=CIRCLE('',#4182,0.00235);
#171=CIRCLE('',#4192,0.0015);
#172=CIRCLE('',#4193,0.0015);
#173=CIRCLE('',#4202,0.0025);
#174=CIRCLE('',#4203,0.0025);
#175=CIRCLE('',#4204,0.0025);
#176=CIRCLE('',#4205,0.0025);
#177=CIRCLE('',#4206,0.0025);
#178=CIRCLE('',#4209,0.0015);
#179=CIRCLE('',#4210,0.0015);
#180=CIRCLE('',#4216,0.0015);
#181=CIRCLE('',#4217,0.0015);
#182=CIRCLE('',#4220,0.0011);
#183=CIRCLE('',#4225,0.0011);
#184=CIRCLE('',#4229,0.0011);
#185=CIRCLE('',#4239,0.0015);
#186=CIRCLE('',#4240,0.0015);
#187=CIRCLE('',#4248,0.0011);
#188=CIRCLE('',#4250,0.0011);
#189=CIRCLE('',#4264,0.0011);
#190=CIRCLE('',#4269,0.0015);
#191=CIRCLE('',#4270,0.0015);
#192=CIRCLE('',#4272,0.0015);
#193=CIRCLE('',#4273,0.0015);
#194=CIRCLE('',#4275,0.0025);
#195=CIRCLE('',#4278,0.0025);
#196=CIRCLE('',#4281,0.0025);
#197=CIRCLE('',#4284,0.0025);
#198=CIRCLE('',#4287,0.0025);
#199=CIRCLE('',#4289,0.0011);
#200=CIRCLE('',#4294,0.0011);
#201=CIRCLE('',#4296,0.0011);
#202=CIRCLE('',#4301,0.0011);
#203=CIRCLE('',#4304,0.0011);
#204=CIRCLE('',#4313,0.0011);
#205=CIRCLE('',#4368,0.00235);
#206=CIRCLE('',#4369,0.00235);
#207=CIRCLE('',#4371,0.00235);
#208=CIRCLE('',#4372,0.00235);
#209=CIRCLE('',#4374,0.00235);
#210=CIRCLE('',#4375,0.00235);
#211=CIRCLE('',#4404,0.0015);
#212=CIRCLE('',#4405,0.0015);
#213=CIRCLE('',#4407,0.0011);
#214=CIRCLE('',#4409,0.0011);
#215=CIRCLE('',#4420,0.0015);
#216=CIRCLE('',#4421,0.0011);
#217=CIRCLE('',#4424,0.0011);
#218=CIRCLE('',#4425,0.0015);
#219=ORIENTED_EDGE('',*,*,#1385,.T.);
#220=ORIENTED_EDGE('',*,*,#1386,.T.);
#221=ORIENTED_EDGE('',*,*,#1387,.T.);
#222=ORIENTED_EDGE('',*,*,#1388,.T.);
#223=ORIENTED_EDGE('',*,*,#1389,.T.);
#224=ORIENTED_EDGE('',*,*,#1390,.T.);
#225=ORIENTED_EDGE('',*,*,#1391,.T.);
#226=ORIENTED_EDGE('',*,*,#1392,.F.);
#227=ORIENTED_EDGE('',*,*,#1393,.T.);
#228=ORIENTED_EDGE('',*,*,#1394,.F.);
#229=ORIENTED_EDGE('',*,*,#1395,.F.);
#230=ORIENTED_EDGE('',*,*,#1396,.T.);
#231=ORIENTED_EDGE('',*,*,#1397,.T.);
#232=ORIENTED_EDGE('',*,*,#1398,.T.);
#233=ORIENTED_EDGE('',*,*,#1399,.T.);
#234=ORIENTED_EDGE('',*,*,#1400,.T.);
#235=ORIENTED_EDGE('',*,*,#1401,.T.);
#236=ORIENTED_EDGE('',*,*,#1402,.T.);
#237=ORIENTED_EDGE('',*,*,#1403,.F.);
#238=ORIENTED_EDGE('',*,*,#1404,.T.);
#239=ORIENTED_EDGE('',*,*,#1405,.T.);
#240=ORIENTED_EDGE('',*,*,#1406,.T.);
#241=ORIENTED_EDGE('',*,*,#1407,.T.);
#242=ORIENTED_EDGE('',*,*,#1408,.T.);
#243=ORIENTED_EDGE('',*,*,#1409,.T.);
#244=ORIENTED_EDGE('',*,*,#1410,.T.);
#245=ORIENTED_EDGE('',*,*,#1411,.T.);
#246=ORIENTED_EDGE('',*,*,#1412,.T.);
#247=ORIENTED_EDGE('',*,*,#1413,.T.);
#248=ORIENTED_EDGE('',*,*,#1414,.F.);
#249=ORIENTED_EDGE('',*,*,#1415,.T.);
#250=ORIENTED_EDGE('',*,*,#1416,.T.);
#251=ORIENTED_EDGE('',*,*,#1417,.T.);
#252=ORIENTED_EDGE('',*,*,#1418,.F.);
#253=ORIENTED_EDGE('',*,*,#1419,.F.);
#254=ORIENTED_EDGE('',*,*,#1420,.T.);
#255=ORIENTED_EDGE('',*,*,#1421,.F.);
#256=ORIENTED_EDGE('',*,*,#1422,.T.);
#257=ORIENTED_EDGE('',*,*,#1423,.T.);
#258=ORIENTED_EDGE('',*,*,#1424,.T.);
#259=ORIENTED_EDGE('',*,*,#1425,.T.);
#260=ORIENTED_EDGE('',*,*,#1426,.T.);
#261=ORIENTED_EDGE('',*,*,#1427,.T.);
#262=ORIENTED_EDGE('',*,*,#1428,.F.);
#263=ORIENTED_EDGE('',*,*,#1429,.T.);
#264=ORIENTED_EDGE('',*,*,#1430,.T.);
#265=ORIENTED_EDGE('',*,*,#1431,.F.);
#266=ORIENTED_EDGE('',*,*,#1432,.T.);
#267=ORIENTED_EDGE('',*,*,#1433,.F.);
#268=ORIENTED_EDGE('',*,*,#1434,.T.);
#269=ORIENTED_EDGE('',*,*,#1435,.T.);
#270=ORIENTED_EDGE('',*,*,#1436,.T.);
#271=ORIENTED_EDGE('',*,*,#1437,.F.);
#272=ORIENTED_EDGE('',*,*,#1438,.T.);
#273=ORIENTED_EDGE('',*,*,#1439,.T.);
#274=ORIENTED_EDGE('',*,*,#1440,.T.);
#275=ORIENTED_EDGE('',*,*,#1441,.F.);
#276=ORIENTED_EDGE('',*,*,#1442,.T.);
#277=ORIENTED_EDGE('',*,*,#1443,.T.);
#278=ORIENTED_EDGE('',*,*,#1444,.T.);
#279=ORIENTED_EDGE('',*,*,#1445,.F.);
#280=ORIENTED_EDGE('',*,*,#1446,.T.);
#281=ORIENTED_EDGE('',*,*,#1447,.T.);
#282=ORIENTED_EDGE('',*,*,#1448,.T.);
#283=ORIENTED_EDGE('',*,*,#1449,.F.);
#284=ORIENTED_EDGE('',*,*,#1450,.T.);
#285=ORIENTED_EDGE('',*,*,#1451,.T.);
#286=ORIENTED_EDGE('',*,*,#1452,.T.);
#287=ORIENTED_EDGE('',*,*,#1453,.F.);
#288=ORIENTED_EDGE('',*,*,#1454,.F.);
#289=ORIENTED_EDGE('',*,*,#1455,.T.);
#290=ORIENTED_EDGE('',*,*,#1456,.T.);
#291=ORIENTED_EDGE('',*,*,#1457,.F.);
#292=ORIENTED_EDGE('',*,*,#1458,.F.);
#293=ORIENTED_EDGE('',*,*,#1459,.T.);
#294=ORIENTED_EDGE('',*,*,#1460,.T.);
#295=ORIENTED_EDGE('',*,*,#1461,.T.);
#296=ORIENTED_EDGE('',*,*,#1462,.T.);
#297=ORIENTED_EDGE('',*,*,#1463,.T.);
#298=ORIENTED_EDGE('',*,*,#1464,.T.);
#299=ORIENTED_EDGE('',*,*,#1465,.T.);
#300=ORIENTED_EDGE('',*,*,#1466,.T.);
#301=ORIENTED_EDGE('',*,*,#1467,.F.);
#302=ORIENTED_EDGE('',*,*,#1468,.F.);
#303=ORIENTED_EDGE('',*,*,#1469,.F.);
#304=ORIENTED_EDGE('',*,*,#1470,.T.);
#305=ORIENTED_EDGE('',*,*,#1471,.T.);
#306=ORIENTED_EDGE('',*,*,#1472,.T.);
#307=ORIENTED_EDGE('',*,*,#1473,.F.);
#308=ORIENTED_EDGE('',*,*,#1474,.F.);
#309=ORIENTED_EDGE('',*,*,#1475,.T.);
#310=ORIENTED_EDGE('',*,*,#1476,.T.);
#311=ORIENTED_EDGE('',*,*,#1477,.T.);
#312=ORIENTED_EDGE('',*,*,#1478,.T.);
#313=ORIENTED_EDGE('',*,*,#1479,.F.);
#314=ORIENTED_EDGE('',*,*,#1480,.T.);
#315=ORIENTED_EDGE('',*,*,#1481,.F.);
#316=ORIENTED_EDGE('',*,*,#1482,.F.);
#317=ORIENTED_EDGE('',*,*,#1483,.T.);
#318=ORIENTED_EDGE('',*,*,#1484,.F.);
#319=ORIENTED_EDGE('',*,*,#1485,.F.);
#320=ORIENTED_EDGE('',*,*,#1416,.F.);
#321=ORIENTED_EDGE('',*,*,#1486,.T.);
#322=ORIENTED_EDGE('',*,*,#1487,.F.);
#323=ORIENTED_EDGE('',*,*,#1488,.F.);
#324=ORIENTED_EDGE('',*,*,#1489,.F.);
#325=ORIENTED_EDGE('',*,*,#1444,.F.);
#326=ORIENTED_EDGE('',*,*,#1490,.T.);
#327=ORIENTED_EDGE('',*,*,#1491,.F.);
#328=ORIENTED_EDGE('',*,*,#1492,.T.);
#329=ORIENTED_EDGE('',*,*,#1493,.F.);
#330=ORIENTED_EDGE('',*,*,#1494,.T.);
#331=ORIENTED_EDGE('',*,*,#1495,.F.);
#332=ORIENTED_EDGE('',*,*,#1496,.T.);
#333=ORIENTED_EDGE('',*,*,#1497,.F.);
#334=ORIENTED_EDGE('',*,*,#1498,.T.);
#335=ORIENTED_EDGE('',*,*,#1499,.T.);
#336=ORIENTED_EDGE('',*,*,#1500,.T.);
#337=ORIENTED_EDGE('',*,*,#1501,.T.);
#338=ORIENTED_EDGE('',*,*,#1502,.T.);
#339=ORIENTED_EDGE('',*,*,#1503,.T.);
#340=ORIENTED_EDGE('',*,*,#1504,.T.);
#341=ORIENTED_EDGE('',*,*,#1505,.T.);
#342=ORIENTED_EDGE('',*,*,#1506,.T.);
#343=ORIENTED_EDGE('',*,*,#1507,.T.);
#344=ORIENTED_EDGE('',*,*,#1508,.T.);
#345=ORIENTED_EDGE('',*,*,#1509,.F.);
#346=ORIENTED_EDGE('',*,*,#1510,.T.);
#347=ORIENTED_EDGE('',*,*,#1511,.F.);
#348=ORIENTED_EDGE('',*,*,#1512,.T.);
#349=ORIENTED_EDGE('',*,*,#1513,.F.);
#350=ORIENTED_EDGE('',*,*,#1514,.T.);
#351=ORIENTED_EDGE('',*,*,#1515,.F.);
#352=ORIENTED_EDGE('',*,*,#1516,.T.);
#353=ORIENTED_EDGE('',*,*,#1505,.F.);
#354=ORIENTED_EDGE('',*,*,#1517,.T.);
#355=ORIENTED_EDGE('',*,*,#1518,.F.);
#356=ORIENTED_EDGE('',*,*,#1519,.T.);
#357=ORIENTED_EDGE('',*,*,#1520,.F.);
#358=ORIENTED_EDGE('',*,*,#1521,.T.);
#359=ORIENTED_EDGE('',*,*,#1522,.F.);
#360=ORIENTED_EDGE('',*,*,#1523,.T.);
#361=ORIENTED_EDGE('',*,*,#1515,.T.);
#362=ORIENTED_EDGE('',*,*,#1524,.F.);
#363=ORIENTED_EDGE('',*,*,#1525,.F.);
#364=ORIENTED_EDGE('',*,*,#1526,.F.);
#365=ORIENTED_EDGE('',*,*,#1527,.F.);
#366=ORIENTED_EDGE('',*,*,#1528,.T.);
#367=ORIENTED_EDGE('',*,*,#1529,.T.);
#368=ORIENTED_EDGE('',*,*,#1530,.T.);
#369=ORIENTED_EDGE('',*,*,#1531,.T.);
#370=ORIENTED_EDGE('',*,*,#1532,.T.);
#371=ORIENTED_EDGE('',*,*,#1533,.T.);
#372=ORIENTED_EDGE('',*,*,#1534,.F.);
#373=ORIENTED_EDGE('',*,*,#1535,.T.);
#374=ORIENTED_EDGE('',*,*,#1536,.F.);
#375=ORIENTED_EDGE('',*,*,#1430,.F.);
#376=ORIENTED_EDGE('',*,*,#1537,.F.);
#377=ORIENTED_EDGE('',*,*,#1531,.F.);
#378=ORIENTED_EDGE('',*,*,#1538,.T.);
#379=ORIENTED_EDGE('',*,*,#1539,.T.);
#380=ORIENTED_EDGE('',*,*,#1540,.F.);
#381=ORIENTED_EDGE('',*,*,#1539,.F.);
#382=ORIENTED_EDGE('',*,*,#1541,.T.);
#383=ORIENTED_EDGE('',*,*,#1535,.F.);
#384=ORIENTED_EDGE('',*,*,#1542,.T.);
#385=ORIENTED_EDGE('',*,*,#1543,.F.);
#386=ORIENTED_EDGE('',*,*,#1544,.T.);
#387=ORIENTED_EDGE('',*,*,#1498,.F.);
#388=ORIENTED_EDGE('',*,*,#1545,.T.);
#389=ORIENTED_EDGE('',*,*,#1546,.F.);
#390=ORIENTED_EDGE('',*,*,#1547,.T.);
#391=ORIENTED_EDGE('',*,*,#1548,.F.);
#392=ORIENTED_EDGE('',*,*,#1549,.T.);
#393=ORIENTED_EDGE('',*,*,#1550,.F.);
#394=ORIENTED_EDGE('',*,*,#1543,.T.);
#395=ORIENTED_EDGE('',*,*,#1551,.F.);
#396=ORIENTED_EDGE('',*,*,#1552,.T.);
#397=ORIENTED_EDGE('',*,*,#1553,.F.);
#398=ORIENTED_EDGE('',*,*,#1518,.T.);
#399=ORIENTED_EDGE('',*,*,#1554,.F.);
#400=ORIENTED_EDGE('',*,*,#1555,.T.);
#401=ORIENTED_EDGE('',*,*,#1556,.F.);
#402=ORIENTED_EDGE('',*,*,#1557,.T.);
#403=ORIENTED_EDGE('',*,*,#1558,.T.);
#404=ORIENTED_EDGE('',*,*,#1548,.T.);
#405=ORIENTED_EDGE('',*,*,#1559,.T.);
#406=ORIENTED_EDGE('',*,*,#1560,.F.);
#407=ORIENTED_EDGE('',*,*,#1561,.T.);
#408=ORIENTED_EDGE('',*,*,#1562,.F.);
#409=ORIENTED_EDGE('',*,*,#1563,.T.);
#410=ORIENTED_EDGE('',*,*,#1564,.F.);
#411=ORIENTED_EDGE('',*,*,#1520,.T.);
#412=ORIENTED_EDGE('',*,*,#1565,.F.);
#413=ORIENTED_EDGE('',*,*,#1566,.T.);
#414=ORIENTED_EDGE('',*,*,#1567,.T.);
#415=ORIENTED_EDGE('',*,*,#1568,.T.);
#416=ORIENTED_EDGE('',*,*,#1569,.T.);
#417=ORIENTED_EDGE('',*,*,#1570,.T.);
#418=ORIENTED_EDGE('',*,*,#1571,.T.);
#419=ORIENTED_EDGE('',*,*,#1572,.T.);
#420=ORIENTED_EDGE('',*,*,#1573,.T.);
#421=ORIENTED_EDGE('',*,*,#1574,.T.);
#422=ORIENTED_EDGE('',*,*,#1575,.T.);
#423=ORIENTED_EDGE('',*,*,#1572,.F.);
#424=ORIENTED_EDGE('',*,*,#1576,.T.);
#425=ORIENTED_EDGE('',*,*,#1577,.T.);
#426=ORIENTED_EDGE('',*,*,#1578,.T.);
#427=ORIENTED_EDGE('',*,*,#1527,.T.);
#428=ORIENTED_EDGE('',*,*,#1579,.T.);
#429=ORIENTED_EDGE('',*,*,#1580,.F.);
#430=ORIENTED_EDGE('',*,*,#1581,.T.);
#431=ORIENTED_EDGE('',*,*,#1582,.T.);
#432=ORIENTED_EDGE('',*,*,#1583,.F.);
#433=ORIENTED_EDGE('',*,*,#1584,.T.);
#434=ORIENTED_EDGE('',*,*,#1585,.F.);
#435=ORIENTED_EDGE('',*,*,#1586,.T.);
#436=ORIENTED_EDGE('',*,*,#1525,.T.);
#437=ORIENTED_EDGE('',*,*,#1587,.T.);
#438=ORIENTED_EDGE('',*,*,#1588,.T.);
#439=ORIENTED_EDGE('',*,*,#1583,.T.);
#440=ORIENTED_EDGE('',*,*,#1589,.F.);
#441=ORIENTED_EDGE('',*,*,#1509,.T.);
#442=ORIENTED_EDGE('',*,*,#1590,.F.);
#443=ORIENTED_EDGE('',*,*,#1591,.T.);
#444=ORIENTED_EDGE('',*,*,#1546,.T.);
#445=ORIENTED_EDGE('',*,*,#1592,.T.);
#446=ORIENTED_EDGE('',*,*,#1593,.T.);
#447=ORIENTED_EDGE('',*,*,#1594,.T.);
#448=ORIENTED_EDGE('',*,*,#1522,.T.);
#449=ORIENTED_EDGE('',*,*,#1595,.T.);
#450=ORIENTED_EDGE('',*,*,#1596,.T.);
#451=ORIENTED_EDGE('',*,*,#1597,.T.);
#452=ORIENTED_EDGE('',*,*,#1598,.F.);
#453=ORIENTED_EDGE('',*,*,#1599,.T.);
#454=ORIENTED_EDGE('',*,*,#1511,.T.);
#455=ORIENTED_EDGE('',*,*,#1600,.T.);
#456=ORIENTED_EDGE('',*,*,#1601,.T.);
#457=ORIENTED_EDGE('',*,*,#1602,.T.);
#458=ORIENTED_EDGE('',*,*,#1513,.T.);
#459=ORIENTED_EDGE('',*,*,#1603,.T.);
#460=ORIENTED_EDGE('',*,*,#1604,.T.);
#461=ORIENTED_EDGE('',*,*,#1605,.T.);
#462=ORIENTED_EDGE('',*,*,#1606,.F.);
#463=ORIENTED_EDGE('',*,*,#1607,.F.);
#464=ORIENTED_EDGE('',*,*,#1608,.F.);
#465=ORIENTED_EDGE('',*,*,#1609,.F.);
#466=ORIENTED_EDGE('',*,*,#1610,.T.);
#467=ORIENTED_EDGE('',*,*,#1611,.F.);
#468=ORIENTED_EDGE('',*,*,#1612,.F.);
#469=ORIENTED_EDGE('',*,*,#1613,.F.);
#470=ORIENTED_EDGE('',*,*,#1614,.T.);
#471=ORIENTED_EDGE('',*,*,#1466,.F.);
#472=ORIENTED_EDGE('',*,*,#1615,.T.);
#473=ORIENTED_EDGE('',*,*,#1616,.T.);
#474=ORIENTED_EDGE('',*,*,#1617,.T.);
#475=ORIENTED_EDGE('',*,*,#1618,.T.);
#476=ORIENTED_EDGE('',*,*,#1619,.T.);
#477=ORIENTED_EDGE('',*,*,#1568,.F.);
#478=ORIENTED_EDGE('',*,*,#1620,.F.);
#479=ORIENTED_EDGE('',*,*,#1616,.F.);
#480=ORIENTED_EDGE('',*,*,#1621,.T.);
#481=ORIENTED_EDGE('',*,*,#1618,.F.);
#482=ORIENTED_EDGE('',*,*,#1622,.T.);
#483=ORIENTED_EDGE('',*,*,#1623,.T.);
#484=ORIENTED_EDGE('',*,*,#1624,.F.);
#485=ORIENTED_EDGE('',*,*,#1625,.T.);
#486=ORIENTED_EDGE('',*,*,#1604,.F.);
#487=ORIENTED_EDGE('',*,*,#1512,.F.);
#488=ORIENTED_EDGE('',*,*,#1605,.F.);
#489=ORIENTED_EDGE('',*,*,#1625,.F.);
#490=ORIENTED_EDGE('',*,*,#1626,.F.);
#491=ORIENTED_EDGE('',*,*,#1516,.F.);
#492=ORIENTED_EDGE('',*,*,#1627,.F.);
#493=ORIENTED_EDGE('',*,*,#1623,.F.);
#494=ORIENTED_EDGE('',*,*,#1603,.F.);
#495=ORIENTED_EDGE('',*,*,#1628,.T.);
#496=ORIENTED_EDGE('',*,*,#1627,.T.);
#497=ORIENTED_EDGE('',*,*,#1526,.T.);
#498=ORIENTED_EDGE('',*,*,#1586,.F.);
#499=ORIENTED_EDGE('',*,*,#1534,.T.);
#500=ORIENTED_EDGE('',*,*,#1629,.F.);
#501=ORIENTED_EDGE('',*,*,#1630,.T.);
#502=ORIENTED_EDGE('',*,*,#1579,.F.);
#503=ORIENTED_EDGE('',*,*,#1631,.F.);
#504=ORIENTED_EDGE('',*,*,#1632,.F.);
#505=ORIENTED_EDGE('',*,*,#1633,.T.);
#506=ORIENTED_EDGE('',*,*,#1424,.F.);
#507=ORIENTED_EDGE('',*,*,#1634,.F.);
#508=ORIENTED_EDGE('',*,*,#1635,.F.);
#509=ORIENTED_EDGE('',*,*,#1631,.T.);
#510=ORIENTED_EDGE('',*,*,#1423,.F.);
#511=ORIENTED_EDGE('',*,*,#1636,.F.);
#512=ORIENTED_EDGE('',*,*,#1637,.T.);
#513=ORIENTED_EDGE('',*,*,#1638,.T.);
#514=ORIENTED_EDGE('',*,*,#1639,.F.);
#515=ORIENTED_EDGE('',*,*,#1640,.T.);
#516=ORIENTED_EDGE('',*,*,#1417,.F.);
#517=ORIENTED_EDGE('',*,*,#1488,.T.);
#518=ORIENTED_EDGE('',*,*,#1641,.F.);
#519=ORIENTED_EDGE('',*,*,#1642,.T.);
#520=ORIENTED_EDGE('',*,*,#1643,.F.);
#521=ORIENTED_EDGE('',*,*,#1594,.F.);
#522=ORIENTED_EDGE('',*,*,#1644,.F.);
#523=ORIENTED_EDGE('',*,*,#1565,.T.);
#524=ORIENTED_EDGE('',*,*,#1523,.F.);
#525=ORIENTED_EDGE('',*,*,#1645,.F.);
#526=ORIENTED_EDGE('',*,*,#1506,.F.);
#527=ORIENTED_EDGE('',*,*,#1519,.F.);
#528=ORIENTED_EDGE('',*,*,#1553,.T.);
#529=ORIENTED_EDGE('',*,*,#1643,.T.);
#530=ORIENTED_EDGE('',*,*,#1646,.F.);
#531=ORIENTED_EDGE('',*,*,#1647,.T.);
#532=ORIENTED_EDGE('',*,*,#1648,.T.);
#533=ORIENTED_EDGE('',*,*,#1418,.T.);
#534=ORIENTED_EDGE('',*,*,#1649,.T.);
#535=ORIENTED_EDGE('',*,*,#1650,.T.);
#536=ORIENTED_EDGE('',*,*,#1419,.T.);
#537=ORIENTED_EDGE('',*,*,#1648,.F.);
#538=ORIENTED_EDGE('',*,*,#1420,.F.);
#539=ORIENTED_EDGE('',*,*,#1650,.F.);
#540=ORIENTED_EDGE('',*,*,#1651,.T.);
#541=ORIENTED_EDGE('',*,*,#1652,.F.);
#542=ORIENTED_EDGE('',*,*,#1421,.T.);
#543=ORIENTED_EDGE('',*,*,#1652,.T.);
#544=ORIENTED_EDGE('',*,*,#1653,.F.);
#545=ORIENTED_EDGE('',*,*,#1654,.F.);
#546=ORIENTED_EDGE('',*,*,#1655,.F.);
#547=ORIENTED_EDGE('',*,*,#1636,.T.);
#548=ORIENTED_EDGE('',*,*,#1422,.F.);
#549=ORIENTED_EDGE('',*,*,#1654,.T.);
#550=ORIENTED_EDGE('',*,*,#1656,.T.);
#551=ORIENTED_EDGE('',*,*,#1657,.F.);
#552=ORIENTED_EDGE('',*,*,#1425,.F.);
#553=ORIENTED_EDGE('',*,*,#1633,.F.);
#554=ORIENTED_EDGE('',*,*,#1629,.T.);
#555=ORIENTED_EDGE('',*,*,#1657,.T.);
#556=ORIENTED_EDGE('',*,*,#1533,.F.);
#557=ORIENTED_EDGE('',*,*,#1658,.T.);
#558=ORIENTED_EDGE('',*,*,#1426,.F.);
#559=ORIENTED_EDGE('',*,*,#1659,.F.);
#560=ORIENTED_EDGE('',*,*,#1660,.F.);
#561=ORIENTED_EDGE('',*,*,#1427,.F.);
#562=ORIENTED_EDGE('',*,*,#1658,.F.);
#563=ORIENTED_EDGE('',*,*,#1532,.F.);
#564=ORIENTED_EDGE('',*,*,#1428,.T.);
#565=ORIENTED_EDGE('',*,*,#1660,.T.);
#566=ORIENTED_EDGE('',*,*,#1661,.T.);
#567=ORIENTED_EDGE('',*,*,#1662,.T.);
#568=ORIENTED_EDGE('',*,*,#1663,.T.);
#569=ORIENTED_EDGE('',*,*,#1429,.F.);
#570=ORIENTED_EDGE('',*,*,#1663,.F.);
#571=ORIENTED_EDGE('',*,*,#1664,.F.);
#572=ORIENTED_EDGE('',*,*,#1537,.T.);
#573=ORIENTED_EDGE('',*,*,#1665,.F.);
#574=ORIENTED_EDGE('',*,*,#1640,.F.);
#575=ORIENTED_EDGE('',*,*,#1634,.T.);
#576=ORIENTED_EDGE('',*,*,#1655,.T.);
#577=ORIENTED_EDGE('',*,*,#1651,.F.);
#578=ORIENTED_EDGE('',*,*,#1666,.T.);
#579=ORIENTED_EDGE('',*,*,#1637,.F.);
#580=ORIENTED_EDGE('',*,*,#1667,.T.);
#581=ORIENTED_EDGE('',*,*,#1642,.F.);
#582=ORIENTED_EDGE('',*,*,#1638,.F.);
#583=ORIENTED_EDGE('',*,*,#1668,.F.);
#584=ORIENTED_EDGE('',*,*,#1646,.T.);
#585=ORIENTED_EDGE('',*,*,#1647,.F.);
#586=ORIENTED_EDGE('',*,*,#1668,.T.);
#587=ORIENTED_EDGE('',*,*,#1666,.F.);
#588=ORIENTED_EDGE('',*,*,#1649,.F.);
#589=ORIENTED_EDGE('',*,*,#1667,.F.);
#590=ORIENTED_EDGE('',*,*,#1665,.T.);
#591=ORIENTED_EDGE('',*,*,#1656,.F.);
#592=ORIENTED_EDGE('',*,*,#1653,.T.);
#593=ORIENTED_EDGE('',*,*,#1669,.F.);
#594=ORIENTED_EDGE('',*,*,#1661,.F.);
#595=ORIENTED_EDGE('',*,*,#1659,.T.);
#596=ORIENTED_EDGE('',*,*,#1540,.T.);
#597=ORIENTED_EDGE('',*,*,#1662,.F.);
#598=ORIENTED_EDGE('',*,*,#1669,.T.);
#599=ORIENTED_EDGE('',*,*,#1542,.F.);
#600=ORIENTED_EDGE('',*,*,#1664,.T.);
#601=ORIENTED_EDGE('',*,*,#1670,.F.);
#602=ORIENTED_EDGE('',*,*,#1671,.F.);
#603=ORIENTED_EDGE('',*,*,#1672,.T.);
#604=ORIENTED_EDGE('',*,*,#1673,.F.);
#605=ORIENTED_EDGE('',*,*,#1672,.F.);
#606=ORIENTED_EDGE('',*,*,#1674,.T.);
#607=ORIENTED_EDGE('',*,*,#1675,.F.);
#608=ORIENTED_EDGE('',*,*,#1676,.T.);
#609=ORIENTED_EDGE('',*,*,#1677,.F.);
#610=ORIENTED_EDGE('',*,*,#1476,.F.);
#611=ORIENTED_EDGE('',*,*,#1678,.F.);
#612=ORIENTED_EDGE('',*,*,#1675,.T.);
#613=ORIENTED_EDGE('',*,*,#1590,.T.);
#614=ORIENTED_EDGE('',*,*,#1626,.T.);
#615=ORIENTED_EDGE('',*,*,#1679,.T.);
#616=ORIENTED_EDGE('',*,*,#1584,.F.);
#617=ORIENTED_EDGE('',*,*,#1679,.F.);
#618=ORIENTED_EDGE('',*,*,#1624,.T.);
#619=ORIENTED_EDGE('',*,*,#1628,.F.);
#620=ORIENTED_EDGE('',*,*,#1585,.T.);
#621=ORIENTED_EDGE('',*,*,#1680,.F.);
#622=ORIENTED_EDGE('',*,*,#1681,.F.);
#623=ORIENTED_EDGE('',*,*,#1573,.F.);
#624=ORIENTED_EDGE('',*,*,#1581,.F.);
#625=ORIENTED_EDGE('',*,*,#1580,.T.);
#626=ORIENTED_EDGE('',*,*,#1630,.F.);
#627=ORIENTED_EDGE('',*,*,#1632,.T.);
#628=ORIENTED_EDGE('',*,*,#1635,.T.);
#629=ORIENTED_EDGE('',*,*,#1639,.T.);
#630=ORIENTED_EDGE('',*,*,#1641,.T.);
#631=ORIENTED_EDGE('',*,*,#1487,.T.);
#632=ORIENTED_EDGE('',*,*,#1682,.F.);
#633=ORIENTED_EDGE('',*,*,#1683,.F.);
#634=ORIENTED_EDGE('',*,*,#1684,.F.);
#635=ORIENTED_EDGE('',*,*,#1685,.T.);
#636=ORIENTED_EDGE('',*,*,#1686,.T.);
#637=ORIENTED_EDGE('',*,*,#1670,.T.);
#638=ORIENTED_EDGE('',*,*,#1687,.T.);
#639=ORIENTED_EDGE('',*,*,#1688,.T.);
#640=ORIENTED_EDGE('',*,*,#1680,.T.);
#641=ORIENTED_EDGE('',*,*,#1689,.T.);
#642=ORIENTED_EDGE('',*,*,#1566,.F.);
#643=ORIENTED_EDGE('',*,*,#1644,.T.);
#644=ORIENTED_EDGE('',*,*,#1593,.F.);
#645=ORIENTED_EDGE('',*,*,#1689,.F.);
#646=ORIENTED_EDGE('',*,*,#1592,.F.);
#647=ORIENTED_EDGE('',*,*,#1549,.F.);
#648=ORIENTED_EDGE('',*,*,#1567,.F.);
#649=ORIENTED_EDGE('',*,*,#1690,.T.);
#650=ORIENTED_EDGE('',*,*,#1507,.F.);
#651=ORIENTED_EDGE('',*,*,#1645,.T.);
#652=ORIENTED_EDGE('',*,*,#1552,.F.);
#653=ORIENTED_EDGE('',*,*,#1508,.F.);
#654=ORIENTED_EDGE('',*,*,#1690,.F.);
#655=ORIENTED_EDGE('',*,*,#1551,.T.);
#656=ORIENTED_EDGE('',*,*,#1545,.F.);
#657=ORIENTED_EDGE('',*,*,#1474,.T.);
#658=ORIENTED_EDGE('',*,*,#1691,.T.);
#659=ORIENTED_EDGE('',*,*,#1692,.T.);
#660=ORIENTED_EDGE('',*,*,#1693,.T.);
#661=ORIENTED_EDGE('',*,*,#1694,.T.);
#662=ORIENTED_EDGE('',*,*,#1695,.T.);
#663=ORIENTED_EDGE('',*,*,#1696,.T.);
#664=ORIENTED_EDGE('',*,*,#1697,.T.);
#665=ORIENTED_EDGE('',*,*,#1478,.F.);
#666=ORIENTED_EDGE('',*,*,#1698,.T.);
#667=ORIENTED_EDGE('',*,*,#1674,.F.);
#668=ORIENTED_EDGE('',*,*,#1699,.T.);
#669=ORIENTED_EDGE('',*,*,#1695,.F.);
#670=ORIENTED_EDGE('',*,*,#1700,.F.);
#671=ORIENTED_EDGE('',*,*,#1700,.T.);
#672=ORIENTED_EDGE('',*,*,#1698,.F.);
#673=ORIENTED_EDGE('',*,*,#1477,.F.);
#674=ORIENTED_EDGE('',*,*,#1677,.T.);
#675=ORIENTED_EDGE('',*,*,#1475,.F.);
#676=ORIENTED_EDGE('',*,*,#1694,.F.);
#677=ORIENTED_EDGE('',*,*,#1701,.F.);
#678=ORIENTED_EDGE('',*,*,#1678,.T.);
#679=ORIENTED_EDGE('',*,*,#1693,.F.);
#680=ORIENTED_EDGE('',*,*,#1702,.T.);
#681=ORIENTED_EDGE('',*,*,#1676,.F.);
#682=ORIENTED_EDGE('',*,*,#1701,.T.);
#683=ORIENTED_EDGE('',*,*,#1479,.T.);
#684=ORIENTED_EDGE('',*,*,#1697,.F.);
#685=ORIENTED_EDGE('',*,*,#1703,.T.);
#686=ORIENTED_EDGE('',*,*,#1686,.F.);
#687=ORIENTED_EDGE('',*,*,#1704,.F.);
#688=ORIENTED_EDGE('',*,*,#1703,.F.);
#689=ORIENTED_EDGE('',*,*,#1696,.F.);
#690=ORIENTED_EDGE('',*,*,#1699,.F.);
#691=ORIENTED_EDGE('',*,*,#1671,.T.);
#692=ORIENTED_EDGE('',*,*,#1702,.F.);
#693=ORIENTED_EDGE('',*,*,#1692,.F.);
#694=ORIENTED_EDGE('',*,*,#1705,.T.);
#695=ORIENTED_EDGE('',*,*,#1673,.T.);
#696=ORIENTED_EDGE('',*,*,#1705,.F.);
#697=ORIENTED_EDGE('',*,*,#1691,.F.);
#698=ORIENTED_EDGE('',*,*,#1473,.T.);
#699=ORIENTED_EDGE('',*,*,#1706,.F.);
#700=ORIENTED_EDGE('',*,*,#1687,.F.);
#701=ORIENTED_EDGE('',*,*,#1707,.F.);
#702=ORIENTED_EDGE('',*,*,#1480,.F.);
#703=ORIENTED_EDGE('',*,*,#1704,.T.);
#704=ORIENTED_EDGE('',*,*,#1685,.F.);
#705=ORIENTED_EDGE('',*,*,#1706,.T.);
#706=ORIENTED_EDGE('',*,*,#1472,.F.);
#707=ORIENTED_EDGE('',*,*,#1708,.T.);
#708=ORIENTED_EDGE('',*,*,#1688,.F.);
#709=ORIENTED_EDGE('',*,*,#1708,.F.);
#710=ORIENTED_EDGE('',*,*,#1471,.F.);
#711=ORIENTED_EDGE('',*,*,#1709,.F.);
#712=ORIENTED_EDGE('',*,*,#1681,.T.);
#713=ORIENTED_EDGE('',*,*,#1709,.T.);
#714=ORIENTED_EDGE('',*,*,#1470,.F.);
#715=ORIENTED_EDGE('',*,*,#1710,.T.);
#716=ORIENTED_EDGE('',*,*,#1574,.F.);
#717=ORIENTED_EDGE('',*,*,#1711,.F.);
#718=ORIENTED_EDGE('',*,*,#1712,.F.);
#719=ORIENTED_EDGE('',*,*,#1467,.T.);
#720=ORIENTED_EDGE('',*,*,#1617,.F.);
#721=ORIENTED_EDGE('',*,*,#1713,.T.);
#722=ORIENTED_EDGE('',*,*,#1714,.T.);
#723=ORIENTED_EDGE('',*,*,#1468,.T.);
#724=ORIENTED_EDGE('',*,*,#1712,.T.);
#725=ORIENTED_EDGE('',*,*,#1715,.T.);
#726=ORIENTED_EDGE('',*,*,#1716,.F.);
#727=ORIENTED_EDGE('',*,*,#1575,.F.);
#728=ORIENTED_EDGE('',*,*,#1710,.F.);
#729=ORIENTED_EDGE('',*,*,#1469,.T.);
#730=ORIENTED_EDGE('',*,*,#1714,.F.);
#731=ORIENTED_EDGE('',*,*,#1622,.F.);
#732=ORIENTED_EDGE('',*,*,#1717,.T.);
#733=ORIENTED_EDGE('',*,*,#1715,.F.);
#734=ORIENTED_EDGE('',*,*,#1711,.T.);
#735=ORIENTED_EDGE('',*,*,#1717,.F.);
#736=ORIENTED_EDGE('',*,*,#1620,.T.);
#737=ORIENTED_EDGE('',*,*,#1716,.T.);
#738=ORIENTED_EDGE('',*,*,#1713,.F.);
#739=ORIENTED_EDGE('',*,*,#1718,.T.);
#740=ORIENTED_EDGE('',*,*,#1719,.T.);
#741=ORIENTED_EDGE('',*,*,#1720,.F.);
#742=ORIENTED_EDGE('',*,*,#1721,.F.);
#743=ORIENTED_EDGE('',*,*,#1722,.F.);
#744=ORIENTED_EDGE('',*,*,#1723,.F.);
#745=ORIENTED_EDGE('',*,*,#1724,.T.);
#746=ORIENTED_EDGE('',*,*,#1725,.T.);
#747=ORIENTED_EDGE('',*,*,#1726,.T.);
#748=ORIENTED_EDGE('',*,*,#1727,.F.);
#749=ORIENTED_EDGE('',*,*,#1728,.F.);
#750=ORIENTED_EDGE('',*,*,#1609,.T.);
#751=ORIENTED_EDGE('',*,*,#1728,.T.);
#752=ORIENTED_EDGE('',*,*,#1729,.T.);
#753=ORIENTED_EDGE('',*,*,#1730,.F.);
#754=ORIENTED_EDGE('',*,*,#1610,.F.);
#755=ORIENTED_EDGE('',*,*,#1730,.T.);
#756=ORIENTED_EDGE('',*,*,#1731,.F.);
#757=ORIENTED_EDGE('',*,*,#1732,.F.);
#758=ORIENTED_EDGE('',*,*,#1607,.T.);
#759=ORIENTED_EDGE('',*,*,#1732,.T.);
#760=ORIENTED_EDGE('',*,*,#1733,.T.);
#761=ORIENTED_EDGE('',*,*,#1726,.F.);
#762=ORIENTED_EDGE('',*,*,#1608,.T.);
#763=ORIENTED_EDGE('',*,*,#1734,.T.);
#764=ORIENTED_EDGE('',*,*,#1735,.F.);
#765=ORIENTED_EDGE('',*,*,#1736,.F.);
#766=ORIENTED_EDGE('',*,*,#1611,.T.);
#767=ORIENTED_EDGE('',*,*,#1736,.T.);
#768=ORIENTED_EDGE('',*,*,#1737,.T.);
#769=ORIENTED_EDGE('',*,*,#1738,.F.);
#770=ORIENTED_EDGE('',*,*,#1612,.T.);
#771=ORIENTED_EDGE('',*,*,#1738,.T.);
#772=ORIENTED_EDGE('',*,*,#1739,.F.);
#773=ORIENTED_EDGE('',*,*,#1740,.F.);
#774=ORIENTED_EDGE('',*,*,#1613,.T.);
#775=ORIENTED_EDGE('',*,*,#1740,.T.);
#776=ORIENTED_EDGE('',*,*,#1741,.T.);
#777=ORIENTED_EDGE('',*,*,#1734,.F.);
#778=ORIENTED_EDGE('',*,*,#1614,.F.);
#779=ORIENTED_EDGE('',*,*,#1742,.F.);
#780=ORIENTED_EDGE('',*,*,#1606,.T.);
#781=ORIENTED_EDGE('',*,*,#1743,.F.);
#782=ORIENTED_EDGE('',*,*,#1721,.T.);
#783=ORIENTED_EDGE('',*,*,#1744,.T.);
#784=ORIENTED_EDGE('',*,*,#1745,.F.);
#785=ORIENTED_EDGE('',*,*,#1746,.F.);
#786=ORIENTED_EDGE('',*,*,#1743,.T.);
#787=ORIENTED_EDGE('',*,*,#1747,.F.);
#788=ORIENTED_EDGE('',*,*,#1748,.T.);
#789=ORIENTED_EDGE('',*,*,#1749,.F.);
#790=ORIENTED_EDGE('',*,*,#1750,.T.);
#791=ORIENTED_EDGE('',*,*,#1718,.F.);
#792=ORIENTED_EDGE('',*,*,#1746,.T.);
#793=ORIENTED_EDGE('',*,*,#1751,.F.);
#794=ORIENTED_EDGE('',*,*,#1752,.T.);
#795=ORIENTED_EDGE('',*,*,#1750,.F.);
#796=ORIENTED_EDGE('',*,*,#1753,.T.);
#797=ORIENTED_EDGE('',*,*,#1752,.F.);
#798=ORIENTED_EDGE('',*,*,#1754,.T.);
#799=ORIENTED_EDGE('',*,*,#1755,.T.);
#800=ORIENTED_EDGE('',*,*,#1719,.F.);
#801=ORIENTED_EDGE('',*,*,#1756,.F.);
#802=ORIENTED_EDGE('',*,*,#1723,.T.);
#803=ORIENTED_EDGE('',*,*,#1757,.T.);
#804=ORIENTED_EDGE('',*,*,#1758,.F.);
#805=ORIENTED_EDGE('',*,*,#1759,.F.);
#806=ORIENTED_EDGE('',*,*,#1756,.T.);
#807=ORIENTED_EDGE('',*,*,#1760,.F.);
#808=ORIENTED_EDGE('',*,*,#1761,.T.);
#809=ORIENTED_EDGE('',*,*,#1724,.F.);
#810=ORIENTED_EDGE('',*,*,#1759,.T.);
#811=ORIENTED_EDGE('',*,*,#1762,.F.);
#812=ORIENTED_EDGE('',*,*,#1763,.T.);
#813=ORIENTED_EDGE('',*,*,#1764,.F.);
#814=ORIENTED_EDGE('',*,*,#1765,.T.);
#815=ORIENTED_EDGE('',*,*,#1763,.F.);
#816=ORIENTED_EDGE('',*,*,#1766,.T.);
#817=ORIENTED_EDGE('',*,*,#1765,.F.);
#818=ORIENTED_EDGE('',*,*,#1767,.T.);
#819=ORIENTED_EDGE('',*,*,#1768,.T.);
#820=ORIENTED_EDGE('',*,*,#1725,.F.);
#821=ORIENTED_EDGE('',*,*,#1769,.T.);
#822=ORIENTED_EDGE('',*,*,#1601,.F.);
#823=ORIENTED_EDGE('',*,*,#1770,.T.);
#824=ORIENTED_EDGE('',*,*,#1771,.F.);
#825=ORIENTED_EDGE('',*,*,#1770,.F.);
#826=ORIENTED_EDGE('',*,*,#1600,.F.);
#827=ORIENTED_EDGE('',*,*,#1510,.F.);
#828=ORIENTED_EDGE('',*,*,#1772,.F.);
#829=ORIENTED_EDGE('',*,*,#1769,.F.);
#830=ORIENTED_EDGE('',*,*,#1773,.F.);
#831=ORIENTED_EDGE('',*,*,#1514,.F.);
#832=ORIENTED_EDGE('',*,*,#1602,.F.);
#833=ORIENTED_EDGE('',*,*,#1774,.F.);
#834=ORIENTED_EDGE('',*,*,#1538,.F.);
#835=ORIENTED_EDGE('',*,*,#1775,.T.);
#836=ORIENTED_EDGE('',*,*,#1776,.T.);
#837=ORIENTED_EDGE('',*,*,#1541,.F.);
#838=ORIENTED_EDGE('',*,*,#1774,.T.);
#839=ORIENTED_EDGE('',*,*,#1777,.F.);
#840=ORIENTED_EDGE('',*,*,#1778,.T.);
#841=ORIENTED_EDGE('',*,*,#1499,.F.);
#842=ORIENTED_EDGE('',*,*,#1544,.F.);
#843=ORIENTED_EDGE('',*,*,#1550,.T.);
#844=ORIENTED_EDGE('',*,*,#1779,.T.);
#845=ORIENTED_EDGE('',*,*,#1779,.F.);
#846=ORIENTED_EDGE('',*,*,#1558,.F.);
#847=ORIENTED_EDGE('',*,*,#1780,.F.);
#848=ORIENTED_EDGE('',*,*,#1500,.F.);
#849=ORIENTED_EDGE('',*,*,#1781,.T.);
#850=ORIENTED_EDGE('',*,*,#1501,.F.);
#851=ORIENTED_EDGE('',*,*,#1780,.T.);
#852=ORIENTED_EDGE('',*,*,#1557,.F.);
#853=ORIENTED_EDGE('',*,*,#1782,.F.);
#854=ORIENTED_EDGE('',*,*,#1502,.F.);
#855=ORIENTED_EDGE('',*,*,#1781,.F.);
#856=ORIENTED_EDGE('',*,*,#1556,.T.);
#857=ORIENTED_EDGE('',*,*,#1782,.T.);
#858=ORIENTED_EDGE('',*,*,#1555,.F.);
#859=ORIENTED_EDGE('',*,*,#1783,.T.);
#860=ORIENTED_EDGE('',*,*,#1503,.F.);
#861=ORIENTED_EDGE('',*,*,#1517,.F.);
#862=ORIENTED_EDGE('',*,*,#1504,.F.);
#863=ORIENTED_EDGE('',*,*,#1783,.F.);
#864=ORIENTED_EDGE('',*,*,#1554,.T.);
#865=ORIENTED_EDGE('',*,*,#1521,.F.);
#866=ORIENTED_EDGE('',*,*,#1564,.T.);
#867=ORIENTED_EDGE('',*,*,#1784,.F.);
#868=ORIENTED_EDGE('',*,*,#1595,.F.);
#869=ORIENTED_EDGE('',*,*,#1785,.T.);
#870=ORIENTED_EDGE('',*,*,#1596,.F.);
#871=ORIENTED_EDGE('',*,*,#1784,.T.);
#872=ORIENTED_EDGE('',*,*,#1563,.F.);
#873=ORIENTED_EDGE('',*,*,#1597,.F.);
#874=ORIENTED_EDGE('',*,*,#1785,.F.);
#875=ORIENTED_EDGE('',*,*,#1562,.T.);
#876=ORIENTED_EDGE('',*,*,#1786,.F.);
#877=ORIENTED_EDGE('',*,*,#1787,.T.);
#878=ORIENTED_EDGE('',*,*,#1598,.T.);
#879=ORIENTED_EDGE('',*,*,#1786,.T.);
#880=ORIENTED_EDGE('',*,*,#1561,.F.);
#881=ORIENTED_EDGE('',*,*,#1599,.F.);
#882=ORIENTED_EDGE('',*,*,#1787,.F.);
#883=ORIENTED_EDGE('',*,*,#1560,.T.);
#884=ORIENTED_EDGE('',*,*,#1788,.F.);
#885=ORIENTED_EDGE('',*,*,#1547,.F.);
#886=ORIENTED_EDGE('',*,*,#1591,.F.);
#887=ORIENTED_EDGE('',*,*,#1788,.T.);
#888=ORIENTED_EDGE('',*,*,#1559,.F.);
#889=ORIENTED_EDGE('',*,*,#1789,.F.);
#890=ORIENTED_EDGE('',*,*,#1588,.F.);
#891=ORIENTED_EDGE('',*,*,#1790,.F.);
#892=ORIENTED_EDGE('',*,*,#1771,.T.);
#893=ORIENTED_EDGE('',*,*,#1524,.T.);
#894=ORIENTED_EDGE('',*,*,#1773,.T.);
#895=ORIENTED_EDGE('',*,*,#1790,.T.);
#896=ORIENTED_EDGE('',*,*,#1587,.F.);
#897=ORIENTED_EDGE('',*,*,#1791,.F.);
#898=ORIENTED_EDGE('',*,*,#1792,.F.);
#899=ORIENTED_EDGE('',*,*,#1528,.F.);
#900=ORIENTED_EDGE('',*,*,#1578,.F.);
#901=ORIENTED_EDGE('',*,*,#1793,.T.);
#902=ORIENTED_EDGE('',*,*,#1791,.T.);
#903=ORIENTED_EDGE('',*,*,#1577,.F.);
#904=ORIENTED_EDGE('',*,*,#1794,.T.);
#905=ORIENTED_EDGE('',*,*,#1795,.T.);
#906=ORIENTED_EDGE('',*,*,#1796,.T.);
#907=ORIENTED_EDGE('',*,*,#1720,.T.);
#908=ORIENTED_EDGE('',*,*,#1797,.T.);
#909=ORIENTED_EDGE('',*,*,#1798,.T.);
#910=ORIENTED_EDGE('',*,*,#1799,.T.);
#911=ORIENTED_EDGE('',*,*,#1800,.T.);
#912=ORIENTED_EDGE('',*,*,#1801,.T.);
#913=ORIENTED_EDGE('',*,*,#1491,.T.);
#914=ORIENTED_EDGE('',*,*,#1802,.T.);
#915=ORIENTED_EDGE('',*,*,#1722,.T.);
#916=ORIENTED_EDGE('',*,*,#1803,.T.);
#917=ORIENTED_EDGE('',*,*,#1571,.F.);
#918=ORIENTED_EDGE('',*,*,#1804,.F.);
#919=ORIENTED_EDGE('',*,*,#1794,.F.);
#920=ORIENTED_EDGE('',*,*,#1576,.F.);
#921=ORIENTED_EDGE('',*,*,#1789,.T.);
#922=ORIENTED_EDGE('',*,*,#1772,.T.);
#923=ORIENTED_EDGE('',*,*,#1589,.T.);
#924=ORIENTED_EDGE('',*,*,#1582,.F.);
#925=ORIENTED_EDGE('',*,*,#1805,.F.);
#926=ORIENTED_EDGE('',*,*,#1806,.T.);
#927=ORIENTED_EDGE('',*,*,#1807,.T.);
#928=ORIENTED_EDGE('',*,*,#1619,.F.);
#929=ORIENTED_EDGE('',*,*,#1808,.F.);
#930=ORIENTED_EDGE('',*,*,#1805,.T.);
#931=ORIENTED_EDGE('',*,*,#1621,.F.);
#932=ORIENTED_EDGE('',*,*,#1809,.T.);
#933=ORIENTED_EDGE('',*,*,#1810,.F.);
#934=ORIENTED_EDGE('',*,*,#1413,.F.);
#935=ORIENTED_EDGE('',*,*,#1811,.F.);
#936=ORIENTED_EDGE('',*,*,#1727,.T.);
#937=ORIENTED_EDGE('',*,*,#1811,.T.);
#938=ORIENTED_EDGE('',*,*,#1412,.F.);
#939=ORIENTED_EDGE('',*,*,#1812,.F.);
#940=ORIENTED_EDGE('',*,*,#1729,.F.);
#941=ORIENTED_EDGE('',*,*,#1812,.T.);
#942=ORIENTED_EDGE('',*,*,#1411,.F.);
#943=ORIENTED_EDGE('',*,*,#1813,.T.);
#944=ORIENTED_EDGE('',*,*,#1731,.T.);
#945=ORIENTED_EDGE('',*,*,#1810,.T.);
#946=ORIENTED_EDGE('',*,*,#1733,.F.);
#947=ORIENTED_EDGE('',*,*,#1813,.F.);
#948=ORIENTED_EDGE('',*,*,#1410,.F.);
#949=ORIENTED_EDGE('',*,*,#1814,.F.);
#950=ORIENTED_EDGE('',*,*,#1409,.F.);
#951=ORIENTED_EDGE('',*,*,#1815,.F.);
#952=ORIENTED_EDGE('',*,*,#1735,.T.);
#953=ORIENTED_EDGE('',*,*,#1815,.T.);
#954=ORIENTED_EDGE('',*,*,#1408,.F.);
#955=ORIENTED_EDGE('',*,*,#1816,.F.);
#956=ORIENTED_EDGE('',*,*,#1737,.F.);
#957=ORIENTED_EDGE('',*,*,#1816,.T.);
#958=ORIENTED_EDGE('',*,*,#1407,.F.);
#959=ORIENTED_EDGE('',*,*,#1817,.T.);
#960=ORIENTED_EDGE('',*,*,#1739,.T.);
#961=ORIENTED_EDGE('',*,*,#1814,.T.);
#962=ORIENTED_EDGE('',*,*,#1741,.F.);
#963=ORIENTED_EDGE('',*,*,#1817,.F.);
#964=ORIENTED_EDGE('',*,*,#1406,.F.);
#965=ORIENTED_EDGE('',*,*,#1405,.F.);
#966=ORIENTED_EDGE('',*,*,#1742,.T.);
#967=ORIENTED_EDGE('',*,*,#1809,.F.);
#968=ORIENTED_EDGE('',*,*,#1615,.F.);
#969=ORIENTED_EDGE('',*,*,#1465,.F.);
#970=ORIENTED_EDGE('',*,*,#1818,.F.);
#971=ORIENTED_EDGE('',*,*,#1464,.F.);
#972=ORIENTED_EDGE('',*,*,#1819,.T.);
#973=ORIENTED_EDGE('',*,*,#1806,.F.);
#974=ORIENTED_EDGE('',*,*,#1808,.T.);
#975=ORIENTED_EDGE('',*,*,#1818,.T.);
#976=ORIENTED_EDGE('',*,*,#1807,.F.);
#977=ORIENTED_EDGE('',*,*,#1819,.F.);
#978=ORIENTED_EDGE('',*,*,#1463,.F.);
#979=ORIENTED_EDGE('',*,*,#1820,.T.);
#980=ORIENTED_EDGE('',*,*,#1569,.F.);
#981=ORIENTED_EDGE('',*,*,#1821,.T.);
#982=ORIENTED_EDGE('',*,*,#1570,.F.);
#983=ORIENTED_EDGE('',*,*,#1820,.F.);
#984=ORIENTED_EDGE('',*,*,#1462,.F.);
#985=ORIENTED_EDGE('',*,*,#1821,.F.);
#986=ORIENTED_EDGE('',*,*,#1461,.F.);
#987=ORIENTED_EDGE('',*,*,#1822,.F.);
#988=ORIENTED_EDGE('',*,*,#1804,.T.);
#989=ORIENTED_EDGE('',*,*,#1822,.T.);
#990=ORIENTED_EDGE('',*,*,#1460,.F.);
#991=ORIENTED_EDGE('',*,*,#1823,.T.);
#992=ORIENTED_EDGE('',*,*,#1795,.F.);
#993=ORIENTED_EDGE('',*,*,#1744,.F.);
#994=ORIENTED_EDGE('',*,*,#1796,.F.);
#995=ORIENTED_EDGE('',*,*,#1823,.F.);
#996=ORIENTED_EDGE('',*,*,#1459,.F.);
#997=ORIENTED_EDGE('',*,*,#1824,.F.);
#998=ORIENTED_EDGE('',*,*,#1745,.T.);
#999=ORIENTED_EDGE('',*,*,#1824,.T.);
#1000=ORIENTED_EDGE('',*,*,#1458,.T.);
#1001=ORIENTED_EDGE('',*,*,#1825,.T.);
#1002=ORIENTED_EDGE('',*,*,#1747,.T.);
#1003=ORIENTED_EDGE('',*,*,#1748,.F.);
#1004=ORIENTED_EDGE('',*,*,#1825,.F.);
#1005=ORIENTED_EDGE('',*,*,#1457,.T.);
#1006=ORIENTED_EDGE('',*,*,#1826,.F.);
#1007=ORIENTED_EDGE('',*,*,#1456,.F.);
#1008=ORIENTED_EDGE('',*,*,#1827,.T.);
#1009=ORIENTED_EDGE('',*,*,#1749,.T.);
#1010=ORIENTED_EDGE('',*,*,#1826,.T.);
#1011=ORIENTED_EDGE('',*,*,#1753,.F.);
#1012=ORIENTED_EDGE('',*,*,#1827,.F.);
#1013=ORIENTED_EDGE('',*,*,#1455,.F.);
#1014=ORIENTED_EDGE('',*,*,#1828,.F.);
#1015=ORIENTED_EDGE('',*,*,#1454,.T.);
#1016=ORIENTED_EDGE('',*,*,#1829,.T.);
#1017=ORIENTED_EDGE('',*,*,#1754,.F.);
#1018=ORIENTED_EDGE('',*,*,#1751,.T.);
#1019=ORIENTED_EDGE('',*,*,#1828,.T.);
#1020=ORIENTED_EDGE('',*,*,#1755,.F.);
#1021=ORIENTED_EDGE('',*,*,#1829,.F.);
#1022=ORIENTED_EDGE('',*,*,#1453,.T.);
#1023=ORIENTED_EDGE('',*,*,#1830,.T.);
#1024=ORIENTED_EDGE('',*,*,#1797,.F.);
#1025=ORIENTED_EDGE('',*,*,#1452,.F.);
#1026=ORIENTED_EDGE('',*,*,#1831,.T.);
#1027=ORIENTED_EDGE('',*,*,#1798,.F.);
#1028=ORIENTED_EDGE('',*,*,#1830,.F.);
#1029=ORIENTED_EDGE('',*,*,#1757,.F.);
#1030=ORIENTED_EDGE('',*,*,#1802,.F.);
#1031=ORIENTED_EDGE('',*,*,#1490,.F.);
#1032=ORIENTED_EDGE('',*,*,#1443,.F.);
#1033=ORIENTED_EDGE('',*,*,#1832,.F.);
#1034=ORIENTED_EDGE('',*,*,#1758,.T.);
#1035=ORIENTED_EDGE('',*,*,#1832,.T.);
#1036=ORIENTED_EDGE('',*,*,#1442,.F.);
#1037=ORIENTED_EDGE('',*,*,#1833,.T.);
#1038=ORIENTED_EDGE('',*,*,#1760,.T.);
#1039=ORIENTED_EDGE('',*,*,#1761,.F.);
#1040=ORIENTED_EDGE('',*,*,#1833,.F.);
#1041=ORIENTED_EDGE('',*,*,#1441,.T.);
#1042=ORIENTED_EDGE('',*,*,#1834,.F.);
#1043=ORIENTED_EDGE('',*,*,#1834,.T.);
#1044=ORIENTED_EDGE('',*,*,#1440,.F.);
#1045=ORIENTED_EDGE('',*,*,#1835,.T.);
#1046=ORIENTED_EDGE('',*,*,#1762,.T.);
#1047=ORIENTED_EDGE('',*,*,#1766,.F.);
#1048=ORIENTED_EDGE('',*,*,#1835,.F.);
#1049=ORIENTED_EDGE('',*,*,#1439,.F.);
#1050=ORIENTED_EDGE('',*,*,#1836,.F.);
#1051=ORIENTED_EDGE('',*,*,#1438,.F.);
#1052=ORIENTED_EDGE('',*,*,#1837,.T.);
#1053=ORIENTED_EDGE('',*,*,#1767,.F.);
#1054=ORIENTED_EDGE('',*,*,#1764,.T.);
#1055=ORIENTED_EDGE('',*,*,#1836,.T.);
#1056=ORIENTED_EDGE('',*,*,#1768,.F.);
#1057=ORIENTED_EDGE('',*,*,#1837,.F.);
#1058=ORIENTED_EDGE('',*,*,#1437,.T.);
#1059=ORIENTED_EDGE('',*,*,#1838,.T.);
#1060=ORIENTED_EDGE('',*,*,#1803,.F.);
#1061=ORIENTED_EDGE('',*,*,#1838,.F.);
#1062=ORIENTED_EDGE('',*,*,#1436,.F.);
#1063=ORIENTED_EDGE('',*,*,#1839,.T.);
#1064=ORIENTED_EDGE('',*,*,#1793,.F.);
#1065=ORIENTED_EDGE('',*,*,#1839,.F.);
#1066=ORIENTED_EDGE('',*,*,#1435,.F.);
#1067=ORIENTED_EDGE('',*,*,#1840,.F.);
#1068=ORIENTED_EDGE('',*,*,#1792,.T.);
#1069=ORIENTED_EDGE('',*,*,#1840,.T.);
#1070=ORIENTED_EDGE('',*,*,#1434,.F.);
#1071=ORIENTED_EDGE('',*,*,#1841,.F.);
#1072=ORIENTED_EDGE('',*,*,#1529,.F.);
#1073=ORIENTED_EDGE('',*,*,#1775,.F.);
#1074=ORIENTED_EDGE('',*,*,#1530,.F.);
#1075=ORIENTED_EDGE('',*,*,#1841,.T.);
#1076=ORIENTED_EDGE('',*,*,#1433,.T.);
#1077=ORIENTED_EDGE('',*,*,#1842,.F.);
#1078=ORIENTED_EDGE('',*,*,#1776,.F.);
#1079=ORIENTED_EDGE('',*,*,#1842,.T.);
#1080=ORIENTED_EDGE('',*,*,#1432,.F.);
#1081=ORIENTED_EDGE('',*,*,#1843,.T.);
#1082=ORIENTED_EDGE('',*,*,#1777,.T.);
#1083=ORIENTED_EDGE('',*,*,#1431,.T.);
#1084=ORIENTED_EDGE('',*,*,#1536,.T.);
#1085=ORIENTED_EDGE('',*,*,#1778,.F.);
#1086=ORIENTED_EDGE('',*,*,#1843,.F.);
#1087=ORIENTED_EDGE('',*,*,#1844,.F.);
#1088=ORIENTED_EDGE('',*,*,#1845,.F.);
#1089=ORIENTED_EDGE('',*,*,#1846,.F.);
#1090=ORIENTED_EDGE('',*,*,#1847,.F.);
#1091=ORIENTED_EDGE('',*,*,#1848,.F.);
#1092=ORIENTED_EDGE('',*,*,#1849,.F.);
#1093=ORIENTED_EDGE('',*,*,#1850,.F.);
#1094=ORIENTED_EDGE('',*,*,#1851,.F.);
#1095=ORIENTED_EDGE('',*,*,#1850,.T.);
#1096=ORIENTED_EDGE('',*,*,#1852,.F.);
#1097=ORIENTED_EDGE('',*,*,#1853,.T.);
#1098=ORIENTED_EDGE('',*,*,#1854,.F.);
#1099=ORIENTED_EDGE('',*,*,#1853,.F.);
#1100=ORIENTED_EDGE('',*,*,#1855,.F.);
#1101=ORIENTED_EDGE('',*,*,#1856,.T.);
#1102=ORIENTED_EDGE('',*,*,#1857,.F.);
#1103=ORIENTED_EDGE('',*,*,#1858,.T.);
#1104=ORIENTED_EDGE('',*,*,#1859,.F.);
#1105=ORIENTED_EDGE('',*,*,#1860,.T.);
#1106=ORIENTED_EDGE('',*,*,#1861,.F.);
#1107=ORIENTED_EDGE('',*,*,#1860,.F.);
#1108=ORIENTED_EDGE('',*,*,#1862,.F.);
#1109=ORIENTED_EDGE('',*,*,#1863,.T.);
#1110=ORIENTED_EDGE('',*,*,#1864,.F.);
#1111=ORIENTED_EDGE('',*,*,#1861,.T.);
#1112=ORIENTED_EDGE('',*,*,#1864,.T.);
#1113=ORIENTED_EDGE('',*,*,#1865,.T.);
#1114=ORIENTED_EDGE('',*,*,#1866,.T.);
#1115=ORIENTED_EDGE('',*,*,#1845,.T.);
#1116=ORIENTED_EDGE('',*,*,#1867,.T.);
#1117=ORIENTED_EDGE('',*,*,#1851,.T.);
#1118=ORIENTED_EDGE('',*,*,#1854,.T.);
#1119=ORIENTED_EDGE('',*,*,#1857,.T.);
#1120=ORIENTED_EDGE('',*,*,#1868,.T.);
#1121=ORIENTED_EDGE('',*,*,#1496,.F.);
#1122=ORIENTED_EDGE('',*,*,#1494,.F.);
#1123=ORIENTED_EDGE('',*,*,#1492,.F.);
#1124=ORIENTED_EDGE('',*,*,#1869,.T.);
#1125=ORIENTED_EDGE('',*,*,#1870,.F.);
#1126=ORIENTED_EDGE('',*,*,#1846,.T.);
#1127=ORIENTED_EDGE('',*,*,#1866,.F.);
#1128=ORIENTED_EDGE('',*,*,#1871,.T.);
#1129=ORIENTED_EDGE('',*,*,#1847,.T.);
#1130=ORIENTED_EDGE('',*,*,#1872,.T.);
#1131=ORIENTED_EDGE('',*,*,#1394,.T.);
#1132=ORIENTED_EDGE('',*,*,#1867,.F.);
#1133=ORIENTED_EDGE('',*,*,#1844,.T.);
#1134=ORIENTED_EDGE('',*,*,#1871,.F.);
#1135=ORIENTED_EDGE('',*,*,#1393,.F.);
#1136=ORIENTED_EDGE('',*,*,#1873,.F.);
#1137=ORIENTED_EDGE('',*,*,#1848,.T.);
#1138=ORIENTED_EDGE('',*,*,#1874,.T.);
#1139=ORIENTED_EDGE('',*,*,#1849,.T.);
#1140=ORIENTED_EDGE('',*,*,#1873,.T.);
#1141=ORIENTED_EDGE('',*,*,#1392,.T.);
#1142=ORIENTED_EDGE('',*,*,#1875,.T.);
#1143=ORIENTED_EDGE('',*,*,#1852,.T.);
#1144=ORIENTED_EDGE('',*,*,#1874,.F.);
#1145=ORIENTED_EDGE('',*,*,#1391,.F.);
#1146=ORIENTED_EDGE('',*,*,#1876,.T.);
#1147=ORIENTED_EDGE('',*,*,#1855,.T.);
#1148=ORIENTED_EDGE('',*,*,#1875,.F.);
#1149=ORIENTED_EDGE('',*,*,#1390,.F.);
#1150=ORIENTED_EDGE('',*,*,#1877,.F.);
#1151=ORIENTED_EDGE('',*,*,#1858,.F.);
#1152=ORIENTED_EDGE('',*,*,#1868,.F.);
#1153=ORIENTED_EDGE('',*,*,#1856,.F.);
#1154=ORIENTED_EDGE('',*,*,#1876,.F.);
#1155=ORIENTED_EDGE('',*,*,#1389,.F.);
#1156=ORIENTED_EDGE('',*,*,#1878,.F.);
#1157=ORIENTED_EDGE('',*,*,#1859,.T.);
#1158=ORIENTED_EDGE('',*,*,#1877,.T.);
#1159=ORIENTED_EDGE('',*,*,#1388,.F.);
#1160=ORIENTED_EDGE('',*,*,#1879,.T.);
#1161=ORIENTED_EDGE('',*,*,#1862,.T.);
#1162=ORIENTED_EDGE('',*,*,#1878,.T.);
#1163=ORIENTED_EDGE('',*,*,#1387,.F.);
#1164=ORIENTED_EDGE('',*,*,#1865,.F.);
#1165=ORIENTED_EDGE('',*,*,#1863,.F.);
#1166=ORIENTED_EDGE('',*,*,#1879,.F.);
#1167=ORIENTED_EDGE('',*,*,#1386,.F.);
#1168=ORIENTED_EDGE('',*,*,#1880,.F.);
#1169=ORIENTED_EDGE('',*,*,#1869,.F.);
#1170=ORIENTED_EDGE('',*,*,#1872,.F.);
#1171=ORIENTED_EDGE('',*,*,#1870,.T.);
#1172=ORIENTED_EDGE('',*,*,#1880,.T.);
#1173=ORIENTED_EDGE('',*,*,#1385,.F.);
#1174=ORIENTED_EDGE('',*,*,#1881,.T.);
#1175=ORIENTED_EDGE('',*,*,#1882,.T.);
#1176=ORIENTED_EDGE('',*,*,#1883,.T.);
#1177=ORIENTED_EDGE('',*,*,#1884,.T.);
#1178=ORIENTED_EDGE('',*,*,#1885,.T.);
#1179=ORIENTED_EDGE('',*,*,#1886,.T.);
#1180=ORIENTED_EDGE('',*,*,#1887,.F.);
#1181=ORIENTED_EDGE('',*,*,#1888,.F.);
#1182=ORIENTED_EDGE('',*,*,#1889,.F.);
#1183=ORIENTED_EDGE('',*,*,#1890,.F.);
#1184=ORIENTED_EDGE('',*,*,#1891,.F.);
#1185=ORIENTED_EDGE('',*,*,#1892,.F.);
#1186=ORIENTED_EDGE('',*,*,#1893,.F.);
#1187=ORIENTED_EDGE('',*,*,#1894,.F.);
#1188=ORIENTED_EDGE('',*,*,#1893,.T.);
#1189=ORIENTED_EDGE('',*,*,#1895,.F.);
#1190=ORIENTED_EDGE('',*,*,#1896,.T.);
#1191=ORIENTED_EDGE('',*,*,#1897,.F.);
#1192=ORIENTED_EDGE('',*,*,#1896,.F.);
#1193=ORIENTED_EDGE('',*,*,#1898,.F.);
#1194=ORIENTED_EDGE('',*,*,#1899,.T.);
#1195=ORIENTED_EDGE('',*,*,#1900,.F.);
#1196=ORIENTED_EDGE('',*,*,#1901,.T.);
#1197=ORIENTED_EDGE('',*,*,#1902,.F.);
#1198=ORIENTED_EDGE('',*,*,#1903,.T.);
#1199=ORIENTED_EDGE('',*,*,#1904,.F.);
#1200=ORIENTED_EDGE('',*,*,#1903,.F.);
#1201=ORIENTED_EDGE('',*,*,#1905,.F.);
#1202=ORIENTED_EDGE('',*,*,#1906,.T.);
#1203=ORIENTED_EDGE('',*,*,#1907,.F.);
#1204=ORIENTED_EDGE('',*,*,#1904,.T.);
#1205=ORIENTED_EDGE('',*,*,#1907,.T.);
#1206=ORIENTED_EDGE('',*,*,#1908,.T.);
#1207=ORIENTED_EDGE('',*,*,#1909,.T.);
#1208=ORIENTED_EDGE('',*,*,#1888,.T.);
#1209=ORIENTED_EDGE('',*,*,#1910,.T.);
#1210=ORIENTED_EDGE('',*,*,#1894,.T.);
#1211=ORIENTED_EDGE('',*,*,#1897,.T.);
#1212=ORIENTED_EDGE('',*,*,#1900,.T.);
#1213=ORIENTED_EDGE('',*,*,#1911,.T.);
#1214=ORIENTED_EDGE('',*,*,#1885,.F.);
#1215=ORIENTED_EDGE('',*,*,#1883,.F.);
#1216=ORIENTED_EDGE('',*,*,#1881,.F.);
#1217=ORIENTED_EDGE('',*,*,#1912,.T.);
#1218=ORIENTED_EDGE('',*,*,#1913,.F.);
#1219=ORIENTED_EDGE('',*,*,#1889,.T.);
#1220=ORIENTED_EDGE('',*,*,#1909,.F.);
#1221=ORIENTED_EDGE('',*,*,#1914,.T.);
#1222=ORIENTED_EDGE('',*,*,#1890,.T.);
#1223=ORIENTED_EDGE('',*,*,#1915,.T.);
#1224=ORIENTED_EDGE('',*,*,#1395,.T.);
#1225=ORIENTED_EDGE('',*,*,#1910,.F.);
#1226=ORIENTED_EDGE('',*,*,#1887,.T.);
#1227=ORIENTED_EDGE('',*,*,#1914,.F.);
#1228=ORIENTED_EDGE('',*,*,#1404,.F.);
#1229=ORIENTED_EDGE('',*,*,#1916,.F.);
#1230=ORIENTED_EDGE('',*,*,#1891,.T.);
#1231=ORIENTED_EDGE('',*,*,#1917,.T.);
#1232=ORIENTED_EDGE('',*,*,#1892,.T.);
#1233=ORIENTED_EDGE('',*,*,#1916,.T.);
#1234=ORIENTED_EDGE('',*,*,#1403,.T.);
#1235=ORIENTED_EDGE('',*,*,#1918,.T.);
#1236=ORIENTED_EDGE('',*,*,#1895,.T.);
#1237=ORIENTED_EDGE('',*,*,#1917,.F.);
#1238=ORIENTED_EDGE('',*,*,#1402,.F.);
#1239=ORIENTED_EDGE('',*,*,#1919,.T.);
#1240=ORIENTED_EDGE('',*,*,#1898,.T.);
#1241=ORIENTED_EDGE('',*,*,#1918,.F.);
#1242=ORIENTED_EDGE('',*,*,#1401,.F.);
#1243=ORIENTED_EDGE('',*,*,#1920,.F.);
#1244=ORIENTED_EDGE('',*,*,#1901,.F.);
#1245=ORIENTED_EDGE('',*,*,#1911,.F.);
#1246=ORIENTED_EDGE('',*,*,#1899,.F.);
#1247=ORIENTED_EDGE('',*,*,#1919,.F.);
#1248=ORIENTED_EDGE('',*,*,#1400,.F.);
#1249=ORIENTED_EDGE('',*,*,#1921,.F.);
#1250=ORIENTED_EDGE('',*,*,#1902,.T.);
#1251=ORIENTED_EDGE('',*,*,#1920,.T.);
#1252=ORIENTED_EDGE('',*,*,#1399,.F.);
#1253=ORIENTED_EDGE('',*,*,#1922,.T.);
#1254=ORIENTED_EDGE('',*,*,#1905,.T.);
#1255=ORIENTED_EDGE('',*,*,#1921,.T.);
#1256=ORIENTED_EDGE('',*,*,#1398,.F.);
#1257=ORIENTED_EDGE('',*,*,#1908,.F.);
#1258=ORIENTED_EDGE('',*,*,#1906,.F.);
#1259=ORIENTED_EDGE('',*,*,#1922,.F.);
#1260=ORIENTED_EDGE('',*,*,#1397,.F.);
#1261=ORIENTED_EDGE('',*,*,#1923,.F.);
#1262=ORIENTED_EDGE('',*,*,#1912,.F.);
#1263=ORIENTED_EDGE('',*,*,#1915,.F.);
#1264=ORIENTED_EDGE('',*,*,#1913,.T.);
#1265=ORIENTED_EDGE('',*,*,#1923,.T.);
#1266=ORIENTED_EDGE('',*,*,#1396,.F.);
#1267=ORIENTED_EDGE('',*,*,#1886,.F.);
#1268=ORIENTED_EDGE('',*,*,#1884,.F.);
#1269=ORIENTED_EDGE('',*,*,#1882,.F.);
#1270=ORIENTED_EDGE('',*,*,#1497,.T.);
#1271=ORIENTED_EDGE('',*,*,#1495,.T.);
#1272=ORIENTED_EDGE('',*,*,#1493,.T.);
#1273=ORIENTED_EDGE('',*,*,#1924,.F.);
#1274=ORIENTED_EDGE('',*,*,#1925,.T.);
#1275=ORIENTED_EDGE('',*,*,#1926,.F.);
#1276=ORIENTED_EDGE('',*,*,#1927,.T.);
#1277=ORIENTED_EDGE('',*,*,#1928,.F.);
#1278=ORIENTED_EDGE('',*,*,#1924,.T.);
#1279=ORIENTED_EDGE('',*,*,#1929,.F.);
#1280=ORIENTED_EDGE('',*,*,#1930,.T.);
#1281=ORIENTED_EDGE('',*,*,#1931,.F.);
#1282=ORIENTED_EDGE('',*,*,#1932,.T.);
#1283=ORIENTED_EDGE('',*,*,#1930,.F.);
#1284=ORIENTED_EDGE('',*,*,#1933,.T.);
#1285=ORIENTED_EDGE('',*,*,#1800,.F.);
#1286=ORIENTED_EDGE('',*,*,#1934,.F.);
#1287=ORIENTED_EDGE('',*,*,#1928,.T.);
#1288=ORIENTED_EDGE('',*,*,#1935,.T.);
#1289=ORIENTED_EDGE('',*,*,#1932,.F.);
#1290=ORIENTED_EDGE('',*,*,#1936,.T.);
#1291=ORIENTED_EDGE('',*,*,#1937,.T.);
#1292=ORIENTED_EDGE('',*,*,#1935,.F.);
#1293=ORIENTED_EDGE('',*,*,#1925,.F.);
#1294=ORIENTED_EDGE('',*,*,#1934,.T.);
#1295=ORIENTED_EDGE('',*,*,#1938,.T.);
#1296=ORIENTED_EDGE('',*,*,#1939,.F.);
#1297=ORIENTED_EDGE('',*,*,#1938,.F.);
#1298=ORIENTED_EDGE('',*,*,#1799,.F.);
#1299=ORIENTED_EDGE('',*,*,#1831,.F.);
#1300=ORIENTED_EDGE('',*,*,#1451,.F.);
#1301=ORIENTED_EDGE('',*,*,#1940,.F.);
#1302=ORIENTED_EDGE('',*,*,#1937,.F.);
#1303=ORIENTED_EDGE('',*,*,#1941,.F.);
#1304=ORIENTED_EDGE('',*,*,#1445,.T.);
#1305=ORIENTED_EDGE('',*,*,#1489,.T.);
#1306=ORIENTED_EDGE('',*,*,#1801,.F.);
#1307=ORIENTED_EDGE('',*,*,#1446,.F.);
#1308=ORIENTED_EDGE('',*,*,#1941,.T.);
#1309=ORIENTED_EDGE('',*,*,#1936,.F.);
#1310=ORIENTED_EDGE('',*,*,#1931,.T.);
#1311=ORIENTED_EDGE('',*,*,#1942,.T.);
#1312=ORIENTED_EDGE('',*,*,#1933,.F.);
#1313=ORIENTED_EDGE('',*,*,#1943,.F.);
#1314=ORIENTED_EDGE('',*,*,#1447,.F.);
#1315=ORIENTED_EDGE('',*,*,#1942,.F.);
#1316=ORIENTED_EDGE('',*,*,#1944,.T.);
#1317=ORIENTED_EDGE('',*,*,#1448,.F.);
#1318=ORIENTED_EDGE('',*,*,#1943,.T.);
#1319=ORIENTED_EDGE('',*,*,#1929,.T.);
#1320=ORIENTED_EDGE('',*,*,#1927,.F.);
#1321=ORIENTED_EDGE('',*,*,#1945,.F.);
#1322=ORIENTED_EDGE('',*,*,#1449,.T.);
#1323=ORIENTED_EDGE('',*,*,#1944,.F.);
#1324=ORIENTED_EDGE('',*,*,#1939,.T.);
#1325=ORIENTED_EDGE('',*,*,#1940,.T.);
#1326=ORIENTED_EDGE('',*,*,#1450,.F.);
#1327=ORIENTED_EDGE('',*,*,#1945,.T.);
#1328=ORIENTED_EDGE('',*,*,#1926,.T.);
#1329=ORIENTED_EDGE('',*,*,#1946,.T.);
#1330=ORIENTED_EDGE('',*,*,#1947,.F.);
#1331=ORIENTED_EDGE('',*,*,#1948,.T.);
#1332=ORIENTED_EDGE('',*,*,#1949,.F.);
#1333=ORIENTED_EDGE('',*,*,#1950,.T.);
#1334=ORIENTED_EDGE('',*,*,#1951,.F.);
#1335=ORIENTED_EDGE('',*,*,#1952,.T.);
#1336=ORIENTED_EDGE('',*,*,#1953,.F.);
#1337=ORIENTED_EDGE('',*,*,#1953,.T.);
#1338=ORIENTED_EDGE('',*,*,#1954,.T.);
#1339=ORIENTED_EDGE('',*,*,#1955,.F.);
#1340=ORIENTED_EDGE('',*,*,#1956,.F.);
#1341=ORIENTED_EDGE('',*,*,#1957,.T.);
#1342=ORIENTED_EDGE('',*,*,#1952,.F.);
#1343=ORIENTED_EDGE('',*,*,#1958,.T.);
#1344=ORIENTED_EDGE('',*,*,#1946,.F.);
#1345=ORIENTED_EDGE('',*,*,#1949,.T.);
#1346=ORIENTED_EDGE('',*,*,#1959,.T.);
#1347=ORIENTED_EDGE('',*,*,#1960,.F.);
#1348=ORIENTED_EDGE('',*,*,#1961,.F.);
#1349=ORIENTED_EDGE('',*,*,#1959,.F.);
#1350=ORIENTED_EDGE('',*,*,#1948,.F.);
#1351=ORIENTED_EDGE('',*,*,#1962,.F.);
#1352=ORIENTED_EDGE('',*,*,#1482,.T.);
#1353=ORIENTED_EDGE('',*,*,#1963,.F.);
#1354=ORIENTED_EDGE('',*,*,#1947,.T.);
#1355=ORIENTED_EDGE('',*,*,#1964,.T.);
#1356=ORIENTED_EDGE('',*,*,#1483,.F.);
#1357=ORIENTED_EDGE('',*,*,#1962,.T.);
#1358=ORIENTED_EDGE('',*,*,#1964,.F.);
#1359=ORIENTED_EDGE('',*,*,#1958,.F.);
#1360=ORIENTED_EDGE('',*,*,#1965,.F.);
#1361=ORIENTED_EDGE('',*,*,#1484,.T.);
#1362=ORIENTED_EDGE('',*,*,#1951,.T.);
#1363=ORIENTED_EDGE('',*,*,#1966,.T.);
#1364=ORIENTED_EDGE('',*,*,#1485,.T.);
#1365=ORIENTED_EDGE('',*,*,#1965,.T.);
#1366=ORIENTED_EDGE('',*,*,#1414,.T.);
#1367=ORIENTED_EDGE('',*,*,#1966,.F.);
#1368=ORIENTED_EDGE('',*,*,#1950,.F.);
#1369=ORIENTED_EDGE('',*,*,#1956,.T.);
#1370=ORIENTED_EDGE('',*,*,#1967,.F.);
#1371=ORIENTED_EDGE('',*,*,#1955,.T.);
#1372=ORIENTED_EDGE('',*,*,#1682,.T.);
#1373=ORIENTED_EDGE('',*,*,#1486,.F.);
#1374=ORIENTED_EDGE('',*,*,#1415,.F.);
#1375=ORIENTED_EDGE('',*,*,#1967,.T.);
#1376=ORIENTED_EDGE('',*,*,#1683,.T.);
#1377=ORIENTED_EDGE('',*,*,#1954,.F.);
#1378=ORIENTED_EDGE('',*,*,#1957,.F.);
#1379=ORIENTED_EDGE('',*,*,#1961,.T.);
#1380=ORIENTED_EDGE('',*,*,#1960,.T.);
#1381=ORIENTED_EDGE('',*,*,#1963,.T.);
#1382=ORIENTED_EDGE('',*,*,#1481,.T.);
#1383=ORIENTED_EDGE('',*,*,#1707,.T.);
#1384=ORIENTED_EDGE('',*,*,#1684,.T.);
#1385=EDGE_CURVE('',#1968,#1969,#2335,.T.);
#1386=EDGE_CURVE('',#1969,#1970,#2336,.T.);
#1387=EDGE_CURVE('',#1970,#1971,#2337,.T.);
#1388=EDGE_CURVE('',#1971,#1972,#2338,.T.);
#1389=EDGE_CURVE('',#1972,#1973,#2339,.T.);
#1390=EDGE_CURVE('',#1973,#1974,#2340,.T.);
#1391=EDGE_CURVE('',#1974,#1975,#2341,.T.);
#1392=EDGE_CURVE('',#1976,#1975,#2342,.T.);
#1393=EDGE_CURVE('',#1976,#1977,#2343,.T.);
#1394=EDGE_CURVE('',#1968,#1977,#2344,.T.);
#1395=EDGE_CURVE('',#1978,#1979,#2345,.T.);
#1396=EDGE_CURVE('',#1978,#1980,#2346,.T.);
#1397=EDGE_CURVE('',#1980,#1981,#2347,.T.);
#1398=EDGE_CURVE('',#1981,#1982,#2348,.T.);
#1399=EDGE_CURVE('',#1982,#1983,#2349,.T.);
#1400=EDGE_CURVE('',#1983,#1984,#2350,.T.);
#1401=EDGE_CURVE('',#1984,#1985,#2351,.T.);
#1402=EDGE_CURVE('',#1985,#1986,#2352,.T.);
#1403=EDGE_CURVE('',#1987,#1986,#2353,.T.);
#1404=EDGE_CURVE('',#1987,#1979,#2354,.T.);
#1405=EDGE_CURVE('',#1988,#1988,#160,.T.);
#1406=EDGE_CURVE('',#1989,#1990,#2355,.T.);
#1407=EDGE_CURVE('',#1990,#1991,#161,.T.);
#1408=EDGE_CURVE('',#1991,#1992,#2356,.T.);
#1409=EDGE_CURVE('',#1992,#1989,#162,.T.);
#1410=EDGE_CURVE('',#1993,#1994,#2357,.T.);
#1411=EDGE_CURVE('',#1994,#1995,#163,.T.);
#1412=EDGE_CURVE('',#1995,#1996,#2358,.T.);
#1413=EDGE_CURVE('',#1996,#1993,#164,.T.);
#1414=EDGE_CURVE('',#1997,#1998,#2359,.T.);
#1415=EDGE_CURVE('',#1997,#1999,#2360,.T.);
#1416=EDGE_CURVE('',#1999,#2000,#2361,.T.);
#1417=EDGE_CURVE('',#2000,#2001,#2362,.T.);
#1418=EDGE_CURVE('',#2002,#2001,#2363,.T.);
#1419=EDGE_CURVE('',#2003,#2002,#2364,.T.);
#1420=EDGE_CURVE('',#2003,#2004,#2365,.T.);
#1421=EDGE_CURVE('',#2005,#2004,#2366,.T.);
#1422=EDGE_CURVE('',#2005,#2006,#2367,.T.);
#1423=EDGE_CURVE('',#2006,#2007,#2368,.T.);
#1424=EDGE_CURVE('',#2007,#2008,#2369,.T.);
#1425=EDGE_CURVE('',#2008,#2009,#80,.T.);
#1426=EDGE_CURVE('',#2009,#2010,#2370,.T.);
#1427=EDGE_CURVE('',#2010,#2011,#2371,.T.);
#1428=EDGE_CURVE('',#2012,#2011,#2372,.T.);
#1429=EDGE_CURVE('',#2012,#2013,#2373,.T.);
#1430=EDGE_CURVE('',#2013,#2014,#2374,.T.);
#1431=EDGE_CURVE('',#2015,#2014,#2375,.T.);
#1432=EDGE_CURVE('',#2015,#2016,#2376,.T.);
#1433=EDGE_CURVE('',#2017,#2016,#2377,.T.);
#1434=EDGE_CURVE('',#2017,#2018,#2378,.T.);
#1435=EDGE_CURVE('',#2018,#2019,#81,.T.);
#1436=EDGE_CURVE('',#2019,#2020,#2379,.T.);
#1437=EDGE_CURVE('',#2021,#2020,#2380,.T.);
#1438=EDGE_CURVE('',#2021,#2022,#2381,.T.);
#1439=EDGE_CURVE('',#2022,#2023,#2382,.T.);
#1440=EDGE_CURVE('',#2023,#2024,#2383,.T.);
#1441=EDGE_CURVE('',#2025,#2024,#2384,.T.);
#1442=EDGE_CURVE('',#2025,#2026,#2385,.T.);
#1443=EDGE_CURVE('',#2026,#2027,#2386,.T.);
#1444=EDGE_CURVE('',#2027,#2028,#2387,.T.);
#1445=EDGE_CURVE('',#2029,#2028,#2388,.T.);
#1446=EDGE_CURVE('',#2029,#2030,#2389,.T.);
#1447=EDGE_CURVE('',#2030,#2031,#2390,.T.);
#1448=EDGE_CURVE('',#2031,#2032,#2391,.T.);
#1449=EDGE_CURVE('',#2033,#2032,#2392,.T.);
#1450=EDGE_CURVE('',#2033,#2034,#2393,.T.);
#1451=EDGE_CURVE('',#2034,#2035,#2394,.T.);
#1452=EDGE_CURVE('',#2035,#2036,#2395,.T.);
#1453=EDGE_CURVE('',#2037,#2036,#2396,.T.);
#1454=EDGE_CURVE('',#2038,#2037,#2397,.T.);
#1455=EDGE_CURVE('',#2038,#2039,#2398,.T.);
#1456=EDGE_CURVE('',#2039,#2040,#2399,.T.);
#1457=EDGE_CURVE('',#2041,#2040,#2400,.T.);
#1458=EDGE_CURVE('',#2042,#2041,#2401,.T.);
#1459=EDGE_CURVE('',#2042,#2043,#2402,.T.);
#1460=EDGE_CURVE('',#2043,#2044,#2403,.T.);
#1461=EDGE_CURVE('',#2044,#2045,#82,.T.);
#1462=EDGE_CURVE('',#2045,#2046,#2404,.T.);
#1463=EDGE_CURVE('',#2046,#2047,#2405,.T.);
#1464=EDGE_CURVE('',#2047,#2048,#2406,.T.);
#1465=EDGE_CURVE('',#2048,#2049,#2407,.T.);
#1466=EDGE_CURVE('',#2049,#2050,#2408,.T.);
#1467=EDGE_CURVE('',#2051,#2050,#2409,.T.);
#1468=EDGE_CURVE('',#2052,#2051,#2410,.T.);
#1469=EDGE_CURVE('',#2053,#2052,#2411,.T.);
#1470=EDGE_CURVE('',#2053,#2054,#2412,.T.);
#1471=EDGE_CURVE('',#2054,#2055,#83,.T.);
#1472=EDGE_CURVE('',#2055,#2056,#2413,.T.);
#1473=EDGE_CURVE('',#2057,#2056,#2414,.T.);
#1474=EDGE_CURVE('',#2058,#2057,#2415,.T.);
#1475=EDGE_CURVE('',#2058,#2059,#2416,.T.);
#1476=EDGE_CURVE('',#2059,#2060,#2417,.T.);
#1477=EDGE_CURVE('',#2060,#2061,#2418,.T.);
#1478=EDGE_CURVE('',#2061,#2062,#2419,.T.);
#1479=EDGE_CURVE('',#2063,#2062,#2420,.T.);
#1480=EDGE_CURVE('',#2063,#2064,#2421,.T.);
#1481=EDGE_CURVE('',#2065,#2064,#2422,.T.);
#1482=EDGE_CURVE('',#2066,#2065,#2423,.T.);
#1483=EDGE_CURVE('',#2066,#2067,#2424,.T.);
#1484=EDGE_CURVE('',#2068,#2067,#2425,.T.);
#1485=EDGE_CURVE('',#1998,#2068,#2426,.T.);
#1486=EDGE_CURVE('',#1999,#2069,#2427,.T.);
#1487=EDGE_CURVE('',#2070,#2069,#2428,.T.);
#1488=EDGE_CURVE('',#2000,#2070,#2429,.T.);
#1489=EDGE_CURVE('',#2028,#2071,#2430,.T.);
#1490=EDGE_CURVE('',#2027,#2072,#2431,.T.);
#1491=EDGE_CURVE('',#2071,#2072,#2432,.T.);
#1492=EDGE_CURVE('',#2073,#2073,#165,.T.);
#1493=EDGE_CURVE('',#2074,#2074,#166,.F.);
#1494=EDGE_CURVE('',#2075,#2075,#167,.T.);
#1495=EDGE_CURVE('',#2076,#2076,#168,.F.);
#1496=EDGE_CURVE('',#2077,#2077,#169,.T.);
#1497=EDGE_CURVE('',#2078,#2078,#170,.F.);
#1498=EDGE_CURVE('',#2079,#2080,#2433,.T.);
#1499=EDGE_CURVE('',#2080,#2081,#84,.T.);
#1500=EDGE_CURVE('',#2081,#2082,#85,.T.);
#1501=EDGE_CURVE('',#2082,#2083,#2434,.T.);
#1502=EDGE_CURVE('',#2083,#2084,#86,.T.);
#1503=EDGE_CURVE('',#2084,#2085,#2435,.T.);
#1504=EDGE_CURVE('',#2085,#2086,#87,.T.);
#1505=EDGE_CURVE('',#2086,#2087,#2436,.T.);
#1506=EDGE_CURVE('',#2087,#2088,#88,.T.);
#1507=EDGE_CURVE('',#2088,#2089,#2437,.T.);
#1508=EDGE_CURVE('',#2089,#2079,#89,.T.);
#1509=EDGE_CURVE('',#2090,#2091,#2438,.T.);
#1510=EDGE_CURVE('',#2090,#2092,#2439,.T.);
#1511=EDGE_CURVE('',#2093,#2092,#2440,.T.);
#1512=EDGE_CURVE('',#2093,#2091,#2441,.T.);
#1513=EDGE_CURVE('',#2094,#2095,#2442,.T.);
#1514=EDGE_CURVE('',#2094,#2096,#2443,.T.);
#1515=EDGE_CURVE('',#2097,#2096,#2444,.T.);
#1516=EDGE_CURVE('',#2097,#2095,#2445,.T.);
#1517=EDGE_CURVE('',#2086,#2098,#2446,.T.);
#1518=EDGE_CURVE('',#2099,#2098,#2447,.T.);
#1519=EDGE_CURVE('',#2099,#2087,#2448,.T.);
#1520=EDGE_CURVE('',#2100,#2101,#2449,.T.);
#1521=EDGE_CURVE('',#2100,#2102,#2450,.T.);
#1522=EDGE_CURVE('',#2103,#2102,#2451,.T.);
#1523=EDGE_CURVE('',#2103,#2101,#2452,.T.);
#1524=EDGE_CURVE('',#2104,#2096,#2453,.T.);
#1525=EDGE_CURVE('',#2105,#2104,#2454,.T.);
#1526=EDGE_CURVE('',#2097,#2105,#2455,.T.);
#1527=EDGE_CURVE('',#2106,#2107,#2456,.T.);
#1528=EDGE_CURVE('',#2106,#2108,#2457,.T.);
#1529=EDGE_CURVE('',#2108,#2109,#2458,.T.);
#1530=EDGE_CURVE('',#2109,#2110,#2459,.T.);
#1531=EDGE_CURVE('',#2110,#2111,#2460,.T.);
#1532=EDGE_CURVE('',#2111,#2112,#2461,.T.);
#1533=EDGE_CURVE('',#2112,#2113,#2462,.T.);
#1534=EDGE_CURVE('',#2107,#2113,#2463,.T.);
#1535=EDGE_CURVE('',#2114,#2115,#2464,.T.);
#1536=EDGE_CURVE('',#2014,#2115,#2465,.T.);
#1537=EDGE_CURVE('',#2114,#2013,#2466,.T.);
#1538=EDGE_CURVE('',#2110,#2116,#171,.T.);
#1539=EDGE_CURVE('',#2116,#2117,#2467,.T.);
#1540=EDGE_CURVE('',#2111,#2117,#172,.T.);
#1541=EDGE_CURVE('',#2116,#2115,#2468,.T.);
#1542=EDGE_CURVE('',#2114,#2117,#2469,.T.);
#1543=EDGE_CURVE('',#2118,#2119,#2470,.T.);
#1544=EDGE_CURVE('',#2118,#2080,#2471,.T.);
#1545=EDGE_CURVE('',#2079,#2119,#2472,.T.);
#1546=EDGE_CURVE('',#2120,#2121,#2473,.T.);
#1547=EDGE_CURVE('',#2120,#2122,#2474,.T.);
#1548=EDGE_CURVE('',#2123,#2122,#2475,.T.);
#1549=EDGE_CURVE('',#2123,#2121,#2476,.T.);
#1550=EDGE_CURVE('',#2118,#2124,#90,.T.);
#1551=EDGE_CURVE('',#2125,#2119,#91,.T.);
#1552=EDGE_CURVE('',#2125,#2126,#2477,.T.);
#1553=EDGE_CURVE('',#2099,#2126,#92,.T.);
#1554=EDGE_CURVE('',#2127,#2098,#93,.T.);
#1555=EDGE_CURVE('',#2127,#2128,#2478,.T.);
#1556=EDGE_CURVE('',#2129,#2128,#94,.T.);
#1557=EDGE_CURVE('',#2129,#2130,#2479,.T.);
#1558=EDGE_CURVE('',#2130,#2124,#95,.T.);
#1559=EDGE_CURVE('',#2122,#2131,#96,.T.);
#1560=EDGE_CURVE('',#2132,#2131,#97,.T.);
#1561=EDGE_CURVE('',#2132,#2133,#2480,.T.);
#1562=EDGE_CURVE('',#2134,#2133,#98,.T.);
#1563=EDGE_CURVE('',#2134,#2135,#2481,.T.);
#1564=EDGE_CURVE('',#2100,#2135,#99,.T.);
#1565=EDGE_CURVE('',#2136,#2101,#100,.T.);
#1566=EDGE_CURVE('',#2136,#2137,#2482,.T.);
#1567=EDGE_CURVE('',#2137,#2123,#101,.T.);
#1568=EDGE_CURVE('',#2138,#2139,#2483,.T.);
#1569=EDGE_CURVE('',#2139,#2140,#2484,.T.);
#1570=EDGE_CURVE('',#2140,#2141,#2485,.T.);
#1571=EDGE_CURVE('',#2141,#2142,#2486,.T.);
#1572=EDGE_CURVE('',#2142,#2143,#2487,.T.);
#1573=EDGE_CURVE('',#2143,#2144,#2488,.T.);
#1574=EDGE_CURVE('',#2144,#2145,#2489,.T.);
#1575=EDGE_CURVE('',#2145,#2138,#2490,.T.);
#1576=EDGE_CURVE('',#2142,#2146,#102,.T.);
#1577=EDGE_CURVE('',#2146,#2147,#2491,.T.);
#1578=EDGE_CURVE('',#2147,#2106,#103,.T.);
#1579=EDGE_CURVE('',#2107,#2148,#104,.T.);
#1580=EDGE_CURVE('',#2149,#2148,#2492,.T.);
#1581=EDGE_CURVE('',#2149,#2143,#105,.T.);
#1582=EDGE_CURVE('',#2150,#2151,#106,.T.);
#1583=EDGE_CURVE('',#2152,#2151,#2493,.T.);
#1584=EDGE_CURVE('',#2152,#2153,#107,.T.);
#1585=EDGE_CURVE('',#2154,#2153,#2494,.T.);
#1586=EDGE_CURVE('',#2154,#2105,#108,.T.);
#1587=EDGE_CURVE('',#2104,#2155,#109,.T.);
#1588=EDGE_CURVE('',#2155,#2150,#2495,.T.);
#1589=EDGE_CURVE('',#2090,#2151,#2496,.T.);
#1590=EDGE_CURVE('',#2152,#2091,#2497,.T.);
#1591=EDGE_CURVE('',#2156,#2120,#110,.T.);
#1592=EDGE_CURVE('',#2121,#2157,#111,.T.);
#1593=EDGE_CURVE('',#2157,#2158,#2498,.T.);
#1594=EDGE_CURVE('',#2158,#2103,#112,.T.);
#1595=EDGE_CURVE('',#2102,#2159,#113,.T.);
#1596=EDGE_CURVE('',#2159,#2160,#2499,.T.);
#1597=EDGE_CURVE('',#2160,#2161,#114,.T.);
#1598=EDGE_CURVE('',#2162,#2161,#2500,.T.);
#1599=EDGE_CURVE('',#2162,#2156,#115,.T.);
#1600=EDGE_CURVE('',#2092,#2163,#116,.T.);
#1601=EDGE_CURVE('',#2163,#2164,#2501,.T.);
#1602=EDGE_CURVE('',#2164,#2094,#117,.T.);
#1603=EDGE_CURVE('',#2095,#2165,#118,.T.);
#1604=EDGE_CURVE('',#2165,#2166,#2502,.T.);
#1605=EDGE_CURVE('',#2166,#2093,#119,.T.);
#1606=EDGE_CURVE('',#2167,#2167,#173,.T.);
#1607=EDGE_CURVE('',#2168,#2169,#174,.T.);
#1608=EDGE_CURVE('',#2170,#2168,#2503,.T.);
#1609=EDGE_CURVE('',#2171,#2170,#175,.T.);
#1610=EDGE_CURVE('',#2171,#2169,#2504,.T.);
#1611=EDGE_CURVE('',#2172,#2173,#176,.T.);
#1612=EDGE_CURVE('',#2174,#2172,#2505,.T.);
#1613=EDGE_CURVE('',#2175,#2174,#177,.T.);
#1614=EDGE_CURVE('',#2175,#2173,#2506,.T.);
#1615=EDGE_CURVE('',#2049,#2176,#2507,.T.);
#1616=EDGE_CURVE('',#2176,#2177,#2508,.T.);
#1617=EDGE_CURVE('',#2177,#2050,#2509,.T.);
#1618=EDGE_CURVE('',#2178,#2179,#2510,.T.);
#1619=EDGE_CURVE('',#2179,#2139,#178,.T.);
#1620=EDGE_CURVE('',#2178,#2138,#179,.T.);
#1621=EDGE_CURVE('',#2176,#2179,#2511,.T.);
#1622=EDGE_CURVE('',#2178,#2177,#2512,.T.);
#1623=EDGE_CURVE('',#2165,#2180,#2513,.T.);
#1624=EDGE_CURVE('',#2181,#2180,#2514,.T.);
#1625=EDGE_CURVE('',#2181,#2166,#2515,.T.);
#1626=EDGE_CURVE('',#2091,#2181,#120,.T.);
#1627=EDGE_CURVE('',#2180,#2097,#121,.T.);
#1628=EDGE_CURVE('',#2154,#2180,#2516,.T.);
#1629=EDGE_CURVE('',#2182,#2113,#122,.T.);
#1630=EDGE_CURVE('',#2182,#2148,#2517,.T.);
#1631=EDGE_CURVE('',#2183,#2007,#2518,.T.);
#1632=EDGE_CURVE('',#2182,#2183,#2519,.T.);
#1633=EDGE_CURVE('',#2182,#2008,#2520,.T.);
#1634=EDGE_CURVE('',#2184,#2185,#123,.T.);
#1635=EDGE_CURVE('',#2183,#2184,#2521,.T.);
#1636=EDGE_CURVE('',#2185,#2006,#2522,.T.);
#1637=EDGE_CURVE('',#2186,#2187,#2523,.T.);
#1638=EDGE_CURVE('',#2187,#2188,#180,.T.);
#1639=EDGE_CURVE('',#2184,#2188,#2524,.T.);
#1640=EDGE_CURVE('',#2184,#2186,#181,.T.);
#1641=EDGE_CURVE('',#2188,#2070,#2525,.T.);
#1642=EDGE_CURVE('',#2188,#2189,#124,.T.);
#1643=EDGE_CURVE('',#2001,#2189,#2526,.T.);
#1644=EDGE_CURVE('',#2136,#2158,#2527,.T.);
#1645=EDGE_CURVE('',#2088,#2126,#2528,.T.);
#1646=EDGE_CURVE('',#2190,#2189,#182,.T.);
#1647=EDGE_CURVE('',#2190,#2191,#2529,.T.);
#1648=EDGE_CURVE('',#2191,#2002,#2530,.T.);
#1649=EDGE_CURVE('',#2191,#2192,#2531,.T.);
#1650=EDGE_CURVE('',#2192,#2003,#2532,.T.);
#1651=EDGE_CURVE('',#2192,#2193,#2533,.T.);
#1652=EDGE_CURVE('',#2004,#2193,#2534,.T.);
#1653=EDGE_CURVE('',#2194,#2193,#2535,.T.);
#1654=EDGE_CURVE('',#2005,#2194,#2536,.T.);
#1655=EDGE_CURVE('',#2185,#2195,#183,.T.);
#1656=EDGE_CURVE('',#2194,#2195,#2537,.T.);
#1657=EDGE_CURVE('',#2009,#2113,#2538,.T.);
#1658=EDGE_CURVE('',#2112,#2010,#2539,.T.);
#1659=EDGE_CURVE('',#2196,#2111,#125,.T.);
#1660=EDGE_CURVE('',#2011,#2196,#2540,.T.);
#1661=EDGE_CURVE('',#2196,#2197,#184,.T.);
#1662=EDGE_CURVE('',#2197,#2198,#2541,.T.);
#1663=EDGE_CURVE('',#2198,#2012,#2542,.T.);
#1664=EDGE_CURVE('',#2114,#2198,#2543,.T.);
#1665=EDGE_CURVE('',#2186,#2195,#126,.T.);
#1666=EDGE_CURVE('',#2192,#2187,#2544,.T.);
#1667=EDGE_CURVE('',#2186,#2193,#2545,.T.);
#1668=EDGE_CURVE('',#2190,#2187,#127,.T.);
#1669=EDGE_CURVE('',#2197,#2117,#128,.T.);
#1670=EDGE_CURVE('',#2199,#2200,#2546,.T.);
#1671=EDGE_CURVE('',#2201,#2199,#185,.T.);
#1672=EDGE_CURVE('',#2201,#2202,#2547,.T.);
#1673=EDGE_CURVE('',#2200,#2202,#186,.T.);
#1674=EDGE_CURVE('',#2201,#2203,#2548,.T.);
#1675=EDGE_CURVE('',#2204,#2203,#2549,.T.);
#1676=EDGE_CURVE('',#2204,#2202,#2550,.T.);
#1677=EDGE_CURVE('',#2060,#2203,#2551,.T.);
#1678=EDGE_CURVE('',#2204,#2059,#2552,.T.);
#1679=EDGE_CURVE('',#2181,#2153,#2553,.T.);
#1680=EDGE_CURVE('',#2205,#2149,#2554,.T.);
#1681=EDGE_CURVE('',#2144,#2205,#129,.T.);
#1682=EDGE_CURVE('',#2206,#2069,#2555,.T.);
#1683=EDGE_CURVE('',#2207,#2206,#2556,.T.);
#1684=EDGE_CURVE('',#2208,#2207,#2557,.T.);
#1685=EDGE_CURVE('',#2208,#2209,#2558,.T.);
#1686=EDGE_CURVE('',#2209,#2199,#2559,.T.);
#1687=EDGE_CURVE('',#2200,#2210,#2560,.T.);
#1688=EDGE_CURVE('',#2210,#2205,#2561,.T.);
#1689=EDGE_CURVE('',#2157,#2137,#2562,.T.);
#1690=EDGE_CURVE('',#2125,#2089,#2563,.T.);
#1691=EDGE_CURVE('',#2057,#2211,#2564,.T.);
#1692=EDGE_CURVE('',#2211,#2212,#187,.T.);
#1693=EDGE_CURVE('',#2212,#2213,#2565,.T.);
#1694=EDGE_CURVE('',#2213,#2058,#2566,.T.);
#1695=EDGE_CURVE('',#2214,#2215,#2567,.T.);
#1696=EDGE_CURVE('',#2215,#2216,#188,.T.);
#1697=EDGE_CURVE('',#2216,#2062,#2568,.T.);
#1698=EDGE_CURVE('',#2061,#2214,#2569,.T.);
#1699=EDGE_CURVE('',#2201,#2215,#130,.T.);
#1700=EDGE_CURVE('',#2203,#2214,#2570,.T.);
#1701=EDGE_CURVE('',#2204,#2213,#2571,.T.);
#1702=EDGE_CURVE('',#2212,#2202,#131,.T.);
#1703=EDGE_CURVE('',#2216,#2199,#132,.T.);
#1704=EDGE_CURVE('',#2063,#2209,#2572,.T.);
#1705=EDGE_CURVE('',#2211,#2200,#133,.T.);
#1706=EDGE_CURVE('',#2210,#2056,#2573,.T.);
#1707=EDGE_CURVE('',#2064,#2208,#2574,.T.);
#1708=EDGE_CURVE('',#2055,#2205,#2575,.T.);
#1709=EDGE_CURVE('',#2144,#2054,#2576,.T.);
#1710=EDGE_CURVE('',#2053,#2145,#2577,.T.);
#1711=EDGE_CURVE('',#2217,#2177,#2578,.T.);
#1712=EDGE_CURVE('',#2051,#2217,#2579,.T.);
#1713=EDGE_CURVE('',#2218,#2219,#189,.T.);
#1714=EDGE_CURVE('',#2219,#2052,#2580,.T.);
#1715=EDGE_CURVE('',#2217,#2218,#2581,.T.);
#1716=EDGE_CURVE('',#2138,#2219,#134,.T.);
#1717=EDGE_CURVE('',#2178,#2218,#135,.T.);
#1718=EDGE_CURVE('',#2220,#2221,#2582,.T.);
#1719=EDGE_CURVE('',#2221,#2222,#190,.T.);
#1720=EDGE_CURVE('',#2223,#2222,#2583,.T.);
#1721=EDGE_CURVE('',#2220,#2223,#191,.T.);
#1722=EDGE_CURVE('',#2224,#2225,#2584,.T.);
#1723=EDGE_CURVE('',#2226,#2224,#192,.T.);
#1724=EDGE_CURVE('',#2226,#2227,#2585,.T.);
#1725=EDGE_CURVE('',#2227,#2225,#193,.T.);
#1726=EDGE_CURVE('',#2170,#2228,#2586,.T.);
#1727=EDGE_CURVE('',#2229,#2228,#194,.T.);
#1728=EDGE_CURVE('',#2171,#2229,#2587,.T.);
#1729=EDGE_CURVE('',#2229,#2230,#2588,.T.);
#1730=EDGE_CURVE('',#2169,#2230,#2589,.T.);
#1731=EDGE_CURVE('',#2231,#2230,#195,.T.);
#1732=EDGE_CURVE('',#2168,#2231,#2590,.T.);
#1733=EDGE_CURVE('',#2231,#2228,#2591,.T.);
#1734=EDGE_CURVE('',#2173,#2232,#2592,.T.);
#1735=EDGE_CURVE('',#2233,#2232,#196,.T.);
#1736=EDGE_CURVE('',#2172,#2233,#2593,.T.);
#1737=EDGE_CURVE('',#2233,#2234,#2594,.T.);
#1738=EDGE_CURVE('',#2174,#2234,#2595,.T.);
#1739=EDGE_CURVE('',#2235,#2234,#197,.T.);
#1740=EDGE_CURVE('',#2175,#2235,#2596,.T.);
#1741=EDGE_CURVE('',#2235,#2232,#2597,.T.);
#1742=EDGE_CURVE('',#2236,#2236,#198,.T.);
#1743=EDGE_CURVE('',#2220,#2237,#136,.T.);
#1744=EDGE_CURVE('',#2223,#2238,#137,.T.);
#1745=EDGE_CURVE('',#2237,#2238,#199,.T.);
#1746=EDGE_CURVE('',#2220,#2239,#2598,.T.);
#1747=EDGE_CURVE('',#2240,#2237,#2599,.T.);
#1748=EDGE_CURVE('',#2240,#2239,#2600,.T.);
#1749=EDGE_CURVE('',#2241,#2239,#2601,.T.);
#1750=EDGE_CURVE('',#2241,#2221,#2602,.T.);
#1751=EDGE_CURVE('',#2242,#2243,#2603,.T.);
#1752=EDGE_CURVE('',#2242,#2221,#138,.T.);
#1753=EDGE_CURVE('',#2241,#2243,#2604,.T.);
#1754=EDGE_CURVE('',#2242,#2244,#200,.T.);
#1755=EDGE_CURVE('',#2244,#2222,#139,.T.);
#1756=EDGE_CURVE('',#2226,#2245,#140,.T.);
#1757=EDGE_CURVE('',#2224,#2246,#141,.T.);
#1758=EDGE_CURVE('',#2245,#2246,#201,.T.);
#1759=EDGE_CURVE('',#2226,#2247,#2605,.T.);
#1760=EDGE_CURVE('',#2248,#2245,#2606,.T.);
#1761=EDGE_CURVE('',#2248,#2247,#2607,.T.);
#1762=EDGE_CURVE('',#2249,#2247,#2608,.T.);
#1763=EDGE_CURVE('',#2249,#2227,#2609,.T.);
#1764=EDGE_CURVE('',#2250,#2251,#2610,.T.);
#1765=EDGE_CURVE('',#2250,#2227,#142,.T.);
#1766=EDGE_CURVE('',#2249,#2251,#2611,.T.);
#1767=EDGE_CURVE('',#2250,#2252,#202,.T.);
#1768=EDGE_CURVE('',#2252,#2225,#143,.T.);
#1769=EDGE_CURVE('',#2253,#2164,#2612,.T.);
#1770=EDGE_CURVE('',#2163,#2254,#2613,.T.);
#1771=EDGE_CURVE('',#2253,#2254,#2614,.T.);
#1772=EDGE_CURVE('',#2254,#2090,#144,.T.);
#1773=EDGE_CURVE('',#2096,#2253,#145,.T.);
#1774=EDGE_CURVE('',#2116,#2255,#146,.T.);
#1775=EDGE_CURVE('',#2110,#2256,#147,.T.);
#1776=EDGE_CURVE('',#2256,#2255,#203,.T.);
#1777=EDGE_CURVE('',#2257,#2255,#2615,.T.);
#1778=EDGE_CURVE('',#2257,#2115,#2616,.T.);
#1779=EDGE_CURVE('',#2124,#2081,#2617,.T.);
#1780=EDGE_CURVE('',#2082,#2130,#2618,.T.);
#1781=EDGE_CURVE('',#2129,#2083,#2619,.T.);
#1782=EDGE_CURVE('',#2084,#2128,#2620,.T.);
#1783=EDGE_CURVE('',#2127,#2085,#2621,.T.);
#1784=EDGE_CURVE('',#2159,#2135,#2622,.T.);
#1785=EDGE_CURVE('',#2134,#2160,#2623,.T.);
#1786=EDGE_CURVE('',#2161,#2133,#2624,.T.);
#1787=EDGE_CURVE('',#2132,#2162,#2625,.T.);
#1788=EDGE_CURVE('',#2156,#2131,#2626,.T.);
#1789=EDGE_CURVE('',#2150,#2254,#2627,.T.);
#1790=EDGE_CURVE('',#2253,#2155,#2628,.T.);
#1791=EDGE_CURVE('',#2258,#2147,#2629,.T.);
#1792=EDGE_CURVE('',#2108,#2258,#148,.T.);
#1793=EDGE_CURVE('',#2259,#2258,#2630,.T.);
#1794=EDGE_CURVE('',#2146,#2260,#2631,.T.);
#1795=EDGE_CURVE('',#2260,#2261,#2632,.T.);
#1796=EDGE_CURVE('',#2261,#2223,#2633,.T.);
#1797=EDGE_CURVE('',#2222,#2262,#2634,.T.);
#1798=EDGE_CURVE('',#2262,#2263,#2635,.T.);
#1799=EDGE_CURVE('',#2263,#2264,#2636,.T.);
#1800=EDGE_CURVE('',#2264,#2265,#2637,.T.);
#1801=EDGE_CURVE('',#2265,#2071,#2638,.T.);
#1802=EDGE_CURVE('',#2072,#2224,#2639,.T.);
#1803=EDGE_CURVE('',#2225,#2259,#2640,.T.);
#1804=EDGE_CURVE('',#2260,#2141,#149,.T.);
#1805=EDGE_CURVE('',#2266,#2179,#150,.T.);
#1806=EDGE_CURVE('',#2266,#2267,#204,.T.);
#1807=EDGE_CURVE('',#2267,#2139,#151,.T.);
#1808=EDGE_CURVE('',#2266,#2268,#2641,.T.);
#1809=EDGE_CURVE('',#2176,#2268,#2642,.T.);
#1810=EDGE_CURVE('',#1993,#2228,#2643,.T.);
#1811=EDGE_CURVE('',#2229,#1996,#2644,.T.);
#1812=EDGE_CURVE('',#2230,#1995,#2645,.T.);
#1813=EDGE_CURVE('',#1994,#2231,#2646,.T.);
#1814=EDGE_CURVE('',#1989,#2232,#2647,.T.);
#1815=EDGE_CURVE('',#2233,#1992,#2648,.T.);
#1816=EDGE_CURVE('',#2234,#1991,#2649,.T.);
#1817=EDGE_CURVE('',#1990,#2235,#2650,.T.);
#1818=EDGE_CURVE('',#2268,#2048,#2651,.T.);
#1819=EDGE_CURVE('',#2047,#2267,#2652,.T.);
#1820=EDGE_CURVE('',#2046,#2140,#2653,.T.);
#1821=EDGE_CURVE('',#2045,#2141,#2654,.T.);
#1822=EDGE_CURVE('',#2260,#2044,#2655,.T.);
#1823=EDGE_CURVE('',#2043,#2261,#2656,.T.);
#1824=EDGE_CURVE('',#2238,#2042,#2657,.T.);
#1825=EDGE_CURVE('',#2041,#2240,#2658,.T.);
#1826=EDGE_CURVE('',#2239,#2040,#2659,.T.);
#1827=EDGE_CURVE('',#2039,#2241,#2660,.T.);
#1828=EDGE_CURVE('',#2243,#2038,#2661,.T.);
#1829=EDGE_CURVE('',#2037,#2244,#2662,.T.);
#1830=EDGE_CURVE('',#2036,#2262,#2663,.T.);
#1831=EDGE_CURVE('',#2035,#2263,#2664,.T.);
#1832=EDGE_CURVE('',#2246,#2026,#2665,.T.);
#1833=EDGE_CURVE('',#2025,#2248,#2666,.T.);
#1834=EDGE_CURVE('',#2247,#2024,#2667,.T.);
#1835=EDGE_CURVE('',#2023,#2249,#2668,.T.);
#1836=EDGE_CURVE('',#2251,#2022,#2669,.T.);
#1837=EDGE_CURVE('',#2021,#2252,#2670,.T.);
#1838=EDGE_CURVE('',#2020,#2259,#2671,.T.);
#1839=EDGE_CURVE('',#2019,#2258,#2672,.T.);
#1840=EDGE_CURVE('',#2108,#2018,#2673,.T.);
#1841=EDGE_CURVE('',#2109,#2017,#2674,.T.);
#1842=EDGE_CURVE('',#2256,#2016,#2675,.T.);
#1843=EDGE_CURVE('',#2015,#2257,#2676,.T.);
#1844=EDGE_CURVE('',#2269,#2270,#2677,.T.);
#1845=EDGE_CURVE('',#2271,#2269,#2678,.T.);
#1846=EDGE_CURVE('',#2272,#2271,#2679,.T.);
#1847=EDGE_CURVE('',#2270,#2272,#2680,.T.);
#1848=EDGE_CURVE('',#2273,#2274,#2681,.T.);
#1849=EDGE_CURVE('',#2275,#2273,#2682,.T.);
#1850=EDGE_CURVE('',#2276,#2275,#2683,.T.);
#1851=EDGE_CURVE('',#2274,#2276,#2684,.T.);
#1852=EDGE_CURVE('',#2277,#2275,#2685,.T.);
#1853=EDGE_CURVE('',#2277,#2278,#2686,.T.);
#1854=EDGE_CURVE('',#2276,#2278,#2687,.T.);
#1855=EDGE_CURVE('',#2279,#2277,#2688,.T.);
#1856=EDGE_CURVE('',#2279,#2280,#2689,.T.);
#1857=EDGE_CURVE('',#2278,#2280,#2690,.T.);
#1858=EDGE_CURVE('',#2281,#2282,#2691,.T.);
#1859=EDGE_CURVE('',#2283,#2282,#2692,.T.);
#1860=EDGE_CURVE('',#2283,#2284,#2693,.T.);
#1861=EDGE_CURVE('',#2281,#2284,#2694,.T.);
#1862=EDGE_CURVE('',#2285,#2283,#2695,.T.);
#1863=EDGE_CURVE('',#2285,#2286,#2696,.T.);
#1864=EDGE_CURVE('',#2284,#2286,#2697,.T.);
#1865=EDGE_CURVE('',#2286,#2287,#2698,.T.);
#1866=EDGE_CURVE('',#2287,#2271,#2699,.T.);
#1867=EDGE_CURVE('',#2269,#2274,#2700,.T.);
#1868=EDGE_CURVE('',#2280,#2281,#2701,.T.);
#1869=EDGE_CURVE('',#2287,#2288,#2702,.T.);
#1870=EDGE_CURVE('',#2272,#2288,#2703,.T.);
#1871=EDGE_CURVE('',#1977,#2270,#2704,.T.);
#1872=EDGE_CURVE('',#2272,#1968,#2705,.T.);
#1873=EDGE_CURVE('',#2273,#1976,#2706,.T.);
#1874=EDGE_CURVE('',#1975,#2275,#2707,.T.);
#1875=EDGE_CURVE('',#1974,#2277,#2708,.T.);
#1876=EDGE_CURVE('',#1973,#2279,#2709,.T.);
#1877=EDGE_CURVE('',#2282,#1972,#2710,.T.);
#1878=EDGE_CURVE('',#2283,#1971,#2711,.T.);
#1879=EDGE_CURVE('',#1970,#2285,#2712,.T.);
#1880=EDGE_CURVE('',#2288,#1969,#2713,.T.);
#1881=EDGE_CURVE('',#2289,#2289,#205,.T.);
#1882=EDGE_CURVE('',#2290,#2290,#206,.T.);
#1883=EDGE_CURVE('',#2291,#2291,#207,.T.);
#1884=EDGE_CURVE('',#2292,#2292,#208,.T.);
#1885=EDGE_CURVE('',#2293,#2293,#209,.T.);
#1886=EDGE_CURVE('',#2294,#2294,#210,.T.);
#1887=EDGE_CURVE('',#2295,#2296,#2714,.T.);
#1888=EDGE_CURVE('',#2297,#2295,#2715,.T.);
#1889=EDGE_CURVE('',#2298,#2297,#2716,.T.);
#1890=EDGE_CURVE('',#2296,#2298,#2717,.T.);
#1891=EDGE_CURVE('',#2299,#2300,#2718,.T.);
#1892=EDGE_CURVE('',#2301,#2299,#2719,.T.);
#1893=EDGE_CURVE('',#2302,#2301,#2720,.T.);
#1894=EDGE_CURVE('',#2300,#2302,#2721,.T.);
#1895=EDGE_CURVE('',#2303,#2301,#2722,.T.);
#1896=EDGE_CURVE('',#2303,#2304,#2723,.T.);
#1897=EDGE_CURVE('',#2302,#2304,#2724,.T.);
#1898=EDGE_CURVE('',#2305,#2303,#2725,.T.);
#1899=EDGE_CURVE('',#2305,#2306,#2726,.T.);
#1900=EDGE_CURVE('',#2304,#2306,#2727,.T.);
#1901=EDGE_CURVE('',#2307,#2308,#2728,.T.);
#1902=EDGE_CURVE('',#2309,#2308,#2729,.T.);
#1903=EDGE_CURVE('',#2309,#2310,#2730,.T.);
#1904=EDGE_CURVE('',#2307,#2310,#2731,.T.);
#1905=EDGE_CURVE('',#2311,#2309,#2732,.T.);
#1906=EDGE_CURVE('',#2311,#2312,#2733,.T.);
#1907=EDGE_CURVE('',#2310,#2312,#2734,.T.);
#1908=EDGE_CURVE('',#2312,#2313,#2735,.T.);
#1909=EDGE_CURVE('',#2313,#2297,#2736,.T.);
#1910=EDGE_CURVE('',#2295,#2300,#2737,.T.);
#1911=EDGE_CURVE('',#2306,#2307,#2738,.T.);
#1912=EDGE_CURVE('',#2313,#2314,#2739,.T.);
#1913=EDGE_CURVE('',#2298,#2314,#2740,.T.);
#1914=EDGE_CURVE('',#1979,#2296,#2741,.T.);
#1915=EDGE_CURVE('',#2298,#1978,#2742,.T.);
#1916=EDGE_CURVE('',#2299,#1987,#2743,.T.);
#1917=EDGE_CURVE('',#1986,#2301,#2744,.T.);
#1918=EDGE_CURVE('',#1985,#2303,#2745,.T.);
#1919=EDGE_CURVE('',#1984,#2305,#2746,.T.);
#1920=EDGE_CURVE('',#2308,#1983,#2747,.T.);
#1921=EDGE_CURVE('',#2309,#1982,#2748,.T.);
#1922=EDGE_CURVE('',#1981,#2311,#2749,.T.);
#1923=EDGE_CURVE('',#2314,#1980,#2750,.T.);
#1924=EDGE_CURVE('',#2315,#2316,#2751,.T.);
#1925=EDGE_CURVE('',#2315,#2317,#152,.T.);
#1926=EDGE_CURVE('',#2318,#2317,#2752,.T.);
#1927=EDGE_CURVE('',#2318,#2316,#2753,.T.);
#1928=EDGE_CURVE('',#2315,#2319,#2754,.T.);
#1929=EDGE_CURVE('',#2320,#2316,#2755,.T.);
#1930=EDGE_CURVE('',#2320,#2319,#2756,.T.);
#1931=EDGE_CURVE('',#2321,#2322,#2757,.T.);
#1932=EDGE_CURVE('',#2321,#2319,#153,.T.);
#1933=EDGE_CURVE('',#2320,#2322,#2758,.T.);
#1934=EDGE_CURVE('',#2315,#2264,#211,.T.);
#1935=EDGE_CURVE('',#2319,#2265,#212,.T.);
#1936=EDGE_CURVE('',#2321,#2323,#213,.T.);
#1937=EDGE_CURVE('',#2323,#2265,#154,.T.);
#1938=EDGE_CURVE('',#2264,#2324,#155,.T.);
#1939=EDGE_CURVE('',#2317,#2324,#214,.T.);
#1940=EDGE_CURVE('',#2324,#2034,#2759,.T.);
#1941=EDGE_CURVE('',#2029,#2323,#2760,.T.);
#1942=EDGE_CURVE('',#2322,#2030,#2761,.T.);
#1943=EDGE_CURVE('',#2031,#2320,#2762,.T.);
#1944=EDGE_CURVE('',#2316,#2032,#2763,.T.);
#1945=EDGE_CURVE('',#2033,#2318,#2764,.T.);
#1946=EDGE_CURVE('',#2325,#2326,#2765,.T.);
#1947=EDGE_CURVE('',#2327,#2326,#2766,.T.);
#1948=EDGE_CURVE('',#2327,#2328,#2767,.T.);
#1949=EDGE_CURVE('',#2325,#2328,#156,.T.);
#1950=EDGE_CURVE('',#2329,#2330,#2768,.T.);
#1951=EDGE_CURVE('',#2331,#2330,#2769,.T.);
#1952=EDGE_CURVE('',#2331,#2332,#2770,.T.);
#1953=EDGE_CURVE('',#2329,#2332,#157,.T.);
#1954=EDGE_CURVE('',#2332,#2206,#215,.T.);
#1955=EDGE_CURVE('',#2333,#2206,#158,.T.);
#1956=EDGE_CURVE('',#2329,#2333,#216,.T.);
#1957=EDGE_CURVE('',#2325,#2332,#2771,.T.);
#1958=EDGE_CURVE('',#2331,#2326,#2772,.T.);
#1959=EDGE_CURVE('',#2328,#2334,#217,.T.);
#1960=EDGE_CURVE('',#2207,#2334,#159,.T.);
#1961=EDGE_CURVE('',#2325,#2207,#218,.T.);
#1962=EDGE_CURVE('',#2066,#2327,#2773,.T.);
#1963=EDGE_CURVE('',#2334,#2065,#2774,.T.);
#1964=EDGE_CURVE('',#2326,#2067,#2775,.T.);
#1965=EDGE_CURVE('',#2068,#2331,#2776,.T.);
#1966=EDGE_CURVE('',#2330,#1998,#2777,.T.);
#1967=EDGE_CURVE('',#1997,#2333,#2778,.T.);
#1968=VERTEX_POINT('',#5419);
#1969=VERTEX_POINT('',#5420);
#1970=VERTEX_POINT('',#5422);
#1971=VERTEX_POINT('',#5424);
#1972=VERTEX_POINT('',#5426);
#1973=VERTEX_POINT('',#5428);
#1974=VERTEX_POINT('',#5430);
#1975=VERTEX_POINT('',#5432);
#1976=VERTEX_POINT('',#5434);
#1977=VERTEX_POINT('',#5436);
#1978=VERTEX_POINT('',#5439);
#1979=VERTEX_POINT('',#5440);
#1980=VERTEX_POINT('',#5442);
#1981=VERTEX_POINT('',#5444);
#1982=VERTEX_POINT('',#5446);
#1983=VERTEX_POINT('',#5448);
#1984=VERTEX_POINT('',#5450);
#1985=VERTEX_POINT('',#5452);
#1986=VERTEX_POINT('',#5454);
#1987=VERTEX_POINT('',#5456);
#1988=VERTEX_POINT('',#5459);
#1989=VERTEX_POINT('',#5461);
#1990=VERTEX_POINT('',#5462);
#1991=VERTEX_POINT('',#5464);
#1992=VERTEX_POINT('',#5466);
#1993=VERTEX_POINT('',#5469);
#1994=VERTEX_POINT('',#5470);
#1995=VERTEX_POINT('',#5472);
#1996=VERTEX_POINT('',#5474);
#1997=VERTEX_POINT('',#5477);
#1998=VERTEX_POINT('',#5478);
#1999=VERTEX_POINT('',#5480);
#2000=VERTEX_POINT('',#5482);
#2001=VERTEX_POINT('',#5484);
#2002=VERTEX_POINT('',#5486);
#2003=VERTEX_POINT('',#5488);
#2004=VERTEX_POINT('',#5490);
#2005=VERTEX_POINT('',#5492);
#2006=VERTEX_POINT('',#5494);
#2007=VERTEX_POINT('',#5496);
#2008=VERTEX_POINT('',#5498);
#2009=VERTEX_POINT('',#5506);
#2010=VERTEX_POINT('',#5508);
#2011=VERTEX_POINT('',#5510);
#2012=VERTEX_POINT('',#5512);
#2013=VERTEX_POINT('',#5514);
#2014=VERTEX_POINT('',#5516);
#2015=VERTEX_POINT('',#5518);
#2016=VERTEX_POINT('',#5520);
#2017=VERTEX_POINT('',#5522);
#2018=VERTEX_POINT('',#5524);
#2019=VERTEX_POINT('',#5532);
#2020=VERTEX_POINT('',#5534);
#2021=VERTEX_POINT('',#5536);
#2022=VERTEX_POINT('',#5538);
#2023=VERTEX_POINT('',#5540);
#2024=VERTEX_POINT('',#5542);
#2025=VERTEX_POINT('',#5544);
#2026=VERTEX_POINT('',#5546);
#2027=VERTEX_POINT('',#5548);
#2028=VERTEX_POINT('',#5550);
#2029=VERTEX_POINT('',#5552);
#2030=VERTEX_POINT('',#5554);
#2031=VERTEX_POINT('',#5556);
#2032=VERTEX_POINT('',#5558);
#2033=VERTEX_POINT('',#5560);
#2034=VERTEX_POINT('',#5562);
#2035=VERTEX_POINT('',#5564);
#2036=VERTEX_POINT('',#5566);
#2037=VERTEX_POINT('',#5568);
#2038=VERTEX_POINT('',#5570);
#2039=VERTEX_POINT('',#5572);
#2040=VERTEX_POINT('',#5574);
#2041=VERTEX_POINT('',#5576);
#2042=VERTEX_POINT('',#5578);
#2043=VERTEX_POINT('',#5580);
#2044=VERTEX_POINT('',#5582);
#2045=VERTEX_POINT('',#5590);
#2046=VERTEX_POINT('',#5592);
#2047=VERTEX_POINT('',#5594);
#2048=VERTEX_POINT('',#5596);
#2049=VERTEX_POINT('',#5598);
#2050=VERTEX_POINT('',#5600);
#2051=VERTEX_POINT('',#5602);
#2052=VERTEX_POINT('',#5604);
#2053=VERTEX_POINT('',#5606);
#2054=VERTEX_POINT('',#5608);
#2055=VERTEX_POINT('',#5616);
#2056=VERTEX_POINT('',#5618);
#2057=VERTEX_POINT('',#5620);
#2058=VERTEX_POINT('',#5622);
#2059=VERTEX_POINT('',#5624);
#2060=VERTEX_POINT('',#5626);
#2061=VERTEX_POINT('',#5628);
#2062=VERTEX_POINT('',#5630);
#2063=VERTEX_POINT('',#5632);
#2064=VERTEX_POINT('',#5634);
#2065=VERTEX_POINT('',#5636);
#2066=VERTEX_POINT('',#5638);
#2067=VERTEX_POINT('',#5640);
#2068=VERTEX_POINT('',#5642);
#2069=VERTEX_POINT('',#5646);
#2070=VERTEX_POINT('',#5648);
#2071=VERTEX_POINT('',#5652);
#2072=VERTEX_POINT('',#5654);
#2073=VERTEX_POINT('',#5658);
#2074=VERTEX_POINT('',#5660);
#2075=VERTEX_POINT('',#5663);
#2076=VERTEX_POINT('',#5665);
#2077=VERTEX_POINT('',#5668);
#2078=VERTEX_POINT('',#5670);
#2079=VERTEX_POINT('',#5673);
#2080=VERTEX_POINT('',#5674);
#2081=VERTEX_POINT('',#5684);
#2082=VERTEX_POINT('',#5694);
#2083=VERTEX_POINT('',#5696);
#2084=VERTEX_POINT('',#5706);
#2085=VERTEX_POINT('',#5708);
#2086=VERTEX_POINT('',#5718);
#2087=VERTEX_POINT('',#5720);
#2088=VERTEX_POINT('',#5730);
#2089=VERTEX_POINT('',#5732);
#2090=VERTEX_POINT('',#5744);
#2091=VERTEX_POINT('',#5745);
#2092=VERTEX_POINT('',#5747);
#2093=VERTEX_POINT('',#5749);
#2094=VERTEX_POINT('',#5753);
#2095=VERTEX_POINT('',#5754);
#2096=VERTEX_POINT('',#5756);
#2097=VERTEX_POINT('',#5758);
#2098=VERTEX_POINT('',#5762);
#2099=VERTEX_POINT('',#5764);
#2100=VERTEX_POINT('',#5768);
#2101=VERTEX_POINT('',#5769);
#2102=VERTEX_POINT('',#5771);
#2103=VERTEX_POINT('',#5773);
#2104=VERTEX_POINT('',#5777);
#2105=VERTEX_POINT('',#5779);
#2106=VERTEX_POINT('',#5783);
#2107=VERTEX_POINT('',#5784);
#2108=VERTEX_POINT('',#5786);
#2109=VERTEX_POINT('',#5788);
#2110=VERTEX_POINT('',#5790);
#2111=VERTEX_POINT('',#5792);
#2112=VERTEX_POINT('',#5794);
#2113=VERTEX_POINT('',#5796);
#2114=VERTEX_POINT('',#5800);
#2115=VERTEX_POINT('',#5801);
#2116=VERTEX_POINT('',#5806);
#2117=VERTEX_POINT('',#5808);
#2118=VERTEX_POINT('',#5815);
#2119=VERTEX_POINT('',#5816);
#2120=VERTEX_POINT('',#5821);
#2121=VERTEX_POINT('',#5822);
#2122=VERTEX_POINT('',#5824);
#2123=VERTEX_POINT('',#5826);
#2124=VERTEX_POINT('',#5837);
#2125=VERTEX_POINT('',#5847);
#2126=VERTEX_POINT('',#5849);
#2127=VERTEX_POINT('',#5868);
#2128=VERTEX_POINT('',#5870);
#2129=VERTEX_POINT('',#5880);
#2130=VERTEX_POINT('',#5882);
#2131=VERTEX_POINT('',#5901);
#2132=VERTEX_POINT('',#5910);
#2133=VERTEX_POINT('',#5912);
#2134=VERTEX_POINT('',#5923);
#2135=VERTEX_POINT('',#5925);
#2136=VERTEX_POINT('',#5946);
#2137=VERTEX_POINT('',#5948);
#2138=VERTEX_POINT('',#5960);
#2139=VERTEX_POINT('',#5961);
#2140=VERTEX_POINT('',#5963);
#2141=VERTEX_POINT('',#5965);
#2142=VERTEX_POINT('',#5967);
#2143=VERTEX_POINT('',#5969);
#2144=VERTEX_POINT('',#5971);
#2145=VERTEX_POINT('',#5973);
#2146=VERTEX_POINT('',#5983);
#2147=VERTEX_POINT('',#5985);
#2148=VERTEX_POINT('',#6000);
#2149=VERTEX_POINT('',#6002);
#2150=VERTEX_POINT('',#6014);
#2151=VERTEX_POINT('',#6015);
#2152=VERTEX_POINT('',#6017);
#2153=VERTEX_POINT('',#6022);
#2154=VERTEX_POINT('',#6024);
#2155=VERTEX_POINT('',#6033);
#2156=VERTEX_POINT('',#6048);
#2157=VERTEX_POINT('',#6058);
#2158=VERTEX_POINT('',#6060);
#2159=VERTEX_POINT('',#6079);
#2160=VERTEX_POINT('',#6081);
#2161=VERTEX_POINT('',#6091);
#2162=VERTEX_POINT('',#6093);
#2163=VERTEX_POINT('',#6112);
#2164=VERTEX_POINT('',#6114);
#2165=VERTEX_POINT('',#6133);
#2166=VERTEX_POINT('',#6135);
#2167=VERTEX_POINT('',#6146);
#2168=VERTEX_POINT('',#6148);
#2169=VERTEX_POINT('',#6149);
#2170=VERTEX_POINT('',#6151);
#2171=VERTEX_POINT('',#6153);
#2172=VERTEX_POINT('',#6156);
#2173=VERTEX_POINT('',#6157);
#2174=VERTEX_POINT('',#6159);
#2175=VERTEX_POINT('',#6161);
#2176=VERTEX_POINT('',#6165);
#2177=VERTEX_POINT('',#6167);
#2178=VERTEX_POINT('',#6171);
#2179=VERTEX_POINT('',#6172);
#2180=VERTEX_POINT('',#6180);
#2181=VERTEX_POINT('',#6182);
#2182=VERTEX_POINT('',#6314);
#2183=VERTEX_POINT('',#6318);
#2184=VERTEX_POINT('',#6326);
#2185=VERTEX_POINT('',#6327);
#2186=VERTEX_POINT('',#6332);
#2187=VERTEX_POINT('',#6333);
#2188=VERTEX_POINT('',#6335);
#2189=VERTEX_POINT('',#6344);
#2190=VERTEX_POINT('',#6456);
#2191=VERTEX_POINT('',#6458);
#2192=VERTEX_POINT('',#6462);
#2193=VERTEX_POINT('',#6466);
#2194=VERTEX_POINT('',#6470);
#2195=VERTEX_POINT('',#6474);
#2196=VERTEX_POINT('',#6524);
#2197=VERTEX_POINT('',#6528);
#2198=VERTEX_POINT('',#6530);
#2199=VERTEX_POINT('',#6557);
#2200=VERTEX_POINT('',#6558);
#2201=VERTEX_POINT('',#6560);
#2202=VERTEX_POINT('',#6562);
#2203=VERTEX_POINT('',#6566);
#2204=VERTEX_POINT('',#6568);
#2205=VERTEX_POINT('',#6594);
#2206=VERTEX_POINT('',#6606);
#2207=VERTEX_POINT('',#6608);
#2208=VERTEX_POINT('',#6610);
#2209=VERTEX_POINT('',#6612);
#2210=VERTEX_POINT('',#6615);
#2211=VERTEX_POINT('',#6729);
#2212=VERTEX_POINT('',#6731);
#2213=VERTEX_POINT('',#6733);
#2214=VERTEX_POINT('',#6737);
#2215=VERTEX_POINT('',#6738);
#2216=VERTEX_POINT('',#6740);
#2217=VERTEX_POINT('',#6820);
#2218=VERTEX_POINT('',#6824);
#2219=VERTEX_POINT('',#6825);
#2220=VERTEX_POINT('',#6841);
#2221=VERTEX_POINT('',#6842);
#2222=VERTEX_POINT('',#6844);
#2223=VERTEX_POINT('',#6846);
#2224=VERTEX_POINT('',#6850);
#2225=VERTEX_POINT('',#6851);
#2226=VERTEX_POINT('',#6853);
#2227=VERTEX_POINT('',#6855);
#2228=VERTEX_POINT('',#6859);
#2229=VERTEX_POINT('',#6861);
#2230=VERTEX_POINT('',#6865);
#2231=VERTEX_POINT('',#6869);
#2232=VERTEX_POINT('',#6875);
#2233=VERTEX_POINT('',#6877);
#2234=VERTEX_POINT('',#6881);
#2235=VERTEX_POINT('',#6885);
#2236=VERTEX_POINT('',#6891);
#2237=VERTEX_POINT('',#6897);
#2238=VERTEX_POINT('',#6902);
#2239=VERTEX_POINT('',#6906);
#2240=VERTEX_POINT('',#6908);
#2241=VERTEX_POINT('',#6912);
#2242=VERTEX_POINT('',#6916);
#2243=VERTEX_POINT('',#6917);
#2244=VERTEX_POINT('',#6925);
#2245=VERTEX_POINT('',#6935);
#2246=VERTEX_POINT('',#6940);
#2247=VERTEX_POINT('',#6944);
#2248=VERTEX_POINT('',#6946);
#2249=VERTEX_POINT('',#6950);
#2250=VERTEX_POINT('',#6954);
#2251=VERTEX_POINT('',#6955);
#2252=VERTEX_POINT('',#6963);
#2253=VERTEX_POINT('',#6970);
#2254=VERTEX_POINT('',#6972);
#2255=VERTEX_POINT('',#7067);
#2256=VERTEX_POINT('',#7072);
#2257=VERTEX_POINT('',#7076);
#2258=VERTEX_POINT('',#7546);
#2259=VERTEX_POINT('',#7558);
#2260=VERTEX_POINT('',#7560);
#2261=VERTEX_POINT('',#7562);
#2262=VERTEX_POINT('',#7565);
#2263=VERTEX_POINT('',#7567);
#2264=VERTEX_POINT('',#7569);
#2265=VERTEX_POINT('',#7571);
#2266=VERTEX_POINT('',#7607);
#2267=VERTEX_POINT('',#7609);
#2268=VERTEX_POINT('',#7616);
#2269=VERTEX_POINT('',#7758);
#2270=VERTEX_POINT('',#7759);
#2271=VERTEX_POINT('',#7761);
#2272=VERTEX_POINT('',#7763);
#2273=VERTEX_POINT('',#7767);
#2274=VERTEX_POINT('',#7768);
#2275=VERTEX_POINT('',#7770);
#2276=VERTEX_POINT('',#7772);
#2277=VERTEX_POINT('',#7776);
#2278=VERTEX_POINT('',#7778);
#2279=VERTEX_POINT('',#7782);
#2280=VERTEX_POINT('',#7784);
#2281=VERTEX_POINT('',#7788);
#2282=VERTEX_POINT('',#7789);
#2283=VERTEX_POINT('',#7791);
#2284=VERTEX_POINT('',#7793);
#2285=VERTEX_POINT('',#7797);
#2286=VERTEX_POINT('',#7799);
#2287=VERTEX_POINT('',#7803);
#2288=VERTEX_POINT('',#7809);
#2289=VERTEX_POINT('',#7833);
#2290=VERTEX_POINT('',#7835);
#2291=VERTEX_POINT('',#7838);
#2292=VERTEX_POINT('',#7840);
#2293=VERTEX_POINT('',#7843);
#2294=VERTEX_POINT('',#7845);
#2295=VERTEX_POINT('',#7848);
#2296=VERTEX_POINT('',#7849);
#2297=VERTEX_POINT('',#7851);
#2298=VERTEX_POINT('',#7853);
#2299=VERTEX_POINT('',#7857);
#2300=VERTEX_POINT('',#7858);
#2301=VERTEX_POINT('',#7860);
#2302=VERTEX_POINT('',#7862);
#2303=VERTEX_POINT('',#7866);
#2304=VERTEX_POINT('',#7868);
#2305=VERTEX_POINT('',#7872);
#2306=VERTEX_POINT('',#7874);
#2307=VERTEX_POINT('',#7878);
#2308=VERTEX_POINT('',#7879);
#2309=VERTEX_POINT('',#7881);
#2310=VERTEX_POINT('',#7883);
#2311=VERTEX_POINT('',#7887);
#2312=VERTEX_POINT('',#7889);
#2313=VERTEX_POINT('',#7893);
#2314=VERTEX_POINT('',#7899);
#2315=VERTEX_POINT('',#7929);
#2316=VERTEX_POINT('',#7930);
#2317=VERTEX_POINT('',#7935);
#2318=VERTEX_POINT('',#7937);
#2319=VERTEX_POINT('',#7941);
#2320=VERTEX_POINT('',#7943);
#2321=VERTEX_POINT('',#7947);
#2322=VERTEX_POINT('',#7948);
#2323=VERTEX_POINT('',#7959);
#2324=VERTEX_POINT('',#7969);
#2325=VERTEX_POINT('',#7986);
#2326=VERTEX_POINT('',#7987);
#2327=VERTEX_POINT('',#7989);
#2328=VERTEX_POINT('',#7991);
#2329=VERTEX_POINT('',#7998);
#2330=VERTEX_POINT('',#7999);
#2331=VERTEX_POINT('',#8001);
#2332=VERTEX_POINT('',#8003);
#2333=VERTEX_POINT('',#8014);
#2334=VERTEX_POINT('',#8021);
#2335=LINE('',#5418,#2779);
#2336=LINE('',#5421,#2780);
#2337=LINE('',#5423,#2781);
#2338=LINE('',#5425,#2782);
#2339=LINE('',#5427,#2783);
#2340=LINE('',#5429,#2784);
#2341=LINE('',#5431,#2785);
#2342=LINE('',#5433,#2786);
#2343=LINE('',#5435,#2787);
#2344=LINE('',#5437,#2788);
#2345=LINE('',#5438,#2789);
#2346=LINE('',#5441,#2790);
#2347=LINE('',#5443,#2791);
#2348=LINE('',#5445,#2792);
#2349=LINE('',#5447,#2793);
#2350=LINE('',#5449,#2794);
#2351=LINE('',#5451,#2795);
#2352=LINE('',#5453,#2796);
#2353=LINE('',#5455,#2797);
#2354=LINE('',#5457,#2798);
#2355=LINE('',#5460,#2799);
#2356=LINE('',#5465,#2800);
#2357=LINE('',#5468,#2801);
#2358=LINE('',#5473,#2802);
#2359=LINE('',#5476,#2803);
#2360=LINE('',#5479,#2804);
#2361=LINE('',#5481,#2805);
#2362=LINE('',#5483,#2806);
#2363=LINE('',#5485,#2807);
#2364=LINE('',#5487,#2808);
#2365=LINE('',#5489,#2809);
#2366=LINE('',#5491,#2810);
#2367=LINE('',#5493,#2811);
#2368=LINE('',#5495,#2812);
#2369=LINE('',#5497,#2813);
#2370=LINE('',#5507,#2814);
#2371=LINE('',#5509,#2815);
#2372=LINE('',#5511,#2816);
#2373=LINE('',#5513,#2817);
#2374=LINE('',#5515,#2818);
#2375=LINE('',#5517,#2819);
#2376=LINE('',#5519,#2820);
#2377=LINE('',#5521,#2821);
#2378=LINE('',#5523,#2822);
#2379=LINE('',#5533,#2823);
#2380=LINE('',#5535,#2824);
#2381=LINE('',#5537,#2825);
#2382=LINE('',#5539,#2826);
#2383=LINE('',#5541,#2827);
#2384=LINE('',#5543,#2828);
#2385=LINE('',#5545,#2829);
#2386=LINE('',#5547,#2830);
#2387=LINE('',#5549,#2831);
#2388=LINE('',#5551,#2832);
#2389=LINE('',#5553,#2833);
#2390=LINE('',#5555,#2834);
#2391=LINE('',#5557,#2835);
#2392=LINE('',#5559,#2836);
#2393=LINE('',#5561,#2837);
#2394=LINE('',#5563,#2838);
#2395=LINE('',#5565,#2839);
#2396=LINE('',#5567,#2840);
#2397=LINE('',#5569,#2841);
#2398=LINE('',#5571,#2842);
#2399=LINE('',#5573,#2843);
#2400=LINE('',#5575,#2844);
#2401=LINE('',#5577,#2845);
#2402=LINE('',#5579,#2846);
#2403=LINE('',#5581,#2847);
#2404=LINE('',#5591,#2848);
#2405=LINE('',#5593,#2849);
#2406=LINE('',#5595,#2850);
#2407=LINE('',#5597,#2851);
#2408=LINE('',#5599,#2852);
#2409=LINE('',#5601,#2853);
#2410=LINE('',#5603,#2854);
#2411=LINE('',#5605,#2855);
#2412=LINE('',#5607,#2856);
#2413=LINE('',#5617,#2857);
#2414=LINE('',#5619,#2858);
#2415=LINE('',#5621,#2859);
#2416=LINE('',#5623,#2860);
#2417=LINE('',#5625,#2861);
#2418=LINE('',#5627,#2862);
#2419=LINE('',#5629,#2863);
#2420=LINE('',#5631,#2864);
#2421=LINE('',#5633,#2865);
#2422=LINE('',#5635,#2866);
#2423=LINE('',#5637,#2867);
#2424=LINE('',#5639,#2868);
#2425=LINE('',#5641,#2869);
#2426=LINE('',#5643,#2870);
#2427=LINE('',#5645,#2871);
#2428=LINE('',#5647,#2872);
#2429=LINE('',#5649,#2873);
#2430=LINE('',#5651,#2874);
#2431=LINE('',#5653,#2875);
#2432=LINE('',#5655,#2876);
#2433=LINE('',#5672,#2877);
#2434=LINE('',#5695,#2878);
#2435=LINE('',#5707,#2879);
#2436=LINE('',#5719,#2880);
#2437=LINE('',#5731,#2881);
#2438=LINE('',#5743,#2882);
#2439=LINE('',#5746,#2883);
#2440=LINE('',#5748,#2884);
#2441=LINE('',#5750,#2885);
#2442=LINE('',#5752,#2886);
#2443=LINE('',#5755,#2887);
#2444=LINE('',#5757,#2888);
#2445=LINE('',#5759,#2889);
#2446=LINE('',#5761,#2890);
#2447=LINE('',#5763,#2891);
#2448=LINE('',#5765,#2892);
#2449=LINE('',#5767,#2893);
#2450=LINE('',#5770,#2894);
#2451=LINE('',#5772,#2895);
#2452=LINE('',#5774,#2896);
#2453=LINE('',#5776,#2897);
#2454=LINE('',#5778,#2898);
#2455=LINE('',#5780,#2899);
#2456=LINE('',#5782,#2900);
#2457=LINE('',#5785,#2901);
#2458=LINE('',#5787,#2902);
#2459=LINE('',#5789,#2903);
#2460=LINE('',#5791,#2904);
#2461=LINE('',#5793,#2905);
#2462=LINE('',#5795,#2906);
#2463=LINE('',#5797,#2907);
#2464=LINE('',#5799,#2908);
#2465=LINE('',#5802,#2909);
#2466=LINE('',#5803,#2910);
#2467=LINE('',#5807,#2911);
#2468=LINE('',#5811,#2912);
#2469=LINE('',#5812,#2913);
#2470=LINE('',#5814,#2914);
#2471=LINE('',#5817,#2915);
#2472=LINE('',#5818,#2916);
#2473=LINE('',#5820,#2917);
#2474=LINE('',#5823,#2918);
#2475=LINE('',#5825,#2919);
#2476=LINE('',#5827,#2920);
#2477=LINE('',#5848,#2921);
#2478=LINE('',#5869,#2922);
#2479=LINE('',#5881,#2923);
#2480=LINE('',#5911,#2924);
#2481=LINE('',#5924,#2925);
#2482=LINE('',#5947,#2926);
#2483=LINE('',#5959,#2927);
#2484=LINE('',#5962,#2928);
#2485=LINE('',#5964,#2929);
#2486=LINE('',#5966,#2930);
#2487=LINE('',#5968,#2931);
#2488=LINE('',#5970,#2932);
#2489=LINE('',#5972,#2933);
#2490=LINE('',#5974,#2934);
#2491=LINE('',#5984,#2935);
#2492=LINE('',#6001,#2936);
#2493=LINE('',#6016,#2937);
#2494=LINE('',#6023,#2938);
#2495=LINE('',#6034,#2939);
#2496=LINE('',#6036,#2940);
#2497=LINE('',#6037,#2941);
#2498=LINE('',#6059,#2942);
#2499=LINE('',#6080,#2943);
#2500=LINE('',#6092,#2944);
#2501=LINE('',#6113,#2945);
#2502=LINE('',#6134,#2946);
#2503=LINE('',#6150,#2947);
#2504=LINE('',#6154,#2948);
#2505=LINE('',#6158,#2949);
#2506=LINE('',#6162,#2950);
#2507=LINE('',#6164,#2951);
#2508=LINE('',#6166,#2952);
#2509=LINE('',#6168,#2953);
#2510=LINE('',#6170,#2954);
#2511=LINE('',#6176,#2955);
#2512=LINE('',#6177,#2956);
#2513=LINE('',#6179,#2957);
#2514=LINE('',#6181,#2958);
#2515=LINE('',#6183,#2959);
#2516=LINE('',#6294,#2960);
#2517=LINE('',#6315,#2961);
#2518=LINE('',#6317,#2962);
#2519=LINE('',#6319,#2963);
#2520=LINE('',#6320,#2964);
#2521=LINE('',#6328,#2965);
#2522=LINE('',#6329,#2966);
#2523=LINE('',#6331,#2967);
#2524=LINE('',#6336,#2968);
#2525=LINE('',#6339,#2969);
#2526=LINE('',#6345,#2970);
#2527=LINE('',#6388,#2971);
#2528=LINE('',#6453,#2972);
#2529=LINE('',#6457,#2973);
#2530=LINE('',#6459,#2974);
#2531=LINE('',#6461,#2975);
#2532=LINE('',#6463,#2976);
#2533=LINE('',#6465,#2977);
#2534=LINE('',#6467,#2978);
#2535=LINE('',#6469,#2979);
#2536=LINE('',#6471,#2980);
#2537=LINE('',#6475,#2981);
#2538=LINE('',#6516,#2982);
#2539=LINE('',#6518,#2983);
#2540=LINE('',#6525,#2984);
#2541=LINE('',#6529,#2985);
#2542=LINE('',#6531,#2986);
#2543=LINE('',#6533,#2987);
#2544=LINE('',#6540,#2988);
#2545=LINE('',#6541,#2989);
#2546=LINE('',#6556,#2990);
#2547=LINE('',#6561,#2991);
#2548=LINE('',#6565,#2992);
#2549=LINE('',#6567,#2993);
#2550=LINE('',#6569,#2994);
#2551=LINE('',#6571,#2995);
#2552=LINE('',#6572,#2996);
#2553=LINE('',#6581,#2997);
#2554=LINE('',#6593,#2998);
#2555=LINE('',#6605,#2999);
#2556=LINE('',#6607,#3000);
#2557=LINE('',#6609,#3001);
#2558=LINE('',#6611,#3002);
#2559=LINE('',#6613,#3003);
#2560=LINE('',#6614,#3004);
#2561=LINE('',#6616,#3005);
#2562=LINE('',#6618,#3006);
#2563=LINE('',#6662,#3007);
#2564=LINE('',#6728,#3008);
#2565=LINE('',#6732,#3009);
#2566=LINE('',#6734,#3010);
#2567=LINE('',#6736,#3011);
#2568=LINE('',#6741,#3012);
#2569=LINE('',#6742,#3013);
#2570=LINE('',#6748,#3014);
#2571=LINE('',#6751,#3015);
#2572=LINE('',#6762,#3016);
#2573=LINE('',#6770,#3017);
#2574=LINE('',#6772,#3018);
#2575=LINE('',#6774,#3019);
#2576=LINE('',#6815,#3020);
#2577=LINE('',#6817,#3021);
#2578=LINE('',#6819,#3022);
#2579=LINE('',#6821,#3023);
#2580=LINE('',#6826,#3024);
#2581=LINE('',#6827,#3025);
#2582=LINE('',#6840,#3026);
#2583=LINE('',#6845,#3027);
#2584=LINE('',#6849,#3028);
#2585=LINE('',#6854,#3029);
#2586=LINE('',#6858,#3030);
#2587=LINE('',#6862,#3031);
#2588=LINE('',#6864,#3032);
#2589=LINE('',#6866,#3033);
#2590=LINE('',#6870,#3034);
#2591=LINE('',#6872,#3035);
#2592=LINE('',#6874,#3036);
#2593=LINE('',#6878,#3037);
#2594=LINE('',#6880,#3038);
#2595=LINE('',#6882,#3039);
#2596=LINE('',#6886,#3040);
#2597=LINE('',#6888,#3041);
#2598=LINE('',#6905,#3042);
#2599=LINE('',#6907,#3043);
#2600=LINE('',#6909,#3044);
#2601=LINE('',#6911,#3045);
#2602=LINE('',#6913,#3046);
#2603=LINE('',#6915,#3047);
#2604=LINE('',#6922,#3048);
#2605=LINE('',#6943,#3049);
#2606=LINE('',#6945,#3050);
#2607=LINE('',#6947,#3051);
#2608=LINE('',#6949,#3052);
#2609=LINE('',#6951,#3053);
#2610=LINE('',#6953,#3054);
#2611=LINE('',#6960,#3055);
#2612=LINE('',#6969,#3056);
#2613=LINE('',#6971,#3057);
#2614=LINE('',#6973,#3058);
#2615=LINE('',#7075,#3059);
#2616=LINE('',#7077,#3060);
#2617=LINE('',#7166,#3061);
#2618=LINE('',#7209,#3062);
#2619=LINE('',#7211,#3063);
#2620=LINE('',#7276,#3064);
#2621=LINE('',#7278,#3065);
#2622=LINE('',#7385,#3066);
#2623=LINE('',#7387,#3067);
#2624=LINE('',#7430,#3068);
#2625=LINE('',#7432,#3069);
#2626=LINE('',#7481,#3070);
#2627=LINE('',#7525,#3071);
#2628=LINE('',#7526,#3072);
#2629=LINE('',#7545,#3073);
#2630=LINE('',#7557,#3074);
#2631=LINE('',#7559,#3075);
#2632=LINE('',#7561,#3076);
#2633=LINE('',#7563,#3077);
#2634=LINE('',#7564,#3078);
#2635=LINE('',#7566,#3079);
#2636=LINE('',#7568,#3080);
#2637=LINE('',#7570,#3081);
#2638=LINE('',#7572,#3082);
#2639=LINE('',#7573,#3083);
#2640=LINE('',#7574,#3084);
#2641=LINE('',#7615,#3085);
#2642=LINE('',#7617,#3086);
#2643=LINE('',#7619,#3087);
#2644=LINE('',#7620,#3088);
#2645=LINE('',#7622,#3089);
#2646=LINE('',#7624,#3090);
#2647=LINE('',#7627,#3091);
#2648=LINE('',#7628,#3092);
#2649=LINE('',#7630,#3093);
#2650=LINE('',#7632,#3094);
#2651=LINE('',#7636,#3095);
#2652=LINE('',#7638,#3096);
#2653=LINE('',#7640,#3097);
#2654=LINE('',#7642,#3098);
#2655=LINE('',#7683,#3099);
#2656=LINE('',#7685,#3100);
#2657=LINE('',#7687,#3101);
#2658=LINE('',#7689,#3102);
#2659=LINE('',#7691,#3103);
#2660=LINE('',#7693,#3104);
#2661=LINE('',#7695,#3105);
#2662=LINE('',#7697,#3106);
#2663=LINE('',#7699,#3107);
#2664=LINE('',#7701,#3108);
#2665=LINE('',#7703,#3109);
#2666=LINE('',#7705,#3110);
#2667=LINE('',#7707,#3111);
#2668=LINE('',#7709,#3112);
#2669=LINE('',#7711,#3113);
#2670=LINE('',#7713,#3114);
#2671=LINE('',#7715,#3115);
#2672=LINE('',#7717,#3116);
#2673=LINE('',#7748,#3117);
#2674=LINE('',#7750,#3118);
#2675=LINE('',#7752,#3119);
#2676=LINE('',#7754,#3120);
#2677=LINE('',#7757,#3121);
#2678=LINE('',#7760,#3122);
#2679=LINE('',#7762,#3123);
#2680=LINE('',#7764,#3124);
#2681=LINE('',#7766,#3125);
#2682=LINE('',#7769,#3126);
#2683=LINE('',#7771,#3127);
#2684=LINE('',#7773,#3128);
#2685=LINE('',#7775,#3129);
#2686=LINE('',#7777,#3130);
#2687=LINE('',#7779,#3131);
#2688=LINE('',#7781,#3132);
#2689=LINE('',#7783,#3133);
#2690=LINE('',#7785,#3134);
#2691=LINE('',#7787,#3135);
#2692=LINE('',#7790,#3136);
#2693=LINE('',#7792,#3137);
#2694=LINE('',#7794,#3138);
#2695=LINE('',#7796,#3139);
#2696=LINE('',#7798,#3140);
#2697=LINE('',#7800,#3141);
#2698=LINE('',#7802,#3142);
#2699=LINE('',#7804,#3143);
#2700=LINE('',#7805,#3144);
#2701=LINE('',#7806,#3145);
#2702=LINE('',#7808,#3146);
#2703=LINE('',#7810,#3147);
#2704=LINE('',#7812,#3148);
#2705=LINE('',#7813,#3149);
#2706=LINE('',#7815,#3150);
#2707=LINE('',#7817,#3151);
#2708=LINE('',#7819,#3152);
#2709=LINE('',#7821,#3153);
#2710=LINE('',#7823,#3154);
#2711=LINE('',#7825,#3155);
#2712=LINE('',#7827,#3156);
#2713=LINE('',#7829,#3157);
#2714=LINE('',#7847,#3158);
#2715=LINE('',#7850,#3159);
#2716=LINE('',#7852,#3160);
#2717=LINE('',#7854,#3161);
#2718=LINE('',#7856,#3162);
#2719=LINE('',#7859,#3163);
#2720=LINE('',#7861,#3164);
#2721=LINE('',#7863,#3165);
#2722=LINE('',#7865,#3166);
#2723=LINE('',#7867,#3167);
#2724=LINE('',#7869,#3168);
#2725=LINE('',#7871,#3169);
#2726=LINE('',#7873,#3170);
#2727=LINE('',#7875,#3171);
#2728=LINE('',#7877,#3172);
#2729=LINE('',#7880,#3173);
#2730=LINE('',#7882,#3174);
#2731=LINE('',#7884,#3175);
#2732=LINE('',#7886,#3176);
#2733=LINE('',#7888,#3177);
#2734=LINE('',#7890,#3178);
#2735=LINE('',#7892,#3179);
#2736=LINE('',#7894,#3180);
#2737=LINE('',#7895,#3181);
#2738=LINE('',#7896,#3182);
#2739=LINE('',#7898,#3183);
#2740=LINE('',#7900,#3184);
#2741=LINE('',#7902,#3185);
#2742=LINE('',#7903,#3186);
#2743=LINE('',#7905,#3187);
#2744=LINE('',#7907,#3188);
#2745=LINE('',#7909,#3189);
#2746=LINE('',#7911,#3190);
#2747=LINE('',#7913,#3191);
#2748=LINE('',#7915,#3192);
#2749=LINE('',#7917,#3193);
#2750=LINE('',#7919,#3194);
#2751=LINE('',#7928,#3195);
#2752=LINE('',#7936,#3196);
#2753=LINE('',#7938,#3197);
#2754=LINE('',#7940,#3198);
#2755=LINE('',#7942,#3199);
#2756=LINE('',#7944,#3200);
#2757=LINE('',#7946,#3201);
#2758=LINE('',#7953,#3202);
#2759=LINE('',#7972,#3203);
#2760=LINE('',#7974,#3204);
#2761=LINE('',#7976,#3205);
#2762=LINE('',#7978,#3206);
#2763=LINE('',#7980,#3207);
#2764=LINE('',#7982,#3208);
#2765=LINE('',#7985,#3209);
#2766=LINE('',#7988,#3210);
#2767=LINE('',#7990,#3211);
#2768=LINE('',#7997,#3212);
#2769=LINE('',#8000,#3213);
#2770=LINE('',#8002,#3214);
#2771=LINE('',#8017,#3215);
#2772=LINE('',#8018,#3216);
#2773=LINE('',#8028,#3217);
#2774=LINE('',#8029,#3218);
#2775=LINE('',#8031,#3219);
#2776=LINE('',#8033,#3220);
#2777=LINE('',#8035,#3221);
#2778=LINE('',#8037,#3222);
#2779=VECTOR('',#4438,1.);
#2780=VECTOR('',#4439,1.);
#2781=VECTOR('',#4440,1.);
#2782=VECTOR('',#4441,1.);
#2783=VECTOR('',#4442,1.);
#2784=VECTOR('',#4443,1.);
#2785=VECTOR('',#4444,1.);
#2786=VECTOR('',#4445,1.);
#2787=VECTOR('',#4446,1.);
#2788=VECTOR('',#4447,1.);
#2789=VECTOR('',#4448,1.);
#2790=VECTOR('',#4449,1.);
#2791=VECTOR('',#4450,1.);
#2792=VECTOR('',#4451,1.);
#2793=VECTOR('',#4452,1.);
#2794=VECTOR('',#4453,1.);
#2795=VECTOR('',#4454,1.);
#2796=VECTOR('',#4455,1.);
#2797=VECTOR('',#4456,1.);
#2798=VECTOR('',#4457,1.);
#2799=VECTOR('',#4460,1.);
#2800=VECTOR('',#4463,1.);
#2801=VECTOR('',#4466,1.);
#2802=VECTOR('',#4469,1.);
#2803=VECTOR('',#4472,1.);
#2804=VECTOR('',#4473,1.);
#2805=VECTOR('',#4474,1.);
#2806=VECTOR('',#4475,1.);
#2807=VECTOR('',#4476,1.);
#2808=VECTOR('',#4477,1.);
#2809=VECTOR('',#4478,1.);
#2810=VECTOR('',#4479,1.);
#2811=VECTOR('',#4480,1.);
#2812=VECTOR('',#4481,1.);
#2813=VECTOR('',#4482,1.);
#2814=VECTOR('',#4483,1.);
#2815=VECTOR('',#4484,1.);
#2816=VECTOR('',#4485,1.);
#2817=VECTOR('',#4486,1.);
#2818=VECTOR('',#4487,1.);
#2819=VECTOR('',#4488,1.);
#2820=VECTOR('',#4489,1.);
#2821=VECTOR('',#4490,1.);
#2822=VECTOR('',#4491,1.);
#2823=VECTOR('',#4492,1.);
#2824=VECTOR('',#4493,1.);
#2825=VECTOR('',#4494,1.);
#2826=VECTOR('',#4495,1.);
#2827=VECTOR('',#4496,1.);
#2828=VECTOR('',#4497,1.);
#2829=VECTOR('',#4498,1.);
#2830=VECTOR('',#4499,1.);
#2831=VECTOR('',#4500,1.);
#2832=VECTOR('',#4501,1.);
#2833=VECTOR('',#4502,1.);
#2834=VECTOR('',#4503,1.);
#2835=VECTOR('',#4504,1.);
#2836=VECTOR('',#4505,1.);
#2837=VECTOR('',#4506,1.);
#2838=VECTOR('',#4507,1.);
#2839=VECTOR('',#4508,1.);
#2840=VECTOR('',#4509,1.);
#2841=VECTOR('',#4510,1.);
#2842=VECTOR('',#4511,1.);
#2843=VECTOR('',#4512,1.);
#2844=VECTOR('',#4513,1.);
#2845=VECTOR('',#4514,1.);
#2846=VECTOR('',#4515,1.);
#2847=VECTOR('',#4516,1.);
#2848=VECTOR('',#4517,1.);
#2849=VECTOR('',#4518,1.);
#2850=VECTOR('',#4519,1.);
#2851=VECTOR('',#4520,1.);
#2852=VECTOR('',#4521,1.);
#2853=VECTOR('',#4522,1.);
#2854=VECTOR('',#4523,1.);
#2855=VECTOR('',#4524,1.);
#2856=VECTOR('',#4525,1.);
#2857=VECTOR('',#4526,1.);
#2858=VECTOR('',#4527,1.);
#2859=VECTOR('',#4528,1.);
#2860=VECTOR('',#4529,1.);
#2861=VECTOR('',#4530,1.);
#2862=VECTOR('',#4531,1.);
#2863=VECTOR('',#4532,1.);
#2864=VECTOR('',#4533,1.);
#2865=VECTOR('',#4534,1.);
#2866=VECTOR('',#4535,1.);
#2867=VECTOR('',#4536,1.);
#2868=VECTOR('',#4537,1.);
#2869=VECTOR('',#4538,1.);
#2870=VECTOR('',#4539,1.);
#2871=VECTOR('',#4542,1.);
#2872=VECTOR('',#4543,1.);
#2873=VECTOR('',#4544,1.);
#2874=VECTOR('',#4547,1.);
#2875=VECTOR('',#4548,1.);
#2876=VECTOR('',#4549,1.);
#2877=VECTOR('',#4570,1.);
#2878=VECTOR('',#4571,1.);
#2879=VECTOR('',#4572,1.);
#2880=VECTOR('',#4573,1.);
#2881=VECTOR('',#4574,1.);
#2882=VECTOR('',#4577,1.);
#2883=VECTOR('',#4578,1.);
#2884=VECTOR('',#4579,1.);
#2885=VECTOR('',#4580,1.);
#2886=VECTOR('',#4583,1.);
#2887=VECTOR('',#4584,1.);
#2888=VECTOR('',#4585,1.);
#2889=VECTOR('',#4586,1.);
#2890=VECTOR('',#4589,1.);
#2891=VECTOR('',#4590,1.);
#2892=VECTOR('',#4591,1.);
#2893=VECTOR('',#4594,1.);
#2894=VECTOR('',#4595,1.);
#2895=VECTOR('',#4596,1.);
#2896=VECTOR('',#4597,1.);
#2897=VECTOR('',#4600,1.);
#2898=VECTOR('',#4601,1.);
#2899=VECTOR('',#4602,1.);
#2900=VECTOR('',#4605,1.);
#2901=VECTOR('',#4606,1.);
#2902=VECTOR('',#4607,1.);
#2903=VECTOR('',#4608,1.);
#2904=VECTOR('',#4609,1.);
#2905=VECTOR('',#4610,1.);
#2906=VECTOR('',#4611,1.);
#2907=VECTOR('',#4612,1.);
#2908=VECTOR('',#4615,1.);
#2909=VECTOR('',#4616,1.);
#2910=VECTOR('',#4617,1.);
#2911=VECTOR('',#4622,1.);
#2912=VECTOR('',#4627,1.);
#2913=VECTOR('',#4628,1.);
#2914=VECTOR('',#4631,1.);
#2915=VECTOR('',#4632,1.);
#2916=VECTOR('',#4633,1.);
#2917=VECTOR('',#4636,1.);
#2918=VECTOR('',#4637,1.);
#2919=VECTOR('',#4638,1.);
#2920=VECTOR('',#4639,1.);
#2921=VECTOR('',#4642,1.);
#2922=VECTOR('',#4643,1.);
#2923=VECTOR('',#4644,1.);
#2924=VECTOR('',#4645,1.);
#2925=VECTOR('',#4646,1.);
#2926=VECTOR('',#4647,1.);
#2927=VECTOR('',#4650,1.);
#2928=VECTOR('',#4651,1.);
#2929=VECTOR('',#4652,1.);
#2930=VECTOR('',#4653,1.);
#2931=VECTOR('',#4654,1.);
#2932=VECTOR('',#4655,1.);
#2933=VECTOR('',#4656,1.);
#2934=VECTOR('',#4657,1.);
#2935=VECTOR('',#4660,1.);
#2936=VECTOR('',#4661,1.);
#2937=VECTOR('',#4662,1.);
#2938=VECTOR('',#4663,1.);
#2939=VECTOR('',#4664,1.);
#2940=VECTOR('',#4667,1.);
#2941=VECTOR('',#4668,1.);
#2942=VECTOR('',#4671,1.);
#2943=VECTOR('',#4672,1.);
#2944=VECTOR('',#4673,1.);
#2945=VECTOR('',#4674,1.);
#2946=VECTOR('',#4675,1.);
#2947=VECTOR('',#4680,1.);
#2948=VECTOR('',#4683,1.);
#2949=VECTOR('',#4686,1.);
#2950=VECTOR('',#4689,1.);
#2951=VECTOR('',#4692,1.);
#2952=VECTOR('',#4693,1.);
#2953=VECTOR('',#4694,1.);
#2954=VECTOR('',#4697,1.);
#2955=VECTOR('',#4704,1.);
#2956=VECTOR('',#4705,1.);
#2957=VECTOR('',#4708,1.);
#2958=VECTOR('',#4709,1.);
#2959=VECTOR('',#4710,1.);
#2960=VECTOR('',#4711,1.);
#2961=VECTOR('',#4712,1.);
#2962=VECTOR('',#4715,1.);
#2963=VECTOR('',#4716,1.);
#2964=VECTOR('',#4717,1.);
#2965=VECTOR('',#4720,1.);
#2966=VECTOR('',#4721,1.);
#2967=VECTOR('',#4724,1.);
#2968=VECTOR('',#4727,1.);
#2969=VECTOR('',#4732,1.);
#2970=VECTOR('',#4733,1.);
#2971=VECTOR('',#4734,1.);
#2972=VECTOR('',#4735,1.);
#2973=VECTOR('',#4740,1.);
#2974=VECTOR('',#4741,1.);
#2975=VECTOR('',#4744,1.);
#2976=VECTOR('',#4745,1.);
#2977=VECTOR('',#4748,1.);
#2978=VECTOR('',#4749,1.);
#2979=VECTOR('',#4752,1.);
#2980=VECTOR('',#4753,1.);
#2981=VECTOR('',#4758,1.);
#2982=VECTOR('',#4759,1.);
#2983=VECTOR('',#4762,1.);
#2984=VECTOR('',#4765,1.);
#2985=VECTOR('',#4770,1.);
#2986=VECTOR('',#4771,1.);
#2987=VECTOR('',#4774,1.);
#2988=VECTOR('',#4779,1.);
#2989=VECTOR('',#4780,1.);
#2990=VECTOR('',#4793,1.);
#2991=VECTOR('',#4796,1.);
#2992=VECTOR('',#4801,1.);
#2993=VECTOR('',#4802,1.);
#2994=VECTOR('',#4803,1.);
#2995=VECTOR('',#4806,1.);
#2996=VECTOR('',#4807,1.);
#2997=VECTOR('',#4808,1.);
#2998=VECTOR('',#4811,1.);
#2999=VECTOR('',#4814,1.);
#3000=VECTOR('',#4815,1.);
#3001=VECTOR('',#4816,1.);
#3002=VECTOR('',#4817,1.);
#3003=VECTOR('',#4818,1.);
#3004=VECTOR('',#4819,1.);
#3005=VECTOR('',#4820,1.);
#3006=VECTOR('',#4823,1.);
#3007=VECTOR('',#4826,1.);
#3008=VECTOR('',#4829,1.);
#3009=VECTOR('',#4832,1.);
#3010=VECTOR('',#4833,1.);
#3011=VECTOR('',#4836,1.);
#3012=VECTOR('',#4839,1.);
#3013=VECTOR('',#4840,1.);
#3014=VECTOR('',#4843,1.);
#3015=VECTOR('',#4848,1.);
#3016=VECTOR('',#4853,1.);
#3017=VECTOR('',#4860,1.);
#3018=VECTOR('',#4863,1.);
#3019=VECTOR('',#4866,1.);
#3020=VECTOR('',#4867,1.);
#3021=VECTOR('',#4870,1.);
#3022=VECTOR('',#4873,1.);
#3023=VECTOR('',#4874,1.);
#3024=VECTOR('',#4879,1.);
#3025=VECTOR('',#4880,1.);
#3026=VECTOR('',#4889,1.);
#3027=VECTOR('',#4892,1.);
#3028=VECTOR('',#4897,1.);
#3029=VECTOR('',#4900,1.);
#3030=VECTOR('',#4905,1.);
#3031=VECTOR('',#4908,1.);
#3032=VECTOR('',#4911,1.);
#3033=VECTOR('',#4912,1.);
#3034=VECTOR('',#4917,1.);
#3035=VECTOR('',#4920,1.);
#3036=VECTOR('',#4923,1.);
#3037=VECTOR('',#4926,1.);
#3038=VECTOR('',#4929,1.);
#3039=VECTOR('',#4930,1.);
#3040=VECTOR('',#4935,1.);
#3041=VECTOR('',#4938,1.);
#3042=VECTOR('',#4949,1.);
#3043=VECTOR('',#4950,1.);
#3044=VECTOR('',#4951,1.);
#3045=VECTOR('',#4954,1.);
#3046=VECTOR('',#4955,1.);
#3047=VECTOR('',#4958,1.);
#3048=VECTOR('',#4959,1.);
#3049=VECTOR('',#4970,1.);
#3050=VECTOR('',#4971,1.);
#3051=VECTOR('',#4972,1.);
#3052=VECTOR('',#4975,1.);
#3053=VECTOR('',#4976,1.);
#3054=VECTOR('',#4979,1.);
#3055=VECTOR('',#4980,1.);
#3056=VECTOR('',#4987,1.);
#3057=VECTOR('',#4988,1.);
#3058=VECTOR('',#4989,1.);
#3059=VECTOR('',#4996,1.);
#3060=VECTOR('',#4997,1.);
#3061=VECTOR('',#4998,1.);
#3062=VECTOR('',#4999,1.);
#3063=VECTOR('',#5002,1.);
#3064=VECTOR('',#5003,1.);
#3065=VECTOR('',#5006,1.);
#3066=VECTOR('',#5007,1.);
#3067=VECTOR('',#5010,1.);
#3068=VECTOR('',#5011,1.);
#3069=VECTOR('',#5014,1.);
#3070=VECTOR('',#5015,1.);
#3071=VECTOR('',#5018,1.);
#3072=VECTOR('',#5019,1.);
#3073=VECTOR('',#5020,1.);
#3074=VECTOR('',#5023,1.);
#3075=VECTOR('',#5024,1.);
#3076=VECTOR('',#5025,1.);
#3077=VECTOR('',#5026,1.);
#3078=VECTOR('',#5027,1.);
#3079=VECTOR('',#5028,1.);
#3080=VECTOR('',#5029,1.);
#3081=VECTOR('',#5030,1.);
#3082=VECTOR('',#5031,1.);
#3083=VECTOR('',#5032,1.);
#3084=VECTOR('',#5033,1.);
#3085=VECTOR('',#5040,1.);
#3086=VECTOR('',#5041,1.);
#3087=VECTOR('',#5044,1.);
#3088=VECTOR('',#5045,1.);
#3089=VECTOR('',#5048,1.);
#3090=VECTOR('',#5051,1.);
#3091=VECTOR('',#5056,1.);
#3092=VECTOR('',#5057,1.);
#3093=VECTOR('',#5060,1.);
#3094=VECTOR('',#5063,1.);
#3095=VECTOR('',#5070,1.);
#3096=VECTOR('',#5073,1.);
#3097=VECTOR('',#5076,1.);
#3098=VECTOR('',#5079,1.);
#3099=VECTOR('',#5080,1.);
#3100=VECTOR('',#5083,1.);
#3101=VECTOR('',#5086,1.);
#3102=VECTOR('',#5089,1.);
#3103=VECTOR('',#5092,1.);
#3104=VECTOR('',#5095,1.);
#3105=VECTOR('',#5098,1.);
#3106=VECTOR('',#5101,1.);
#3107=VECTOR('',#5104,1.);
#3108=VECTOR('',#5107,1.);
#3109=VECTOR('',#5110,1.);
#3110=VECTOR('',#5113,1.);
#3111=VECTOR('',#5116,1.);
#3112=VECTOR('',#5119,1.);
#3113=VECTOR('',#5122,1.);
#3114=VECTOR('',#5125,1.);
#3115=VECTOR('',#5128,1.);
#3116=VECTOR('',#5131,1.);
#3117=VECTOR('',#5132,1.);
#3118=VECTOR('',#5135,1.);
#3119=VECTOR('',#5138,1.);
#3120=VECTOR('',#5141,1.);
#3121=VECTOR('',#5146,1.);
#3122=VECTOR('',#5147,1.);
#3123=VECTOR('',#5148,1.);
#3124=VECTOR('',#5149,1.);
#3125=VECTOR('',#5152,1.);
#3126=VECTOR('',#5153,1.);
#3127=VECTOR('',#5154,1.);
#3128=VECTOR('',#5155,1.);
#3129=VECTOR('',#5158,1.);
#3130=VECTOR('',#5159,1.);
#3131=VECTOR('',#5160,1.);
#3132=VECTOR('',#5163,1.);
#3133=VECTOR('',#5164,1.);
#3134=VECTOR('',#5165,1.);
#3135=VECTOR('',#5168,1.);
#3136=VECTOR('',#5169,1.);
#3137=VECTOR('',#5170,1.);
#3138=VECTOR('',#5171,1.);
#3139=VECTOR('',#5174,1.);
#3140=VECTOR('',#5175,1.);
#3141=VECTOR('',#5176,1.);
#3142=VECTOR('',#5179,1.);
#3143=VECTOR('',#5180,1.);
#3144=VECTOR('',#5181,1.);
#3145=VECTOR('',#5182,1.);
#3146=VECTOR('',#5185,1.);
#3147=VECTOR('',#5186,1.);
#3148=VECTOR('',#5189,1.);
#3149=VECTOR('',#5190,1.);
#3150=VECTOR('',#5193,1.);
#3151=VECTOR('',#5196,1.);
#3152=VECTOR('',#5199,1.);
#3153=VECTOR('',#5202,1.);
#3154=VECTOR('',#5205,1.);
#3155=VECTOR('',#5208,1.);
#3156=VECTOR('',#5211,1.);
#3157=VECTOR('',#5214,1.);
#3158=VECTOR('',#5237,1.);
#3159=VECTOR('',#5238,1.);
#3160=VECTOR('',#5239,1.);
#3161=VECTOR('',#5240,1.);
#3162=VECTOR('',#5243,1.);
#3163=VECTOR('',#5244,1.);
#3164=VECTOR('',#5245,1.);
#3165=VECTOR('',#5246,1.);
#3166=VECTOR('',#5249,1.);
#3167=VECTOR('',#5250,1.);
#3168=VECTOR('',#5251,1.);
#3169=VECTOR('',#5254,1.);
#3170=VECTOR('',#5255,1.);
#3171=VECTOR('',#5256,1.);
#3172=VECTOR('',#5259,1.);
#3173=VECTOR('',#5260,1.);
#3174=VECTOR('',#5261,1.);
#3175=VECTOR('',#5262,1.);
#3176=VECTOR('',#5265,1.);
#3177=VECTOR('',#5266,1.);
#3178=VECTOR('',#5267,1.);
#3179=VECTOR('',#5270,1.);
#3180=VECTOR('',#5271,1.);
#3181=VECTOR('',#5272,1.);
#3182=VECTOR('',#5273,1.);
#3183=VECTOR('',#5276,1.);
#3184=VECTOR('',#5277,1.);
#3185=VECTOR('',#5280,1.);
#3186=VECTOR('',#5281,1.);
#3187=VECTOR('',#5284,1.);
#3188=VECTOR('',#5287,1.);
#3189=VECTOR('',#5290,1.);
#3190=VECTOR('',#5293,1.);
#3191=VECTOR('',#5296,1.);
#3192=VECTOR('',#5299,1.);
#3193=VECTOR('',#5302,1.);
#3194=VECTOR('',#5305,1.);
#3195=VECTOR('',#5322,1.);
#3196=VECTOR('',#5323,1.);
#3197=VECTOR('',#5324,1.);
#3198=VECTOR('',#5327,1.);
#3199=VECTOR('',#5328,1.);
#3200=VECTOR('',#5329,1.);
#3201=VECTOR('',#5332,1.);
#3202=VECTOR('',#5333,1.);
#3203=VECTOR('',#5350,1.);
#3204=VECTOR('',#5353,1.);
#3205=VECTOR('',#5356,1.);
#3206=VECTOR('',#5359,1.);
#3207=VECTOR('',#5362,1.);
#3208=VECTOR('',#5365,1.);
#3209=VECTOR('',#5370,1.);
#3210=VECTOR('',#5371,1.);
#3211=VECTOR('',#5372,1.);
#3212=VECTOR('',#5375,1.);
#3213=VECTOR('',#5376,1.);
#3214=VECTOR('',#5377,1.);
#3215=VECTOR('',#5386,1.);
#3216=VECTOR('',#5387,1.);
#3217=VECTOR('',#5396,1.);
#3218=VECTOR('',#5397,1.);
#3219=VECTOR('',#5400,1.);
#3220=VECTOR('',#5403,1.);
#3221=VECTOR('',#5406,1.);
#3222=VECTOR('',#5409,1.);
#3223=EDGE_LOOP('',(#219,#220,#221,#222,#223,#224,#225,#226,#227,#228));
#3224=EDGE_LOOP('',(#229,#230,#231,#232,#233,#234,#235,#236,#237,#238));
#3225=EDGE_LOOP('',(#239));
#3226=EDGE_LOOP('',(#240,#241,#242,#243));
#3227=EDGE_LOOP('',(#244,#245,#246,#247));
#3228=EDGE_LOOP('',(#248,#249,#250,#251,#252,#253,#254,#255,#256,#257,#258,
#259,#260,#261,#262,#263,#264,#265,#266,#267,#268,#269,#270,#271,#272,#273,
#274,#275,#276,#277,#278,#279,#280,#281,#282,#283,#284,#285,#286,#287,#288,
#289,#290,#291,#292,#293,#294,#295,#296,#297,#298,#299,#300,#301,#302,#303,
#304,#305,#306,#307,#308,#309,#310,#311,#312,#313,#314,#315,#316,#317,#318,
#319));
#3229=EDGE_LOOP('',(#320,#321,#322,#323));
#3230=EDGE_LOOP('',(#324,#325,#326,#327));
#3231=EDGE_LOOP('',(#328));
#3232=EDGE_LOOP('',(#329));
#3233=EDGE_LOOP('',(#330));
#3234=EDGE_LOOP('',(#331));
#3235=EDGE_LOOP('',(#332));
#3236=EDGE_LOOP('',(#333));
#3237=EDGE_LOOP('',(#334,#335,#336,#337,#338,#339,#340,#341,#342,#343,#344));
#3238=EDGE_LOOP('',(#345,#346,#347,#348));
#3239=EDGE_LOOP('',(#349,#350,#351,#352));
#3240=EDGE_LOOP('',(#353,#354,#355,#356));
#3241=EDGE_LOOP('',(#357,#358,#359,#360));
#3242=EDGE_LOOP('',(#361,#362,#363,#364));
#3243=EDGE_LOOP('',(#365,#366,#367,#368,#369,#370,#371,#372));
#3244=EDGE_LOOP('',(#373,#374,#375,#376));
#3245=EDGE_LOOP('',(#377,#378,#379,#380));
#3246=EDGE_LOOP('',(#381,#382,#383,#384));
#3247=EDGE_LOOP('',(#385,#386,#387,#388));
#3248=EDGE_LOOP('',(#389,#390,#391,#392));
#3249=EDGE_LOOP('',(#393,#394,#395,#396,#397,#398,#399,#400,#401,#402,#403));
#3250=EDGE_LOOP('',(#404,#405,#406,#407,#408,#409,#410,#411,#412,#413,#414));
#3251=EDGE_LOOP('',(#415,#416,#417,#418,#419,#420,#421,#422));
#3252=EDGE_LOOP('',(#423,#424,#425,#426,#427,#428,#429,#430));
#3253=EDGE_LOOP('',(#431,#432,#433,#434,#435,#436,#437,#438));
#3254=EDGE_LOOP('',(#439,#440,#441,#442));
#3255=EDGE_LOOP('',(#443,#444,#445,#446,#447,#448,#449,#450,#451,#452,#453));
#3256=EDGE_LOOP('',(#454,#455,#456,#457,#458,#459,#460,#461));
#3257=EDGE_LOOP('',(#462));
#3258=EDGE_LOOP('',(#463,#464,#465,#466));
#3259=EDGE_LOOP('',(#467,#468,#469,#470));
#3260=EDGE_LOOP('',(#471,#472,#473,#474));
#3261=EDGE_LOOP('',(#475,#476,#477,#478));
#3262=EDGE_LOOP('',(#479,#480,#481,#482));
#3263=EDGE_LOOP('',(#483,#484,#485,#486));
#3264=EDGE_LOOP('',(#487,#488,#489,#490));
#3265=EDGE_LOOP('',(#491,#492,#493,#494));
#3266=EDGE_LOOP('',(#495,#496,#497,#498));
#3267=EDGE_LOOP('',(#499,#500,#501,#502));
#3268=EDGE_LOOP('',(#503,#504,#505,#506));
#3269=EDGE_LOOP('',(#507,#508,#509,#510,#511));
#3270=EDGE_LOOP('',(#512,#513,#514,#515));
#3271=EDGE_LOOP('',(#516,#517,#518,#519,#520));
#3272=EDGE_LOOP('',(#521,#522,#523,#524));
#3273=EDGE_LOOP('',(#525,#526,#527,#528));
#3274=EDGE_LOOP('',(#529,#530,#531,#532,#533));
#3275=EDGE_LOOP('',(#534,#535,#536,#537));
#3276=EDGE_LOOP('',(#538,#539,#540,#541));
#3277=EDGE_LOOP('',(#542,#543,#544,#545));
#3278=EDGE_LOOP('',(#546,#547,#548,#549,#550));
#3279=EDGE_LOOP('',(#551,#552,#553,#554));
#3280=EDGE_LOOP('',(#555,#556,#557,#558));
#3281=EDGE_LOOP('',(#559,#560,#561,#562,#563));
#3282=EDGE_LOOP('',(#564,#565,#566,#567,#568));
#3283=EDGE_LOOP('',(#569,#570,#571,#572));
#3284=EDGE_LOOP('',(#573,#574,#575,#576));
#3285=EDGE_LOOP('',(#577,#578,#579,#580));
#3286=EDGE_LOOP('',(#581,#582,#583,#584));
#3287=EDGE_LOOP('',(#585,#586,#587,#588));
#3288=EDGE_LOOP('',(#589,#590,#591,#592));
#3289=EDGE_LOOP('',(#593,#594,#595,#596));
#3290=EDGE_LOOP('',(#597,#598,#599,#600));
#3291=EDGE_LOOP('',(#601,#602,#603,#604));
#3292=EDGE_LOOP('',(#605,#606,#607,#608));
#3293=EDGE_LOOP('',(#609,#610,#611,#612));
#3294=EDGE_LOOP('',(#613,#614,#615,#616));
#3295=EDGE_LOOP('',(#617,#618,#619,#620));
#3296=EDGE_LOOP('',(#621,#622,#623,#624));
#3297=EDGE_LOOP('',(#625,#626,#627,#628,#629,#630,#631,#632,#633,#634,#635,
#636,#637,#638,#639,#640));
#3298=EDGE_LOOP('',(#641,#642,#643,#644));
#3299=EDGE_LOOP('',(#645,#646,#647,#648));
#3300=EDGE_LOOP('',(#649,#650,#651,#652));
#3301=EDGE_LOOP('',(#653,#654,#655,#656));
#3302=EDGE_LOOP('',(#657,#658,#659,#660,#661));
#3303=EDGE_LOOP('',(#662,#663,#664,#665,#666));
#3304=EDGE_LOOP('',(#667,#668,#669,#670));
#3305=EDGE_LOOP('',(#671,#672,#673,#674));
#3306=EDGE_LOOP('',(#675,#676,#677,#678));
#3307=EDGE_LOOP('',(#679,#680,#681,#682));
#3308=EDGE_LOOP('',(#683,#684,#685,#686,#687));
#3309=EDGE_LOOP('',(#688,#689,#690,#691));
#3310=EDGE_LOOP('',(#692,#693,#694,#695));
#3311=EDGE_LOOP('',(#696,#697,#698,#699,#700));
#3312=EDGE_LOOP('',(#701,#702,#703,#704));
#3313=EDGE_LOOP('',(#705,#706,#707,#708));
#3314=EDGE_LOOP('',(#709,#710,#711,#712));
#3315=EDGE_LOOP('',(#713,#714,#715,#716));
#3316=EDGE_LOOP('',(#717,#718,#719,#720));
#3317=EDGE_LOOP('',(#721,#722,#723,#724,#725));
#3318=EDGE_LOOP('',(#726,#727,#728,#729,#730));
#3319=EDGE_LOOP('',(#731,#732,#733,#734));
#3320=EDGE_LOOP('',(#735,#736,#737,#738));
#3321=EDGE_LOOP('',(#739,#740,#741,#742));
#3322=EDGE_LOOP('',(#743,#744,#745,#746));
#3323=EDGE_LOOP('',(#747,#748,#749,#750));
#3324=EDGE_LOOP('',(#751,#752,#753,#754));
#3325=EDGE_LOOP('',(#755,#756,#757,#758));
#3326=EDGE_LOOP('',(#759,#760,#761,#762));
#3327=EDGE_LOOP('',(#763,#764,#765,#766));
#3328=EDGE_LOOP('',(#767,#768,#769,#770));
#3329=EDGE_LOOP('',(#771,#772,#773,#774));
#3330=EDGE_LOOP('',(#775,#776,#777,#778));
#3331=EDGE_LOOP('',(#779));
#3332=EDGE_LOOP('',(#780));
#3333=EDGE_LOOP('',(#781,#782,#783,#784));
#3334=EDGE_LOOP('',(#785,#786,#787,#788));
#3335=EDGE_LOOP('',(#789,#790,#791,#792));
#3336=EDGE_LOOP('',(#793,#794,#795,#796));
#3337=EDGE_LOOP('',(#797,#798,#799,#800));
#3338=EDGE_LOOP('',(#801,#802,#803,#804));
#3339=EDGE_LOOP('',(#805,#806,#807,#808));
#3340=EDGE_LOOP('',(#809,#810,#811,#812));
#3341=EDGE_LOOP('',(#813,#814,#815,#816));
#3342=EDGE_LOOP('',(#817,#818,#819,#820));
#3343=EDGE_LOOP('',(#821,#822,#823,#824));
#3344=EDGE_LOOP('',(#825,#826,#827,#828));
#3345=EDGE_LOOP('',(#829,#830,#831,#832));
#3346=EDGE_LOOP('',(#833,#834,#835,#836));
#3347=EDGE_LOOP('',(#837,#838,#839,#840));
#3348=EDGE_LOOP('',(#841,#842,#843,#844));
#3349=EDGE_LOOP('',(#845,#846,#847,#848));
#3350=EDGE_LOOP('',(#849,#850,#851,#852));
#3351=EDGE_LOOP('',(#853,#854,#855,#856));
#3352=EDGE_LOOP('',(#857,#858,#859,#860));
#3353=EDGE_LOOP('',(#861,#862,#863,#864));
#3354=EDGE_LOOP('',(#865,#866,#867,#868));
#3355=EDGE_LOOP('',(#869,#870,#871,#872));
#3356=EDGE_LOOP('',(#873,#874,#875,#876));
#3357=EDGE_LOOP('',(#877,#878,#879,#880));
#3358=EDGE_LOOP('',(#881,#882,#883,#884));
#3359=EDGE_LOOP('',(#885,#886,#887,#888));
#3360=EDGE_LOOP('',(#889,#890,#891,#892));
#3361=EDGE_LOOP('',(#893,#894,#895,#896));
#3362=EDGE_LOOP('',(#897,#898,#899,#900));
#3363=EDGE_LOOP('',(#901,#902,#903,#904,#905,#906,#907,#908,#909,#910,#911,
#912,#913,#914,#915,#916));
#3364=EDGE_LOOP('',(#917,#918,#919,#920));
#3365=EDGE_LOOP('',(#921,#922,#923,#924));
#3366=EDGE_LOOP('',(#925,#926,#927,#928));
#3367=EDGE_LOOP('',(#929,#930,#931,#932));
#3368=EDGE_LOOP('',(#933,#934,#935,#936));
#3369=EDGE_LOOP('',(#937,#938,#939,#940));
#3370=EDGE_LOOP('',(#941,#942,#943,#944));
#3371=EDGE_LOOP('',(#945,#946,#947,#948));
#3372=EDGE_LOOP('',(#949,#950,#951,#952));
#3373=EDGE_LOOP('',(#953,#954,#955,#956));
#3374=EDGE_LOOP('',(#957,#958,#959,#960));
#3375=EDGE_LOOP('',(#961,#962,#963,#964));
#3376=EDGE_LOOP('',(#965));
#3377=EDGE_LOOP('',(#966));
#3378=EDGE_LOOP('',(#967,#968,#969,#970));
#3379=EDGE_LOOP('',(#971,#972,#973,#974,#975));
#3380=EDGE_LOOP('',(#976,#977,#978,#979,#980));
#3381=EDGE_LOOP('',(#981,#982,#983,#984));
#3382=EDGE_LOOP('',(#985,#986,#987,#988));
#3383=EDGE_LOOP('',(#989,#990,#991,#992));
#3384=EDGE_LOOP('',(#993,#994,#995,#996,#997));
#3385=EDGE_LOOP('',(#998,#999,#1000,#1001,#1002));
#3386=EDGE_LOOP('',(#1003,#1004,#1005,#1006));
#3387=EDGE_LOOP('',(#1007,#1008,#1009,#1010));
#3388=EDGE_LOOP('',(#1011,#1012,#1013,#1014));
#3389=EDGE_LOOP('',(#1015,#1016,#1017,#1018,#1019));
#3390=EDGE_LOOP('',(#1020,#1021,#1022,#1023,#1024));
#3391=EDGE_LOOP('',(#1025,#1026,#1027,#1028));
#3392=EDGE_LOOP('',(#1029,#1030,#1031,#1032,#1033));
#3393=EDGE_LOOP('',(#1034,#1035,#1036,#1037,#1038));
#3394=EDGE_LOOP('',(#1039,#1040,#1041,#1042));
#3395=EDGE_LOOP('',(#1043,#1044,#1045,#1046));
#3396=EDGE_LOOP('',(#1047,#1048,#1049,#1050));
#3397=EDGE_LOOP('',(#1051,#1052,#1053,#1054,#1055));
#3398=EDGE_LOOP('',(#1056,#1057,#1058,#1059,#1060));
#3399=EDGE_LOOP('',(#1061,#1062,#1063,#1064));
#3400=EDGE_LOOP('',(#1065,#1066,#1067,#1068));
#3401=EDGE_LOOP('',(#1069,#1070,#1071,#1072));
#3402=EDGE_LOOP('',(#1073,#1074,#1075,#1076,#1077));
#3403=EDGE_LOOP('',(#1078,#1079,#1080,#1081,#1082));
#3404=EDGE_LOOP('',(#1083,#1084,#1085,#1086));
#3405=EDGE_LOOP('',(#1087,#1088,#1089,#1090));
#3406=EDGE_LOOP('',(#1091,#1092,#1093,#1094));
#3407=EDGE_LOOP('',(#1095,#1096,#1097,#1098));
#3408=EDGE_LOOP('',(#1099,#1100,#1101,#1102));
#3409=EDGE_LOOP('',(#1103,#1104,#1105,#1106));
#3410=EDGE_LOOP('',(#1107,#1108,#1109,#1110));
#3411=EDGE_LOOP('',(#1111,#1112,#1113,#1114,#1115,#1116,#1117,#1118,#1119,
#1120));
#3412=EDGE_LOOP('',(#1121));
#3413=EDGE_LOOP('',(#1122));
#3414=EDGE_LOOP('',(#1123));
#3415=EDGE_LOOP('',(#1124,#1125,#1126,#1127));
#3416=EDGE_LOOP('',(#1128,#1129,#1130,#1131));
#3417=EDGE_LOOP('',(#1132,#1133,#1134,#1135,#1136,#1137));
#3418=EDGE_LOOP('',(#1138,#1139,#1140,#1141));
#3419=EDGE_LOOP('',(#1142,#1143,#1144,#1145));
#3420=EDGE_LOOP('',(#1146,#1147,#1148,#1149));
#3421=EDGE_LOOP('',(#1150,#1151,#1152,#1153,#1154,#1155));
#3422=EDGE_LOOP('',(#1156,#1157,#1158,#1159));
#3423=EDGE_LOOP('',(#1160,#1161,#1162,#1163));
#3424=EDGE_LOOP('',(#1164,#1165,#1166,#1167,#1168,#1169));
#3425=EDGE_LOOP('',(#1170,#1171,#1172,#1173));
#3426=EDGE_LOOP('',(#1174));
#3427=EDGE_LOOP('',(#1175));
#3428=EDGE_LOOP('',(#1176));
#3429=EDGE_LOOP('',(#1177));
#3430=EDGE_LOOP('',(#1178));
#3431=EDGE_LOOP('',(#1179));
#3432=EDGE_LOOP('',(#1180,#1181,#1182,#1183));
#3433=EDGE_LOOP('',(#1184,#1185,#1186,#1187));
#3434=EDGE_LOOP('',(#1188,#1189,#1190,#1191));
#3435=EDGE_LOOP('',(#1192,#1193,#1194,#1195));
#3436=EDGE_LOOP('',(#1196,#1197,#1198,#1199));
#3437=EDGE_LOOP('',(#1200,#1201,#1202,#1203));
#3438=EDGE_LOOP('',(#1204,#1205,#1206,#1207,#1208,#1209,#1210,#1211,#1212,
#1213));
#3439=EDGE_LOOP('',(#1214));
#3440=EDGE_LOOP('',(#1215));
#3441=EDGE_LOOP('',(#1216));
#3442=EDGE_LOOP('',(#1217,#1218,#1219,#1220));
#3443=EDGE_LOOP('',(#1221,#1222,#1223,#1224));
#3444=EDGE_LOOP('',(#1225,#1226,#1227,#1228,#1229,#1230));
#3445=EDGE_LOOP('',(#1231,#1232,#1233,#1234));
#3446=EDGE_LOOP('',(#1235,#1236,#1237,#1238));
#3447=EDGE_LOOP('',(#1239,#1240,#1241,#1242));
#3448=EDGE_LOOP('',(#1243,#1244,#1245,#1246,#1247,#1248));
#3449=EDGE_LOOP('',(#1249,#1250,#1251,#1252));
#3450=EDGE_LOOP('',(#1253,#1254,#1255,#1256));
#3451=EDGE_LOOP('',(#1257,#1258,#1259,#1260,#1261,#1262));
#3452=EDGE_LOOP('',(#1263,#1264,#1265,#1266));
#3453=EDGE_LOOP('',(#1267));
#3454=EDGE_LOOP('',(#1268));
#3455=EDGE_LOOP('',(#1269));
#3456=EDGE_LOOP('',(#1270));
#3457=EDGE_LOOP('',(#1271));
#3458=EDGE_LOOP('',(#1272));
#3459=EDGE_LOOP('',(#1273,#1274,#1275,#1276));
#3460=EDGE_LOOP('',(#1277,#1278,#1279,#1280));
#3461=EDGE_LOOP('',(#1281,#1282,#1283,#1284));
#3462=EDGE_LOOP('',(#1285,#1286,#1287,#1288));
#3463=EDGE_LOOP('',(#1289,#1290,#1291,#1292));
#3464=EDGE_LOOP('',(#1293,#1294,#1295,#1296));
#3465=EDGE_LOOP('',(#1297,#1298,#1299,#1300,#1301));
#3466=EDGE_LOOP('',(#1302,#1303,#1304,#1305,#1306));
#3467=EDGE_LOOP('',(#1307,#1308,#1309,#1310,#1311));
#3468=EDGE_LOOP('',(#1312,#1313,#1314,#1315));
#3469=EDGE_LOOP('',(#1316,#1317,#1318,#1319));
#3470=EDGE_LOOP('',(#1320,#1321,#1322,#1323));
#3471=EDGE_LOOP('',(#1324,#1325,#1326,#1327,#1328));
#3472=EDGE_LOOP('',(#1329,#1330,#1331,#1332));
#3473=EDGE_LOOP('',(#1333,#1334,#1335,#1336));
#3474=EDGE_LOOP('',(#1337,#1338,#1339,#1340));
#3475=EDGE_LOOP('',(#1341,#1342,#1343,#1344));
#3476=EDGE_LOOP('',(#1345,#1346,#1347,#1348));
#3477=EDGE_LOOP('',(#1349,#1350,#1351,#1352,#1353));
#3478=EDGE_LOOP('',(#1354,#1355,#1356,#1357));
#3479=EDGE_LOOP('',(#1358,#1359,#1360,#1361));
#3480=EDGE_LOOP('',(#1362,#1363,#1364,#1365));
#3481=EDGE_LOOP('',(#1366,#1367,#1368,#1369,#1370));
#3482=EDGE_LOOP('',(#1371,#1372,#1373,#1374,#1375));
#3483=EDGE_LOOP('',(#1376,#1377,#1378,#1379));
#3484=EDGE_LOOP('',(#1380,#1381,#1382,#1383,#1384));
#3485=FACE_BOUND('',#3223,.T.);
#3486=FACE_BOUND('',#3224,.T.);
#3487=FACE_BOUND('',#3225,.T.);
#3488=FACE_BOUND('',#3226,.T.);
#3489=FACE_BOUND('',#3227,.T.);
#3490=FACE_BOUND('',#3228,.T.);
#3491=FACE_BOUND('',#3229,.T.);
#3492=FACE_BOUND('',#3230,.T.);
#3493=FACE_BOUND('',#3231,.T.);
#3494=FACE_BOUND('',#3232,.T.);
#3495=FACE_BOUND('',#3233,.T.);
#3496=FACE_BOUND('',#3234,.T.);
#3497=FACE_BOUND('',#3235,.T.);
#3498=FACE_BOUND('',#3236,.T.);
#3499=FACE_BOUND('',#3237,.T.);
#3500=FACE_BOUND('',#3238,.T.);
#3501=FACE_BOUND('',#3239,.T.);
#3502=FACE_BOUND('',#3240,.T.);
#3503=FACE_BOUND('',#3241,.T.);
#3504=FACE_BOUND('',#3242,.T.);
#3505=FACE_BOUND('',#3243,.T.);
#3506=FACE_BOUND('',#3244,.T.);
#3507=FACE_BOUND('',#3245,.T.);
#3508=FACE_BOUND('',#3246,.T.);
#3509=FACE_BOUND('',#3247,.T.);
#3510=FACE_BOUND('',#3248,.T.);
#3511=FACE_BOUND('',#3249,.T.);
#3512=FACE_BOUND('',#3250,.T.);
#3513=FACE_BOUND('',#3251,.T.);
#3514=FACE_BOUND('',#3252,.T.);
#3515=FACE_BOUND('',#3253,.T.);
#3516=FACE_BOUND('',#3254,.T.);
#3517=FACE_BOUND('',#3255,.T.);
#3518=FACE_BOUND('',#3256,.T.);
#3519=FACE_BOUND('',#3257,.T.);
#3520=FACE_BOUND('',#3258,.T.);
#3521=FACE_BOUND('',#3259,.T.);
#3522=FACE_BOUND('',#3260,.T.);
#3523=FACE_BOUND('',#3261,.T.);
#3524=FACE_BOUND('',#3262,.T.);
#3525=FACE_BOUND('',#3263,.T.);
#3526=FACE_BOUND('',#3264,.T.);
#3527=FACE_BOUND('',#3265,.T.);
#3528=FACE_BOUND('',#3266,.T.);
#3529=FACE_BOUND('',#3267,.T.);
#3530=FACE_BOUND('',#3268,.T.);
#3531=FACE_BOUND('',#3269,.T.);
#3532=FACE_BOUND('',#3270,.T.);
#3533=FACE_BOUND('',#3271,.T.);
#3534=FACE_BOUND('',#3272,.T.);
#3535=FACE_BOUND('',#3273,.T.);
#3536=FACE_BOUND('',#3274,.T.);
#3537=FACE_BOUND('',#3275,.T.);
#3538=FACE_BOUND('',#3276,.T.);
#3539=FACE_BOUND('',#3277,.T.);
#3540=FACE_BOUND('',#3278,.T.);
#3541=FACE_BOUND('',#3279,.T.);
#3542=FACE_BOUND('',#3280,.T.);
#3543=FACE_BOUND('',#3281,.T.);
#3544=FACE_BOUND('',#3282,.T.);
#3545=FACE_BOUND('',#3283,.T.);
#3546=FACE_BOUND('',#3284,.T.);
#3547=FACE_BOUND('',#3285,.T.);
#3548=FACE_BOUND('',#3286,.T.);
#3549=FACE_BOUND('',#3287,.T.);
#3550=FACE_BOUND('',#3288,.T.);
#3551=FACE_BOUND('',#3289,.T.);
#3552=FACE_BOUND('',#3290,.T.);
#3553=FACE_BOUND('',#3291,.T.);
#3554=FACE_BOUND('',#3292,.T.);
#3555=FACE_BOUND('',#3293,.T.);
#3556=FACE_BOUND('',#3294,.T.);
#3557=FACE_BOUND('',#3295,.T.);
#3558=FACE_BOUND('',#3296,.T.);
#3559=FACE_BOUND('',#3297,.T.);
#3560=FACE_BOUND('',#3298,.T.);
#3561=FACE_BOUND('',#3299,.T.);
#3562=FACE_BOUND('',#3300,.T.);
#3563=FACE_BOUND('',#3301,.T.);
#3564=FACE_BOUND('',#3302,.T.);
#3565=FACE_BOUND('',#3303,.T.);
#3566=FACE_BOUND('',#3304,.T.);
#3567=FACE_BOUND('',#3305,.T.);
#3568=FACE_BOUND('',#3306,.T.);
#3569=FACE_BOUND('',#3307,.T.);
#3570=FACE_BOUND('',#3308,.T.);
#3571=FACE_BOUND('',#3309,.T.);
#3572=FACE_BOUND('',#3310,.T.);
#3573=FACE_BOUND('',#3311,.T.);
#3574=FACE_BOUND('',#3312,.T.);
#3575=FACE_BOUND('',#3313,.T.);
#3576=FACE_BOUND('',#3314,.T.);
#3577=FACE_BOUND('',#3315,.T.);
#3578=FACE_BOUND('',#3316,.T.);
#3579=FACE_BOUND('',#3317,.T.);
#3580=FACE_BOUND('',#3318,.T.);
#3581=FACE_BOUND('',#3319,.T.);
#3582=FACE_BOUND('',#3320,.T.);
#3583=FACE_BOUND('',#3321,.T.);
#3584=FACE_BOUND('',#3322,.T.);
#3585=FACE_BOUND('',#3323,.T.);
#3586=FACE_BOUND('',#3324,.T.);
#3587=FACE_BOUND('',#3325,.T.);
#3588=FACE_BOUND('',#3326,.T.);
#3589=FACE_BOUND('',#3327,.T.);
#3590=FACE_BOUND('',#3328,.T.);
#3591=FACE_BOUND('',#3329,.T.);
#3592=FACE_BOUND('',#3330,.T.);
#3593=FACE_BOUND('',#3331,.T.);
#3594=FACE_BOUND('',#3332,.T.);
#3595=FACE_BOUND('',#3333,.T.);
#3596=FACE_BOUND('',#3334,.T.);
#3597=FACE_BOUND('',#3335,.T.);
#3598=FACE_BOUND('',#3336,.T.);
#3599=FACE_BOUND('',#3337,.T.);
#3600=FACE_BOUND('',#3338,.T.);
#3601=FACE_BOUND('',#3339,.T.);
#3602=FACE_BOUND('',#3340,.T.);
#3603=FACE_BOUND('',#3341,.T.);
#3604=FACE_BOUND('',#3342,.T.);
#3605=FACE_BOUND('',#3343,.T.);
#3606=FACE_BOUND('',#3344,.T.);
#3607=FACE_BOUND('',#3345,.T.);
#3608=FACE_BOUND('',#3346,.T.);
#3609=FACE_BOUND('',#3347,.T.);
#3610=FACE_BOUND('',#3348,.T.);
#3611=FACE_BOUND('',#3349,.T.);
#3612=FACE_BOUND('',#3350,.T.);
#3613=FACE_BOUND('',#3351,.T.);
#3614=FACE_BOUND('',#3352,.T.);
#3615=FACE_BOUND('',#3353,.T.);
#3616=FACE_BOUND('',#3354,.T.);
#3617=FACE_BOUND('',#3355,.T.);
#3618=FACE_BOUND('',#3356,.T.);
#3619=FACE_BOUND('',#3357,.T.);
#3620=FACE_BOUND('',#3358,.T.);
#3621=FACE_BOUND('',#3359,.T.);
#3622=FACE_BOUND('',#3360,.T.);
#3623=FACE_BOUND('',#3361,.T.);
#3624=FACE_BOUND('',#3362,.T.);
#3625=FACE_BOUND('',#3363,.T.);
#3626=FACE_BOUND('',#3364,.T.);
#3627=FACE_BOUND('',#3365,.T.);
#3628=FACE_BOUND('',#3366,.T.);
#3629=FACE_BOUND('',#3367,.T.);
#3630=FACE_BOUND('',#3368,.T.);
#3631=FACE_BOUND('',#3369,.T.);
#3632=FACE_BOUND('',#3370,.T.);
#3633=FACE_BOUND('',#3371,.T.);
#3634=FACE_BOUND('',#3372,.T.);
#3635=FACE_BOUND('',#3373,.T.);
#3636=FACE_BOUND('',#3374,.T.);
#3637=FACE_BOUND('',#3375,.T.);
#3638=FACE_BOUND('',#3376,.T.);
#3639=FACE_BOUND('',#3377,.T.);
#3640=FACE_BOUND('',#3378,.T.);
#3641=FACE_BOUND('',#3379,.T.);
#3642=FACE_BOUND('',#3380,.T.);
#3643=FACE_BOUND('',#3381,.T.);
#3644=FACE_BOUND('',#3382,.T.);
#3645=FACE_BOUND('',#3383,.T.);
#3646=FACE_BOUND('',#3384,.T.);
#3647=FACE_BOUND('',#3385,.T.);
#3648=FACE_BOUND('',#3386,.T.);
#3649=FACE_BOUND('',#3387,.T.);
#3650=FACE_BOUND('',#3388,.T.);
#3651=FACE_BOUND('',#3389,.T.);
#3652=FACE_BOUND('',#3390,.T.);
#3653=FACE_BOUND('',#3391,.T.);
#3654=FACE_BOUND('',#3392,.T.);
#3655=FACE_BOUND('',#3393,.T.);
#3656=FACE_BOUND('',#3394,.T.);
#3657=FACE_BOUND('',#3395,.T.);
#3658=FACE_BOUND('',#3396,.T.);
#3659=FACE_BOUND('',#3397,.T.);
#3660=FACE_BOUND('',#3398,.T.);
#3661=FACE_BOUND('',#3399,.T.);
#3662=FACE_BOUND('',#3400,.T.);
#3663=FACE_BOUND('',#3401,.T.);
#3664=FACE_BOUND('',#3402,.T.);
#3665=FACE_BOUND('',#3403,.T.);
#3666=FACE_BOUND('',#3404,.T.);
#3667=FACE_BOUND('',#3405,.T.);
#3668=FACE_BOUND('',#3406,.T.);
#3669=FACE_BOUND('',#3407,.T.);
#3670=FACE_BOUND('',#3408,.T.);
#3671=FACE_BOUND('',#3409,.T.);
#3672=FACE_BOUND('',#3410,.T.);
#3673=FACE_BOUND('',#3411,.T.);
#3674=FACE_BOUND('',#3412,.T.);
#3675=FACE_BOUND('',#3413,.T.);
#3676=FACE_BOUND('',#3414,.T.);
#3677=FACE_BOUND('',#3415,.T.);
#3678=FACE_BOUND('',#3416,.T.);
#3679=FACE_BOUND('',#3417,.T.);
#3680=FACE_BOUND('',#3418,.T.);
#3681=FACE_BOUND('',#3419,.T.);
#3682=FACE_BOUND('',#3420,.T.);
#3683=FACE_BOUND('',#3421,.T.);
#3684=FACE_BOUND('',#3422,.T.);
#3685=FACE_BOUND('',#3423,.T.);
#3686=FACE_BOUND('',#3424,.T.);
#3687=FACE_BOUND('',#3425,.T.);
#3688=FACE_BOUND('',#3426,.T.);
#3689=FACE_BOUND('',#3427,.T.);
#3690=FACE_BOUND('',#3428,.T.);
#3691=FACE_BOUND('',#3429,.T.);
#3692=FACE_BOUND('',#3430,.T.);
#3693=FACE_BOUND('',#3431,.T.);
#3694=FACE_BOUND('',#3432,.T.);
#3695=FACE_BOUND('',#3433,.T.);
#3696=FACE_BOUND('',#3434,.T.);
#3697=FACE_BOUND('',#3435,.T.);
#3698=FACE_BOUND('',#3436,.T.);
#3699=FACE_BOUND('',#3437,.T.);
#3700=FACE_BOUND('',#3438,.T.);
#3701=FACE_BOUND('',#3439,.T.);
#3702=FACE_BOUND('',#3440,.T.);
#3703=FACE_BOUND('',#3441,.T.);
#3704=FACE_BOUND('',#3442,.T.);
#3705=FACE_BOUND('',#3443,.T.);
#3706=FACE_BOUND('',#3444,.T.);
#3707=FACE_BOUND('',#3445,.T.);
#3708=FACE_BOUND('',#3446,.T.);
#3709=FACE_BOUND('',#3447,.T.);
#3710=FACE_BOUND('',#3448,.T.);
#3711=FACE_BOUND('',#3449,.T.);
#3712=FACE_BOUND('',#3450,.T.);
#3713=FACE_BOUND('',#3451,.T.);
#3714=FACE_BOUND('',#3452,.T.);
#3715=FACE_BOUND('',#3453,.T.);
#3716=FACE_BOUND('',#3454,.T.);
#3717=FACE_BOUND('',#3455,.T.);
#3718=FACE_BOUND('',#3456,.T.);
#3719=FACE_BOUND('',#3457,.T.);
#3720=FACE_BOUND('',#3458,.T.);
#3721=FACE_BOUND('',#3459,.T.);
#3722=FACE_BOUND('',#3460,.T.);
#3723=FACE_BOUND('',#3461,.T.);
#3724=FACE_BOUND('',#3462,.T.);
#3725=FACE_BOUND('',#3463,.T.);
#3726=FACE_BOUND('',#3464,.T.);
#3727=FACE_BOUND('',#3465,.T.);
#3728=FACE_BOUND('',#3466,.T.);
#3729=FACE_BOUND('',#3467,.T.);
#3730=FACE_BOUND('',#3468,.T.);
#3731=FACE_BOUND('',#3469,.T.);
#3732=FACE_BOUND('',#3470,.T.);
#3733=FACE_BOUND('',#3471,.T.);
#3734=FACE_BOUND('',#3472,.T.);
#3735=FACE_BOUND('',#3473,.T.);
#3736=FACE_BOUND('',#3474,.T.);
#3737=FACE_BOUND('',#3475,.T.);
#3738=FACE_BOUND('',#3476,.T.);
#3739=FACE_BOUND('',#3477,.T.);
#3740=FACE_BOUND('',#3478,.T.);
#3741=FACE_BOUND('',#3479,.T.);
#3742=FACE_BOUND('',#3480,.T.);
#3743=FACE_BOUND('',#3481,.T.);
#3744=FACE_BOUND('',#3482,.T.);
#3745=FACE_BOUND('',#3483,.T.);
#3746=FACE_BOUND('',#3484,.T.);
#3747=PLANE('',#4166);
#3748=PLANE('',#4172);
#3749=PLANE('',#4173);
#3750=PLANE('',#4183);
#3751=PLANE('',#4184);
#3752=PLANE('',#4185);
#3753=PLANE('',#4186);
#3754=PLANE('',#4187);
#3755=PLANE('',#4188);
#3756=PLANE('',#4189);
#3757=PLANE('',#4190);
#3758=PLANE('',#4194);
#3759=PLANE('',#4195);
#3760=PLANE('',#4196);
#3761=PLANE('',#4197);
#3762=PLANE('',#4198);
#3763=PLANE('',#4199);
#3764=PLANE('',#4200);
#3765=PLANE('',#4201);
#3766=PLANE('',#4207);
#3767=PLANE('',#4211);
#3768=PLANE('',#4212);
#3769=PLANE('',#4213);
#3770=PLANE('',#4214);
#3771=PLANE('',#4218);
#3772=PLANE('',#4219);
#3773=PLANE('',#4221);
#3774=PLANE('',#4222);
#3775=PLANE('',#4223);
#3776=PLANE('',#4224);
#3777=PLANE('',#4226);
#3778=PLANE('',#4227);
#3779=PLANE('',#4228);
#3780=PLANE('',#4230);
#3781=PLANE('',#4232);
#3782=PLANE('',#4234);
#3783=PLANE('',#4235);
#3784=PLANE('',#4237);
#3785=PLANE('',#4241);
#3786=PLANE('',#4242);
#3787=PLANE('',#4243);
#3788=PLANE('',#4244);
#3789=PLANE('',#4245);
#3790=PLANE('',#4246);
#3791=PLANE('',#4247);
#3792=PLANE('',#4249);
#3793=PLANE('',#4251);
#3794=PLANE('',#4252);
#3795=PLANE('',#4253);
#3796=PLANE('',#4254);
#3797=PLANE('',#4255);
#3798=PLANE('',#4258);
#3799=PLANE('',#4259);
#3800=PLANE('',#4260);
#3801=PLANE('',#4261);
#3802=PLANE('',#4262);
#3803=PLANE('',#4263);
#3804=PLANE('',#4265);
#3805=PLANE('',#4266);
#3806=PLANE('',#4276);
#3807=PLANE('',#4279);
#3808=PLANE('',#4282);
#3809=PLANE('',#4285);
#3810=PLANE('',#4290);
#3811=PLANE('',#4291);
#3812=PLANE('',#4292);
#3813=PLANE('',#4297);
#3814=PLANE('',#4298);
#3815=PLANE('',#4299);
#3816=PLANE('',#4302);
#3817=PLANE('',#4305);
#3818=PLANE('',#4306);
#3819=PLANE('',#4307);
#3820=PLANE('',#4308);
#3821=PLANE('',#4309);
#3822=PLANE('',#4310);
#3823=PLANE('',#4311);
#3824=PLANE('',#4314);
#3825=PLANE('',#4316);
#3826=PLANE('',#4318);
#3827=PLANE('',#4320);
#3828=PLANE('',#4322);
#3829=PLANE('',#4324);
#3830=PLANE('',#4325);
#3831=PLANE('',#4326);
#3832=PLANE('',#4327);
#3833=PLANE('',#4328);
#3834=PLANE('',#4329);
#3835=PLANE('',#4330);
#3836=PLANE('',#4331);
#3837=PLANE('',#4332);
#3838=PLANE('',#4333);
#3839=PLANE('',#4334);
#3840=PLANE('',#4335);
#3841=PLANE('',#4336);
#3842=PLANE('',#4337);
#3843=PLANE('',#4338);
#3844=PLANE('',#4339);
#3845=PLANE('',#4340);
#3846=PLANE('',#4341);
#3847=PLANE('',#4342);
#3848=PLANE('',#4343);
#3849=PLANE('',#4344);
#3850=PLANE('',#4345);
#3851=PLANE('',#4346);
#3852=PLANE('',#4347);
#3853=PLANE('',#4348);
#3854=PLANE('',#4349);
#3855=PLANE('',#4350);
#3856=PLANE('',#4351);
#3857=PLANE('',#4352);
#3858=PLANE('',#4353);
#3859=PLANE('',#4354);
#3860=PLANE('',#4355);
#3861=PLANE('',#4356);
#3862=PLANE('',#4357);
#3863=PLANE('',#4358);
#3864=PLANE('',#4359);
#3865=PLANE('',#4360);
#3866=PLANE('',#4361);
#3867=PLANE('',#4362);
#3868=PLANE('',#4363);
#3869=PLANE('',#4364);
#3870=PLANE('',#4365);
#3871=PLANE('',#4366);
#3872=PLANE('',#4376);
#3873=PLANE('',#4377);
#3874=PLANE('',#4378);
#3875=PLANE('',#4379);
#3876=PLANE('',#4380);
#3877=PLANE('',#4381);
#3878=PLANE('',#4382);
#3879=PLANE('',#4383);
#3880=PLANE('',#4384);
#3881=PLANE('',#4385);
#3882=PLANE('',#4386);
#3883=PLANE('',#4387);
#3884=PLANE('',#4388);
#3885=PLANE('',#4389);
#3886=PLANE('',#4390);
#3887=PLANE('',#4391);
#3888=PLANE('',#4392);
#3889=PLANE('',#4393);
#3890=PLANE('',#4394);
#3891=PLANE('',#4395);
#3892=PLANE('',#4396);
#3893=PLANE('',#4397);
#3894=PLANE('',#4398);
#3895=PLANE('',#4399);
#3896=PLANE('',#4400);
#3897=PLANE('',#4401);
#3898=PLANE('',#4402);
#3899=PLANE('',#4410);
#3900=PLANE('',#4411);
#3901=PLANE('',#4412);
#3902=PLANE('',#4413);
#3903=PLANE('',#4414);
#3904=PLANE('',#4415);
#3905=PLANE('',#4416);
#3906=PLANE('',#4417);
#3907=PLANE('',#4418);
#3908=PLANE('',#4422);
#3909=PLANE('',#4426);
#3910=PLANE('',#4427);
#3911=PLANE('',#4428);
#3912=PLANE('',#4429);
#3913=PLANE('',#4430);
#3914=PLANE('',#4431);
#3915=PLANE('',#4433);
#3916=ADVANCED_FACE('',(#3485,#3486,#3487,#3488,#3489,#3490),#3747,.F.);
#3917=ADVANCED_FACE('',(#3491),#3748,.T.);
#3918=ADVANCED_FACE('',(#3492),#3749,.F.);
#3919=ADVANCED_FACE('',(#3493,#3494),#61,.F.);
#3920=ADVANCED_FACE('',(#3495,#3496),#62,.F.);
#3921=ADVANCED_FACE('',(#3497,#3498),#63,.F.);
#3922=ADVANCED_FACE('',(#3499),#3750,.T.);
#3923=ADVANCED_FACE('',(#3500),#3751,.F.);
#3924=ADVANCED_FACE('',(#3501),#3752,.T.);
#3925=ADVANCED_FACE('',(#3502),#3753,.T.);
#3926=ADVANCED_FACE('',(#3503),#3754,.F.);
#3927=ADVANCED_FACE('',(#3504),#3755,.F.);
#3928=ADVANCED_FACE('',(#3505),#3756,.F.);
#3929=ADVANCED_FACE('',(#3506),#3757,.F.);
#3930=ADVANCED_FACE('',(#3507),#64,.T.);
#3931=ADVANCED_FACE('',(#3508),#3758,.T.);
#3932=ADVANCED_FACE('',(#3509),#3759,.T.);
#3933=ADVANCED_FACE('',(#3510),#3760,.F.);
#3934=ADVANCED_FACE('',(#3511,#3512),#3761,.T.);
#3935=ADVANCED_FACE('',(#3513),#3762,.T.);
#3936=ADVANCED_FACE('',(#3514,#3515),#3763,.F.);
#3937=ADVANCED_FACE('',(#3516),#3764,.T.);
#3938=ADVANCED_FACE('',(#3517,#3518,#3519,#3520,#3521),#3765,.T.);
#3939=ADVANCED_FACE('',(#3522),#3766,.T.);
#3940=ADVANCED_FACE('',(#3523),#65,.T.);
#3941=ADVANCED_FACE('',(#3524),#3767,.T.);
#3942=ADVANCED_FACE('',(#3525),#3768,.F.);
#3943=ADVANCED_FACE('',(#3526),#33,.T.);
#3944=ADVANCED_FACE('',(#3527),#34,.T.);
#3945=ADVANCED_FACE('',(#3528),#35,.T.);
#3946=ADVANCED_FACE('',(#3529),#36,.T.);
#3947=ADVANCED_FACE('',(#3530),#3769,.T.);
#3948=ADVANCED_FACE('',(#3531),#3770,.T.);
#3949=ADVANCED_FACE('',(#3532),#66,.T.);
#3950=ADVANCED_FACE('',(#3533),#3771,.T.);
#3951=ADVANCED_FACE('',(#3534),#37,.T.);
#3952=ADVANCED_FACE('',(#3535),#38,.T.);
#3953=ADVANCED_FACE('',(#3536),#3772,.T.);
#3954=ADVANCED_FACE('',(#3537),#3773,.F.);
#3955=ADVANCED_FACE('',(#3538),#3774,.F.);
#3956=ADVANCED_FACE('',(#3539),#3775,.F.);
#3957=ADVANCED_FACE('',(#3540),#3776,.F.);
#3958=ADVANCED_FACE('',(#3541),#39,.T.);
#3959=ADVANCED_FACE('',(#3542),#3777,.F.);
#3960=ADVANCED_FACE('',(#3543),#3778,.T.);
#3961=ADVANCED_FACE('',(#3544),#3779,.T.);
#3962=ADVANCED_FACE('',(#3545),#3780,.T.);
#3963=ADVANCED_FACE('',(#3546),#12,.T.);
#3964=ADVANCED_FACE('',(#3547),#3781,.T.);
#3965=ADVANCED_FACE('',(#3548),#13,.T.);
#3966=ADVANCED_FACE('',(#3549),#3782,.F.);
#3967=ADVANCED_FACE('',(#3550),#3783,.T.);
#3968=ADVANCED_FACE('',(#3551),#14,.T.);
#3969=ADVANCED_FACE('',(#3552),#3784,.F.);
#3970=ADVANCED_FACE('',(#3553),#67,.T.);
#3971=ADVANCED_FACE('',(#3554),#3785,.T.);
#3972=ADVANCED_FACE('',(#3555),#3786,.F.);
#3973=ADVANCED_FACE('',(#3556),#40,.T.);
#3974=ADVANCED_FACE('',(#3557),#3787,.T.);
#3975=ADVANCED_FACE('',(#3558),#41,.T.);
#3976=ADVANCED_FACE('',(#3559),#3788,.T.);
#3977=ADVANCED_FACE('',(#3560),#3789,.T.);
#3978=ADVANCED_FACE('',(#3561),#42,.T.);
#3979=ADVANCED_FACE('',(#3562),#3790,.T.);
#3980=ADVANCED_FACE('',(#3563),#43,.T.);
#3981=ADVANCED_FACE('',(#3564),#3791,.T.);
#3982=ADVANCED_FACE('',(#3565),#3792,.F.);
#3983=ADVANCED_FACE('',(#3566),#3793,.T.);
#3984=ADVANCED_FACE('',(#3567),#3794,.T.);
#3985=ADVANCED_FACE('',(#3568),#3795,.T.);
#3986=ADVANCED_FACE('',(#3569),#3796,.F.);
#3987=ADVANCED_FACE('',(#3570),#3797,.F.);
#3988=ADVANCED_FACE('',(#3571),#15,.T.);
#3989=ADVANCED_FACE('',(#3572),#16,.T.);
#3990=ADVANCED_FACE('',(#3573),#3798,.F.);
#3991=ADVANCED_FACE('',(#3574),#3799,.T.);
#3992=ADVANCED_FACE('',(#3575),#3800,.T.);
#3993=ADVANCED_FACE('',(#3576),#44,.T.);
#3994=ADVANCED_FACE('',(#3577),#3801,.T.);
#3995=ADVANCED_FACE('',(#3578),#3802,.F.);
#3996=ADVANCED_FACE('',(#3579),#3803,.T.);
#3997=ADVANCED_FACE('',(#3580),#3804,.F.);
#3998=ADVANCED_FACE('',(#3581),#3805,.F.);
#3999=ADVANCED_FACE('',(#3582),#17,.T.);
#4000=ADVANCED_FACE('',(#3583),#68,.T.);
#4001=ADVANCED_FACE('',(#3584),#69,.T.);
#4002=ADVANCED_FACE('',(#3585),#70,.F.);
#4003=ADVANCED_FACE('',(#3586),#3806,.F.);
#4004=ADVANCED_FACE('',(#3587),#71,.F.);
#4005=ADVANCED_FACE('',(#3588),#3807,.T.);
#4006=ADVANCED_FACE('',(#3589),#72,.F.);
#4007=ADVANCED_FACE('',(#3590),#3808,.T.);
#4008=ADVANCED_FACE('',(#3591),#73,.F.);
#4009=ADVANCED_FACE('',(#3592),#3809,.F.);
#4010=ADVANCED_FACE('',(#3593,#3594),#74,.F.);
#4011=ADVANCED_FACE('',(#3595),#18,.T.);
#4012=ADVANCED_FACE('',(#3596),#3810,.F.);
#4013=ADVANCED_FACE('',(#3597),#3811,.T.);
#4014=ADVANCED_FACE('',(#3598),#3812,.T.);
#4015=ADVANCED_FACE('',(#3599),#19,.T.);
#4016=ADVANCED_FACE('',(#3600),#20,.T.);
#4017=ADVANCED_FACE('',(#3601),#3813,.F.);
#4018=ADVANCED_FACE('',(#3602),#3814,.T.);
#4019=ADVANCED_FACE('',(#3603),#3815,.T.);
#4020=ADVANCED_FACE('',(#3604),#21,.T.);
#4021=ADVANCED_FACE('',(#3605),#3816,.T.);
#4022=ADVANCED_FACE('',(#3606),#45,.T.);
#4023=ADVANCED_FACE('',(#3607),#46,.T.);
#4024=ADVANCED_FACE('',(#3608),#22,.T.);
#4025=ADVANCED_FACE('',(#3609),#3817,.T.);
#4026=ADVANCED_FACE('',(#3610),#47,.T.);
#4027=ADVANCED_FACE('',(#3611),#48,.T.);
#4028=ADVANCED_FACE('',(#3612),#3818,.F.);
#4029=ADVANCED_FACE('',(#3613),#49,.T.);
#4030=ADVANCED_FACE('',(#3614),#3819,.T.);
#4031=ADVANCED_FACE('',(#3615),#50,.T.);
#4032=ADVANCED_FACE('',(#3616),#51,.T.);
#4033=ADVANCED_FACE('',(#3617),#3820,.T.);
#4034=ADVANCED_FACE('',(#3618),#52,.T.);
#4035=ADVANCED_FACE('',(#3619),#3821,.F.);
#4036=ADVANCED_FACE('',(#3620),#53,.T.);
#4037=ADVANCED_FACE('',(#3621),#54,.T.);
#4038=ADVANCED_FACE('',(#3622),#3822,.F.);
#4039=ADVANCED_FACE('',(#3623),#55,.T.);
#4040=ADVANCED_FACE('',(#3624),#56,.T.);
#4041=ADVANCED_FACE('',(#3625),#3823,.F.);
#4042=ADVANCED_FACE('',(#3626),#57,.T.);
#4043=ADVANCED_FACE('',(#3627),#58,.T.);
#4044=ADVANCED_FACE('',(#3628),#23,.T.);
#4045=ADVANCED_FACE('',(#3629),#3824,.T.);
#4046=ADVANCED_FACE('',(#3630),#24,.F.);
#4047=ADVANCED_FACE('',(#3631),#3825,.F.);
#4048=ADVANCED_FACE('',(#3632),#25,.F.);
#4049=ADVANCED_FACE('',(#3633),#3826,.T.);
#4050=ADVANCED_FACE('',(#3634),#26,.F.);
#4051=ADVANCED_FACE('',(#3635),#3827,.T.);
#4052=ADVANCED_FACE('',(#3636),#27,.F.);
#4053=ADVANCED_FACE('',(#3637),#3828,.F.);
#4054=ADVANCED_FACE('',(#3638,#3639),#28,.F.);
#4055=ADVANCED_FACE('',(#3640),#3829,.T.);
#4056=ADVANCED_FACE('',(#3641),#3830,.F.);
#4057=ADVANCED_FACE('',(#3642),#3831,.T.);
#4058=ADVANCED_FACE('',(#3643),#3832,.T.);
#4059=ADVANCED_FACE('',(#3644),#59,.T.);
#4060=ADVANCED_FACE('',(#3645),#3833,.F.);
#4061=ADVANCED_FACE('',(#3646),#3834,.T.);
#4062=ADVANCED_FACE('',(#3647),#3835,.T.);
#4063=ADVANCED_FACE('',(#3648),#3836,.F.);
#4064=ADVANCED_FACE('',(#3649),#3837,.T.);
#4065=ADVANCED_FACE('',(#3650),#3838,.T.);
#4066=ADVANCED_FACE('',(#3651),#3839,.F.);
#4067=ADVANCED_FACE('',(#3652),#3840,.F.);
#4068=ADVANCED_FACE('',(#3653),#3841,.F.);
#4069=ADVANCED_FACE('',(#3654),#3842,.T.);
#4070=ADVANCED_FACE('',(#3655),#3843,.T.);
#4071=ADVANCED_FACE('',(#3656),#3844,.F.);
#4072=ADVANCED_FACE('',(#3657),#3845,.T.);
#4073=ADVANCED_FACE('',(#3658),#3846,.T.);
#4074=ADVANCED_FACE('',(#3659),#3847,.F.);
#4075=ADVANCED_FACE('',(#3660),#3848,.F.);
#4076=ADVANCED_FACE('',(#3661),#3849,.F.);
#4077=ADVANCED_FACE('',(#3662),#60,.T.);
#4078=ADVANCED_FACE('',(#3663),#3850,.F.);
#4079=ADVANCED_FACE('',(#3664),#3851,.F.);
#4080=ADVANCED_FACE('',(#3665),#3852,.F.);
#4081=ADVANCED_FACE('',(#3666),#3853,.F.);
#4082=ADVANCED_FACE('',(#3667),#3854,.T.);
#4083=ADVANCED_FACE('',(#3668),#3855,.T.);
#4084=ADVANCED_FACE('',(#3669),#3856,.F.);
#4085=ADVANCED_FACE('',(#3670),#3857,.F.);
#4086=ADVANCED_FACE('',(#3671),#3858,.F.);
#4087=ADVANCED_FACE('',(#3672),#3859,.F.);
#4088=ADVANCED_FACE('',(#3673,#3674,#3675,#3676),#3860,.T.);
#4089=ADVANCED_FACE('',(#3677),#3861,.F.);
#4090=ADVANCED_FACE('',(#3678),#3862,.F.);
#4091=ADVANCED_FACE('',(#3679),#3863,.F.);
#4092=ADVANCED_FACE('',(#3680),#3864,.F.);
#4093=ADVANCED_FACE('',(#3681),#3865,.T.);
#4094=ADVANCED_FACE('',(#3682),#3866,.T.);
#4095=ADVANCED_FACE('',(#3683),#3867,.F.);
#4096=ADVANCED_FACE('',(#3684),#3868,.T.);
#4097=ADVANCED_FACE('',(#3685),#3869,.T.);
#4098=ADVANCED_FACE('',(#3686),#3870,.F.);
#4099=ADVANCED_FACE('',(#3687),#3871,.T.);
#4100=ADVANCED_FACE('',(#3688,#3689),#75,.F.);
#4101=ADVANCED_FACE('',(#3690,#3691),#76,.F.);
#4102=ADVANCED_FACE('',(#3692,#3693),#77,.F.);
#4103=ADVANCED_FACE('',(#3694),#3872,.T.);
#4104=ADVANCED_FACE('',(#3695),#3873,.T.);
#4105=ADVANCED_FACE('',(#3696),#3874,.F.);
#4106=ADVANCED_FACE('',(#3697),#3875,.F.);
#4107=ADVANCED_FACE('',(#3698),#3876,.F.);
#4108=ADVANCED_FACE('',(#3699),#3877,.F.);
#4109=ADVANCED_FACE('',(#3700,#3701,#3702,#3703),#3878,.T.);
#4110=ADVANCED_FACE('',(#3704),#3879,.F.);
#4111=ADVANCED_FACE('',(#3705),#3880,.F.);
#4112=ADVANCED_FACE('',(#3706),#3881,.F.);
#4113=ADVANCED_FACE('',(#3707),#3882,.F.);
#4114=ADVANCED_FACE('',(#3708),#3883,.T.);
#4115=ADVANCED_FACE('',(#3709),#3884,.T.);
#4116=ADVANCED_FACE('',(#3710),#3885,.F.);
#4117=ADVANCED_FACE('',(#3711),#3886,.T.);
#4118=ADVANCED_FACE('',(#3712),#3887,.T.);
#4119=ADVANCED_FACE('',(#3713),#3888,.F.);
#4120=ADVANCED_FACE('',(#3714),#3889,.T.);
#4121=ADVANCED_FACE('',(#3715),#3890,.F.);
#4122=ADVANCED_FACE('',(#3716),#3891,.F.);
#4123=ADVANCED_FACE('',(#3717),#3892,.F.);
#4124=ADVANCED_FACE('',(#3718),#3893,.F.);
#4125=ADVANCED_FACE('',(#3719),#3894,.F.);
#4126=ADVANCED_FACE('',(#3720),#3895,.F.);
#4127=ADVANCED_FACE('',(#3721),#3896,.F.);
#4128=ADVANCED_FACE('',(#3722),#3897,.T.);
#4129=ADVANCED_FACE('',(#3723),#3898,.T.);
#4130=ADVANCED_FACE('',(#3724),#78,.T.);
#4131=ADVANCED_FACE('',(#3725),#29,.T.);
#4132=ADVANCED_FACE('',(#3726),#30,.T.);
#4133=ADVANCED_FACE('',(#3727),#3899,.T.);
#4134=ADVANCED_FACE('',(#3728),#3900,.F.);
#4135=ADVANCED_FACE('',(#3729),#3901,.F.);
#4136=ADVANCED_FACE('',(#3730),#3902,.T.);
#4137=ADVANCED_FACE('',(#3731),#3903,.T.);
#4138=ADVANCED_FACE('',(#3732),#3904,.F.);
#4139=ADVANCED_FACE('',(#3733),#3905,.T.);
#4140=ADVANCED_FACE('',(#3734),#3906,.F.);
#4141=ADVANCED_FACE('',(#3735),#3907,.T.);
#4142=ADVANCED_FACE('',(#3736),#31,.T.);
#4143=ADVANCED_FACE('',(#3737),#3908,.T.);
#4144=ADVANCED_FACE('',(#3738),#32,.T.);
#4145=ADVANCED_FACE('',(#3739),#3909,.T.);
#4146=ADVANCED_FACE('',(#3740),#3910,.F.);
#4147=ADVANCED_FACE('',(#3741),#3911,.T.);
#4148=ADVANCED_FACE('',(#3742),#3912,.T.);
#4149=ADVANCED_FACE('',(#3743),#3913,.F.);
#4150=ADVANCED_FACE('',(#3744),#3914,.F.);
#4151=ADVANCED_FACE('',(#3745),#79,.T.);
#4152=ADVANCED_FACE('',(#3746),#3915,.T.);
#4153=CLOSED_SHELL('',(#3916,#3917,#3918,#3919,#3920,#3921,#3922,#3923,
#3924,#3925,#3926,#3927,#3928,#3929,#3930,#3931,#3932,#3933,#3934,#3935,
#3936,#3937,#3938,#3939,#3940,#3941,#3942,#3943,#3944,#3945,#3946,#3947,
#3948,#3949,#3950,#3951,#3952,#3953,#3954,#3955,#3956,#3957,#3958,#3959,
#3960,#3961,#3962,#3963,#3964,#3965,#3966,#3967,#3968,#3969,#3970,#3971,
#3972,#3973,#3974,#3975,#3976,#3977,#3978,#3979,#3980,#3981,#3982,#3983,
#3984,#3985,#3986,#3987,#3988,#3989,#3990,#3991,#3992,#3993,#3994,#3995,
#3996,#3997,#3998,#3999,#4000,#4001,#4002,#4003,#4004,#4005,#4006,#4007,
#4008,#4009,#4010,#4011,#4012,#4013,#4014,#4015,#4016,#4017,#4018,#4019,
#4020,#4021,#4022,#4023,#4024,#4025,#4026,#4027,#4028,#4029,#4030,#4031,
#4032,#4033,#4034,#4035,#4036,#4037,#4038,#4039,#4040,#4041,#4042,#4043,
#4044,#4045,#4046,#4047,#4048,#4049,#4050,#4051,#4052,#4053,#4054,#4055,
#4056,#4057,#4058,#4059,#4060,#4061,#4062,#4063,#4064,#4065,#4066,#4067,
#4068,#4069,#4070,#4071,#4072,#4073,#4074,#4075,#4076,#4077,#4078,#4079,
#4080,#4081,#4082,#4083,#4084,#4085,#4086,#4087,#4088,#4089,#4090,#4091,
#4092,#4093,#4094,#4095,#4096,#4097,#4098,#4099,#4100,#4101,#4102,#4103,
#4104,#4105,#4106,#4107,#4108,#4109,#4110,#4111,#4112,#4113,#4114,#4115,
#4116,#4117,#4118,#4119,#4120,#4121,#4122,#4123,#4124,#4125,#4126,#4127,
#4128,#4129,#4130,#4131,#4132,#4133,#4134,#4135,#4136,#4137,#4138,#4139,
#4140,#4141,#4142,#4143,#4144,#4145,#4146,#4147,#4148,#4149,#4150,#4151,
#4152));
#4154=STYLED_ITEM('',(#4155),#4162);
#4155=PRESENTATION_STYLE_ASSIGNMENT((#4156));
#4156=SURFACE_STYLE_USAGE(.BOTH.,#4157);
#4157=SURFACE_SIDE_STYLE('',(#4158));
#4158=SURFACE_STYLE_FILL_AREA(#4159);
#4159=FILL_AREA_STYLE('',(#4160));
#4160=FILL_AREA_STYLE_COLOUR('',#4161);
#4161=COLOUR_RGB('',0.349019607843138,0.376470588235294,0.4);
#4162=MANIFOLD_SOLID_BREP('Rear_Cover',#4153);
#4163=SHAPE_DEFINITION_REPRESENTATION(#8047,#4164);
#4164=SHAPE_REPRESENTATION('Rear_Cover',(#4165),#8042);
#4165=AXIS2_PLACEMENT_3D('',#5416,#4434,#4435);
#4166=AXIS2_PLACEMENT_3D('',#5417,#4436,#4437);
#4167=AXIS2_PLACEMENT_3D('',#5458,#4458,#4459);
#4168=AXIS2_PLACEMENT_3D('',#5463,#4461,#4462);
#4169=AXIS2_PLACEMENT_3D('',#5467,#4464,#4465);
#4170=AXIS2_PLACEMENT_3D('',#5471,#4467,#4468);
#4171=AXIS2_PLACEMENT_3D('',#5475,#4470,#4471);
#4172=AXIS2_PLACEMENT_3D('',#5644,#4540,#4541);
#4173=AXIS2_PLACEMENT_3D('',#5650,#4545,#4546);
#4174=AXIS2_PLACEMENT_3D('',#5656,#4550,#4551);
#4175=AXIS2_PLACEMENT_3D('',#5657,#4552,#4553);
#4176=AXIS2_PLACEMENT_3D('',#5659,#4554,#4555);
#4177=AXIS2_PLACEMENT_3D('',#5661,#4556,#4557);
#4178=AXIS2_PLACEMENT_3D('',#5662,#4558,#4559);
#4179=AXIS2_PLACEMENT_3D('',#5664,#4560,#4561);
#4180=AXIS2_PLACEMENT_3D('',#5666,#4562,#4563);
#4181=AXIS2_PLACEMENT_3D('',#5667,#4564,#4565);
#4182=AXIS2_PLACEMENT_3D('',#5669,#4566,#4567);
#4183=AXIS2_PLACEMENT_3D('',#5671,#4568,#4569);
#4184=AXIS2_PLACEMENT_3D('',#5742,#4575,#4576);
#4185=AXIS2_PLACEMENT_3D('',#5751,#4581,#4582);
#4186=AXIS2_PLACEMENT_3D('',#5760,#4587,#4588);
#4187=AXIS2_PLACEMENT_3D('',#5766,#4592,#4593);
#4188=AXIS2_PLACEMENT_3D('',#5775,#4598,#4599);
#4189=AXIS2_PLACEMENT_3D('',#5781,#4603,#4604);
#4190=AXIS2_PLACEMENT_3D('',#5798,#4613,#4614);
#4191=AXIS2_PLACEMENT_3D('',#5804,#4618,#4619);
#4192=AXIS2_PLACEMENT_3D('',#5805,#4620,#4621);
#4193=AXIS2_PLACEMENT_3D('',#5809,#4623,#4624);
#4194=AXIS2_PLACEMENT_3D('',#5810,#4625,#4626);
#4195=AXIS2_PLACEMENT_3D('',#5813,#4629,#4630);
#4196=AXIS2_PLACEMENT_3D('',#5819,#4634,#4635);
#4197=AXIS2_PLACEMENT_3D('',#5828,#4640,#4641);
#4198=AXIS2_PLACEMENT_3D('',#5958,#4648,#4649);
#4199=AXIS2_PLACEMENT_3D('',#5975,#4658,#4659);
#4200=AXIS2_PLACEMENT_3D('',#6035,#4665,#4666);
#4201=AXIS2_PLACEMENT_3D('',#6038,#4669,#4670);
#4202=AXIS2_PLACEMENT_3D('',#6145,#4676,#4677);
#4203=AXIS2_PLACEMENT_3D('',#6147,#4678,#4679);
#4204=AXIS2_PLACEMENT_3D('',#6152,#4681,#4682);
#4205=AXIS2_PLACEMENT_3D('',#6155,#4684,#4685);
#4206=AXIS2_PLACEMENT_3D('',#6160,#4687,#4688);
#4207=AXIS2_PLACEMENT_3D('',#6163,#4690,#4691);
#4208=AXIS2_PLACEMENT_3D('',#6169,#4695,#4696);
#4209=AXIS2_PLACEMENT_3D('',#6173,#4698,#4699);
#4210=AXIS2_PLACEMENT_3D('',#6174,#4700,#4701);
#4211=AXIS2_PLACEMENT_3D('',#6175,#4702,#4703);
#4212=AXIS2_PLACEMENT_3D('',#6178,#4706,#4707);
#4213=AXIS2_PLACEMENT_3D('',#6316,#4713,#4714);
#4214=AXIS2_PLACEMENT_3D('',#6321,#4718,#4719);
#4215=AXIS2_PLACEMENT_3D('',#6330,#4722,#4723);
#4216=AXIS2_PLACEMENT_3D('',#6334,#4725,#4726);
#4217=AXIS2_PLACEMENT_3D('',#6337,#4728,#4729);
#4218=AXIS2_PLACEMENT_3D('',#6338,#4730,#4731);
#4219=AXIS2_PLACEMENT_3D('',#6454,#4736,#4737);
#4220=AXIS2_PLACEMENT_3D('',#6455,#4738,#4739);
#4221=AXIS2_PLACEMENT_3D('',#6460,#4742,#4743);
#4222=AXIS2_PLACEMENT_3D('',#6464,#4746,#4747);
#4223=AXIS2_PLACEMENT_3D('',#6468,#4750,#4751);
#4224=AXIS2_PLACEMENT_3D('',#6472,#4754,#4755);
#4225=AXIS2_PLACEMENT_3D('',#6473,#4756,#4757);
#4226=AXIS2_PLACEMENT_3D('',#6517,#4760,#4761);
#4227=AXIS2_PLACEMENT_3D('',#6519,#4763,#4764);
#4228=AXIS2_PLACEMENT_3D('',#6526,#4766,#4767);
#4229=AXIS2_PLACEMENT_3D('',#6527,#4768,#4769);
#4230=AXIS2_PLACEMENT_3D('',#6532,#4772,#4773);
#4231=AXIS2_PLACEMENT_3D('',#6534,#4775,#4776);
#4232=AXIS2_PLACEMENT_3D('',#6539,#4777,#4778);
#4233=AXIS2_PLACEMENT_3D('',#6542,#4781,#4782);
#4234=AXIS2_PLACEMENT_3D('',#6547,#4783,#4784);
#4235=AXIS2_PLACEMENT_3D('',#6548,#4785,#4786);
#4236=AXIS2_PLACEMENT_3D('',#6549,#4787,#4788);
#4237=AXIS2_PLACEMENT_3D('',#6554,#4789,#4790);
#4238=AXIS2_PLACEMENT_3D('',#6555,#4791,#4792);
#4239=AXIS2_PLACEMENT_3D('',#6559,#4794,#4795);
#4240=AXIS2_PLACEMENT_3D('',#6563,#4797,#4798);
#4241=AXIS2_PLACEMENT_3D('',#6564,#4799,#4800);
#4242=AXIS2_PLACEMENT_3D('',#6570,#4804,#4805);
#4243=AXIS2_PLACEMENT_3D('',#6582,#4809,#4810);
#4244=AXIS2_PLACEMENT_3D('',#6604,#4812,#4813);
#4245=AXIS2_PLACEMENT_3D('',#6617,#4821,#4822);
#4246=AXIS2_PLACEMENT_3D('',#6661,#4824,#4825);
#4247=AXIS2_PLACEMENT_3D('',#6727,#4827,#4828);
#4248=AXIS2_PLACEMENT_3D('',#6730,#4830,#4831);
#4249=AXIS2_PLACEMENT_3D('',#6735,#4834,#4835);
#4250=AXIS2_PLACEMENT_3D('',#6739,#4837,#4838);
#4251=AXIS2_PLACEMENT_3D('',#6743,#4841,#4842);
#4252=AXIS2_PLACEMENT_3D('',#6749,#4844,#4845);
#4253=AXIS2_PLACEMENT_3D('',#6750,#4846,#4847);
#4254=AXIS2_PLACEMENT_3D('',#6752,#4849,#4850);
#4255=AXIS2_PLACEMENT_3D('',#6757,#4851,#4852);
#4256=AXIS2_PLACEMENT_3D('',#6763,#4854,#4855);
#4257=AXIS2_PLACEMENT_3D('',#6764,#4856,#4857);
#4258=AXIS2_PLACEMENT_3D('',#6769,#4858,#4859);
#4259=AXIS2_PLACEMENT_3D('',#6771,#4861,#4862);
#4260=AXIS2_PLACEMENT_3D('',#6773,#4864,#4865);
#4261=AXIS2_PLACEMENT_3D('',#6816,#4868,#4869);
#4262=AXIS2_PLACEMENT_3D('',#6818,#4871,#4872);
#4263=AXIS2_PLACEMENT_3D('',#6822,#4875,#4876);
#4264=AXIS2_PLACEMENT_3D('',#6823,#4877,#4878);
#4265=AXIS2_PLACEMENT_3D('',#6828,#4881,#4882);
#4266=AXIS2_PLACEMENT_3D('',#6833,#4883,#4884);
#4267=AXIS2_PLACEMENT_3D('',#6838,#4885,#4886);
#4268=AXIS2_PLACEMENT_3D('',#6839,#4887,#4888);
#4269=AXIS2_PLACEMENT_3D('',#6843,#4890,#4891);
#4270=AXIS2_PLACEMENT_3D('',#6847,#4893,#4894);
#4271=AXIS2_PLACEMENT_3D('',#6848,#4895,#4896);
#4272=AXIS2_PLACEMENT_3D('',#6852,#4898,#4899);
#4273=AXIS2_PLACEMENT_3D('',#6856,#4901,#4902);
#4274=AXIS2_PLACEMENT_3D('',#6857,#4903,#4904);
#4275=AXIS2_PLACEMENT_3D('',#6860,#4906,#4907);
#4276=AXIS2_PLACEMENT_3D('',#6863,#4909,#4910);
#4277=AXIS2_PLACEMENT_3D('',#6867,#4913,#4914);
#4278=AXIS2_PLACEMENT_3D('',#6868,#4915,#4916);
#4279=AXIS2_PLACEMENT_3D('',#6871,#4918,#4919);
#4280=AXIS2_PLACEMENT_3D('',#6873,#4921,#4922);
#4281=AXIS2_PLACEMENT_3D('',#6876,#4924,#4925);
#4282=AXIS2_PLACEMENT_3D('',#6879,#4927,#4928);
#4283=AXIS2_PLACEMENT_3D('',#6883,#4931,#4932);
#4284=AXIS2_PLACEMENT_3D('',#6884,#4933,#4934);
#4285=AXIS2_PLACEMENT_3D('',#6887,#4936,#4937);
#4286=AXIS2_PLACEMENT_3D('',#6889,#4939,#4940);
#4287=AXIS2_PLACEMENT_3D('',#6890,#4941,#4942);
#4288=AXIS2_PLACEMENT_3D('',#6892,#4943,#4944);
#4289=AXIS2_PLACEMENT_3D('',#6903,#4945,#4946);
#4290=AXIS2_PLACEMENT_3D('',#6904,#4947,#4948);
#4291=AXIS2_PLACEMENT_3D('',#6910,#4952,#4953);
#4292=AXIS2_PLACEMENT_3D('',#6914,#4956,#4957);
#4293=AXIS2_PLACEMENT_3D('',#6923,#4960,#4961);
#4294=AXIS2_PLACEMENT_3D('',#6924,#4962,#4963);
#4295=AXIS2_PLACEMENT_3D('',#6930,#4964,#4965);
#4296=AXIS2_PLACEMENT_3D('',#6941,#4966,#4967);
#4297=AXIS2_PLACEMENT_3D('',#6942,#4968,#4969);
#4298=AXIS2_PLACEMENT_3D('',#6948,#4973,#4974);
#4299=AXIS2_PLACEMENT_3D('',#6952,#4977,#4978);
#4300=AXIS2_PLACEMENT_3D('',#6961,#4981,#4982);
#4301=AXIS2_PLACEMENT_3D('',#6962,#4983,#4984);
#4302=AXIS2_PLACEMENT_3D('',#6968,#4985,#4986);
#4303=AXIS2_PLACEMENT_3D('',#7062,#4990,#4991);
#4304=AXIS2_PLACEMENT_3D('',#7073,#4992,#4993);
#4305=AXIS2_PLACEMENT_3D('',#7074,#4994,#4995);
#4306=AXIS2_PLACEMENT_3D('',#7210,#5000,#5001);
#4307=AXIS2_PLACEMENT_3D('',#7277,#5004,#5005);
#4308=AXIS2_PLACEMENT_3D('',#7386,#5008,#5009);
#4309=AXIS2_PLACEMENT_3D('',#7431,#5012,#5013);
#4310=AXIS2_PLACEMENT_3D('',#7524,#5016,#5017);
#4311=AXIS2_PLACEMENT_3D('',#7556,#5021,#5022);
#4312=AXIS2_PLACEMENT_3D('',#7602,#5034,#5035);
#4313=AXIS2_PLACEMENT_3D('',#7608,#5036,#5037);
#4314=AXIS2_PLACEMENT_3D('',#7614,#5038,#5039);
#4315=AXIS2_PLACEMENT_3D('',#7618,#5042,#5043);
#4316=AXIS2_PLACEMENT_3D('',#7621,#5046,#5047);
#4317=AXIS2_PLACEMENT_3D('',#7623,#5049,#5050);
#4318=AXIS2_PLACEMENT_3D('',#7625,#5052,#5053);
#4319=AXIS2_PLACEMENT_3D('',#7626,#5054,#5055);
#4320=AXIS2_PLACEMENT_3D('',#7629,#5058,#5059);
#4321=AXIS2_PLACEMENT_3D('',#7631,#5061,#5062);
#4322=AXIS2_PLACEMENT_3D('',#7633,#5064,#5065);
#4323=AXIS2_PLACEMENT_3D('',#7634,#5066,#5067);
#4324=AXIS2_PLACEMENT_3D('',#7635,#5068,#5069);
#4325=AXIS2_PLACEMENT_3D('',#7637,#5071,#5072);
#4326=AXIS2_PLACEMENT_3D('',#7639,#5074,#5075);
#4327=AXIS2_PLACEMENT_3D('',#7641,#5077,#5078);
#4328=AXIS2_PLACEMENT_3D('',#7684,#5081,#5082);
#4329=AXIS2_PLACEMENT_3D('',#7686,#5084,#5085);
#4330=AXIS2_PLACEMENT_3D('',#7688,#5087,#5088);
#4331=AXIS2_PLACEMENT_3D('',#7690,#5090,#5091);
#4332=AXIS2_PLACEMENT_3D('',#7692,#5093,#5094);
#4333=AXIS2_PLACEMENT_3D('',#7694,#5096,#5097);
#4334=AXIS2_PLACEMENT_3D('',#7696,#5099,#5100);
#4335=AXIS2_PLACEMENT_3D('',#7698,#5102,#5103);
#4336=AXIS2_PLACEMENT_3D('',#7700,#5105,#5106);
#4337=AXIS2_PLACEMENT_3D('',#7702,#5108,#5109);
#4338=AXIS2_PLACEMENT_3D('',#7704,#5111,#5112);
#4339=AXIS2_PLACEMENT_3D('',#7706,#5114,#5115);
#4340=AXIS2_PLACEMENT_3D('',#7708,#5117,#5118);
#4341=AXIS2_PLACEMENT_3D('',#7710,#5120,#5121);
#4342=AXIS2_PLACEMENT_3D('',#7712,#5123,#5124);
#4343=AXIS2_PLACEMENT_3D('',#7714,#5126,#5127);
#4344=AXIS2_PLACEMENT_3D('',#7716,#5129,#5130);
#4345=AXIS2_PLACEMENT_3D('',#7749,#5133,#5134);
#4346=AXIS2_PLACEMENT_3D('',#7751,#5136,#5137);
#4347=AXIS2_PLACEMENT_3D('',#7753,#5139,#5140);
#4348=AXIS2_PLACEMENT_3D('',#7755,#5142,#5143);
#4349=AXIS2_PLACEMENT_3D('',#7756,#5144,#5145);
#4350=AXIS2_PLACEMENT_3D('',#7765,#5150,#5151);
#4351=AXIS2_PLACEMENT_3D('',#7774,#5156,#5157);
#4352=AXIS2_PLACEMENT_3D('',#7780,#5161,#5162);
#4353=AXIS2_PLACEMENT_3D('',#7786,#5166,#5167);
#4354=AXIS2_PLACEMENT_3D('',#7795,#5172,#5173);
#4355=AXIS2_PLACEMENT_3D('',#7801,#5177,#5178);
#4356=AXIS2_PLACEMENT_3D('',#7807,#5183,#5184);
#4357=AXIS2_PLACEMENT_3D('',#7811,#5187,#5188);
#4358=AXIS2_PLACEMENT_3D('',#7814,#5191,#5192);
#4359=AXIS2_PLACEMENT_3D('',#7816,#5194,#5195);
#4360=AXIS2_PLACEMENT_3D('',#7818,#5197,#5198);
#4361=AXIS2_PLACEMENT_3D('',#7820,#5200,#5201);
#4362=AXIS2_PLACEMENT_3D('',#7822,#5203,#5204);
#4363=AXIS2_PLACEMENT_3D('',#7824,#5206,#5207);
#4364=AXIS2_PLACEMENT_3D('',#7826,#5209,#5210);
#4365=AXIS2_PLACEMENT_3D('',#7828,#5212,#5213);
#4366=AXIS2_PLACEMENT_3D('',#7830,#5215,#5216);
#4367=AXIS2_PLACEMENT_3D('',#7831,#5217,#5218);
#4368=AXIS2_PLACEMENT_3D('',#7832,#5219,#5220);
#4369=AXIS2_PLACEMENT_3D('',#7834,#5221,#5222);
#4370=AXIS2_PLACEMENT_3D('',#7836,#5223,#5224);
#4371=AXIS2_PLACEMENT_3D('',#7837,#5225,#5226);
#4372=AXIS2_PLACEMENT_3D('',#7839,#5227,#5228);
#4373=AXIS2_PLACEMENT_3D('',#7841,#5229,#5230);
#4374=AXIS2_PLACEMENT_3D('',#7842,#5231,#5232);
#4375=AXIS2_PLACEMENT_3D('',#7844,#5233,#5234);
#4376=AXIS2_PLACEMENT_3D('',#7846,#5235,#5236);
#4377=AXIS2_PLACEMENT_3D('',#7855,#5241,#5242);
#4378=AXIS2_PLACEMENT_3D('',#7864,#5247,#5248);
#4379=AXIS2_PLACEMENT_3D('',#7870,#5252,#5253);
#4380=AXIS2_PLACEMENT_3D('',#7876,#5257,#5258);
#4381=AXIS2_PLACEMENT_3D('',#7885,#5263,#5264);
#4382=AXIS2_PLACEMENT_3D('',#7891,#5268,#5269);
#4383=AXIS2_PLACEMENT_3D('',#7897,#5274,#5275);
#4384=AXIS2_PLACEMENT_3D('',#7901,#5278,#5279);
#4385=AXIS2_PLACEMENT_3D('',#7904,#5282,#5283);
#4386=AXIS2_PLACEMENT_3D('',#7906,#5285,#5286);
#4387=AXIS2_PLACEMENT_3D('',#7908,#5288,#5289);
#4388=AXIS2_PLACEMENT_3D('',#7910,#5291,#5292);
#4389=AXIS2_PLACEMENT_3D('',#7912,#5294,#5295);
#4390=AXIS2_PLACEMENT_3D('',#7914,#5297,#5298);
#4391=AXIS2_PLACEMENT_3D('',#7916,#5300,#5301);
#4392=AXIS2_PLACEMENT_3D('',#7918,#5303,#5304);
#4393=AXIS2_PLACEMENT_3D('',#7920,#5306,#5307);
#4394=AXIS2_PLACEMENT_3D('',#7921,#5308,#5309);
#4395=AXIS2_PLACEMENT_3D('',#7922,#5310,#5311);
#4396=AXIS2_PLACEMENT_3D('',#7923,#5312,#5313);
#4397=AXIS2_PLACEMENT_3D('',#7924,#5314,#5315);
#4398=AXIS2_PLACEMENT_3D('',#7925,#5316,#5317);
#4399=AXIS2_PLACEMENT_3D('',#7926,#5318,#5319);
#4400=AXIS2_PLACEMENT_3D('',#7927,#5320,#5321);
#4401=AXIS2_PLACEMENT_3D('',#7939,#5325,#5326);
#4402=AXIS2_PLACEMENT_3D('',#7945,#5330,#5331);
#4403=AXIS2_PLACEMENT_3D('',#7954,#5334,#5335);
#4404=AXIS2_PLACEMENT_3D('',#7955,#5336,#5337);
#4405=AXIS2_PLACEMENT_3D('',#7956,#5338,#5339);
#4406=AXIS2_PLACEMENT_3D('',#7957,#5340,#5341);
#4407=AXIS2_PLACEMENT_3D('',#7958,#5342,#5343);
#4408=AXIS2_PLACEMENT_3D('',#7964,#5344,#5345);
#4409=AXIS2_PLACEMENT_3D('',#7970,#5346,#5347);
#4410=AXIS2_PLACEMENT_3D('',#7971,#5348,#5349);
#4411=AXIS2_PLACEMENT_3D('',#7973,#5351,#5352);
#4412=AXIS2_PLACEMENT_3D('',#7975,#5354,#5355);
#4413=AXIS2_PLACEMENT_3D('',#7977,#5357,#5358);
#4414=AXIS2_PLACEMENT_3D('',#7979,#5360,#5361);
#4415=AXIS2_PLACEMENT_3D('',#7981,#5363,#5364);
#4416=AXIS2_PLACEMENT_3D('',#7983,#5366,#5367);
#4417=AXIS2_PLACEMENT_3D('',#7984,#5368,#5369);
#4418=AXIS2_PLACEMENT_3D('',#7996,#5373,#5374);
#4419=AXIS2_PLACEMENT_3D('',#8008,#5378,#5379);
#4420=AXIS2_PLACEMENT_3D('',#8009,#5380,#5381);
#4421=AXIS2_PLACEMENT_3D('',#8015,#5382,#5383);
#4422=AXIS2_PLACEMENT_3D('',#8016,#5384,#5385);
#4423=AXIS2_PLACEMENT_3D('',#8019,#5388,#5389);
#4424=AXIS2_PLACEMENT_3D('',#8020,#5390,#5391);
#4425=AXIS2_PLACEMENT_3D('',#8026,#5392,#5393);
#4426=AXIS2_PLACEMENT_3D('',#8027,#5394,#5395);
#4427=AXIS2_PLACEMENT_3D('',#8030,#5398,#5399);
#4428=AXIS2_PLACEMENT_3D('',#8032,#5401,#5402);
#4429=AXIS2_PLACEMENT_3D('',#8034,#5404,#5405);
#4430=AXIS2_PLACEMENT_3D('',#8036,#5407,#5408);
#4431=AXIS2_PLACEMENT_3D('',#8038,#5410,#5411);
#4432=AXIS2_PLACEMENT_3D('',#8039,#5412,#5413);
#4433=AXIS2_PLACEMENT_3D('',#8040,#5414,#5415);
#4434=DIRECTION('',(0.,0.,1.));
#4435=DIRECTION('',(1.,0.,0.));
#4436=DIRECTION('',(0.,1.,-6.12323399573677E-17));
#4437=DIRECTION('',(1.,0.,0.));
#4438=DIRECTION('',(-0.707106781186548,-4.32978028117747E-17,-0.707106781186548));
#4439=DIRECTION('',(-1.,0.,0.));
#4440=DIRECTION('',(-0.707106781186548,4.32978028117747E-17,0.707106781186548));
#4441=DIRECTION('',(0.,6.12323399573677E-17,1.));
#4442=DIRECTION('',(1.,0.,0.));
#4443=DIRECTION('',(0.,-6.12323399573677E-17,-1.));
#4444=DIRECTION('',(1.,0.,0.));
#4445=DIRECTION('',(0.,-6.12323399573677E-17,-1.));
#4446=DIRECTION('',(1.,0.,0.));
#4447=DIRECTION('',(0.,6.12323399573677E-17,1.));
#4448=DIRECTION('',(0.,6.12323399573677E-17,1.));
#4449=DIRECTION('',(-0.707106781186548,-4.32978028117747E-17,-0.707106781186548));
#4450=DIRECTION('',(-1.,0.,0.));
#4451=DIRECTION('',(-0.707106781186548,4.32978028117747E-17,0.707106781186548));
#4452=DIRECTION('',(0.,6.12323399573677E-17,1.));
#4453=DIRECTION('',(1.,0.,0.));
#4454=DIRECTION('',(0.,-6.12323399573677E-17,-1.));
#4455=DIRECTION('',(1.,0.,0.));
#4456=DIRECTION('',(0.,-6.12323399573677E-17,-1.));
#4457=DIRECTION('',(1.,0.,0.));
#4458=DIRECTION('',(0.,1.,-6.12323399573677E-17));
#4459=DIRECTION('',(0.,6.12323399573677E-17,1.));
#4460=DIRECTION('',(-0.447213595499958,5.47678698264203E-17,0.894427190999916));
#4461=DIRECTION('',(0.,1.,-6.12323399573677E-17));
#4462=DIRECTION('',(0.,6.12323399573677E-17,1.));
#4463=DIRECTION('',(0.447213595499958,-5.47678698264203E-17,-0.894427190999916));
#4464=DIRECTION('',(0.,1.,-6.12323399573677E-17));
#4465=DIRECTION('',(0.,6.12323399573677E-17,1.));
#4466=DIRECTION('',(0.447213595499949,-5.47678698264206E-17,-0.894427190999921));
#4467=DIRECTION('',(0.,1.,-6.12323399573677E-17));
#4468=DIRECTION('',(0.,6.12323399573677E-17,1.));
#4469=DIRECTION('',(-0.447213595499949,5.47678698264205E-17,0.89442719099992));
#4470=DIRECTION('',(0.,1.,-6.12323399573677E-17));
#4471=DIRECTION('',(0.,6.12323399573677E-17,1.));
#4472=DIRECTION('',(-1.,-1.7703529602173E-32,-2.89120579329468E-16));
#4473=DIRECTION('',(0.707106781186548,-4.32978028117747E-17,-0.707106781186548));
#4474=DIRECTION('',(0.,6.12323399573677E-17,1.));
#4475=DIRECTION('',(-0.707106781186535,-4.32978028117754E-17,-0.70710678118656));
#4476=DIRECTION('',(1.,0.,0.));
#4477=DIRECTION('',(0.816496580927721,-3.53525079574973E-17,-0.577350269189633));
#4478=DIRECTION('',(0.,6.12323399573677E-17,1.));
#4479=DIRECTION('',(-0.816496580927718,-3.53525079574976E-17,-0.577350269189637));
#4480=DIRECTION('',(1.,0.,0.));
#4481=DIRECTION('',(0.70710678118656,-4.32978028117739E-17,-0.707106781186535));
#4482=DIRECTION('',(0.,6.12323399573677E-17,1.));
#4483=DIRECTION('',(-1.,7.38929931221138E-33,1.20676415720126E-16));
#4484=DIRECTION('',(0.707106781186549,-4.32978028117746E-17,-0.707106781186546));
#4485=DIRECTION('',(-7.2280144832367E-17,6.12323399573677E-17,1.));
#4486=DIRECTION('',(-0.57735026918963,-4.99959962173947E-17,-0.816496580927723));
#4487=DIRECTION('',(-1.,0.,0.));
#4488=DIRECTION('',(0.57735026918962,-4.99959962173951E-17,-0.81649658092773));
#4489=DIRECTION('',(0.,6.12323399573677E-17,1.));
#4490=DIRECTION('',(-0.70710678118655,-4.32978028117745E-17,-0.707106781186545));
#4491=DIRECTION('',(-1.,7.38929931221138E-33,1.20676415720126E-16));
#4492=DIRECTION('',(0.,-6.12323399573677E-17,-1.));
#4493=DIRECTION('',(-0.707106781186548,-4.32978028117747E-17,-0.707106781186548));
#4494=DIRECTION('',(1.,-1.7703529602173E-32,-2.89120579329468E-16));
#4495=DIRECTION('',(0.816496580927719,-3.53525079574975E-17,-0.577350269189636));
#4496=DIRECTION('',(0.,-6.12323399573677E-17,-1.));
#4497=DIRECTION('',(0.816496580927718,3.53525079574976E-17,0.577350269189638));
#4498=DIRECTION('',(-1.,0.,0.));
#4499=DIRECTION('',(-0.707106781186548,4.32978028117747E-17,0.707106781186548));
#4500=DIRECTION('',(0.,-6.12323399573677E-17,-1.));
#4501=DIRECTION('',(-0.707106781186548,-4.32978028117747E-17,-0.707106781186548));
#4502=DIRECTION('',(1.,-1.7703529602173E-32,-2.89120579329468E-16));
#4503=DIRECTION('',(0.816496580927719,-3.53525079574975E-17,-0.577350269189636));
#4504=DIRECTION('',(0.,-6.12323399573677E-17,-1.));
#4505=DIRECTION('',(0.816496580927718,3.53525079574976E-17,0.577350269189638));
#4506=DIRECTION('',(-1.,0.,0.));
#4507=DIRECTION('',(-0.707106781186548,4.32978028117747E-17,0.707106781186548));
#4508=DIRECTION('',(0.,-6.12323399573677E-17,-1.));
#4509=DIRECTION('',(-0.707106781186545,-4.32978028117749E-17,-0.707106781186551));
#4510=DIRECTION('',(-1.,0.,0.));
#4511=DIRECTION('',(0.816496580927719,-3.53525079574975E-17,-0.577350269189636));
#4512=DIRECTION('',(0.,-6.12323399573677E-17,-1.));
#4513=DIRECTION('',(0.816496580927721,3.53525079574973E-17,0.577350269189633));
#4514=DIRECTION('',(1.,0.,0.));
#4515=DIRECTION('',(-0.707106781186548,4.32978028117747E-17,0.707106781186548));
#4516=DIRECTION('',(0.,-6.12323399573677E-17,-1.));
#4517=DIRECTION('',(1.,-7.38929931221138E-33,-1.20676415720126E-16));
#4518=DIRECTION('',(-0.707106781186549,4.32978028117746E-17,0.707106781186546));
#4519=DIRECTION('',(-1.44560289664734E-16,6.12323399573677E-17,1.));
#4520=DIRECTION('',(0.577350269189632,4.99959962173946E-17,0.816496580927722));
#4521=DIRECTION('',(1.,0.,0.));
#4522=DIRECTION('',(-0.577350269189631,4.99959962173946E-17,0.816496580927722));
#4523=DIRECTION('',(-7.2280144832367E-17,6.12323399573677E-17,1.));
#4524=DIRECTION('',(0.707106781186548,4.32978028117747E-17,0.707106781186548));
#4525=DIRECTION('',(1.,-7.38929931221138E-33,-1.20676415720126E-16));
#4526=DIRECTION('',(0.,6.12323399573677E-17,1.));
#4527=DIRECTION('',(0.707106781186548,4.32978028117747E-17,0.707106781186548));
#4528=DIRECTION('',(1.,0.,0.));
#4529=DIRECTION('',(-0.816496580927718,3.53525079574976E-17,0.577350269189637));
#4530=DIRECTION('',(0.,6.12323399573677E-17,1.));
#4531=DIRECTION('',(0.816496580927717,3.53525079574977E-17,0.577350269189639));
#4532=DIRECTION('',(1.,0.,0.));
#4533=DIRECTION('',(-0.707106781186545,4.32978028117749E-17,0.707106781186551));
#4534=DIRECTION('',(0.,6.12323399573677E-17,1.));
#4535=DIRECTION('',(0.707106781186548,4.32978028117747E-17,0.707106781186548));
#4536=DIRECTION('',(1.,0.,0.));
#4537=DIRECTION('',(-0.816496580927718,3.53525079574976E-17,0.577350269189638));
#4538=DIRECTION('',(0.,-6.12323399573677E-17,-1.));
#4539=DIRECTION('',(-0.816496580927719,-3.53525079574975E-17,-0.577350269189636));
#4540=DIRECTION('',(0.707106781186548,-0.707106781186548,4.32978028117747E-17));
#4541=DIRECTION('',(0.,6.12323399573677E-17,1.));
#4542=DIRECTION('',(0.577350269189626,0.577350269189626,-0.577350269189626));
#4543=DIRECTION('',(0.,-6.12323399573677E-17,-1.));
#4544=DIRECTION('',(0.577350269189633,0.577350269189592,0.577350269189653));
#4545=DIRECTION('',(0.707106781186548,0.707106781186548,-4.32978028117747E-17));
#4546=DIRECTION('',(0.,-6.12323399573677E-17,-1.));
#4547=DIRECTION('',(-0.577350269189626,0.577350269189626,-0.577350269189626));
#4548=DIRECTION('',(-0.577350269189626,0.577350269189626,0.577350269189626));
#4549=DIRECTION('',(0.,6.12323399573677E-17,1.));
#4550=DIRECTION('',(-6.12323399573677E-17,-1.,6.12323399573677E-17));
#4551=DIRECTION('',(1.,-6.12323399573677E-17,3.74939945665465E-33));
#4552=DIRECTION('',(-6.12323399573677E-17,-1.,6.12323399573677E-17));
#4553=DIRECTION('',(1.,-6.12323399573677E-17,3.74939945665465E-33));
#4554=DIRECTION('',(0.,1.,-6.12323399573677E-17));
#4555=DIRECTION('',(0.,6.12323399573677E-17,1.));
#4556=DIRECTION('',(-6.12323399573677E-17,-1.,6.12323399573677E-17));
#4557=DIRECTION('',(1.,-6.12323399573677E-17,3.74939945665465E-33));
#4558=DIRECTION('',(-6.12323399573677E-17,-1.,6.12323399573677E-17));
#4559=DIRECTION('',(1.,-6.12323399573677E-17,3.74939945665465E-33));
#4560=DIRECTION('',(0.,1.,-6.12323399573677E-17));
#4561=DIRECTION('',(0.,6.12323399573677E-17,1.));
#4562=DIRECTION('',(-6.12323399573677E-17,-1.,6.12323399573677E-17));
#4563=DIRECTION('',(1.,-6.12323399573677E-17,3.74939945665465E-33));
#4564=DIRECTION('',(-6.12323399573677E-17,-1.,6.12323399573677E-17));
#4565=DIRECTION('',(1.,-6.12323399573677E-17,3.74939945665465E-33));
#4566=DIRECTION('',(0.,1.,-6.12323399573677E-17));
#4567=DIRECTION('',(0.,6.12323399573677E-17,1.));
#4568=DIRECTION('',(0.,1.,-6.12323399573677E-17));
#4569=DIRECTION('',(1.,0.,0.));
#4570=DIRECTION('',(-1.,0.,0.));
#4571=DIRECTION('',(-1.,0.,0.));
#4572=DIRECTION('',(0.,6.12323399573677E-17,1.));
#4573=DIRECTION('',(1.,0.,0.));
#4574=DIRECTION('',(0.,-6.12323399573677E-17,-1.));
#4575=DIRECTION('',(0.,-0.707106781186548,0.707106781186548));
#4576=DIRECTION('',(-1.,0.,0.));
#4577=DIRECTION('',(1.,0.,0.));
#4578=DIRECTION('',(0.,0.707106781186548,0.707106781186548));
#4579=DIRECTION('',(-1.,0.,0.));
#4580=DIRECTION('',(0.,-0.707106781186548,-0.707106781186548));
#4581=DIRECTION('',(0.,0.707106781186548,0.707106781186548));
#4582=DIRECTION('',(1.,0.,0.));
#4583=DIRECTION('',(1.,0.,0.));
#4584=DIRECTION('',(0.,-0.707106781187357,0.707106781185738));
#4585=DIRECTION('',(-1.,0.,0.));
#4586=DIRECTION('',(0.,0.707106781187357,-0.707106781185738));
#4587=DIRECTION('',(0.,0.707106781186548,0.707106781186548));
#4588=DIRECTION('',(1.,0.,0.));
#4589=DIRECTION('',(0.,-0.707106781186548,0.707106781186548));
#4590=DIRECTION('',(-1.,0.,0.));
#4591=DIRECTION('',(0.,0.707106781186548,-0.707106781186548));
#4592=DIRECTION('',(0.,-0.707106781186548,0.707106781186548));
#4593=DIRECTION('',(-1.,0.,0.));
#4594=DIRECTION('',(1.,0.,0.));
#4595=DIRECTION('',(0.,0.707106781186548,0.707106781186548));
#4596=DIRECTION('',(-1.,0.,0.));
#4597=DIRECTION('',(0.,-0.707106781186548,-0.707106781186548));
#4598=DIRECTION('',(0.,-6.12323399573677E-17,-1.));
#4599=DIRECTION('',(0.,1.,-6.12323399573677E-17));
#4600=DIRECTION('',(0.,1.,-6.12323399573677E-17));
#4601=DIRECTION('',(-1.,0.,0.));
#4602=DIRECTION('',(0.,-1.,6.12323399573677E-17));
#4603=DIRECTION('',(0.,-6.12323399573677E-17,-1.));
#4604=DIRECTION('',(-1.,0.,0.));
#4605=DIRECTION('',(1.,-7.38929931221138E-33,-1.20676415720126E-16));
#4606=DIRECTION('',(0.,-1.,6.12323399573677E-17));
#4607=DIRECTION('',(1.,-7.38929931221138E-33,-1.20676415720126E-16));
#4608=DIRECTION('',(0.,-1.,6.12323399573677E-17));
#4609=DIRECTION('',(1.,4.42588240054327E-33,7.2280144832367E-17));
#4610=DIRECTION('',(0.,1.,-6.12323399573677E-17));
#4611=DIRECTION('',(1.,-7.38929931221138E-33,-1.20676415720126E-16));
#4612=DIRECTION('',(0.,-1.,6.12323399573677E-17));
#4613=DIRECTION('',(0.,0.707106781186548,0.707106781186548));
#4614=DIRECTION('',(1.,0.,0.));
#4615=DIRECTION('',(-1.,0.,0.));
#4616=DIRECTION('',(0.,-0.707106781186547,0.707106781186548));
#4617=DIRECTION('',(5.11097805561125E-17,0.707106781186547,-0.707106781186548));
#4618=DIRECTION('',(1.,4.42588240054327E-33,7.2280144832367E-17));
#4619=DIRECTION('',(7.2280144832367E-17,-6.12323399573677E-17,-1.));
#4620=DIRECTION('',(1.,0.,0.));
#4621=DIRECTION('',(0.,6.12323399573677E-17,1.));
#4622=DIRECTION('',(1.,4.42588240054327E-33,7.2280144832367E-17));
#4623=DIRECTION('',(1.,0.,0.));
#4624=DIRECTION('',(0.,6.12323399573677E-17,1.));
#4625=DIRECTION('',(0.,-1.,6.12323399573677E-17));
#4626=DIRECTION('',(-1.,0.,0.));
#4627=DIRECTION('',(0.,-6.12323399573677E-17,-1.));
#4628=DIRECTION('',(-7.2280144832367E-17,6.12323399573677E-17,1.));
#4629=DIRECTION('',(0.,0.707106781186548,-0.707106781186548));
#4630=DIRECTION('',(1.,0.,0.));
#4631=DIRECTION('',(1.,0.,0.));
#4632=DIRECTION('',(0.,0.707106781186542,0.707106781186554));
#4633=DIRECTION('',(0.,-0.707106781186542,-0.707106781186554));
#4634=DIRECTION('',(0.,-0.707106781186548,-0.707106781186548));
#4635=DIRECTION('',(-1.,0.,0.));
#4636=DIRECTION('',(1.,0.,0.));
#4637=DIRECTION('',(0.,-0.707106781186548,0.707106781186548));
#4638=DIRECTION('',(-1.,0.,0.));
#4639=DIRECTION('',(0.,0.707106781186548,-0.707106781186548));
#4640=DIRECTION('',(0.,1.,-6.12323399573677E-17));
#4641=DIRECTION('',(-1.,0.,0.));
#4642=DIRECTION('',(0.,6.12323399573677E-17,1.));
#4643=DIRECTION('',(0.,-6.12323399573677E-17,-1.));
#4644=DIRECTION('',(1.,0.,0.));
#4645=DIRECTION('',(-1.,0.,0.));
#4646=DIRECTION('',(0.,6.12323399573677E-17,1.));
#4647=DIRECTION('',(0.,-6.12323399573677E-17,-1.));
#4648=DIRECTION('',(0.,-6.12323399573677E-17,-1.));
#4649=DIRECTION('',(-1.,0.,0.));
#4650=DIRECTION('',(-1.,-8.85176480108654E-33,-1.44560289664734E-16));
#4651=DIRECTION('',(0.,1.,-6.12323399573677E-17));
#4652=DIRECTION('',(-1.,7.38929931221138E-33,1.20676415720126E-16));
#4653=DIRECTION('',(0.,1.,-6.12323399573677E-17));
#4654=DIRECTION('',(1.,-7.38929931221138E-33,-1.20676415720126E-16));
#4655=DIRECTION('',(0.,-1.,6.12323399573677E-17));
#4656=DIRECTION('',(-1.,7.38929931221138E-33,1.20676415720126E-16));
#4657=DIRECTION('',(0.,-1.,6.12323399573677E-17));
#4658=DIRECTION('',(0.,1.,-6.12323399573677E-17));
#4659=DIRECTION('',(1.,0.,0.));
#4660=DIRECTION('',(0.,6.12323399573677E-17,1.));
#4661=DIRECTION('',(0.,6.12323399573677E-17,1.));
#4662=DIRECTION('',(-1.,0.,0.));
#4663=DIRECTION('',(0.,-6.12323399573677E-17,-1.));
#4664=DIRECTION('',(0.,-6.12323399573677E-17,-1.));
#4665=DIRECTION('',(0.,-6.12323399573677E-17,-1.));
#4666=DIRECTION('',(0.,1.,-6.12323399573677E-17));
#4667=DIRECTION('',(0.,-1.,6.12323399573677E-17));
#4668=DIRECTION('',(0.,1.,-6.12323399573677E-17));
#4669=DIRECTION('',(0.,1.,-6.12323399573677E-17));
#4670=DIRECTION('',(1.,0.,0.));
#4671=DIRECTION('',(0.,6.12323399573677E-17,1.));
#4672=DIRECTION('',(0.,-6.12323399573677E-17,-1.));
#4673=DIRECTION('',(-1.,0.,0.));
#4674=DIRECTION('',(0.,6.12323399573677E-17,1.));
#4675=DIRECTION('',(0.,-6.12323399573677E-17,-1.));
#4676=DIRECTION('',(0.,1.,-6.12323399573677E-17));
#4677=DIRECTION('',(0.,-6.12323399573677E-17,-1.));
#4678=DIRECTION('',(0.,1.,-6.12323399573677E-17));
#4679=DIRECTION('',(0.,-6.12323399573677E-17,-1.));
#4680=DIRECTION('',(0.447213595499958,-5.47678698264203E-17,-0.894427190999916));
#4681=DIRECTION('',(0.,1.,-6.12323399573677E-17));
#4682=DIRECTION('',(0.,-6.12323399573677E-17,-1.));
#4683=DIRECTION('',(0.447213595499958,-5.47678698264203E-17,-0.894427190999916));
#4684=DIRECTION('',(0.,1.,-6.12323399573677E-17));
#4685=DIRECTION('',(0.,-6.12323399573677E-17,-1.));
#4686=DIRECTION('',(0.447213595499958,-5.47678698264203E-17,-0.894427190999916));
#4687=DIRECTION('',(0.,1.,-6.12323399573677E-17));
#4688=DIRECTION('',(0.,-6.12323399573677E-17,-1.));
#4689=DIRECTION('',(0.447213595499958,-5.47678698264203E-17,-0.894427190999916));
#4690=DIRECTION('',(0.,-0.707106781186548,0.707106781186548));
#4691=DIRECTION('',(-1.,0.,0.));
#4692=DIRECTION('',(1.02219561112225E-16,-0.707106781186548,-0.707106781186547));
#4693=DIRECTION('',(1.,0.,0.));
#4694=DIRECTION('',(-5.11097805561124E-17,0.707106781186548,0.707106781186547));
#4695=DIRECTION('',(-1.,0.,0.));
#4696=DIRECTION('',(0.,6.12323399573677E-17,1.));
#4697=DIRECTION('',(-1.,-8.85176480108654E-33,-1.44560289664734E-16));
#4698=DIRECTION('',(1.,0.,0.));
#4699=DIRECTION('',(0.,6.12323399573677E-17,1.));
#4700=DIRECTION('',(1.,0.,0.));
#4701=DIRECTION('',(0.,6.12323399573677E-17,1.));
#4702=DIRECTION('',(0.,-1.,6.12323399573677E-17));
#4703=DIRECTION('',(-1.,0.,0.));
#4704=DIRECTION('',(1.44560289664734E-16,-6.12323399573677E-17,-1.));
#4705=DIRECTION('',(-7.2280144832367E-17,6.12323399573677E-17,1.));
#4706=DIRECTION('',(-0.707106781186548,-0.707106781186548,4.32978028117747E-17));
#4707=DIRECTION('',(0.,-6.12323399573677E-17,-1.));
#4708=DIRECTION('',(0.707106781186548,-0.707106781186548,4.32978028117747E-17));
#4709=DIRECTION('',(0.,6.12323399573677E-17,1.));
#4710=DIRECTION('',(-0.707106781186548,0.707106781186548,-4.32978028117747E-17));
#4711=DIRECTION('',(0.,1.,-6.12323399573677E-17));
#4712=DIRECTION('',(0.,1.,-6.12323399573677E-17));
#4713=DIRECTION('',(0.707106781186548,-0.707106781186548,4.32978028117747E-17));
#4714=DIRECTION('',(0.,6.12323399573677E-17,1.));
#4715=DIRECTION('',(-0.577350269189633,-0.577350269189633,0.577350269189612));
#4716=DIRECTION('',(0.,-6.12323399573677E-17,-1.));
#4717=DIRECTION('',(-0.707106781186548,-0.707106781186548,4.32978028117747E-17));
#4718=DIRECTION('',(0.707106781186548,4.32978028117747E-17,0.707106781186548));
#4719=DIRECTION('',(0.,-1.,6.12323399573677E-17));
#4720=DIRECTION('',(0.,-1.,6.12323399573677E-17));
#4721=DIRECTION('',(0.,1.,-6.12323399573677E-17));
#4722=DIRECTION('',(0.,-6.12323399573677E-17,-1.));
#4723=DIRECTION('',(0.,1.,-6.12323399573677E-17));
#4724=DIRECTION('',(0.,-6.12323399573677E-17,-1.));
#4725=DIRECTION('',(0.,6.12323399573677E-17,1.));
#4726=DIRECTION('',(0.,-1.,6.12323399573677E-17));
#4727=DIRECTION('',(0.,-6.12323399573677E-17,-1.));
#4728=DIRECTION('',(0.,-6.12323399573677E-17,-1.));
#4729=DIRECTION('',(0.,1.,-6.12323399573677E-17));
#4730=DIRECTION('',(0.707106781186548,-4.32978028117747E-17,-0.707106781186548));
#4731=DIRECTION('',(0.,1.,-6.12323399573677E-17));
#4732=DIRECTION('',(0.,1.,-6.12323399573677E-17));
#4733=DIRECTION('',(0.,-1.,6.12323399573677E-17));
#4734=DIRECTION('',(0.707106781186548,0.707106781186548,-4.32978028117747E-17));
#4735=DIRECTION('',(0.707106781186548,-0.707106781186548,4.32978028117747E-17));
#4736=DIRECTION('',(0.,-6.12323399573677E-17,-1.));
#4737=DIRECTION('',(0.,1.,-6.12323399573677E-17));
#4738=DIRECTION('',(0.,6.12323399573677E-17,1.));
#4739=DIRECTION('',(0.,-1.,6.12323399573677E-17));
#4740=DIRECTION('',(-1.,0.,0.));
#4741=DIRECTION('',(-0.707106781186548,0.707106781186548,-4.32978028117747E-17));
#4742=DIRECTION('',(0.5,0.5,0.707106781186547));
#4743=DIRECTION('',(-0.707106781186548,0.707106781186548,-4.32978028117747E-17));
#4744=DIRECTION('',(-0.281084637714805,-0.67859834454585,0.67859834454585));
#4745=DIRECTION('',(-0.707106781186548,0.707106781186548,-4.32978028117747E-17));
#4746=DIRECTION('',(0.707106781186548,0.707106781186548,-4.32978028117747E-17));
#4747=DIRECTION('',(0.,-6.12323399573677E-17,-1.));
#4748=DIRECTION('',(0.,6.12323399573677E-17,1.));
#4749=DIRECTION('',(0.707106781186548,-0.707106781186548,4.32978028117747E-17));
#4750=DIRECTION('',(0.500000000000007,0.500000000000007,-0.707106781186537));
#4751=DIRECTION('',(0.707106781186548,-0.707106781186548,4.32978028117747E-17));
#4752=DIRECTION('',(-0.281084637714795,-0.678598344545852,-0.678598344545852));
#4753=DIRECTION('',(0.707106781186548,-0.707106781186548,4.32978028117747E-17));
#4754=DIRECTION('',(0.,-6.12323399573677E-17,-1.));
#4755=DIRECTION('',(-1.,0.,0.));
#4756=DIRECTION('',(0.,-6.12323399573677E-17,-1.));
#4757=DIRECTION('',(0.,1.,-6.12323399573677E-17));
#4758=DIRECTION('',(1.,0.,0.));
#4759=DIRECTION('',(0.,0.707106781186548,0.707106781186548));
#4760=DIRECTION('',(-8.53311118849876E-17,0.707106781186548,-0.707106781186548));
#4761=DIRECTION('',(1.,-7.38929931221138E-33,-1.20676415720126E-16));
#4762=DIRECTION('',(0.577350269189628,-0.577350269189625,-0.577350269189625));
#4763=DIRECTION('',(0.707106781186548,4.32978028117747E-17,0.707106781186548));
#4764=DIRECTION('',(0.,-1.,6.12323399573677E-17));
#4765=DIRECTION('',(0.,-1.,6.12323399573677E-17));
#4766=DIRECTION('',(1.,4.42588240054327E-33,7.2280144832367E-17));
#4767=DIRECTION('',(7.2280144832367E-17,-6.12323399573677E-17,-1.));
#4768=DIRECTION('',(1.,4.42588240054327E-33,7.2280144832367E-17));
#4769=DIRECTION('',(-7.2280144832367E-17,6.12323399573677E-17,1.));
#4770=DIRECTION('',(7.2280144832367E-17,-6.12323399573677E-17,-1.));
#4771=DIRECTION('',(5.11097805561125E-17,0.707106781186547,-0.707106781186548));
#4772=DIRECTION('',(0.707106781186547,-0.5,-0.5));
#4773=DIRECTION('',(-5.11097805561125E-17,-0.707106781186547,0.707106781186548));
#4774=DIRECTION('',(0.67859834454585,0.678598344545848,0.281084637714811));
#4775=DIRECTION('',(0.,-6.12323399573677E-17,-1.));
#4776=DIRECTION('',(0.,1.,-6.12323399573677E-17));
#4777=DIRECTION('',(0.,-1.,6.12323399573677E-17));
#4778=DIRECTION('',(-1.,0.,0.));
#4779=DIRECTION('',(1.,0.,0.));
#4780=DIRECTION('',(-1.,0.,0.));
#4781=DIRECTION('',(0.,6.12323399573677E-17,1.));
#4782=DIRECTION('',(0.,-1.,6.12323399573677E-17));
#4783=DIRECTION('',(0.,0.707106781186548,0.707106781186548));
#4784=DIRECTION('',(1.,0.,0.));
#4785=DIRECTION('',(0.,-0.707106781186548,0.707106781186548));
#4786=DIRECTION('',(-1.,1.44560289664734E-16,1.44560289664734E-16));
#4787=DIRECTION('',(-1.,0.,0.));
#4788=DIRECTION('',(0.,-6.12323399573677E-17,-1.));
#4789=DIRECTION('',(-0.707106781186548,0.707106781186548,-4.32978028117747E-17));
#4790=DIRECTION('',(-3.61400724161835E-17,2.50922675411841E-17,1.));
#4791=DIRECTION('',(0.,-6.12323399573677E-17,-1.));
#4792=DIRECTION('',(0.,1.,-6.12323399573677E-17));
#4793=DIRECTION('',(0.,-6.12323399573677E-17,-1.));
#4794=DIRECTION('',(0.,6.12323399573677E-17,1.));
#4795=DIRECTION('',(0.,-1.,6.12323399573677E-17));
#4796=DIRECTION('',(0.,-6.12323399573677E-17,-1.));
#4797=DIRECTION('',(0.,-6.12323399573677E-17,-1.));
#4798=DIRECTION('',(0.,1.,-6.12323399573677E-17));
#4799=DIRECTION('',(0.,-1.,6.12323399573677E-17));
#4800=DIRECTION('',(-1.,0.,0.));
#4801=DIRECTION('',(-1.,0.,0.));
#4802=DIRECTION('',(0.,6.12323399573677E-17,1.));
#4803=DIRECTION('',(1.,0.,0.));
#4804=DIRECTION('',(0.707106781186548,0.707106781186548,-4.32978028117747E-17));
#4805=DIRECTION('',(0.,-6.12323399573677E-17,-1.));
#4806=DIRECTION('',(0.707106781186548,-0.707106781186548,4.32978028117747E-17));
#4807=DIRECTION('',(-0.707106781186548,0.707106781186548,-4.32978028117747E-17));
#4808=DIRECTION('',(0.,-1.,6.12323399573677E-17));
#4809=DIRECTION('',(1.,0.,0.));
#4810=DIRECTION('',(0.,-6.12323399573677E-17,-1.));
#4811=DIRECTION('',(0.,1.,-6.12323399573677E-17));
#4812=DIRECTION('',(1.,0.,0.));
#4813=DIRECTION('',(0.,-6.12323399573677E-17,-1.));
#4814=DIRECTION('',(0.,1.,-6.12323399573677E-17));
#4815=DIRECTION('',(-2.89120579329468E-16,6.12323399573677E-17,1.));
#4816=DIRECTION('',(0.,-1.,6.12323399573677E-17));
#4817=DIRECTION('',(0.,-6.12323399573677E-17,-1.));
#4818=DIRECTION('',(0.,-1.,6.12323399573677E-17));
#4819=DIRECTION('',(0.,1.,-6.12323399573677E-17));
#4820=DIRECTION('',(0.,-6.12323399573677E-17,-1.));
#4821=DIRECTION('',(-0.707106781186548,0.707106781186548,-4.32978028117747E-17));
#4822=DIRECTION('',(0.,-6.12323399573677E-17,-1.));
#4823=DIRECTION('',(-0.707106781186548,-0.707106781186548,4.32978028117747E-17));
#4824=DIRECTION('',(0.707106781186548,0.707106781186548,-4.32978028117747E-17));
#4825=DIRECTION('',(0.,-6.12323399573677E-17,-1.));
#4826=DIRECTION('',(-0.707106781186554,0.707106781186542,-4.32978028117743E-17));
#4827=DIRECTION('',(0.,-6.12323399573677E-17,-1.));
#4828=DIRECTION('',(0.,1.,-6.12323399573677E-17));
#4829=DIRECTION('',(0.,-1.,6.12323399573677E-17));
#4830=DIRECTION('',(0.,-6.12323399573677E-17,-1.));
#4831=DIRECTION('',(0.,1.,-6.12323399573677E-17));
#4832=DIRECTION('',(-1.,0.,0.));
#4833=DIRECTION('',(-0.707106781186548,0.707106781186548,-4.32978028117747E-17));
#4834=DIRECTION('',(0.,-6.12323399573677E-17,-1.));
#4835=DIRECTION('',(0.,1.,-6.12323399573677E-17));
#4836=DIRECTION('',(1.,0.,0.));
#4837=DIRECTION('',(0.,6.12323399573677E-17,1.));
#4838=DIRECTION('',(0.,-1.,6.12323399573677E-17));
#4839=DIRECTION('',(0.,1.,-6.12323399573677E-17));
#4840=DIRECTION('',(0.707106781186548,-0.707106781186548,4.32978028117747E-17));
#4841=DIRECTION('',(0.,-0.707106781186548,0.707106781186548));
#4842=DIRECTION('',(-1.,0.,0.));
#4843=DIRECTION('',(0.281084637714796,0.678598344545849,0.678598344545855));
#4844=DIRECTION('',(-0.500000000000009,-0.500000000000009,0.707106781186535));
#4845=DIRECTION('',(0.707106781186548,-0.707106781186548,4.32978028117747E-17));
#4846=DIRECTION('',(-0.500000000000007,-0.500000000000007,-0.707106781186537));
#4847=DIRECTION('',(0.707106781186548,-0.707106781186548,4.32978028117747E-17));
#4848=DIRECTION('',(0.281084637714795,0.678598344545852,-0.678598344545852));
#4849=DIRECTION('',(0.,0.707106781186548,0.707106781186548));
#4850=DIRECTION('',(1.,0.,0.));
#4851=DIRECTION('',(-0.707106781186548,-4.32978028117747E-17,-0.707106781186548));
#4852=DIRECTION('',(0.,-1.,6.12323399573677E-17));
#4853=DIRECTION('',(0.577350269189637,0.577350269189597,-0.577350269189642));
#4854=DIRECTION('',(0.,-6.12323399573677E-17,-1.));
#4855=DIRECTION('',(0.,1.,-6.12323399573677E-17));
#4856=DIRECTION('',(0.,6.12323399573677E-17,1.));
#4857=DIRECTION('',(0.,-1.,6.12323399573677E-17));
#4858=DIRECTION('',(-0.707106781186548,4.32978028117747E-17,0.707106781186548));
#4859=DIRECTION('',(0.,1.,-6.12323399573677E-17));
#4860=DIRECTION('',(-0.577350269189626,-0.577350269189626,-0.577350269189626));
#4861=DIRECTION('',(0.707106781186548,-0.707106781186548,4.32978028117747E-17));
#4862=DIRECTION('',(0.,6.12323399573677E-17,1.));
#4863=DIRECTION('',(0.577350269189626,0.577350269189626,0.577350269189626));
#4864=DIRECTION('',(0.707106781186548,-0.707106781186548,4.32978028117747E-17));
#4865=DIRECTION('',(0.,6.12323399573677E-17,1.));
#4866=DIRECTION('',(0.707106781186548,0.707106781186548,-4.32978028117747E-17));
#4867=DIRECTION('',(0.,-0.707106781186548,0.707106781186548));
#4868=DIRECTION('',(-8.53311118849876E-17,-0.707106781186548,-0.707106781186548));
#4869=DIRECTION('',(-1.,7.38929931221138E-33,1.20676415720126E-16));
#4870=DIRECTION('',(-0.577350269189626,0.577350269189626,-0.577350269189626));
#4871=DIRECTION('',(-0.707106781186547,0.5,-0.5));
#4872=DIRECTION('',(5.11097805561124E-17,-0.707106781186548,-0.707106781186547));
#4873=DIRECTION('',(-0.67859834454585,-0.678598344545847,0.281084637714814));
#4874=DIRECTION('',(5.11097805561124E-17,-0.707106781186548,-0.707106781186547));
#4875=DIRECTION('',(1.,4.42588240054327E-33,7.2280144832367E-17));
#4876=DIRECTION('',(7.2280144832367E-17,-6.12323399573677E-17,-1.));
#4877=DIRECTION('',(1.,4.42588240054327E-33,7.2280144832367E-17));
#4878=DIRECTION('',(-7.2280144832367E-17,6.12323399573677E-17,1.));
#4879=DIRECTION('',(0.,1.,-6.12323399573677E-17));
#4880=DIRECTION('',(7.2280144832367E-17,-6.12323399573677E-17,-1.));
#4881=DIRECTION('',(-0.707106781186548,4.32978028117747E-17,0.707106781186548));
#4882=DIRECTION('',(0.,1.,-6.12323399573677E-17));
#4883=DIRECTION('',(-0.707106781186548,0.707106781186548,-4.32978028117747E-17));
#4884=DIRECTION('',(-3.61400724161835E-17,2.50922675411841E-17,1.));
#4885=DIRECTION('',(-1.,0.,0.));
#4886=DIRECTION('',(0.,-6.12323399573677E-17,-1.));
#4887=DIRECTION('',(0.,6.12323399573677E-17,1.));
#4888=DIRECTION('',(1.,0.,0.));
#4889=DIRECTION('',(2.89120579329468E-16,6.12323399573677E-17,1.));
#4890=DIRECTION('',(0.,-6.12323399573677E-17,-1.));
#4891=DIRECTION('',(0.,1.,-6.12323399573677E-17));
#4892=DIRECTION('',(2.89120579329468E-16,6.12323399573677E-17,1.));
#4893=DIRECTION('',(0.,-6.12323399573677E-17,-1.));
#4894=DIRECTION('',(0.,1.,-6.12323399573677E-17));
#4895=DIRECTION('',(0.,6.12323399573677E-17,1.));
#4896=DIRECTION('',(1.,0.,0.));
#4897=DIRECTION('',(2.89120579329468E-16,6.12323399573677E-17,1.));
#4898=DIRECTION('',(0.,-6.12323399573677E-17,-1.));
#4899=DIRECTION('',(0.,1.,-6.12323399573677E-17));
#4900=DIRECTION('',(2.89120579329468E-16,6.12323399573677E-17,1.));
#4901=DIRECTION('',(0.,-6.12323399573677E-17,-1.));
#4902=DIRECTION('',(0.,1.,-6.12323399573677E-17));
#4903=DIRECTION('',(0.,-1.,6.12323399573677E-17));
#4904=DIRECTION('',(0.,-6.12323399573677E-17,-1.));
#4905=DIRECTION('',(0.,-1.,6.12323399573677E-17));
#4906=DIRECTION('',(0.,1.,-6.12323399573677E-17));
#4907=DIRECTION('',(0.,6.12323399573677E-17,1.));
#4908=DIRECTION('',(0.,-1.,6.12323399573677E-17));
#4909=DIRECTION('',(-0.89442719099992,-2.73839349132096E-17,-0.447213595499949));
#4910=DIRECTION('',(0.447213595499949,-5.47678698264206E-17,-0.894427190999921));
#4911=DIRECTION('',(0.447213595499949,-5.47678698264206E-17,-0.894427190999921));
#4912=DIRECTION('',(0.,-1.,6.12323399573677E-17));
#4913=DIRECTION('',(0.,-1.,6.12323399573677E-17));
#4914=DIRECTION('',(0.,-6.12323399573677E-17,-1.));
#4915=DIRECTION('',(0.,1.,-6.12323399573677E-17));
#4916=DIRECTION('',(0.,6.12323399573677E-17,1.));
#4917=DIRECTION('',(0.,-1.,6.12323399573677E-17));
#4918=DIRECTION('',(-0.894427190999921,-2.73839349132096E-17,-0.447213595499949));
#4919=DIRECTION('',(0.447213595499949,-5.47678698264206E-17,-0.894427190999921));
#4920=DIRECTION('',(-0.447213595499949,5.47678698264206E-17,0.894427190999921));
#4921=DIRECTION('',(0.,-1.,6.12323399573677E-17));
#4922=DIRECTION('',(0.,-6.12323399573677E-17,-1.));
#4923=DIRECTION('',(0.,-1.,6.12323399573677E-17));
#4924=DIRECTION('',(0.,1.,-6.12323399573677E-17));
#4925=DIRECTION('',(0.,6.12323399573677E-17,1.));
#4926=DIRECTION('',(0.,-1.,6.12323399573677E-17));
#4927=DIRECTION('',(-0.894427190999916,-2.73839349132101E-17,-0.447213595499958));
#4928=DIRECTION('',(0.447213595499958,-5.47678698264203E-17,-0.894427190999916));
#4929=DIRECTION('',(-0.447213595499958,5.47678698264203E-17,0.894427190999916));
#4930=DIRECTION('',(0.,-1.,6.12323399573677E-17));
#4931=DIRECTION('',(0.,-1.,6.12323399573677E-17));
#4932=DIRECTION('',(0.,-6.12323399573677E-17,-1.));
#4933=DIRECTION('',(0.,1.,-6.12323399573677E-17));
#4934=DIRECTION('',(0.,6.12323399573677E-17,1.));
#4935=DIRECTION('',(0.,-1.,6.12323399573677E-17));
#4936=DIRECTION('',(-0.894427190999916,-2.73839349132101E-17,-0.447213595499958));
#4937=DIRECTION('',(0.447213595499958,-5.47678698264203E-17,-0.894427190999916));
#4938=DIRECTION('',(0.447213595499958,-5.47678698264203E-17,-0.894427190999916));
#4939=DIRECTION('',(0.,1.,-6.12323399573677E-17));
#4940=DIRECTION('',(0.,6.12323399573677E-17,1.));
#4941=DIRECTION('',(0.,1.,-6.12323399573677E-17));
#4942=DIRECTION('',(0.,6.12323399573677E-17,1.));
#4943=DIRECTION('',(0.,6.12323399573677E-17,1.));
#4944=DIRECTION('',(0.,-1.,6.12323399573677E-17));
#4945=DIRECTION('',(0.,-6.12323399573677E-17,-1.));
#4946=DIRECTION('',(0.,1.,-6.12323399573677E-17));
#4947=DIRECTION('',(0.,0.707106781186548,0.707106781186548));
#4948=DIRECTION('',(1.,0.,0.));
#4949=DIRECTION('',(1.,0.,0.));
#4950=DIRECTION('',(-1.,0.,0.));
#4951=DIRECTION('',(0.281084637714805,-0.67859834454585,0.67859834454585));
#4952=DIRECTION('',(0.,-1.,6.12323399573677E-17));
#4953=DIRECTION('',(-1.,0.,0.));
#4954=DIRECTION('',(0.,-6.12323399573677E-17,-1.));
#4955=DIRECTION('',(-1.,0.,0.));
#4956=DIRECTION('',(0.,-0.707106781186548,0.707106781186548));
#4957=DIRECTION('',(-1.,0.,0.));
#4958=DIRECTION('',(1.,0.,0.));
#4959=DIRECTION('',(-0.281084637714804,0.678598344545848,0.678598344545853));
#4960=DIRECTION('',(0.,-6.12323399573677E-17,-1.));
#4961=DIRECTION('',(0.,1.,-6.12323399573677E-17));
#4962=DIRECTION('',(0.,-6.12323399573677E-17,-1.));
#4963=DIRECTION('',(0.,1.,-6.12323399573677E-17));
#4964=DIRECTION('',(0.,6.12323399573677E-17,1.));
#4965=DIRECTION('',(0.,-1.,6.12323399573677E-17));
#4966=DIRECTION('',(0.,-6.12323399573677E-17,-1.));
#4967=DIRECTION('',(0.,1.,-6.12323399573677E-17));
#4968=DIRECTION('',(0.,0.707106781186548,0.707106781186548));
#4969=DIRECTION('',(1.,0.,0.));
#4970=DIRECTION('',(1.,0.,0.));
#4971=DIRECTION('',(-1.,0.,0.));
#4972=DIRECTION('',(0.281084637714794,-0.678598344545853,0.678598344545853));
#4973=DIRECTION('',(0.,-1.,6.12323399573677E-17));
#4974=DIRECTION('',(-1.,0.,0.));
#4975=DIRECTION('',(0.,-6.12323399573677E-17,-1.));
#4976=DIRECTION('',(-1.,1.7703529602173E-32,2.89120579329468E-16));
#4977=DIRECTION('',(0.,-0.707106781186548,0.707106781186548));
#4978=DIRECTION('',(-1.,1.44560289664734E-16,1.44560289664734E-16));
#4979=DIRECTION('',(1.,-1.7703529602173E-32,-2.89120579329468E-16));
#4980=DIRECTION('',(-0.281084637714792,0.678598344545855,0.678598344545851));
#4981=DIRECTION('',(0.,-6.12323399573677E-17,-1.));
#4982=DIRECTION('',(0.,1.,-6.12323399573677E-17));
#4983=DIRECTION('',(-2.89120579329468E-16,-6.12323399573677E-17,-1.));
#4984=DIRECTION('',(1.,-1.7703529602173E-32,-2.89120579329468E-16));
#4985=DIRECTION('',(-0.707106781186548,0.707106781186548,-4.32978028117747E-17));
#4986=DIRECTION('',(0.,6.12323399573677E-17,1.));
#4987=DIRECTION('',(0.707106781186529,0.707106781186566,-4.32978028117758E-17));
#4988=DIRECTION('',(-0.707106781186548,-0.707106781186548,4.32978028117747E-17));
#4989=DIRECTION('',(0.,-6.12323399573677E-17,-1.));
#4990=DIRECTION('',(1.,0.,0.));
#4991=DIRECTION('',(0.,6.12323399573677E-17,1.));
#4992=DIRECTION('',(1.,0.,0.));
#4993=DIRECTION('',(0.,6.12323399573677E-17,1.));
#4994=DIRECTION('',(-0.707106781186548,-0.707106781186548,4.32978028117747E-17));
#4995=DIRECTION('',(0.,-6.12323399573677E-17,-1.));
#4996=DIRECTION('',(0.,6.12323399573677E-17,1.));
#4997=DIRECTION('',(0.678598344545847,-0.678598344545838,-0.281084637714842));
#4998=DIRECTION('',(0.700158640994674,0.707106781186641,0.0988831504370625));
#4999=DIRECTION('',(0.,-0.707106781186546,-0.707106781186549));
#5000=DIRECTION('',(0.,-0.707106781186548,0.707106781186548));
#5001=DIRECTION('',(-1.,0.,0.));
#5002=DIRECTION('',(0.,0.707106781186546,0.707106781186549));
#5003=DIRECTION('',(-0.707106781186548,-0.707106781186548,4.32978028117747E-17));
#5004=DIRECTION('',(-0.707106781186548,0.707106781186548,-4.32978028117747E-17));
#5005=DIRECTION('',(0.,-6.12323399573677E-17,-1.));
#5006=DIRECTION('',(0.707106781186548,0.707106781186548,-4.32978028117747E-17));
#5007=DIRECTION('',(0.707106781186548,-0.707106781186548,4.32978028117747E-17));
#5008=DIRECTION('',(0.707106781186548,0.707106781186548,-4.32978028117747E-17));
#5009=DIRECTION('',(0.,-6.12323399573677E-17,-1.));
#5010=DIRECTION('',(-0.707106781186554,0.707106781186542,-4.32978028117743E-17));
#5011=DIRECTION('',(0.,-0.707106781186546,0.707106781186549));
#5012=DIRECTION('',(0.,-0.707106781186548,-0.707106781186548));
#5013=DIRECTION('',(0.,0.707106781186548,-0.707106781186548));
#5014=DIRECTION('',(0.,0.707106781186546,-0.707106781186549));
#5015=DIRECTION('',(0.700158640994704,-0.707106781186491,0.0988831504379247));
#5016=DIRECTION('',(1.,0.,0.));
#5017=DIRECTION('',(0.,-6.12323399573677E-17,-1.));
#5018=DIRECTION('',(0.,1.,-6.12323399573677E-17));
#5019=DIRECTION('',(0.,-1.,6.12323399573677E-17));
#5020=DIRECTION('',(0.,1.,-6.12323399573677E-17));
#5021=DIRECTION('',(1.,0.,0.));
#5022=DIRECTION('',(0.,-6.12323399573677E-17,-1.));
#5023=DIRECTION('',(0.,6.12323399573677E-17,1.));
#5024=DIRECTION('',(0.,-1.,6.12323399573677E-17));
#5025=DIRECTION('',(0.,6.12323399573677E-17,1.));
#5026=DIRECTION('',(0.,-1.,6.12323399573677E-17));
#5027=DIRECTION('',(0.,1.,-6.12323399573677E-17));
#5028=DIRECTION('',(0.,6.12323399573677E-17,1.));
#5029=DIRECTION('',(0.,-1.,6.12323399573677E-17));
#5030=DIRECTION('',(2.89120579329468E-16,6.12323399573677E-17,1.));
#5031=DIRECTION('',(0.,1.,-6.12323399573677E-17));
#5032=DIRECTION('',(0.,-1.,6.12323399573677E-17));
#5033=DIRECTION('',(0.,1.,-6.12323399573677E-17));
#5034=DIRECTION('',(1.,0.,0.));
#5035=DIRECTION('',(0.,6.12323399573677E-17,1.));
#5036=DIRECTION('',(1.,8.85176480108654E-33,1.44560289664734E-16));
#5037=DIRECTION('',(-1.44560289664734E-16,6.12323399573677E-17,1.));
#5038=DIRECTION('',(-0.707106781186548,-0.707106781186548,4.32978028117747E-17));
#5039=DIRECTION('',(0.,-6.12323399573677E-17,-1.));
#5040=DIRECTION('',(-1.44560289664734E-16,6.12323399573677E-17,1.));
#5041=DIRECTION('',(-0.678598344545851,0.678598344545847,-0.281084637714812));
#5042=DIRECTION('',(0.,-1.,6.12323399573677E-17));
#5043=DIRECTION('',(0.,-6.12323399573677E-17,-1.));
#5044=DIRECTION('',(-0.632455532033676,0.707106781186553,-0.316227766016826));
#5045=DIRECTION('',(-0.632455532033676,-0.707106781186553,-0.316227766016826));
#5046=DIRECTION('',(-0.632455532033696,0.707106781186529,-0.31622776601684));
#5047=DIRECTION('',(0.447213595499949,-5.47678698264206E-17,-0.894427190999921));
#5048=DIRECTION('',(-0.632455532033666,-0.707106781186569,-0.316227766016809));
#5049=DIRECTION('',(0.,-1.,6.12323399573677E-17));
#5050=DIRECTION('',(0.,-6.12323399573677E-17,-1.));
#5051=DIRECTION('',(-0.632455532033676,0.707106781186553,-0.316227766016826));
#5052=DIRECTION('',(-0.632455532033685,-0.707106781186541,-0.316227766016834));
#5053=DIRECTION('',(-0.447213595499949,5.47678698264206E-17,0.894427190999921));
#5054=DIRECTION('',(0.,-1.,6.12323399573677E-17));
#5055=DIRECTION('',(0.,-6.12323399573677E-17,-1.));
#5056=DIRECTION('',(0.632455532033668,0.707106781186559,0.316227766016828));
#5057=DIRECTION('',(0.632455532033668,-0.707106781186559,0.316227766016828));
#5058=DIRECTION('',(-0.632455532033695,-0.707106781186526,-0.316227766016848));
#5059=DIRECTION('',(-0.447213595499958,5.47678698264203E-17,0.894427190999916));
#5060=DIRECTION('',(0.632455532033661,-0.707106781186564,0.316227766016831));
#5061=DIRECTION('',(0.,-1.,6.12323399573677E-17));
#5062=DIRECTION('',(0.,-6.12323399573677E-17,-1.));
#5063=DIRECTION('',(0.632455532033676,0.707106781186553,0.316227766016826));
#5064=DIRECTION('',(-0.632455532033684,0.707106781186538,-0.316227766016842));
#5065=DIRECTION('',(0.447213595499958,-5.47678698264203E-17,-0.894427190999916));
#5066=DIRECTION('',(0.,-1.,6.12323399573677E-17));
#5067=DIRECTION('',(0.,-6.12323399573677E-17,-1.));
#5068=DIRECTION('',(-0.707106781186547,-0.5,0.5));
#5069=DIRECTION('',(-1.02219561112225E-16,0.707106781186548,0.707106781186547));
#5070=DIRECTION('',(-1.02219561112225E-16,0.707106781186548,0.707106781186547));
#5071=DIRECTION('',(1.,0.,0.));
#5072=DIRECTION('',(0.,-6.12323399573677E-17,-1.));
#5073=DIRECTION('',(0.,-1.,6.12323399573677E-17));
#5074=DIRECTION('',(-0.707106781186548,-4.32978028117747E-17,-0.707106781186548));
#5075=DIRECTION('',(0.,-1.,6.12323399573677E-17));
#5076=DIRECTION('',(0.577350269189628,0.577350269189625,-0.577350269189625));
#5077=DIRECTION('',(-8.53311118849876E-17,-0.707106781186548,-0.707106781186548));
#5078=DIRECTION('',(-1.,7.38929931221138E-33,1.20676415720126E-16));
#5079=DIRECTION('',(0.,0.707106781186548,-0.707106781186548));
#5080=DIRECTION('',(0.707106781186548,-0.707106781186548,4.32978028117747E-17));
#5081=DIRECTION('',(0.707106781186548,0.707106781186548,-4.32978028117747E-17));
#5082=DIRECTION('',(0.,-6.12323399573677E-17,-1.));
#5083=DIRECTION('',(-0.577350269189626,0.577350269189626,0.577350269189626));
#5084=DIRECTION('',(-0.707106781186548,-4.32978028117747E-17,-0.707106781186548));
#5085=DIRECTION('',(0.,-1.,6.12323399573677E-17));
#5086=DIRECTION('',(0.,1.,-6.12323399573677E-17));
#5087=DIRECTION('',(0.,-6.12323399573677E-17,-1.));
#5088=DIRECTION('',(0.,1.,-6.12323399573677E-17));
#5089=DIRECTION('',(-0.707106781186548,-0.707106781186548,4.32978028117747E-17));
#5090=DIRECTION('',(-0.5,0.5,0.707106781186547));
#5091=DIRECTION('',(-0.707106781186548,-0.707106781186548,4.32978028117747E-17));
#5092=DIRECTION('',(0.707106781186548,0.707106781186548,-4.32978028117747E-17));
#5093=DIRECTION('',(0.707106781186548,-0.707106781186548,4.32978028117747E-17));
#5094=DIRECTION('',(0.,6.12323399573677E-17,1.));
#5095=DIRECTION('',(-0.707106781186548,-0.707106781186548,4.32978028117747E-17));
#5096=DIRECTION('',(0.500000000000007,-0.500000000000007,0.707106781186538));
#5097=DIRECTION('',(-0.707106781186548,-0.707106781186548,4.32978028117747E-17));
#5098=DIRECTION('',(0.707106781186548,0.707106781186548,-4.32978028117747E-17));
#5099=DIRECTION('',(0.,-6.12323399573677E-17,-1.));
#5100=DIRECTION('',(0.,1.,-6.12323399573677E-17));
#5101=DIRECTION('',(0.,-1.,6.12323399573677E-17));
#5102=DIRECTION('',(0.707106781186548,-4.32978028117747E-17,-0.707106781186548));
#5103=DIRECTION('',(0.,1.,-6.12323399573677E-17));
#5104=DIRECTION('',(-0.577350269189624,0.577350269189624,-0.577350269189629));
#5105=DIRECTION('',(0.707106781186548,0.707106781186548,-4.32978028117747E-17));
#5106=DIRECTION('',(0.,-6.12323399573677E-17,-1.));
#5107=DIRECTION('',(-0.577350269189626,0.577350269189626,0.577350269189626));
#5108=DIRECTION('',(-0.707106781186548,-4.32978028117747E-17,-0.707106781186548));
#5109=DIRECTION('',(0.,-1.,6.12323399573677E-17));
#5110=DIRECTION('',(0.,1.,-6.12323399573677E-17));
#5111=DIRECTION('',(0.,-6.12323399573677E-17,-1.));
#5112=DIRECTION('',(0.,1.,-6.12323399573677E-17));
#5113=DIRECTION('',(-0.707106781186548,-0.707106781186548,4.32978028117747E-17));
#5114=DIRECTION('',(-0.500000000000008,0.500000000000008,0.707106781186537));
#5115=DIRECTION('',(0.707106781186548,0.707106781186548,-4.32978028117747E-17));
#5116=DIRECTION('',(0.707106781186548,0.707106781186548,-4.32978028117747E-17));
#5117=DIRECTION('',(0.707106781186548,-0.707106781186548,4.32978028117747E-17));
#5118=DIRECTION('',(0.,6.12323399573677E-17,1.));
#5119=DIRECTION('',(-0.707106781186548,-0.707106781186548,2.47736925036225E-16));
#5120=DIRECTION('',(0.500000000000007,-0.500000000000007,0.707106781186538));
#5121=DIRECTION('',(0.707106781186548,0.707106781186548,-2.47736925036225E-16));
#5122=DIRECTION('',(0.707106781186548,0.707106781186548,-2.47736925036225E-16));
#5123=DIRECTION('',(0.,-6.12323399573677E-17,-1.));
#5124=DIRECTION('',(-1.,0.,0.));
#5125=DIRECTION('',(0.,-1.,6.12323399573677E-17));
#5126=DIRECTION('',(0.707106781186548,-4.32978028117747E-17,-0.707106781186548));
#5127=DIRECTION('',(0.,1.,-6.12323399573677E-17));
#5128=DIRECTION('',(-0.577350269189626,0.577350269189626,-0.577350269189626));
#5129=DIRECTION('',(0.707106781186548,0.707106781186548,-4.32978028117747E-17));
#5130=DIRECTION('',(0.,-6.12323399573677E-17,-1.));
#5131=DIRECTION('',(-0.707106781186548,0.707106781186548,-4.32978028117747E-17));
#5132=DIRECTION('',(0.,-0.707106781186548,-0.707106781186548));
#5133=DIRECTION('',(-8.53311118849876E-17,0.707106781186548,-0.707106781186548));
#5134=DIRECTION('',(1.,-7.38929931221138E-33,-1.20676415720126E-16));
#5135=DIRECTION('',(-0.577350269189628,-0.577350269189625,-0.577350269189625));
#5136=DIRECTION('',(0.707106781186548,-4.32978028117747E-17,-0.707106781186548));
#5137=DIRECTION('',(0.,1.,-6.12323399573677E-17));
#5138=DIRECTION('',(0.,1.,-6.12323399573677E-17));
#5139=DIRECTION('',(1.,0.,0.));
#5140=DIRECTION('',(0.,-6.12323399573677E-17,-1.));
#5141=DIRECTION('',(0.,-0.707106781186547,0.707106781186548));
#5142=DIRECTION('',(0.707106781186548,0.5,0.5));
#5143=DIRECTION('',(0.,-0.707106781186547,0.707106781186548));
#5144=DIRECTION('',(0.707106781186548,-0.707106781186548,4.32978028117747E-17));
#5145=DIRECTION('',(0.,6.12323399573677E-17,1.));
#5146=DIRECTION('',(0.577350269189626,0.577350269189626,0.577350269189625));
#5147=DIRECTION('',(0.,6.12323399573677E-17,1.));
#5148=DIRECTION('',(-0.678598344545846,-0.678598344545846,0.281084637714825));
#5149=DIRECTION('',(0.,-6.12323399573677E-17,-1.));
#5150=DIRECTION('',(-0.707106781186548,-0.707106781186548,4.32978028117747E-17));
#5151=DIRECTION('',(0.,-6.12323399573677E-17,-1.));
#5152=DIRECTION('',(0.577350269189626,-0.577350269189626,-0.577350269189625));
#5153=DIRECTION('',(0.,6.12323399573677E-17,1.));
#5154=DIRECTION('',(-0.577350269189626,0.577350269189626,0.577350269189626));
#5155=DIRECTION('',(0.,-6.12323399573677E-17,-1.));
#5156=DIRECTION('',(0.,0.707106781186548,-0.707106781186548));
#5157=DIRECTION('',(-1.,3.06161699786838E-17,3.06161699786838E-17));
#5158=DIRECTION('',(1.,-6.12323399573677E-17,3.74939945665465E-33));
#5159=DIRECTION('',(-0.577350269189626,-0.577350269189626,-0.577350269189626));
#5160=DIRECTION('',(-1.,6.12323399573677E-17,-3.74939945665465E-33));
#5161=DIRECTION('',(-0.707106781186548,0.707106781186548,-4.32978028117747E-17));
#5162=DIRECTION('',(0.,6.12323399573677E-17,1.));
#5163=DIRECTION('',(0.,-6.12323399573677E-17,-1.));
#5164=DIRECTION('',(-0.577350269189626,-0.577350269189626,-0.577350269189625));
#5165=DIRECTION('',(0.,6.12323399573677E-17,1.));
#5166=DIRECTION('',(0.707106781186548,0.707106781186548,-4.32978028117747E-17));
#5167=DIRECTION('',(0.,-6.12323399573677E-17,-1.));
#5168=DIRECTION('',(-0.577350269189626,0.577350269189626,0.577350269189625));
#5169=DIRECTION('',(0.,6.12323399573677E-17,1.));
#5170=DIRECTION('',(0.678598344545847,-0.678598344545847,0.281084637714821));
#5171=DIRECTION('',(0.,-6.12323399573677E-17,-1.));
#5172=DIRECTION('',(0.5,0.707106781186548,0.5));
#5173=DIRECTION('',(0.707106781186548,-8.65956056235494E-17,-0.707106781186548));
#5174=DIRECTION('',(-0.707106781186548,8.65956056235494E-17,0.707106781186548));
#5175=DIRECTION('',(0.281084637714822,-0.678598344545847,0.678598344545847));
#5176=DIRECTION('',(0.707106781186548,-8.65956056235494E-17,-0.707106781186548));
#5177=DIRECTION('',(-6.12323399573677E-17,-1.,6.12323399573677E-17));
#5178=DIRECTION('',(1.,-6.12323399573677E-17,3.74939945665465E-33));
#5179=DIRECTION('',(1.,-6.12323399573677E-17,3.74939945665465E-33));
#5180=DIRECTION('',(0.707106781186548,0.,0.707106781186548));
#5181=DIRECTION('',(-1.,6.12323399573677E-17,-3.74939945665465E-33));
#5182=DIRECTION('',(-1.,6.12323399573677E-17,-3.74939945665465E-33));
#5183=DIRECTION('',(-0.5,0.707106781186548,0.5));
#5184=DIRECTION('',(0.707106781186548,0.,0.707106781186548));
#5185=DIRECTION('',(0.281084637714825,0.678598344545846,-0.678598344545846));
#5186=DIRECTION('',(-0.707106781186548,0.,-0.707106781186548));
#5187=DIRECTION('',(-1.,6.12323399573677E-17,-3.74939945665465E-33));
#5188=DIRECTION('',(-6.12323399573677E-17,-1.,6.12323399573677E-17));
#5189=DIRECTION('',(-4.32978028117747E-17,-0.707106781186548,-0.707106781186547));
#5190=DIRECTION('',(6.12323399573677E-17,1.,-6.12323399573677E-17));
#5191=DIRECTION('',(0.,0.707106781186548,-0.707106781186548));
#5192=DIRECTION('',(-1.,0.,0.));
#5193=DIRECTION('',(4.32978028117747E-17,0.707106781186548,0.707106781186547));
#5194=DIRECTION('',(1.,-6.12323399573677E-17,3.74939945665465E-33));
#5195=DIRECTION('',(6.12323399573677E-17,1.,-6.12323399573677E-17));
#5196=DIRECTION('',(-6.12323399573677E-17,-1.,6.12323399573677E-17));
#5197=DIRECTION('',(0.,6.12323399573677E-17,1.));
#5198=DIRECTION('',(0.,-1.,6.12323399573677E-17));
#5199=DIRECTION('',(-6.12323399573677E-17,-1.,6.12323399573677E-17));
#5200=DIRECTION('',(1.,-6.12323399573677E-17,3.74939945665465E-33));
#5201=DIRECTION('',(6.12323399573677E-17,1.,-6.12323399573677E-17));
#5202=DIRECTION('',(-4.32978028117747E-17,-0.707106781186548,-0.707106781186547));
#5203=DIRECTION('',(0.,0.707106781186548,-0.707106781186548));
#5204=DIRECTION('',(-1.,0.,0.));
#5205=DIRECTION('',(4.32978028117747E-17,0.707106781186548,0.707106781186547));
#5206=DIRECTION('',(-1.,6.12323399573677E-17,-3.74939945665465E-33));
#5207=DIRECTION('',(-6.12323399573677E-17,-1.,6.12323399573677E-17));
#5208=DIRECTION('',(6.12323399573677E-17,1.,-6.12323399573677E-17));
#5209=DIRECTION('',(-0.707106781186548,-9.86076131526265E-32,-0.707106781186548));
#5210=DIRECTION('',(0.707106781186548,-4.32978028117747E-17,-0.707106781186548));
#5211=DIRECTION('',(-0.577350269189626,-0.577350269189626,0.577350269189626));
#5212=DIRECTION('',(0.,0.707106781186548,0.707106781186548));
#5213=DIRECTION('',(1.,0.,0.));
#5214=DIRECTION('',(-0.577350269189626,0.577350269189626,-0.577350269189626));
#5215=DIRECTION('',(0.707106781186548,-8.65956056235493E-17,-0.707106781186548));
#5216=DIRECTION('',(0.707106781186548,4.32978028117747E-17,0.707106781186548));
#5217=DIRECTION('',(-6.12323399573677E-17,-1.,6.12323399573677E-17));
#5218=DIRECTION('',(1.,-6.12323399573677E-17,3.74939945665465E-33));
#5219=DIRECTION('',(-6.12323399573677E-17,-1.,6.12323399573677E-17));
#5220=DIRECTION('',(1.,-6.12323399573677E-17,3.74939945665465E-33));
#5221=DIRECTION('',(0.,1.,-6.12323399573677E-17));
#5222=DIRECTION('',(0.,6.12323399573677E-17,1.));
#5223=DIRECTION('',(-6.12323399573677E-17,-1.,6.12323399573677E-17));
#5224=DIRECTION('',(1.,-6.12323399573677E-17,3.74939945665465E-33));
#5225=DIRECTION('',(-6.12323399573677E-17,-1.,6.12323399573677E-17));
#5226=DIRECTION('',(1.,-6.12323399573677E-17,3.74939945665465E-33));
#5227=DIRECTION('',(0.,1.,-6.12323399573677E-17));
#5228=DIRECTION('',(0.,6.12323399573677E-17,1.));
#5229=DIRECTION('',(-6.12323399573677E-17,-1.,6.12323399573677E-17));
#5230=DIRECTION('',(1.,-6.12323399573677E-17,3.74939945665465E-33));
#5231=DIRECTION('',(-6.12323399573677E-17,-1.,6.12323399573677E-17));
#5232=DIRECTION('',(1.,-6.12323399573677E-17,3.74939945665465E-33));
#5233=DIRECTION('',(0.,1.,-6.12323399573677E-17));
#5234=DIRECTION('',(0.,6.12323399573677E-17,1.));
#5235=DIRECTION('',(0.707106781186548,-0.707106781186548,4.32978028117747E-17));
#5236=DIRECTION('',(0.,6.12323399573677E-17,1.));
#5237=DIRECTION('',(0.577350269189626,0.577350269189626,0.577350269189625));
#5238=DIRECTION('',(0.,6.12323399573677E-17,1.));
#5239=DIRECTION('',(-0.678598344545846,-0.678598344545846,0.281084637714825));
#5240=DIRECTION('',(0.,-6.12323399573677E-17,-1.));
#5241=DIRECTION('',(-0.707106781186548,-0.707106781186548,4.32978028117747E-17));
#5242=DIRECTION('',(0.,-6.12323399573677E-17,-1.));
#5243=DIRECTION('',(0.577350269189626,-0.577350269189626,-0.577350269189625));
#5244=DIRECTION('',(0.,6.12323399573677E-17,1.));
#5245=DIRECTION('',(-0.577350269189626,0.577350269189626,0.577350269189626));
#5246=DIRECTION('',(0.,-6.12323399573677E-17,-1.));
#5247=DIRECTION('',(0.,0.707106781186548,-0.707106781186548));
#5248=DIRECTION('',(-1.,3.06161699786838E-17,3.06161699786838E-17));
#5249=DIRECTION('',(1.,-6.12323399573677E-17,3.74939945665465E-33));
#5250=DIRECTION('',(-0.577350269189626,-0.577350269189626,-0.577350269189626));
#5251=DIRECTION('',(-1.,6.12323399573677E-17,-3.74939945665465E-33));
#5252=DIRECTION('',(-0.707106781186548,0.707106781186548,-4.32978028117747E-17));
#5253=DIRECTION('',(0.,6.12323399573677E-17,1.));
#5254=DIRECTION('',(0.,-6.12323399573677E-17,-1.));
#5255=DIRECTION('',(-0.577350269189626,-0.577350269189626,-0.577350269189625));
#5256=DIRECTION('',(0.,6.12323399573677E-17,1.));
#5257=DIRECTION('',(0.707106781186548,0.707106781186548,-4.32978028117747E-17));
#5258=DIRECTION('',(0.,-6.12323399573677E-17,-1.));
#5259=DIRECTION('',(-0.577350269189626,0.577350269189626,0.577350269189625));
#5260=DIRECTION('',(0.,6.12323399573677E-17,1.));
#5261=DIRECTION('',(0.678598344545847,-0.678598344545847,0.281084637714821));
#5262=DIRECTION('',(0.,-6.12323399573677E-17,-1.));
#5263=DIRECTION('',(0.5,0.707106781186548,0.5));
#5264=DIRECTION('',(0.707106781186548,-8.65956056235494E-17,-0.707106781186548));
#5265=DIRECTION('',(-0.707106781186548,8.65956056235494E-17,0.707106781186548));
#5266=DIRECTION('',(0.281084637714822,-0.678598344545847,0.678598344545847));
#5267=DIRECTION('',(0.707106781186548,-8.65956056235494E-17,-0.707106781186548));
#5268=DIRECTION('',(-6.12323399573677E-17,-1.,6.12323399573677E-17));
#5269=DIRECTION('',(1.,-6.12323399573677E-17,3.74939945665465E-33));
#5270=DIRECTION('',(1.,-6.12323399573677E-17,3.74939945665465E-33));
#5271=DIRECTION('',(0.707106781186548,0.,0.707106781186548));
#5272=DIRECTION('',(-1.,6.12323399573677E-17,-3.74939945665465E-33));
#5273=DIRECTION('',(-1.,6.12323399573677E-17,-3.74939945665465E-33));
#5274=DIRECTION('',(-0.5,0.707106781186548,0.5));
#5275=DIRECTION('',(0.707106781186548,0.,0.707106781186548));
#5276=DIRECTION('',(0.281084637714825,0.678598344545846,-0.678598344545846));
#5277=DIRECTION('',(-0.707106781186548,0.,-0.707106781186548));
#5278=DIRECTION('',(-1.,6.12323399573677E-17,-3.74939945665465E-33));
#5279=DIRECTION('',(-6.12323399573677E-17,-1.,6.12323399573677E-17));
#5280=DIRECTION('',(-4.32978028117747E-17,-0.707106781186548,-0.707106781186547));
#5281=DIRECTION('',(6.12323399573677E-17,1.,-6.12323399573677E-17));
#5282=DIRECTION('',(0.,0.707106781186548,-0.707106781186548));
#5283=DIRECTION('',(-1.,0.,0.));
#5284=DIRECTION('',(4.32978028117747E-17,0.707106781186548,0.707106781186547));
#5285=DIRECTION('',(1.,-6.12323399573677E-17,3.74939945665465E-33));
#5286=DIRECTION('',(6.12323399573677E-17,1.,-6.12323399573677E-17));
#5287=DIRECTION('',(-6.12323399573677E-17,-1.,6.12323399573677E-17));
#5288=DIRECTION('',(0.,6.12323399573677E-17,1.));
#5289=DIRECTION('',(0.,-1.,6.12323399573677E-17));
#5290=DIRECTION('',(-6.12323399573677E-17,-1.,6.12323399573677E-17));
#5291=DIRECTION('',(1.,-6.12323399573677E-17,3.74939945665465E-33));
#5292=DIRECTION('',(6.12323399573677E-17,1.,-6.12323399573677E-17));
#5293=DIRECTION('',(-4.32978028117747E-17,-0.707106781186548,-0.707106781186547));
#5294=DIRECTION('',(0.,0.707106781186548,-0.707106781186548));
#5295=DIRECTION('',(-1.,0.,0.));
#5296=DIRECTION('',(4.32978028117747E-17,0.707106781186548,0.707106781186547));
#5297=DIRECTION('',(-1.,6.12323399573677E-17,-3.74939945665465E-33));
#5298=DIRECTION('',(-6.12323399573677E-17,-1.,6.12323399573677E-17));
#5299=DIRECTION('',(6.12323399573677E-17,1.,-6.12323399573677E-17));
#5300=DIRECTION('',(-0.707106781186548,-9.86076131526265E-32,-0.707106781186548));
#5301=DIRECTION('',(0.707106781186548,-4.32978028117747E-17,-0.707106781186548));
#5302=DIRECTION('',(-0.577350269189626,-0.577350269189626,0.577350269189626));
#5303=DIRECTION('',(0.,0.707106781186548,0.707106781186548));
#5304=DIRECTION('',(1.,0.,0.));
#5305=DIRECTION('',(-0.577350269189626,0.577350269189626,-0.577350269189626));
#5306=DIRECTION('',(0.707106781186548,-8.65956056235493E-17,-0.707106781186548));
#5307=DIRECTION('',(0.707106781186548,4.32978028117747E-17,0.707106781186548));
#5308=DIRECTION('',(0.,1.,-6.12323399573677E-17));
#5309=DIRECTION('',(1.,0.,0.));
#5310=DIRECTION('',(0.,1.,-6.12323399573677E-17));
#5311=DIRECTION('',(1.,0.,0.));
#5312=DIRECTION('',(0.,1.,-6.12323399573677E-17));
#5313=DIRECTION('',(1.,0.,0.));
#5314=DIRECTION('',(0.,1.,-6.12323399573677E-17));
#5315=DIRECTION('',(1.,0.,0.));
#5316=DIRECTION('',(0.,1.,-6.12323399573677E-17));
#5317=DIRECTION('',(1.,0.,0.));
#5318=DIRECTION('',(0.,1.,-6.12323399573677E-17));
#5319=DIRECTION('',(1.,0.,0.));
#5320=DIRECTION('',(0.,0.707106781186548,0.707106781186548));
#5321=DIRECTION('',(1.,0.,0.));
#5322=DIRECTION('',(1.,0.,0.));
#5323=DIRECTION('',(-1.,0.,0.));
#5324=DIRECTION('',(0.281084637714794,-0.678598344545853,0.678598344545853));
#5325=DIRECTION('',(0.,-1.,6.12323399573677E-17));
#5326=DIRECTION('',(-1.,0.,0.));
#5327=DIRECTION('',(2.89120579329468E-16,6.12323399573677E-17,1.));
#5328=DIRECTION('',(0.,-6.12323399573677E-17,-1.));
#5329=DIRECTION('',(-1.,1.7703529602173E-32,2.89120579329468E-16));
#5330=DIRECTION('',(0.,-0.707106781186548,0.707106781186548));
#5331=DIRECTION('',(-1.,1.44560289664734E-16,1.44560289664734E-16));
#5332=DIRECTION('',(1.,-1.7703529602173E-32,-2.89120579329468E-16));
#5333=DIRECTION('',(-0.281084637714792,0.678598344545855,0.678598344545851));
#5334=DIRECTION('',(0.,6.12323399573677E-17,1.));
#5335=DIRECTION('',(1.,0.,0.));
#5336=DIRECTION('',(0.,-6.12323399573677E-17,-1.));
#5337=DIRECTION('',(0.,1.,-6.12323399573677E-17));
#5338=DIRECTION('',(0.,-6.12323399573677E-17,-1.));
#5339=DIRECTION('',(0.,1.,-6.12323399573677E-17));
#5340=DIRECTION('',(0.,-6.12323399573677E-17,-1.));
#5341=DIRECTION('',(0.,1.,-6.12323399573677E-17));
#5342=DIRECTION('',(-2.89120579329468E-16,-6.12323399573677E-17,-1.));
#5343=DIRECTION('',(1.,-1.7703529602173E-32,-2.89120579329468E-16));
#5344=DIRECTION('',(0.,6.12323399573677E-17,1.));
#5345=DIRECTION('',(0.,-1.,6.12323399573677E-17));
#5346=DIRECTION('',(0.,-6.12323399573677E-17,-1.));
#5347=DIRECTION('',(0.,1.,-6.12323399573677E-17));
#5348=DIRECTION('',(-0.707106781186548,-4.32978028117747E-17,-0.707106781186548));
#5349=DIRECTION('',(0.,-1.,6.12323399573677E-17));
#5350=DIRECTION('',(0.,1.,-6.12323399573677E-17));
#5351=DIRECTION('',(0.707106781186548,-4.32978028117747E-17,-0.707106781186548));
#5352=DIRECTION('',(0.,1.,-6.12323399573677E-17));
#5353=DIRECTION('',(0.,-1.,6.12323399573677E-17));
#5354=DIRECTION('',(0.,-6.12323399573677E-17,-1.));
#5355=DIRECTION('',(-1.,0.,0.));
#5356=DIRECTION('',(0.707106781186548,0.707106781186548,-2.47736925036225E-16));
#5357=DIRECTION('',(0.500000000000007,-0.500000000000007,0.707106781186538));
#5358=DIRECTION('',(0.707106781186548,0.707106781186548,-2.47736925036225E-16));
#5359=DIRECTION('',(-0.707106781186548,-0.707106781186548,2.47736925036225E-16));
#5360=DIRECTION('',(0.707106781186548,-0.707106781186548,4.32978028117747E-17));
#5361=DIRECTION('',(0.,6.12323399573677E-17,1.));
#5362=DIRECTION('',(0.707106781186548,0.707106781186548,-4.32978028117747E-17));
#5363=DIRECTION('',(-0.500000000000008,0.500000000000008,0.707106781186537));
#5364=DIRECTION('',(0.707106781186548,0.707106781186548,-4.32978028117747E-17));
#5365=DIRECTION('',(-0.707106781186548,-0.707106781186548,4.32978028117747E-17));
#5366=DIRECTION('',(0.,-6.12323399573677E-17,-1.));
#5367=DIRECTION('',(0.,1.,-6.12323399573677E-17));
#5368=DIRECTION('',(0.,0.707106781186548,0.707106781186548));
#5369=DIRECTION('',(-1.,0.,0.));
#5370=DIRECTION('',(-1.,0.,0.));
#5371=DIRECTION('',(-0.281084637714794,-0.678598344545853,0.678598344545853));
#5372=DIRECTION('',(1.,0.,0.));
#5373=DIRECTION('',(0.,-0.707106781186548,0.707106781186548));
#5374=DIRECTION('',(1.,1.44560289664734E-16,1.44560289664734E-16));
#5375=DIRECTION('',(-1.,-1.7703529602173E-32,-2.89120579329468E-16));
#5376=DIRECTION('',(0.281084637714792,0.678598344545855,0.678598344545851));
#5377=DIRECTION('',(1.,1.7703529602173E-32,2.89120579329468E-16));
#5378=DIRECTION('',(0.,-6.12323399573677E-17,-1.));
#5379=DIRECTION('',(0.,1.,-6.12323399573677E-17));
#5380=DIRECTION('',(0.,6.12323399573677E-17,1.));
#5381=DIRECTION('',(0.,1.,-6.12323399573677E-17));
#5382=DIRECTION('',(-2.89120579329468E-16,6.12323399573677E-17,1.));
#5383=DIRECTION('',(-1.,-1.7703529602173E-32,-2.89120579329468E-16));
#5384=DIRECTION('',(0.,-1.,6.12323399573677E-17));
#5385=DIRECTION('',(1.,0.,0.));
#5386=DIRECTION('',(-2.89120579329468E-16,6.12323399573677E-17,1.));
#5387=DIRECTION('',(0.,-6.12323399573677E-17,-1.));
#5388=DIRECTION('',(0.,6.12323399573677E-17,1.));
#5389=DIRECTION('',(0.,-1.,6.12323399573677E-17));
#5390=DIRECTION('',(0.,6.12323399573677E-17,1.));
#5391=DIRECTION('',(0.,1.,-6.12323399573677E-17));
#5392=DIRECTION('',(0.,6.12323399573677E-17,1.));
#5393=DIRECTION('',(0.,1.,-6.12323399573677E-17));
#5394=DIRECTION('',(0.,-6.12323399573677E-17,-1.));
#5395=DIRECTION('',(0.,1.,-6.12323399573677E-17));
#5396=DIRECTION('',(0.707106781186548,-0.707106781186548,4.32978028117747E-17));
#5397=DIRECTION('',(0.,1.,-6.12323399573677E-17));
#5398=DIRECTION('',(0.500000000000008,0.500000000000008,0.707106781186537));
#5399=DIRECTION('',(-0.707106781186548,0.707106781186548,-4.32978028117747E-17));
#5400=DIRECTION('',(-0.707106781186548,0.707106781186548,-4.32978028117747E-17));
#5401=DIRECTION('',(-0.707106781186548,-0.707106781186548,4.32978028117747E-17));
#5402=DIRECTION('',(0.,6.12323399573677E-17,1.));
#5403=DIRECTION('',(0.707106781186548,-0.707106781186548,2.47736925036225E-16));
#5404=DIRECTION('',(-0.500000000000007,-0.500000000000007,0.707106781186538));
#5405=DIRECTION('',(-0.707106781186548,0.707106781186548,-2.47736925036225E-16));
#5406=DIRECTION('',(-0.707106781186548,0.707106781186548,-2.47736925036225E-16));
#5407=DIRECTION('',(0.,-6.12323399573677E-17,-1.));
#5408=DIRECTION('',(1.,0.,0.));
#5409=DIRECTION('',(0.,-1.,6.12323399573677E-17));
#5410=DIRECTION('',(-0.707106781186548,-4.32978028117747E-17,-0.707106781186548));
#5411=DIRECTION('',(0.,1.,-6.12323399573677E-17));
#5412=DIRECTION('',(0.,6.12323399573677E-17,1.));
#5413=DIRECTION('',(-1.,0.,0.));
#5414=DIRECTION('',(0.707106781186548,-4.32978028117747E-17,-0.707106781186548));
#5415=DIRECTION('',(0.,-1.,6.12323399573677E-17));
#5416=CARTESIAN_POINT('',(0.,0.,0.));
#5417=CARTESIAN_POINT('',(1.36116034425097E-7,-0.0093956919723597,-0.00660429111212535));
#5418=CARTESIAN_POINT('',(0.0228653415859126,-0.0093956919723597,-0.0294694965820035));
#5419=CARTESIAN_POINT('',(0.0455001361160344,-0.0093956919723597,-0.00683470205188155));
#5420=CARTESIAN_POINT('',(0.0357001361160344,-0.0093956919723597,-0.0166347020518815));
#5421=CARTESIAN_POINT('',(1.36116034425097E-7,-0.0093956919723597,-0.0166347020518815));
#5422=CARTESIAN_POINT('',(0.0203001361160344,-0.0093956919723597,-0.0166347020518815));
#5423=CARTESIAN_POINT('',(0.00513493064615634,-0.0093956919723597,-0.00146949658200346));
#5424=CARTESIAN_POINT('',(0.0105001361160344,-0.0093956919723597,-0.00683470205188155));
#5425=CARTESIAN_POINT('',(0.0105001361160344,-0.0093956919723597,-0.00660429111212535));
#5426=CARTESIAN_POINT('',(0.0105001361160344,-0.0093956919723597,0.0151652979481184));
#5427=CARTESIAN_POINT('',(1.36116034425097E-7,-0.0093956919723597,0.0151652979481184));
#5428=CARTESIAN_POINT('',(0.0264001361160344,-0.0093956919723597,0.0151652979481184));
#5429=CARTESIAN_POINT('',(0.0264001361160344,-0.0093956919723597,-0.00660429111212535));
#5430=CARTESIAN_POINT('',(0.0264001361160344,-0.0093956919723597,-0.000634702051881653));
#5431=CARTESIAN_POINT('',(1.36116034425097E-7,-0.0093956919723597,-0.000634702051881653));
#5432=CARTESIAN_POINT('',(0.0296001361160344,-0.0093956919723597,-0.000634702051881653));
#5433=CARTESIAN_POINT('',(0.0296001361160344,-0.0093956919723597,-0.00660429111212535));
#5434=CARTESIAN_POINT('',(0.0296001361160344,-0.0093956919723597,0.0151652979481184));
#5435=CARTESIAN_POINT('',(1.36116034425097E-7,-0.0093956919723597,0.0151652979481184));
#5436=CARTESIAN_POINT('',(0.0455001361160344,-0.0093956919723597,0.0151652979481184));
#5437=CARTESIAN_POINT('',(0.0455001361160344,-0.0093956919723597,-0.00660429111212535));
#5438=CARTESIAN_POINT('',(-0.0344998638839656,-0.0093956919723597,-0.00660429111212535));
#5439=CARTESIAN_POINT('',(-0.0344998638839656,-0.0093956919723597,-0.00683470205188155));
#5440=CARTESIAN_POINT('',(-0.0344998638839656,-0.00939569197235969,0.0151652979481184));
#5441=CARTESIAN_POINT('',(-0.0571346584140874,-0.0093956919723597,-0.0294694965820035));
#5442=CARTESIAN_POINT('',(-0.0442998638839656,-0.00939569197235969,-0.0166347020518816));
#5443=CARTESIAN_POINT('',(-0.0799998638839656,-0.0093956919723597,-0.0166347020518815));
#5444=CARTESIAN_POINT('',(-0.0596998638839656,-0.0093956919723597,-0.0166347020518815));
#5445=CARTESIAN_POINT('',(-0.0748650693538437,-0.0093956919723597,-0.00146949658200346));
#5446=CARTESIAN_POINT('',(-0.0694998638839656,-0.0093956919723597,-0.00683470205188155));
#5447=CARTESIAN_POINT('',(-0.0694998638839656,-0.0093956919723597,-0.00660429111212535));
#5448=CARTESIAN_POINT('',(-0.0694998638839656,-0.00939569197235969,0.0151652979481184));
#5449=CARTESIAN_POINT('',(-0.0799998638839656,-0.00939569197235969,0.0151652979481184));
#5450=CARTESIAN_POINT('',(-0.0535998638839656,-0.00939569197235969,0.0151652979481184));
#5451=CARTESIAN_POINT('',(-0.0535998638839656,-0.0093956919723597,-0.00660429111212535));
#5452=CARTESIAN_POINT('',(-0.0535998638839656,-0.0093956919723597,-0.000634702051881653));
#5453=CARTESIAN_POINT('',(-0.0799998638839656,-0.0093956919723597,-0.000634702051881653));
#5454=CARTESIAN_POINT('',(-0.0503998638839656,-0.0093956919723597,-0.000634702051881653));
#5455=CARTESIAN_POINT('',(-0.0503998638839656,-0.0093956919723597,-0.00660429111212535));
#5456=CARTESIAN_POINT('',(-0.0503998638839656,-0.00939569197235969,0.0151652979481184));
#5457=CARTESIAN_POINT('',(-0.0799998638839656,-0.00939569197235969,0.0151652979481184));
#5458=CARTESIAN_POINT('',(-0.0746998638859656,-0.00939569197235971,-0.0648042911141254));
#5459=CARTESIAN_POINT('',(-0.0746998638859656,-0.00939569197235971,-0.0621042911141254));
#5460=CARTESIAN_POINT('',(-0.0782548173020653,-0.0093956919723597,-0.0337317678211752));
#5461=CARTESIAN_POINT('',(-0.0621148173016654,-0.00939569197235971,-0.0660117678219753));
#5462=CARTESIAN_POINT('',(-0.0696148173016654,-0.00939569197235971,-0.0510117678219753));
#5463=CARTESIAN_POINT('',(-0.0671998638859656,-0.00939569197235971,-0.0498042911141254));
#5464=CARTESIAN_POINT('',(-0.0647849104702658,-0.00939569197235971,-0.0485968144062755));
#5465=CARTESIAN_POINT('',(-0.0572849104702659,-0.00939569197235971,-0.0635968144062755));
#5466=CARTESIAN_POINT('',(-0.0572849104702659,-0.00939569197235971,-0.0635968144062755));
#5467=CARTESIAN_POINT('',(-0.0596998638859656,-0.00939569197235971,-0.0648042911141254));
#5468=CARTESIAN_POINT('',(-0.0647849104702659,-0.00939569197235971,-0.0635968144062755));
#5469=CARTESIAN_POINT('',(-0.0685349104702658,-0.00939569197235971,-0.0560968144062756));
#5470=CARTESIAN_POINT('',(-0.0647849104702659,-0.00939569197235971,-0.0635968144062755));
#5471=CARTESIAN_POINT('',(-0.0671998638859657,-0.00939569197235971,-0.0648042911141254));
#5472=CARTESIAN_POINT('',(-0.0696148173016655,-0.00939569197235971,-0.0660117678219753));
#5473=CARTESIAN_POINT('',(-0.0842548173020655,-0.0093956919723597,-0.0367317678211746));
#5474=CARTESIAN_POINT('',(-0.0733648173016654,-0.00939569197235971,-0.0585117678219753));
#5475=CARTESIAN_POINT('',(-0.0709498638859656,-0.00939569197235971,-0.0573042911141254));
#5476=CARTESIAN_POINT('',(0.0650001361160344,-0.00939569197235969,0.0143957088878746));
#5477=CARTESIAN_POINT('',(0.0644001361160344,-0.0093956919723597,0.0143957088878746));
#5478=CARTESIAN_POINT('',(0.0579658215409837,-0.00939569197235969,0.0143957088878747));
#5479=CARTESIAN_POINT('',(0.0639501361160344,-0.00939569197235969,0.0148457088878746));
#5480=CARTESIAN_POINT('',(0.0646001361160344,-0.0093956919723597,0.0141957088878746));
#5481=CARTESIAN_POINT('',(0.0646001361160344,-0.0093956919723597,0.0377957088878747));
#5482=CARTESIAN_POINT('',(0.0646001361160344,-0.0093956919723597,0.0675957088878746));
#5483=CARTESIAN_POINT('',(0.0139501361160354,-0.0093956919723597,0.0169457088878739));
#5484=CARTESIAN_POINT('',(0.0644001361160344,-0.0093956919723597,0.0673957088878746));
#5485=CARTESIAN_POINT('',(0.0682446361160344,-0.0093956919723597,0.0673957088878746));
#5486=CARTESIAN_POINT('',(0.0579658215409836,-0.0093956919723597,0.0673957088878746));
#5487=CARTESIAN_POINT('',(0.0450638301724901,-0.0093956919723597,0.076518794475347));
#5488=CARTESIAN_POINT('',(0.0574001361160344,-0.0093956919723597,0.0677957088878746));
#5489=CARTESIAN_POINT('',(0.0574001361160344,-0.0093956919723597,0.0233957088878746));
#5490=CARTESIAN_POINT('',(0.0574001361160344,-0.0093956919723597,0.0789957088878746));
#5491=CARTESIAN_POINT('',(-0.00207662190661322,-0.0093956919723597,0.0369392899670679));
#5492=CARTESIAN_POINT('',(0.0579658215409835,-0.0093956919723597,0.0793957088878746));
#5493=CARTESIAN_POINT('',(0.0650001361160344,-0.0093956919723597,0.0793957088878746));
#5494=CARTESIAN_POINT('',(0.0644001361160344,-0.0093956919723597,0.0793957088878746));
#5495=CARTESIAN_POINT('',(0.0639501361160334,-0.0093956919723597,0.0798457088878757));
#5496=CARTESIAN_POINT('',(0.0646001361160344,-0.0093956919723597,0.0791957088878747));
#5497=CARTESIAN_POINT('',(0.0646001361160344,-0.0093956919723597,0.0813957088878747));
#5498=CARTESIAN_POINT('',(0.0646001361160344,-0.0093956919723597,0.0813957088878747));
#5499=CARTESIAN_POINT('',(0.0646001361160344,-0.0093956919723597,0.0813957088878747));
#5500=CARTESIAN_POINT('',(0.0645995574377071,-0.0093956919723597,0.0822940190881689));
#5501=CARTESIAN_POINT('',(0.0644453452366904,-0.0093956919723597,0.0840842052570336));
#5502=CARTESIAN_POINT('',(0.063161924851042,-0.0093956919723597,0.0865679636875457));
#5503=CARTESIAN_POINT('',(0.0606941519901474,-0.0093956919723597,0.0878377478221386));
#5504=CARTESIAN_POINT('',(0.0588976638631621,-0.0093956919723597,0.0879944422568842));
#5505=CARTESIAN_POINT('',(0.0580001361160344,-0.0093956919723597,0.0879957088878746));
#5506=CARTESIAN_POINT('',(0.0580001361160344,-0.0093956919723597,0.0879957088878746));
#5507=CARTESIAN_POINT('',(1.36116034425097E-7,-0.0093956919723597,0.0879957088878746));
#5508=CARTESIAN_POINT('',(0.00580013611603444,-0.0093956919723597,0.0879957088878746));
#5509=CARTESIAN_POINT('',(0.0352001361160344,-0.0093956919723597,0.0585957088878747));
#5510=CARTESIAN_POINT('',(0.00600013611603444,-0.0093956919723597,0.0877957088878747));
#5511=CARTESIAN_POINT('',(0.00600013611603444,-0.0093956919723597,0.0883957088878747));
#5512=CARTESIAN_POINT('',(0.00600013611603444,-0.0093956919723597,0.0813613943128239));
#5513=CARTESIAN_POINT('',(-0.0233251500440377,-0.0093956919723597,0.0398891769047785));
#5514=CARTESIAN_POINT('',(0.00560013611603443,-0.0093956919723597,0.0807957088878747));
#5515=CARTESIAN_POINT('',(1.36116034425097E-7,-0.0093956919723597,0.0807957088878747));
#5516=CARTESIAN_POINT('',(-0.0295998638839656,-0.0093956919723597,0.0807957088878747));
#5517=CARTESIAN_POINT('',(-0.000674577723893885,-0.0093956919723597,0.0398891769047778));
#5518=CARTESIAN_POINT('',(-0.0299998638839655,-0.0093956919723597,0.0813613943128238));
#5519=CARTESIAN_POINT('',(-0.0299998638839655,-0.0093956919723597,0.0883957088878747));
#5520=CARTESIAN_POINT('',(-0.0299998638839655,-0.0093956919723597,0.0877957088878747));
#5521=CARTESIAN_POINT('',(-0.0591998638839656,-0.0093956919723597,0.0585957088878747));
#5522=CARTESIAN_POINT('',(-0.0297998638839655,-0.0093956919723597,0.0879957088878746));
#5523=CARTESIAN_POINT('',(-0.0239998638839656,-0.0093956919723597,0.0879957088878746));
#5524=CARTESIAN_POINT('',(-0.0819998638839656,-0.0093956919723597,0.0879957088878746));
#5525=CARTESIAN_POINT('',(-0.0819998638839656,-0.0093956919723597,0.0879957088878746));
#5526=CARTESIAN_POINT('',(-0.0828981740842597,-0.0093956919723597,0.0879951302095473));
#5527=CARTESIAN_POINT('',(-0.0846883602531231,-0.0093956919723597,0.087840918008531));
#5528=CARTESIAN_POINT('',(-0.0871721186836368,-0.0093956919723597,0.0865574976228825));
#5529=CARTESIAN_POINT('',(-0.0884419028182294,-0.0093956919723597,0.0840897247619876));
#5530=CARTESIAN_POINT('',(-0.0885985972529752,-0.0093956919723597,0.0822932366350024));
#5531=CARTESIAN_POINT('',(-0.0885998638839656,-0.0093956919723597,0.0813957088878747));
#5532=CARTESIAN_POINT('',(-0.0885998638839656,-0.0093956919723597,0.0813957088878747));
#5533=CARTESIAN_POINT('',(-0.0885998638839656,-0.0093956919723597,0.0233957088878746));
#5534=CARTESIAN_POINT('',(-0.0885998638839656,-0.0093956919723597,0.0791957088878747));
#5535=CARTESIAN_POINT('',(-0.0879498638839656,-0.0093956919723597,0.0798457088878747));
#5536=CARTESIAN_POINT('',(-0.0883998638839656,-0.0093956919723597,0.0793957088878746));
#5537=CARTESIAN_POINT('',(-0.0889998638839656,-0.0093956919723597,0.0793957088878746));
#5538=CARTESIAN_POINT('',(-0.0819655493089149,-0.0093956919723597,0.0793957088878746));
#5539=CARTESIAN_POINT('',(-0.0219231058613178,-0.0093956919723597,0.0369392899670679));
#5540=CARTESIAN_POINT('',(-0.0813998638839656,-0.0093956919723597,0.0789957088878746));
#5541=CARTESIAN_POINT('',(-0.0813998638839656,-0.0093956919723597,0.0673957088878746));
#5542=CARTESIAN_POINT('',(-0.0813998638839656,-0.0093956919723597,0.0677957088878746));
#5543=CARTESIAN_POINT('',(-0.0690635579404216,-0.0093956919723597,0.0765187944753467));
#5544=CARTESIAN_POINT('',(-0.0819655493089149,-0.0093956919723597,0.0673957088878746));
#5545=CARTESIAN_POINT('',(-0.0942618638839656,-0.0093956919723597,0.0673957088878746));
#5546=CARTESIAN_POINT('',(-0.0883998638839656,-0.0093956919723597,0.0673957088878746));
#5547=CARTESIAN_POINT('',(-0.0379498638839656,-0.0093956919723597,0.0169457088878746));
#5548=CARTESIAN_POINT('',(-0.0885998638839656,-0.0093956919723597,0.0675957088878746));
#5549=CARTESIAN_POINT('',(-0.0885998638839656,-0.0093956919723597,-0.00660429111212535));
#5550=CARTESIAN_POINT('',(-0.0885998638839656,-0.00939569197235969,0.0141957088878746));
#5551=CARTESIAN_POINT('',(-0.0879498638839656,-0.00939569197235969,0.0148457088878746));
#5552=CARTESIAN_POINT('',(-0.0883998638839656,-0.00939569197235969,0.0143957088878746));
#5553=CARTESIAN_POINT('',(-0.0889998638839656,-0.00939569197235969,0.0143957088878746));
#5554=CARTESIAN_POINT('',(-0.0819655493089149,-0.00939569197235969,0.0143957088878746));
#5555=CARTESIAN_POINT('',(-0.0219231058613179,-0.00939569197235969,-0.0280607100329321));
#5556=CARTESIAN_POINT('',(-0.0813998638839656,-0.00939569197235969,0.0139957088878746));
#5557=CARTESIAN_POINT('',(-0.0813998638839656,-0.00939569197235969,0.00239570888787462));
#5558=CARTESIAN_POINT('',(-0.0813998638839656,-0.00939569197235969,0.00279570888787463));
#5559=CARTESIAN_POINT('',(-0.0690635579404216,-0.00939569197235969,0.0115187944753467));
#5560=CARTESIAN_POINT('',(-0.0819655493089148,-0.00939569197235969,0.00239570888787462));
#5561=CARTESIAN_POINT('',(-0.0942618638839656,-0.00939569197235969,0.00239570888787462));
#5562=CARTESIAN_POINT('',(-0.0883998638839656,-0.00939569197235969,0.00239570888787462));
#5563=CARTESIAN_POINT('',(-0.0379498638839656,-0.00939569197235969,-0.0480542911121253));
#5564=CARTESIAN_POINT('',(-0.0885998638839656,-0.00939569197235969,0.00259570888787465));
#5565=CARTESIAN_POINT('',(-0.0885998638839656,-0.0093956919723597,-0.00660429111212535));
#5566=CARTESIAN_POINT('',(-0.0885998638839656,-0.00939569197235971,-0.0508042911121254));
#5567=CARTESIAN_POINT('',(-0.0379498638839659,-0.0093956919723597,-0.000154291112125366));
#5568=CARTESIAN_POINT('',(-0.0883998638839656,-0.00939569197235971,-0.0506042911121254));
#5569=CARTESIAN_POINT('',(-0.0971458638839656,-0.00939569197235971,-0.0506042911121254));
#5570=CARTESIAN_POINT('',(-0.0819655493089149,-0.00939569197235971,-0.0506042911121254));
#5571=CARTESIAN_POINT('',(-0.0690635579404215,-0.00939569197235971,-0.0597273766995976));
#5572=CARTESIAN_POINT('',(-0.0813998638839656,-0.00939569197235971,-0.0510042911121253));
#5573=CARTESIAN_POINT('',(-0.0813998638839656,-0.00939569197235971,-0.0626042911121254));
#5574=CARTESIAN_POINT('',(-0.0813998638839656,-0.00939569197235971,-0.0622042911121254));
#5575=CARTESIAN_POINT('',(-0.0219231058613177,-0.0093956919723597,-0.0201478721913189));
#5576=CARTESIAN_POINT('',(-0.0819655493089149,-0.00939569197235971,-0.0626042911121254));
#5577=CARTESIAN_POINT('',(-0.0889998638839656,-0.00939569197235971,-0.0626042911121254));
#5578=CARTESIAN_POINT('',(-0.0883998638839656,-0.00939569197235971,-0.0626042911121254));
#5579=CARTESIAN_POINT('',(-0.0879498638839656,-0.00939569197235971,-0.0630542911121254));
#5580=CARTESIAN_POINT('',(-0.0885998638839656,-0.00939569197235971,-0.0624042911121254));
#5581=CARTESIAN_POINT('',(-0.0885998638839656,-0.0093956919723597,-0.00660429111212535));
#5582=CARTESIAN_POINT('',(-0.0885998638839656,-0.00939569197235971,-0.0646042911121254));
#5583=CARTESIAN_POINT('',(-0.0885998638839656,-0.00939569197235971,-0.0646042911121254));
#5584=CARTESIAN_POINT('',(-0.0885992852056383,-0.00939569197235971,-0.0655026013124192));
#5585=CARTESIAN_POINT('',(-0.0884450730046228,-0.00939569197235971,-0.0672927874812799));
#5586=CARTESIAN_POINT('',(-0.0871616526189739,-0.00939569197235971,-0.0697765459117966));
#5587=CARTESIAN_POINT('',(-0.084693879758079,-0.00939569197235972,-0.0710463300463889));
#5588=CARTESIAN_POINT('',(-0.0828973916310933,-0.00939569197235971,-0.071203024481135));
#5589=CARTESIAN_POINT('',(-0.0819998638839656,-0.00939569197235971,-0.0712042911121254));
#5590=CARTESIAN_POINT('',(-0.0819998638839656,-0.00939569197235971,-0.0712042911121254));
#5591=CARTESIAN_POINT('',(-0.0295998638839656,-0.00939569197235971,-0.0712042911121254));
#5592=CARTESIAN_POINT('',(-0.0297998638839655,-0.00939569197235971,-0.0712042911121254));
#5593=CARTESIAN_POINT('',(-0.0591998638839656,-0.0093956919723597,-0.0418042911121254));
#5594=CARTESIAN_POINT('',(-0.0299998638839655,-0.00939569197235971,-0.0710042911121254));
#5595=CARTESIAN_POINT('',(-0.0299998638839655,-0.00939569197235971,-0.0716042911121254));
#5596=CARTESIAN_POINT('',(-0.0299998638839655,-0.00939569197235971,-0.0645699765370747));
#5597=CARTESIAN_POINT('',(-0.000674577723893486,-0.0093956919723597,-0.0230977591290293));
#5598=CARTESIAN_POINT('',(-0.0295998638839656,-0.00939569197235971,-0.0640042911121254));
#5599=CARTESIAN_POINT('',(0.00600013611603444,-0.00939569197235971,-0.0640042911121254));
#5600=CARTESIAN_POINT('',(0.00560013611603443,-0.00939569197235971,-0.0640042911121254));
#5601=CARTESIAN_POINT('',(-0.0233251500440377,-0.0093956919723597,-0.0230977591290293));
#5602=CARTESIAN_POINT('',(0.00600013611603444,-0.00939569197235971,-0.0645699765370747));
#5603=CARTESIAN_POINT('',(0.00600013611603444,-0.00939569197235971,-0.0716042911121254));
#5604=CARTESIAN_POINT('',(0.00600013611603444,-0.00939569197235971,-0.0710042911121254));
#5605=CARTESIAN_POINT('',(0.0352001361160344,-0.0093956919723597,-0.0418042911121254));
#5606=CARTESIAN_POINT('',(0.00580013611603444,-0.00939569197235971,-0.0712042911121254));
#5607=CARTESIAN_POINT('',(0.0505001361160344,-0.00939569197235971,-0.0712042911121254));
#5608=CARTESIAN_POINT('',(0.0580001361160344,-0.00939569197235971,-0.0712042911121254));
#5609=CARTESIAN_POINT('',(0.0580001361160344,-0.00939569197235971,-0.0712042911121254));
#5610=CARTESIAN_POINT('',(0.0588984463163285,-0.00939569197235971,-0.0712037124337981));
#5611=CARTESIAN_POINT('',(0.0606886324851919,-0.00939569197235971,-0.0710495002327818));
#5612=CARTESIAN_POINT('',(0.0631723909157055,-0.00939569197235971,-0.0697660798471332));
#5613=CARTESIAN_POINT('',(0.0644421750502982,-0.00939569197235971,-0.0672983069862385));
#5614=CARTESIAN_POINT('',(0.064598869485044,-0.00939569197235971,-0.0655018188592531));
#5615=CARTESIAN_POINT('',(0.0646001361160344,-0.00939569197235971,-0.0646042911121254));
#5616=CARTESIAN_POINT('',(0.0646001361160344,-0.00939569197235971,-0.0646042911121254));
#5617=CARTESIAN_POINT('',(0.0646001361160344,-0.00939569197235971,-0.0622042911121254));
#5618=CARTESIAN_POINT('',(0.0646001361160344,-0.00939569197235971,-0.0624042911121254));
#5619=CARTESIAN_POINT('',(0.0639501361160344,-0.00939569197235971,-0.0630542911121254));
#5620=CARTESIAN_POINT('',(0.0644001361160344,-0.00939569197235971,-0.0626042911121254));
#5621=CARTESIAN_POINT('',(0.0650001361160344,-0.00939569197235971,-0.0626042911121254));
#5622=CARTESIAN_POINT('',(0.0579658215409836,-0.00939569197235971,-0.0626042911121254));
#5623=CARTESIAN_POINT('',(-0.00207662190661319,-0.0093956919723597,-0.0201478721913185));
#5624=CARTESIAN_POINT('',(0.0574001361160344,-0.00939569197235971,-0.0622042911121254));
#5625=CARTESIAN_POINT('',(0.0574001361160344,-0.0093956919723597,-0.00660429111212535));
#5626=CARTESIAN_POINT('',(0.0574001361160344,-0.00939569197235971,-0.0510042911121253));
#5627=CARTESIAN_POINT('',(0.0450638301724905,-0.00939569197235971,-0.0597273766995975));
#5628=CARTESIAN_POINT('',(0.0579658215409836,-0.00939569197235971,-0.0506042911121254));
#5629=CARTESIAN_POINT('',(0.0682446361160344,-0.00939569197235971,-0.0506042911121254));
#5630=CARTESIAN_POINT('',(0.0644001361160344,-0.00939569197235971,-0.0506042911121254));
#5631=CARTESIAN_POINT('',(0.0139501361160344,-0.0093956919723597,-0.000154291112125366));
#5632=CARTESIAN_POINT('',(0.0646001361160344,-0.00939569197235971,-0.0508042911121254));
#5633=CARTESIAN_POINT('',(0.0646001361160344,-0.0093956919723597,0.0377957088878747));
#5634=CARTESIAN_POINT('',(0.0646001361160344,-0.0093956919723597,0.00259570888787466));
#5635=CARTESIAN_POINT('',(0.0139501361160344,-0.00939569197235969,-0.0480542911121253));
#5636=CARTESIAN_POINT('',(0.0644001361160344,-0.0093956919723597,0.00239570888787462));
#5637=CARTESIAN_POINT('',(0.0702621361160344,-0.00939569197235969,0.00239570888787462));
#5638=CARTESIAN_POINT('',(0.0579658215409836,-0.0093956919723597,0.00239570888787462));
#5639=CARTESIAN_POINT('',(0.0450638301724904,-0.00939569197235969,0.0115187944753467));
#5640=CARTESIAN_POINT('',(0.0574001361160344,-0.00939569197235969,0.00279570888787463));
#5641=CARTESIAN_POINT('',(0.0574001361160344,-0.00939569197235969,0.00239570888787462));
#5642=CARTESIAN_POINT('',(0.0574001361160344,-0.0093956919723597,0.0139957088878746));
#5643=CARTESIAN_POINT('',(-0.00207662190661333,-0.00939569197235969,-0.0280607100329321));
#5644=CARTESIAN_POINT('',(0.0648001361160344,-0.0091956919723597,-0.0266042911121253));
#5645=CARTESIAN_POINT('',(0.0866668027827011,0.012670974694307,-0.00787095777879208));
#5646=CARTESIAN_POINT('',(0.0648001361160344,-0.0091956919723597,0.0139957088878746));
#5647=CARTESIAN_POINT('',(0.0648001361160344,-0.00919569197235971,-0.0510042911121253));
#5648=CARTESIAN_POINT('',(0.0648001361160344,-0.0091956919723597,0.0677957088878746));
#5649=CARTESIAN_POINT('',(0.0433334694493665,-0.0306623586390261,0.046329042221206));
#5650=CARTESIAN_POINT('',(-0.0885998638839656,-0.0093956919723597,-0.00660429111212535));
#5651=CARTESIAN_POINT('',(-0.110666530550632,0.012670974694307,-0.00787095777879208));
#5652=CARTESIAN_POINT('',(-0.0887998638839656,-0.00919569197235968,0.0139957088878746));
#5653=CARTESIAN_POINT('',(-0.0738665305506323,-0.024129025305693,0.0528623755545414));
#5654=CARTESIAN_POINT('',(-0.0887998638839656,-0.0091956919723597,0.0677957088878746));
#5655=CARTESIAN_POINT('',(-0.0887998638839656,-0.0091956919723597,-0.0166042911121253));
#5656=CARTESIAN_POINT('',(0.0165001361160344,-0.0089956919723597,0.00236529794811835));
#5657=CARTESIAN_POINT('',(0.0165001361160344,-0.0143956919723597,0.00236529794811835));
#5658=CARTESIAN_POINT('',(0.0188501361160344,-0.0143956919723597,0.00236529794811835));
#5659=CARTESIAN_POINT('',(0.0165001361160344,-0.00939569197235969,0.00236529794811835));
#5660=CARTESIAN_POINT('',(0.0165001361160344,-0.00939569197235969,0.00471529794811835));
#5661=CARTESIAN_POINT('',(0.0280001361160344,-0.0089956919723597,-0.00613470205188166));
#5662=CARTESIAN_POINT('',(0.0280001361160344,-0.0143956919723597,-0.00613470205188166));
#5663=CARTESIAN_POINT('',(0.0303501361160344,-0.0143956919723597,-0.00613470205188166));
#5664=CARTESIAN_POINT('',(0.0280001361160344,-0.00939569197235969,-0.00613470205188166));
#5665=CARTESIAN_POINT('',(0.0280001361160344,-0.00939569197235969,-0.00378470205188166));
#5666=CARTESIAN_POINT('',(0.0395001361160344,-0.0089956919723597,0.00236529794811835));
#5667=CARTESIAN_POINT('',(0.0395001361160344,-0.0143956919723597,0.00236529794811835));
#5668=CARTESIAN_POINT('',(0.0418501361160344,-0.0143956919723597,0.00236529794811835));
#5669=CARTESIAN_POINT('',(0.0395001361160344,-0.00939569197235969,0.00236529794811835));
#5670=CARTESIAN_POINT('',(0.0395001361160344,-0.00939569197235969,0.00471529794811835));
#5671=CARTESIAN_POINT('',(1.36116034425097E-7,-0.00739569197235972,-0.00660429111212535));
#5672=CARTESIAN_POINT('',(1.36116034425097E-7,-0.00739569197235972,-0.0574042911121254));
#5673=CARTESIAN_POINT('',(0.0412001361160344,-0.00739569197235972,-0.0574042911121254));
#5674=CARTESIAN_POINT('',(-0.0346998638839656,-0.00739569197235972,-0.0574042911121254));
#5675=CARTESIAN_POINT('',(-0.0346998638839656,-0.00739569197235972,-0.0574042911121254));
#5676=CARTESIAN_POINT('',(-0.0358139777390813,-0.00739569197235972,-0.0574041794050772));
#5677=CARTESIAN_POINT('',(-0.037497078695944,-0.00739569197235972,-0.0572630356803906));
#5678=CARTESIAN_POINT('',(-0.0395969531785573,-0.00739569197235972,-0.0566146472905059));
#5679=CARTESIAN_POINT('',(-0.0410817054162311,-0.00739569197235972,-0.0558138560011664));
#5680=CARTESIAN_POINT('',(-0.0423221450243595,-0.00739569197235972,-0.054686767997163));
#5681=CARTESIAN_POINT('',(-0.0435553142780036,-0.00739569197235971,-0.0528130579032197));
#5682=CARTESIAN_POINT('',(-0.0439941114642019,-0.00739569197235972,-0.0511775179809718));
#5683=CARTESIAN_POINT('',(-0.0441506483658295,-0.00739569197235972,-0.0500702516458928));
#5684=CARTESIAN_POINT('',(-0.0441506483658294,-0.00739569197235972,-0.0500702516458937));
#5685=CARTESIAN_POINT('',(-0.0441506483658292,-0.00739569197235972,-0.0500702516458946));
#5686=CARTESIAN_POINT('',(-0.0443642056049781,-0.00739569197235972,-0.0485692133003223));
#5687=CARTESIAN_POINT('',(-0.0449152816506724,-0.00739569197235971,-0.0463503738220703));
#5688=CARTESIAN_POINT('',(-0.0463875948235284,-0.00739569197235972,-0.0437184074153133));
#5689=CARTESIAN_POINT('',(-0.0479140185214475,-0.00739569197235972,-0.0420206866810541));
#5690=CARTESIAN_POINT('',(-0.0498109237830071,-0.00739569197235972,-0.040737476611745));
#5691=CARTESIAN_POINT('',(-0.0526474573665357,-0.00739569197235972,-0.0396378487064784));
#5692=CARTESIAN_POINT('',(-0.054911526475821,-0.00739569197235972,-0.0394043549721897));
#5693=CARTESIAN_POINT('',(-0.0564288040550823,-0.00739569197235972,-0.0394042911121254));
#5694=CARTESIAN_POINT('',(-0.0564288040550826,-0.00739569197235972,-0.0394042911121254));
#5695=CARTESIAN_POINT('',(-0.0239998638839656,-0.00739569197235972,-0.0394042911121254));
#5696=CARTESIAN_POINT('',(-0.0651998638839656,-0.00739569197235972,-0.0394042911121254));
#5697=CARTESIAN_POINT('',(-0.0651998638839656,-0.00739569197235972,-0.0394042911121254));
#5698=CARTESIAN_POINT('',(-0.0665040088501052,-0.00739569197235972,-0.0394038082009598));
#5699=CARTESIAN_POINT('',(-0.0684708519149299,-0.00739569197235971,-0.0392195393746164));
#5700=CARTESIAN_POINT('',(-0.0708840624436872,-0.00739569197235972,-0.0382632411457252));
#5701=CARTESIAN_POINT('',(-0.0724804313739382,-0.00739569197235972,-0.0371015127948777));
#5702=CARTESIAN_POINT('',(-0.0736495368087605,-0.00739569197235972,-0.0355061153211258));
#5703=CARTESIAN_POINT('',(-0.0746201034565065,-0.00739569197235972,-0.0330663286652157));
#5704=CARTESIAN_POINT('',(-0.0747992187819127,-0.00739569197235973,-0.0311101587258243));
#5705=CARTESIAN_POINT('',(-0.0747998638839656,-0.00739569197235973,-0.0298042911121254));
#5706=CARTESIAN_POINT('',(-0.0747998638839656,-0.00739569197235972,-0.0298042911121254));
#5707=CARTESIAN_POINT('',(-0.0747998638839656,-0.00739569197235972,-0.00660429111212535));
#5708=CARTESIAN_POINT('',(-0.0747998638839656,-0.00739569197235971,0.0645957088878747));
#5709=CARTESIAN_POINT('',(-0.0747998638839656,-0.00739569197235971,0.0645957088878747));
#5710=CARTESIAN_POINT('',(-0.0747993809728001,-0.00739569197235971,0.0658998538540143));
#5711=CARTESIAN_POINT('',(-0.0746151121464567,-0.0073956919723597,0.067866696918839));
#5712=CARTESIAN_POINT('',(-0.0736588139175654,-0.00739569197235971,0.0702799074475963));
#5713=CARTESIAN_POINT('',(-0.0724970855667179,-0.00739569197235971,0.0718762763778472));
#5714=CARTESIAN_POINT('',(-0.070901688092966,-0.00739569197235971,0.0730453818126696));
#5715=CARTESIAN_POINT('',(-0.0684619014370559,-0.00739569197235971,0.0740159484604156));
#5716=CARTESIAN_POINT('',(-0.0665057314976645,-0.00739569197235971,0.0741950637858217));
#5717=CARTESIAN_POINT('',(-0.0651998638839656,-0.00739569197235971,0.0741957088878747));
#5718=CARTESIAN_POINT('',(-0.0651998638839656,-0.00739569197235971,0.0741957088878747));
#5719=CARTESIAN_POINT('',(0.0337001361160344,-0.00739569197235971,0.0741957088878747));
#5720=CARTESIAN_POINT('',(0.0412001361160344,-0.00739569197235971,0.0741957088878747));
#5721=CARTESIAN_POINT('',(0.0412001361160344,-0.00739569197235971,0.0741957088878747));
#5722=CARTESIAN_POINT('',(0.042504281082174,-0.00739569197235971,0.0741952259767091));
#5723=CARTESIAN_POINT('',(0.0444711241469986,-0.0073956919723597,0.0740109571503656));
#5724=CARTESIAN_POINT('',(0.0468843346757559,-0.00739569197235971,0.0730546589214744));
#5725=CARTESIAN_POINT('',(0.0484807036060069,-0.0073956919723597,0.0718929305706269));
#5726=CARTESIAN_POINT('',(0.0496498090408293,-0.00739569197235971,0.0702975330968752));
#5727=CARTESIAN_POINT('',(0.0506203756885752,-0.0073956919723597,0.067857746440965));
#5728=CARTESIAN_POINT('',(0.0507994910139815,-0.00739569197235971,0.0659015765015736));
#5729=CARTESIAN_POINT('',(0.0508001361160344,-0.00739569197235971,0.0645957088878747));
#5730=CARTESIAN_POINT('',(0.0508001361160344,-0.00739569197235971,0.0645957088878747));
#5731=CARTESIAN_POINT('',(0.0508001361160344,-0.00739569197235972,-0.0478042911121254));
#5732=CARTESIAN_POINT('',(0.0508001361160344,-0.00739569197235972,-0.0478042911121254));
#5733=CARTESIAN_POINT('',(0.0508001361160344,-0.00739569197235972,-0.0478042911121254));
#5734=CARTESIAN_POINT('',(0.0507996532048689,-0.00739569197235972,-0.049108436078265));
#5735=CARTESIAN_POINT('',(0.0506153843785253,-0.00739569197235971,-0.0510752791430897));
#5736=CARTESIAN_POINT('',(0.0496590861496342,-0.00739569197235972,-0.053488489671847));
#5737=CARTESIAN_POINT('',(0.0484973577987867,-0.00739569197235972,-0.0550848586020979));
#5738=CARTESIAN_POINT('',(0.0469019603250348,-0.00739569197235972,-0.0562539640369203));
#5739=CARTESIAN_POINT('',(0.0444621736691248,-0.00739569197235972,-0.0572245306846662));
#5740=CARTESIAN_POINT('',(0.0425060037297333,-0.00739569197235972,-0.0574036460100725));
#5741=CARTESIAN_POINT('',(0.0412001361160344,-0.00739569197235972,-0.0574042911121254));
#5742=CARTESIAN_POINT('',(1.36116034425097E-7,-0.00739569197235972,-0.0744042911121254));
#5743=CARTESIAN_POINT('',(1.36116034425097E-7,-0.00779569197235973,-0.0748042911121254));
#5744=CARTESIAN_POINT('',(-0.0821998638839667,-0.00779569197235973,-0.0748042911121254));
#5745=CARTESIAN_POINT('',(0.0582001361160355,-0.00779569197235973,-0.0748042911121254));
#5746=CARTESIAN_POINT('',(-0.0821998638839656,-0.00759569197235973,-0.0746042911121254));
#5747=CARTESIAN_POINT('',(-0.0821998638839656,-0.00739569197235972,-0.0744042911121254));
#5748=CARTESIAN_POINT('',(1.36116034425097E-7,-0.00739569197235972,-0.0744042911121254));
#5749=CARTESIAN_POINT('',(0.0582001361160344,-0.00739569197235972,-0.0744042911121254));
#5750=CARTESIAN_POINT('',(0.0582001361160344,-0.00759569197235973,-0.0746042911121254));
#5751=CARTESIAN_POINT('',(-0.00159986388396557,-0.00779569197235972,0.0915957088878746));
#5752=CARTESIAN_POINT('',(0.0582001361180344,-0.00739569197235971,0.0911957088878746));
#5753=CARTESIAN_POINT('',(-0.0821998638839656,-0.00739569197235971,0.0911957088878748));
#5754=CARTESIAN_POINT('',(0.0582001361160344,-0.00739569197235971,0.0911957088878748));
#5755=CARTESIAN_POINT('',(-0.0821998638839656,-0.00759569197235972,0.0913957088878747));
#5756=CARTESIAN_POINT('',(-0.0821998638839667,-0.00779569197235995,0.0915957088878746));
#5757=CARTESIAN_POINT('',(-0.0581998638859656,-0.00779569197235972,0.0915957088878746));
#5758=CARTESIAN_POINT('',(0.0582001361160355,-0.00779569197236,0.0915957088878746));
#5759=CARTESIAN_POINT('',(0.0582001361160344,-0.00759569197235972,0.0913957088878747));
#5760=CARTESIAN_POINT('',(-0.0218498638839656,-0.00779569197235972,0.0745957088878747));
#5761=CARTESIAN_POINT('',(-0.0651998638839656,-0.00799569197235972,0.0747957088878747));
#5762=CARTESIAN_POINT('',(-0.0651998638839656,-0.00819569197235972,0.0749957088878746));
#5763=CARTESIAN_POINT('',(1.36116034425097E-7,-0.00819569197235972,0.0749957088878746));
#5764=CARTESIAN_POINT('',(0.0412001361160344,-0.00819569197235972,0.0749957088878746));
#5765=CARTESIAN_POINT('',(0.0412001361160344,-0.00799569197235972,0.0747957088878747));
#5766=CARTESIAN_POINT('',(1.36116034425097E-7,-0.00739569197235971,0.0769957088878746));
#5767=CARTESIAN_POINT('',(0.0337001361160344,-0.00819569197235972,0.0761957088878747));
#5768=CARTESIAN_POINT('',(-0.0651998638839656,-0.00819569197235972,0.0761957088878747));
#5769=CARTESIAN_POINT('',(0.0412001361160344,-0.00819569197235972,0.0761957088878747));
#5770=CARTESIAN_POINT('',(-0.0651998638839656,-0.00759569197235972,0.0767957088878747));
#5771=CARTESIAN_POINT('',(-0.0651998638839656,-0.00739569197235971,0.0769957088878746));
#5772=CARTESIAN_POINT('',(1.36116034425097E-7,-0.00739569197235971,0.0769957088878746));
#5773=CARTESIAN_POINT('',(0.0412001361160344,-0.00739569197235971,0.0769957088878746));
#5774=CARTESIAN_POINT('',(0.0412001361160344,-0.00759569197235972,0.0767957088878747));
#5775=CARTESIAN_POINT('',(-0.00159986388396557,-0.00739569197235971,0.0915957088878746));
#5776=CARTESIAN_POINT('',(-0.0821998638839656,-0.00789569197235971,0.0915957088878746));
#5777=CARTESIAN_POINT('',(-0.0821998638859656,-0.00839569187235972,0.0915957088878746));
#5778=CARTESIAN_POINT('',(-0.00159986388396557,-0.0083956919723597,0.0915957088878746));
#5779=CARTESIAN_POINT('',(0.0582001361180344,-0.00839569187235972,0.0915957088878746));
#5780=CARTESIAN_POINT('',(0.0582001361160344,-0.00789569197235971,0.0915957088878746));
#5781=CARTESIAN_POINT('',(1.36116034425097E-7,-0.0093956919723597,0.0881957088878746));
#5782=CARTESIAN_POINT('',(1.36116034425097E-7,-0.0083956919723597,0.0881957088878746));
#5783=CARTESIAN_POINT('',(-0.0819998638839656,-0.0083956919723597,0.0881957088878746));
#5784=CARTESIAN_POINT('',(0.0580001361160344,-0.0083956919723597,0.0881957088878746));
#5785=CARTESIAN_POINT('',(-0.0819998638839656,-0.00879569197236242,0.0881957088878746));
#5786=CARTESIAN_POINT('',(-0.0819998638839656,-0.0091956920036097,0.0881957088878746));
#5787=CARTESIAN_POINT('',(-0.0239998638839656,-0.0091956919723597,0.0881957088878746));
#5788=CARTESIAN_POINT('',(-0.0295998638839656,-0.0091956919723597,0.0881957088878746));
#5789=CARTESIAN_POINT('',(-0.0295998638839656,-0.0093956919723597,0.0881957088878746));
#5790=CARTESIAN_POINT('',(-0.0295998638839656,-0.0105209192638729,0.0881957088878746));
#5791=CARTESIAN_POINT('',(-0.00599986388396557,-0.0105209192638729,0.0881957088878746));
#5792=CARTESIAN_POINT('',(0.00560013611603443,-0.0105209192638729,0.0881957088878746));
#5793=CARTESIAN_POINT('',(0.00560013611603443,-0.0093956919723597,0.0881957088878746));
#5794=CARTESIAN_POINT('',(0.00560013611603443,-0.0091956919723597,0.0881957088878746));
#5795=CARTESIAN_POINT('',(1.36116034425097E-7,-0.0091956919723597,0.0881957088878746));
#5796=CARTESIAN_POINT('',(0.0580001361160344,-0.0091956919723597,0.0881957088878746));
#5797=CARTESIAN_POINT('',(0.0580001361160344,-0.0093956919723597,0.0881957088878746));
#5798=CARTESIAN_POINT('',(1.36116034425097E-7,-0.0109956919723597,0.0823957088878747));
#5799=CARTESIAN_POINT('',(1.36116034425097E-7,-0.0129956919723597,0.0843957088878747));
#5800=CARTESIAN_POINT('',(0.00560013611603443,-0.0129956919723597,0.0843957088878747));
#5801=CARTESIAN_POINT('',(-0.0295998638839656,-0.0129956919723597,0.0843957088878747));
#5802=CARTESIAN_POINT('',(-0.0295998638839656,-0.0093956919723597,0.0807957088878747));
#5803=CARTESIAN_POINT('',(0.00560013611603443,-0.0109956919723597,0.0823957088878747));
#5804=CARTESIAN_POINT('',(-0.00599986388396557,-0.0118956919723597,0.0875957088878746));
#5805=CARTESIAN_POINT('',(-0.0295998638839656,-0.0118956919723597,0.0875957088878746));
#5806=CARTESIAN_POINT('',(-0.0295998638839656,-0.0129956919723597,0.0886155127905935));
#5807=CARTESIAN_POINT('',(-0.00599986388396557,-0.0129956919723597,0.0886155127905936));
#5808=CARTESIAN_POINT('',(0.00560013611603443,-0.0129956919723597,0.0886155127905935));
#5809=CARTESIAN_POINT('',(0.00560013611603443,-0.0118956919723597,0.0875957088878746));
#5810=CARTESIAN_POINT('',(-0.00749986388396558,-0.0129956919723597,0.0233957088878746));
#5811=CARTESIAN_POINT('',(-0.0295998638839656,-0.0129956919723597,0.0843957088878747));
#5812=CARTESIAN_POINT('',(0.00560013611603443,-0.0129956919723597,0.0233957088878746));
#5813=CARTESIAN_POINT('',(-0.0103498638839656,-0.00779569197235973,-0.0578042911121254));
#5814=CARTESIAN_POINT('',(0.0337001361160344,-0.00819569197235973,-0.0582042911121254));
#5815=CARTESIAN_POINT('',(-0.0346998638839656,-0.00819569197235973,-0.0582042911121254));
#5816=CARTESIAN_POINT('',(0.0412001361160344,-0.00819569197235973,-0.0582042911121254));
#5817=CARTESIAN_POINT('',(-0.0346998638839656,-0.00799569197235972,-0.0580042911121254));
#5818=CARTESIAN_POINT('',(0.0412001361160344,-0.00799569197235972,-0.0580042911121254));
#5819=CARTESIAN_POINT('',(1.36116034425097E-7,-0.00819569197235973,-0.0594042911121254));
#5820=CARTESIAN_POINT('',(0.0337001361160344,-0.00739569197235972,-0.0602042911121254));
#5821=CARTESIAN_POINT('',(-0.0349709237128501,-0.00739569197235972,-0.0602042911121254));
#5822=CARTESIAN_POINT('',(0.0412001361160344,-0.00739569197235972,-0.0602042911121254));
#5823=CARTESIAN_POINT('',(-0.0349709237128496,-0.00759569197235973,-0.0600042911121254));
#5824=CARTESIAN_POINT('',(-0.0349709237128491,-0.00819569197235973,-0.0594042911121254));
#5825=CARTESIAN_POINT('',(1.36116034425097E-7,-0.00819569197235973,-0.0594042911121254));
#5826=CARTESIAN_POINT('',(0.0412001361160344,-0.00819569197235973,-0.0594042911121254));
#5827=CARTESIAN_POINT('',(0.0412001361160344,-0.00759569197235973,-0.0600042911121254));
#5828=CARTESIAN_POINT('',(1.36116034425097E-7,-0.00819569197235973,-0.00660429111212535));
#5829=CARTESIAN_POINT('',(-0.0346998638839656,-0.00819569197235973,-0.0582042911121254));
#5830=CARTESIAN_POINT('',(-0.0359099266744683,-0.00819569197235973,-0.0582039354799221));
#5831=CARTESIAN_POINT('',(-0.0377379756652362,-0.00819569197235973,-0.0580436614086324));
#5832=CARTESIAN_POINT('',(-0.0400075429062718,-0.00819569197235973,-0.0573140196965782));
#5833=CARTESIAN_POINT('',(-0.0421473827977481,-0.00819569197235973,-0.0561312115882584));
#5834=CARTESIAN_POINT('',(-0.0441322576499285,-0.00819569197235973,-0.0537581158096051));
#5835=CARTESIAN_POINT('',(-0.0447727158228903,-0.00819569197235973,-0.0513848085583289));
#5836=CARTESIAN_POINT('',(-0.0449427874425506,-0.00819569197235973,-0.0501821251598772));
#5837=CARTESIAN_POINT('',(-0.0449427874425529,-0.00819569197235973,-0.0501821251598616));
#5838=CARTESIAN_POINT('',(0.0516001361160344,-0.00819569197235973,-0.0478042911121254));
#5839=CARTESIAN_POINT('',(0.0515991442739054,-0.00819569197235973,-0.0492137520584097));
#5840=CARTESIAN_POINT('',(0.051392167833124,-0.00819569197235973,-0.0513368286213197));
#5841=CARTESIAN_POINT('',(0.0503305119531304,-0.00819569197235973,-0.0539363017819207));
#5842=CARTESIAN_POINT('',(0.0490674367596838,-0.00819569197235973,-0.0556520764061498));
#5843=CARTESIAN_POINT('',(0.0473515607516239,-0.00819569197235972,-0.0569241505679821));
#5844=CARTESIAN_POINT('',(0.0447253248899273,-0.00819569197235978,-0.0580011219432062));
#5845=CARTESIAN_POINT('',(0.0426116080787507,-0.00819569197235952,-0.0582031083176635));
#5846=CARTESIAN_POINT('',(0.0412001361160344,-0.00819569197235952,-0.0582042911121252));
#5847=CARTESIAN_POINT('',(0.0516001361160344,-0.00819569197235973,-0.0478042911121254));
#5848=CARTESIAN_POINT('',(0.0516001361160344,-0.00819569197235973,-0.00660429111212535));
#5849=CARTESIAN_POINT('',(0.0516001361160344,-0.00819569197235972,0.0645957088878747));
#5850=CARTESIAN_POINT('',(0.0412001361160344,-0.00819569197235972,0.0749957088878746));
#5851=CARTESIAN_POINT('',(0.0426095970623187,-0.00819569197235972,0.0749947170457455));
#5852=CARTESIAN_POINT('',(0.0447326736252287,-0.00819569197235972,0.0747877406049643));
#5853=CARTESIAN_POINT('',(0.0473321467858297,-0.00819569197235972,0.0737260847249706));
#5854=CARTESIAN_POINT('',(0.0490479214100588,-0.00819569197235971,0.072463009531524));
#5855=CARTESIAN_POINT('',(0.0503199955718911,-0.00819569197235972,0.0707471335234643));
#5856=CARTESIAN_POINT('',(0.0513969669471151,-0.00819569197235974,0.0681208976617675));
#5857=CARTESIAN_POINT('',(0.0515989533215727,-0.00819569197235963,0.066007180850591));
#5858=CARTESIAN_POINT('',(0.0516001361160344,-0.00819569197235963,0.0645957088878747));
#5859=CARTESIAN_POINT('',(-0.0755998638839656,-0.00819569197235972,0.0645957088878747));
#5860=CARTESIAN_POINT('',(-0.0755988720418366,-0.00819569197235972,0.066005169834159));
#5861=CARTESIAN_POINT('',(-0.0753918956010552,-0.00819569197235971,0.0681282463970689));
#5862=CARTESIAN_POINT('',(-0.0743302397210616,-0.00819569197235972,0.07072771955767));
#5863=CARTESIAN_POINT('',(-0.0730671645276149,-0.00819569197235971,0.072443494181899));
#5864=CARTESIAN_POINT('',(-0.0713512885195551,-0.00819569197235971,0.0737155683437313));
#5865=CARTESIAN_POINT('',(-0.0687250526578585,-0.00819569197235975,0.0747925397189555));
#5866=CARTESIAN_POINT('',(-0.0666113358466819,-0.00819569197235952,0.0749945260934124));
#5867=CARTESIAN_POINT('',(-0.0651998638839656,-0.00819569197235952,0.0749957088878746));
#5868=CARTESIAN_POINT('',(-0.0755998638839656,-0.00819569197235972,0.0645957088878747));
#5869=CARTESIAN_POINT('',(-0.0755998638839656,-0.00819569197235973,-0.0298042911121254));
#5870=CARTESIAN_POINT('',(-0.0755998638839656,-0.00819569197235973,-0.0298042911121254));
#5871=CARTESIAN_POINT('',(-0.0651998638839656,-0.00819569197235973,-0.0402042911121253));
#5872=CARTESIAN_POINT('',(-0.0666093248302499,-0.00819569197235973,-0.0402032992699963));
#5873=CARTESIAN_POINT('',(-0.0687324013931599,-0.00819569197235974,-0.0399963228292149));
#5874=CARTESIAN_POINT('',(-0.0713318745537609,-0.00819569197235973,-0.0389346669492214));
#5875=CARTESIAN_POINT('',(-0.0730476491779901,-0.00819569197235973,-0.0376715917557747));
#5876=CARTESIAN_POINT('',(-0.0743197233398222,-0.00819569197235972,-0.0359557157477149));
#5877=CARTESIAN_POINT('',(-0.0753966947150464,-0.00819569197235978,-0.0333294798860182));
#5878=CARTESIAN_POINT('',(-0.0755986810895038,-0.00819569197235952,-0.0312157630748417));
#5879=CARTESIAN_POINT('',(-0.0755998638839655,-0.00819569197235952,-0.0298042911121254));
#5880=CARTESIAN_POINT('',(-0.0651998638839656,-0.00819569197235973,-0.0402042911121253));
#5881=CARTESIAN_POINT('',(-0.0564288040550824,-0.00819569197235973,-0.0402042911121253));
#5882=CARTESIAN_POINT('',(-0.0564288040550831,-0.00819569197235973,-0.0402042911121253));
#5883=CARTESIAN_POINT('',(-0.0564288040550837,-0.00819569197235973,-0.0402042911121252));
#5884=CARTESIAN_POINT('',(-0.055009210452722,-0.00819569197235973,-0.0402041103745777));
#5885=CARTESIAN_POINT('',(-0.0528744690896385,-0.00819569197235973,-0.0404215368466463));
#5886=CARTESIAN_POINT('',(-0.0502472937810122,-0.00819569197235974,-0.0414189952510851));
#5887=CARTESIAN_POINT('',(-0.048461035420807,-0.00819569197235972,-0.0426094832731934));
#5888=CARTESIAN_POINT('',(-0.0470273928826318,-0.00819569197235981,-0.0442044038679757));
#5889=CARTESIAN_POINT('',(-0.0456490954862577,-0.00819569197235936,-0.0466982974758168));
#5890=CARTESIAN_POINT('',(-0.0451427816851334,-0.00819569197235973,-0.0487744771035258));
#5891=CARTESIAN_POINT('',(-0.0449427874425551,-0.00819569197235973,-0.0501821251598458));
#5892=CARTESIAN_POINT('',(-0.0349709237128486,-0.00819569197235973,-0.0594042911121254));
#5893=CARTESIAN_POINT('',(-0.0363905173152125,-0.00819569197235973,-0.0594044718496856));
#5894=CARTESIAN_POINT('',(-0.0385252586783011,-0.00819569197235974,-0.0591870453776356));
#5895=CARTESIAN_POINT('',(-0.0411524339869384,-0.00819569197235973,-0.0581895869732084));
#5896=CARTESIAN_POINT('',(-0.0429386923471482,-0.00819569197235975,-0.0569990989511008));
#5897=CARTESIAN_POINT('',(-0.044372334885322,-0.00819569197235973,-0.0554041783563102));
#5898=CARTESIAN_POINT('',(-0.0457506322816865,-0.00819569197235974,-0.0529102847484592));
#5899=CARTESIAN_POINT('',(-0.0462569460828044,-0.00819569197235973,-0.0508341051207268));
#5900=CARTESIAN_POINT('',(-0.0464569403253762,-0.00819569197235973,-0.0494264570644037));
#5901=CARTESIAN_POINT('',(-0.0464569403253758,-0.00819569197235973,-0.0494264570644063));
#5902=CARTESIAN_POINT('',(-0.0566998638839656,-0.00819569197235973,-0.0414042911121253));
#5903=CARTESIAN_POINT('',(-0.0554899865673936,-0.00819569197235973,-0.0414046466898186));
#5904=CARTESIAN_POINT('',(-0.0536630739753573,-0.00819569197235973,-0.0415651011190918));
#5905=CARTESIAN_POINT('',(-0.0513971062468831,-0.00819569197235973,-0.0422925401228053));
#5906=CARTESIAN_POINT('',(-0.0492547880551228,-0.00819569197235973,-0.0434749066447132));
#5907=CARTESIAN_POINT('',(-0.0472680647462416,-0.00819569197235973,-0.0458486964711336));
#5908=CARTESIAN_POINT('',(-0.0466271038153411,-0.00819569197235973,-0.0482231239932465));
#5909=CARTESIAN_POINT('',(-0.0464569403253754,-0.00819569197235973,-0.0494264570644089));
#5910=CARTESIAN_POINT('',(-0.0566998638839656,-0.00819569197235973,-0.0414042911121253));
#5911=CARTESIAN_POINT('',(-0.0565998638839656,-0.00819569197235973,-0.0414042911121253));
#5912=CARTESIAN_POINT('',(-0.0651998638839656,-0.00819569197235973,-0.0414042911121253));
#5913=CARTESIAN_POINT('',(-0.0767998638839656,-0.00819569197235973,-0.0298042911121254));
#5914=CARTESIAN_POINT('',(-0.0767998723330015,-0.00819569197235973,-0.0305919699279002));
#5915=CARTESIAN_POINT('',(-0.0767199797952961,-0.00819569197235973,-0.0321717125833939));
#5916=CARTESIAN_POINT('',(-0.0762888905091921,-0.00819569197235973,-0.0344722748605778));
#5917=CARTESIAN_POINT('',(-0.0754247378806932,-0.00819569197235973,-0.0366725519607914));
#5918=CARTESIAN_POINT('',(-0.0740127807175283,-0.00819569197235973,-0.0385927150153975));
#5919=CARTESIAN_POINT('',(-0.0720959940942142,-0.00819569197235973,-0.0400154122920714));
#5920=CARTESIAN_POINT('',(-0.0691450164983646,-0.00819569197235973,-0.0411804939064139));
#5921=CARTESIAN_POINT('',(-0.066778723063248,-0.00819569197235973,-0.0414038588605246));
#5922=CARTESIAN_POINT('',(-0.0651998638839656,-0.00819569197235973,-0.0414042911121253));
#5923=CARTESIAN_POINT('',(-0.0767998638839656,-0.00819569197235973,-0.0298042911121254));
#5924=CARTESIAN_POINT('',(-0.0767998638839656,-0.00819569197235973,-0.00660429111212535));
#5925=CARTESIAN_POINT('',(-0.0767998638839656,-0.00819569197235972,0.0645957088878747));
#5926=CARTESIAN_POINT('',(-0.0651998638839656,-0.00819569197235972,0.0761957088878747));
#5927=CARTESIAN_POINT('',(-0.0659875426997405,-0.00819569197235972,0.0761957173369105));
#5928=CARTESIAN_POINT('',(-0.0675672853552342,-0.00819569197235972,0.0761158247992051));
#5929=CARTESIAN_POINT('',(-0.0698678476324179,-0.00819569197235972,0.0756847355131014));
#5930=CARTESIAN_POINT('',(-0.0720681247326315,-0.00819569197235972,0.0748205828846022));
#5931=CARTESIAN_POINT('',(-0.0739882877872377,-0.00819569197235972,0.0734086257214375));
#5932=CARTESIAN_POINT('',(-0.0754109850639114,-0.00819569197235972,0.0714918390981233));
#5933=CARTESIAN_POINT('',(-0.0765760666782541,-0.00819569197235972,0.0685408615022736));
#5934=CARTESIAN_POINT('',(-0.076799431632365,-0.00819569197235972,0.0661745680671571));
#5935=CARTESIAN_POINT('',(-0.0767998638839656,-0.00819569197235972,0.0645957088878747));
#5936=CARTESIAN_POINT('',(0.0528001361160344,-0.00819569197235972,0.0645957088878747));
#5937=CARTESIAN_POINT('',(0.0528001445650702,-0.00819569197235972,0.0653833877036496));
#5938=CARTESIAN_POINT('',(0.0527202520273647,-0.00819569197235971,0.0669631303591432));
#5939=CARTESIAN_POINT('',(0.052289162741261,-0.00819569197235973,0.069263692636327));
#5940=CARTESIAN_POINT('',(0.0514250101127622,-0.00819569197235971,0.0714639697365406));
#5941=CARTESIAN_POINT('',(0.0500130529495971,-0.00819569197235972,0.0733841327911466));
#5942=CARTESIAN_POINT('',(0.0480962663262831,-0.00819569197235971,0.0748068300678206));
#5943=CARTESIAN_POINT('',(0.0451452887304332,-0.00819569197235972,0.075971911682163));
#5944=CARTESIAN_POINT('',(0.0427789952953168,-0.00819569197235972,0.0761952766362739));
#5945=CARTESIAN_POINT('',(0.0412001361160344,-0.00819569197235972,0.0761957088878747));
#5946=CARTESIAN_POINT('',(0.0528001361160344,-0.00819569197235972,0.0645957088878747));
#5947=CARTESIAN_POINT('',(0.0528001361160344,-0.00819569197235973,-0.0478042911121254));
#5948=CARTESIAN_POINT('',(0.0528001361160344,-0.00819569197235973,-0.0478042911121254));
#5949=CARTESIAN_POINT('',(0.0528001361160344,-0.00819569197235973,-0.0478042911121254));
#5950=CARTESIAN_POINT('',(0.0527997048340929,-0.00819569197235973,-0.0493796084757734));
#5951=CARTESIAN_POINT('',(0.0525754566056339,-0.00819569197235973,-0.0517407054952349));
#5952=CARTESIAN_POINT('',(0.051425396827156,-0.00819569197235973,-0.0546720473930666));
#5953=CARTESIAN_POINT('',(0.0500131388554473,-0.00819569197235972,-0.0565926228272639));
#5954=CARTESIAN_POINT('',(0.0480964858614297,-0.00819569197235973,-0.0580153281421647));
#5955=CARTESIAN_POINT('',(0.0451453406527949,-0.00819569197235972,-0.0591803766365691));
#5956=CARTESIAN_POINT('',(0.0427790506639115,-0.00819569197235973,-0.0594043080483505));
#5957=CARTESIAN_POINT('',(0.0412001361160344,-0.00819569197235973,-0.0594042911121254));
#5958=CARTESIAN_POINT('',(1.36116034425097E-7,-0.00939569197235971,-0.0714042911121254));
#5959=CARTESIAN_POINT('',(0.00600013611603444,-0.0105209192638729,-0.0714042911121254));
#5960=CARTESIAN_POINT('',(0.00560013611603443,-0.0105209192638729,-0.0714042911121254));
#5961=CARTESIAN_POINT('',(-0.0295998638839656,-0.0105209192638729,-0.0714042911121254));
#5962=CARTESIAN_POINT('',(-0.0295998638839656,-0.00939569197235971,-0.0714042911121254));
#5963=CARTESIAN_POINT('',(-0.0295998638839656,-0.00919569197235971,-0.0714042911121254));
#5964=CARTESIAN_POINT('',(-0.0744998638839656,-0.00919569197235971,-0.0714042911121254));
#5965=CARTESIAN_POINT('',(-0.0819998638839656,-0.00919569197235971,-0.0714042911121254));
#5966=CARTESIAN_POINT('',(-0.0819998638839656,-0.00879569197235971,-0.0714042911121254));
#5967=CARTESIAN_POINT('',(-0.0819998638839656,-0.00839569197235968,-0.0714042911121255));
#5968=CARTESIAN_POINT('',(1.36116034425097E-7,-0.00839569197235971,-0.0714042911121254));
#5969=CARTESIAN_POINT('',(0.0580001361160344,-0.00839569197235971,-0.0714042911121254));
#5970=CARTESIAN_POINT('',(0.0580001361160344,-0.00879569197235482,-0.0714042911121254));
#5971=CARTESIAN_POINT('',(0.0580001361160283,-0.00919569197235971,-0.0714042911121254));
#5972=CARTESIAN_POINT('',(0.00560013611603443,-0.00919569197235971,-0.0714042911121254));
#5973=CARTESIAN_POINT('',(0.00560013611603443,-0.00919569197235971,-0.0714042911121254));
#5974=CARTESIAN_POINT('',(0.00560013611603443,-0.00939569197235971,-0.0714042911121254));
#5975=CARTESIAN_POINT('',(1.36116034425097E-7,-0.0083956919723597,-0.00660429111212535));
#5976=CARTESIAN_POINT('',(-0.0819998638873086,-0.00839569197235971,-0.0714042911121255));
#5977=CARTESIAN_POINT('',(-0.0829216683291126,-0.00839569197235971,-0.0714042911116856));
#5978=CARTESIAN_POINT('',(-0.0847346964765852,-0.00839569197235971,-0.0712513589588626));
#5979=CARTESIAN_POINT('',(-0.0873061040730484,-0.00839569197235971,-0.0699234419492215));
#5980=CARTESIAN_POINT('',(-0.0886346141295954,-0.0083956919723597,-0.0673888615558432));
#5981=CARTESIAN_POINT('',(-0.0887998638837444,-0.00839569197235971,-0.0655312226670262));
#5982=CARTESIAN_POINT('',(-0.0887998638839656,-0.00839569197235971,-0.0646042911154684));
#5983=CARTESIAN_POINT('',(-0.0887998638839656,-0.00839569197235971,-0.0646042911121254));
#5984=CARTESIAN_POINT('',(-0.0887998638839656,-0.0083956919723597,-0.00660429111212535));
#5985=CARTESIAN_POINT('',(-0.0887998638839656,-0.0083956919723597,0.0813957088878747));
#5986=CARTESIAN_POINT('',(-0.0887998638839656,-0.0083956919723597,0.0813957088912176));
#5987=CARTESIAN_POINT('',(-0.0887998638835257,-0.0083956919723597,0.0823175133330288));
#5988=CARTESIAN_POINT('',(-0.0886469317306923,-0.00839569197235969,0.0841305414805748));
#5989=CARTESIAN_POINT('',(-0.0873190147210145,-0.00839569197235969,0.0867019490769941));
#5990=CARTESIAN_POINT('',(-0.0847844343276585,-0.00839569197235969,0.0880304591335035));
#5991=CARTESIAN_POINT('',(-0.0829267954388575,-0.0083956919723597,0.0881957088876534));
#5992=CARTESIAN_POINT('',(-0.0819998638873086,-0.0083956919723597,0.0881957088878746));
#5993=CARTESIAN_POINT('',(0.0580001361193774,-0.0083956919723597,0.0881957088878747));
#5994=CARTESIAN_POINT('',(0.0589219405611814,-0.0083956919723597,0.0881957088874348));
#5995=CARTESIAN_POINT('',(0.0607349687086541,-0.00839569197235971,0.0880427767346118));
#5996=CARTESIAN_POINT('',(0.0633063763051171,-0.00839569197235969,0.0867148597249706));
#5997=CARTESIAN_POINT('',(0.0646348863616643,-0.0083956919723597,0.0841802793315924));
#5998=CARTESIAN_POINT('',(0.0648001361158132,-0.0083956919723597,0.0823226404427754));
#5999=CARTESIAN_POINT('',(0.0648001361160344,-0.0083956919723597,0.0813957088912176));
#6000=CARTESIAN_POINT('',(0.0648001361160344,-0.0083956919723597,0.0813957088878747));
#6001=CARTESIAN_POINT('',(0.0648001361160344,-0.0083956919723597,-0.00660429111212535));
#6002=CARTESIAN_POINT('',(0.0648001361160344,-0.00839569197235971,-0.0646042911121254));
#6003=CARTESIAN_POINT('',(0.0648001361160344,-0.00839569197235971,-0.0646042911154684));
#6004=CARTESIAN_POINT('',(0.0648001361155944,-0.00839569197235971,-0.0655260955572796));
#6005=CARTESIAN_POINT('',(0.064647203962761,-0.00839569197235971,-0.0673391237048255));
#6006=CARTESIAN_POINT('',(0.0633192869530833,-0.00839569197235971,-0.0699105313012448));
#6007=CARTESIAN_POINT('',(0.060784706559727,-0.00839569197235969,-0.0712390413577541));
#6008=CARTESIAN_POINT('',(0.0589270676709263,-0.00839569197235971,-0.0714042911119043));
#6009=CARTESIAN_POINT('',(0.0580001361193774,-0.00839569197235971,-0.0714042911121254));
#6010=CARTESIAN_POINT('',(-0.0921998638839656,-0.00839569197235971,-0.0648042911121254));
#6011=CARTESIAN_POINT('',(-0.0921998638839656,-0.00839569197235971,-0.0714709577787921));
#6012=CARTESIAN_POINT('',(-0.0888665305506323,-0.00839569197235971,-0.0748042911121254));
#6013=CARTESIAN_POINT('',(-0.0821998638839656,-0.00839569197235971,-0.0748042911121254));
#6014=CARTESIAN_POINT('',(-0.0921998638839656,-0.00839569187235973,-0.0648042911141254));
#6015=CARTESIAN_POINT('',(-0.0821998638859656,-0.00839569187235973,-0.0748042911121254));
#6016=CARTESIAN_POINT('',(1.36116034425097E-7,-0.00839569197235971,-0.0748042911121254));
#6017=CARTESIAN_POINT('',(0.0582001361180344,-0.00839569187235973,-0.0748042911121254));
#6018=CARTESIAN_POINT('',(0.0582001361160344,-0.00839569197235971,-0.0748042911121254));
#6019=CARTESIAN_POINT('',(0.0648668027827011,-0.00839569197235971,-0.0748042911121254));
#6020=CARTESIAN_POINT('',(0.0682001361160344,-0.00839569197235971,-0.0714709577787921));
#6021=CARTESIAN_POINT('',(0.0682001361160344,-0.00839569197235971,-0.0648042911121254));
#6022=CARTESIAN_POINT('',(0.0682001361160344,-0.00839569187235973,-0.0648042911141254));
#6023=CARTESIAN_POINT('',(0.0682001361160344,-0.0083956919723597,-0.0266042911121253));
#6024=CARTESIAN_POINT('',(0.0682001361160344,-0.00839569187235972,0.0815957088898746));
#6025=CARTESIAN_POINT('',(0.0682001361160344,-0.0083956919723597,0.0815957088878747));
#6026=CARTESIAN_POINT('',(0.0682001361160344,-0.0083956919723597,0.0882623755545413));
#6027=CARTESIAN_POINT('',(0.0648668027827011,-0.0083956919723597,0.0915957088878746));
#6028=CARTESIAN_POINT('',(0.0582001361160344,-0.0083956919723597,0.0915957088878746));
#6029=CARTESIAN_POINT('',(-0.0821998638839656,-0.0083956919723597,0.0915957088878746));
#6030=CARTESIAN_POINT('',(-0.0888665305506323,-0.0083956919723597,0.0915957088878746));
#6031=CARTESIAN_POINT('',(-0.0921998638839656,-0.0083956919723597,0.0882623755545413));
#6032=CARTESIAN_POINT('',(-0.0921998638839656,-0.0083956919723597,0.0815957088878747));
#6033=CARTESIAN_POINT('',(-0.0921998638839656,-0.00839569187235972,0.0815957088898746));
#6034=CARTESIAN_POINT('',(-0.0921998638839656,-0.0083956919723597,-0.0166042911121253));
#6035=CARTESIAN_POINT('',(1.36116034425097E-7,-0.00739569197235972,-0.0748042911121254));
#6036=CARTESIAN_POINT('',(-0.0821998638839656,-0.00789569197235972,-0.0748042911121254));
#6037=CARTESIAN_POINT('',(0.0582001361160344,-0.00789569197235972,-0.0748042911121254));
#6038=CARTESIAN_POINT('',(1.36116034425097E-7,-0.00739569197235972,-0.00660429111212535));
#6039=CARTESIAN_POINT('',(-0.0472490794021022,-0.00739569197235972,-0.0495383305783553));
#6040=CARTESIAN_POINT('',(-0.0470355221629529,-0.00739569197235972,-0.0510393689239272));
#6041=CARTESIAN_POINT('',(-0.0464844461172579,-0.00739569197235972,-0.0532582084021796));
#6042=CARTESIAN_POINT('',(-0.0450121329443999,-0.00739569197235972,-0.0558901748089372));
#6043=CARTESIAN_POINT('',(-0.0434857092464812,-0.00739569197235972,-0.0575878955431942));
#6044=CARTESIAN_POINT('',(-0.0415888039849223,-0.00739569197235972,-0.0588711056125031));
#6045=CARTESIAN_POINT('',(-0.0387522704013942,-0.00739569197235972,-0.0599707335177702));
#6046=CARTESIAN_POINT('',(-0.0364882012921112,-0.00739569197235972,-0.0602042272520601));
#6047=CARTESIAN_POINT('',(-0.0349709237128505,-0.00739569197235972,-0.0602042911121254));
#6048=CARTESIAN_POINT('',(-0.0472490794021019,-0.00739569197235972,-0.0495383305783575));
#6049=CARTESIAN_POINT('',(0.0412001361160344,-0.00739569197235972,-0.0602042911121254));
#6050=CARTESIAN_POINT('',(0.0428815808249427,-0.00739569197235972,-0.0602038627472131));
#6051=CARTESIAN_POINT('',(0.045398312944028,-0.00739569197235971,-0.0599572068923444));
#6052=CARTESIAN_POINT('',(0.048530218834341,-0.00739569197235972,-0.0586947140988054));
#6053=CARTESIAN_POINT('',(0.0505644717566386,-0.00739569197235972,-0.0571769323994838));
#6054=CARTESIAN_POINT('',(0.0520837872462451,-0.00739569197235972,-0.0551463222420727));
#6055=CARTESIAN_POINT('',(0.0533517050574068,-0.00739569197235971,-0.0520138529407625));
#6056=CARTESIAN_POINT('',(0.0535992397818458,-0.00739569197235972,-0.0494874410463568));
#6057=CARTESIAN_POINT('',(0.0536001361160344,-0.00739569197235972,-0.0478042911121254));
#6058=CARTESIAN_POINT('',(0.0536001361160344,-0.00739569197235972,-0.0478042911121254));
#6059=CARTESIAN_POINT('',(0.0536001361160344,-0.00739569197235972,-0.00660429111212535));
#6060=CARTESIAN_POINT('',(0.0536001361160344,-0.00739569197235971,0.0645957088878747));
#6061=CARTESIAN_POINT('',(0.0536001361160344,-0.00739569197235971,0.0645957088878747));
#6062=CARTESIAN_POINT('',(0.0535997077511221,-0.00739569197235971,0.066277153596783));
#6063=CARTESIAN_POINT('',(0.0533530518962533,-0.0073956919723597,0.0687938857158682));
#6064=CARTESIAN_POINT('',(0.0520905591027144,-0.00739569197235971,0.0719257916061812));
#6065=CARTESIAN_POINT('',(0.0505727774033928,-0.00739569197235971,0.0739600445284788));
#6066=CARTESIAN_POINT('',(0.0485421672459818,-0.00739569197235971,0.0754793600180853));
#6067=CARTESIAN_POINT('',(0.0454096979446715,-0.0073956919723597,0.076747277829247));
#6068=CARTESIAN_POINT('',(0.0428832860502659,-0.00739569197235971,0.076994812553686));
#6069=CARTESIAN_POINT('',(0.0412001361160344,-0.00739569197235971,0.0769957088878746));
#6070=CARTESIAN_POINT('',(-0.0651998638839656,-0.00739569197235971,0.0769957088878746));
#6071=CARTESIAN_POINT('',(-0.0668813085928739,-0.00739569197235971,0.0769952805229623));
#6072=CARTESIAN_POINT('',(-0.0693980407119591,-0.00739569197235971,0.0767486246680937));
#6073=CARTESIAN_POINT('',(-0.0725299466022721,-0.00739569197235971,0.0754861318745546));
#6074=CARTESIAN_POINT('',(-0.0745641995245697,-0.0073956919723597,0.0739683501752332));
#6075=CARTESIAN_POINT('',(-0.0760835150141763,-0.00739569197235971,0.0719377400178221));
#6076=CARTESIAN_POINT('',(-0.077351432825338,-0.0073956919723597,0.0688052707165119));
#6077=CARTESIAN_POINT('',(-0.077598967549777,-0.00739569197235971,0.0662788588221062));
#6078=CARTESIAN_POINT('',(-0.0775998638839656,-0.00739569197235971,0.0645957088878747));
#6079=CARTESIAN_POINT('',(-0.0775998638839656,-0.00739569197235971,0.0645957088878747));
#6080=CARTESIAN_POINT('',(-0.0775998638839656,-0.00739569197235972,-0.0298042911121254));
#6081=CARTESIAN_POINT('',(-0.0775998638839656,-0.00739569197235972,-0.0298042911121254));
#6082=CARTESIAN_POINT('',(-0.0775998638839656,-0.00739569197235972,-0.0298042911121254));
#6083=CARTESIAN_POINT('',(-0.0775994355190534,-0.00739569197235972,-0.0314857358210337));
#6084=CARTESIAN_POINT('',(-0.0773527796641846,-0.00739569197235972,-0.0340024679401189));
#6085=CARTESIAN_POINT('',(-0.0760902868706456,-0.00739569197235972,-0.0371343738304319));
#6086=CARTESIAN_POINT('',(-0.0745725051713241,-0.00739569197235972,-0.0391686267527295));
#6087=CARTESIAN_POINT('',(-0.0725418950139129,-0.00739569197235972,-0.040687942242336));
#6088=CARTESIAN_POINT('',(-0.0694094257126028,-0.00739569197235972,-0.0419558600534978));
#6089=CARTESIAN_POINT('',(-0.0668830138181971,-0.00739569197235972,-0.0422033947779368));
#6090=CARTESIAN_POINT('',(-0.0651998638839656,-0.00739569197235972,-0.0422042911121253));
#6091=CARTESIAN_POINT('',(-0.0651998638839656,-0.00739569197235972,-0.0422042911121253));
#6092=CARTESIAN_POINT('',(-0.0565998638839656,-0.00739569197235972,-0.0422042911121253));
#6093=CARTESIAN_POINT('',(-0.0566998638839656,-0.00739569197235972,-0.0422042911121253));
#6094=CARTESIAN_POINT('',(-0.0566998638839656,-0.00739569197235972,-0.0422042911121253));
#6095=CARTESIAN_POINT('',(-0.0555859598755385,-0.00739569197235972,-0.0422044027981332));
#6096=CARTESIAN_POINT('',(-0.0539030506604262,-0.00739569197235972,-0.0423459070217215));
#6097=CARTESIAN_POINT('',(-0.0518077334669407,-0.00739569197235972,-0.0429920218679393));
#6098=CARTESIAN_POINT('',(-0.0503211968477144,-0.00739569197235972,-0.0437923119734064));
#6099=CARTESIAN_POINT('',(-0.0490792758314617,-0.00739569197235971,-0.0449197155743293));
#6100=CARTESIAN_POINT('',(-0.0478449473751585,-0.00739569197235973,-0.0467938538634358));
#6101=CARTESIAN_POINT('',(-0.0474057099387666,-0.00739569197235972,-0.0484304019143092));
#6102=CARTESIAN_POINT('',(-0.0472490794021016,-0.00739569197235972,-0.0495383305783597));
#6103=CARTESIAN_POINT('',(-0.0821998638839656,-0.00739569197235972,-0.0744042911121254));
#6104=CARTESIAN_POINT('',(-0.0835046229338438,-0.00739569197235972,-0.0744034772867372));
#6105=CARTESIAN_POINT('',(-0.0854540117877659,-0.00739569197235971,-0.0742217240161322));
#6106=CARTESIAN_POINT('',(-0.0878985862523524,-0.00739569197235972,-0.0732633744813837));
#6107=CARTESIAN_POINT('',(-0.0894874630163682,-0.00739569197235971,-0.0720893358146795));
#6108=CARTESIAN_POINT('',(-0.0906561589340494,-0.00739569197235972,-0.0705055323387434));
#6109=CARTESIAN_POINT('',(-0.0916137225125726,-0.00739569197235971,-0.0680764482260656));
#6110=CARTESIAN_POINT('',(-0.0917980329901079,-0.00739569197235972,-0.0661096399037522));
#6111=CARTESIAN_POINT('',(-0.0917998638839656,-0.00739569197235972,-0.0648042911121254));
#6112=CARTESIAN_POINT('',(-0.0917998638839656,-0.00739569197235972,-0.0648042911121254));
#6113=CARTESIAN_POINT('',(-0.0917998638839656,-0.00739569197235971,0.0815957088898746));
#6114=CARTESIAN_POINT('',(-0.0917998638839656,-0.00739569197235971,0.0815957088878747));
#6115=CARTESIAN_POINT('',(-0.0917998638839656,-0.00739569197235971,0.0815957088878747));
#6116=CARTESIAN_POINT('',(-0.0917990500585773,-0.00739569197235971,0.0829004679377528));
#6117=CARTESIAN_POINT('',(-0.0916172967879726,-0.00739569197235971,0.0848498567916749));
#6118=CARTESIAN_POINT('',(-0.090658947253224,-0.00739569197235971,0.0872944312562612));
#6119=CARTESIAN_POINT('',(-0.0894849085865197,-0.00739569197235971,0.0888833080202769));
#6120=CARTESIAN_POINT('',(-0.087901105110584,-0.00739569197235971,0.0900520039379586));
#6121=CARTESIAN_POINT('',(-0.0854720209979056,-0.0073956919723597,0.0910095675164817));
#6122=CARTESIAN_POINT('',(-0.0835052126755925,-0.00739569197235971,0.0911938779940169));
#6123=CARTESIAN_POINT('',(-0.0821998638839656,-0.00739569197235971,0.0911957088878746));
#6124=CARTESIAN_POINT('',(0.0582001361160344,-0.00739569197235971,0.0911957088878746));
#6125=CARTESIAN_POINT('',(0.0595048951659125,-0.00739569197235971,0.0911948950624869));
#6126=CARTESIAN_POINT('',(0.0614542840198346,-0.0073956919723597,0.0910131417918814));
#6127=CARTESIAN_POINT('',(0.0638988584844208,-0.00739569197235971,0.0900547922571329));
#6128=CARTESIAN_POINT('',(0.0654877352484369,-0.00739569197235971,0.088880753590429));
#6129=CARTESIAN_POINT('',(0.066656431166118,-0.00739569197235971,0.0872969501144931));
#6130=CARTESIAN_POINT('',(0.0676139947446416,-0.0073956919723597,0.0848678660018148));
#6131=CARTESIAN_POINT('',(0.0677983052221767,-0.00739569197235971,0.0829010576795016));
#6132=CARTESIAN_POINT('',(0.0678001361160344,-0.00739569197235971,0.0815957088878747));
#6133=CARTESIAN_POINT('',(0.0678001361160344,-0.00739569197235971,0.0815957088878747));
#6134=CARTESIAN_POINT('',(0.0678001361160344,-0.00739569197235972,-0.00660429111212535));
#6135=CARTESIAN_POINT('',(0.0678001361160344,-0.00739569197235972,-0.0648042911121254));
#6136=CARTESIAN_POINT('',(0.0678001361160344,-0.00739569197235972,-0.0648042911121254));
#6137=CARTESIAN_POINT('',(0.0677993222906462,-0.00739569197235972,-0.0661090501620035));
#6138=CARTESIAN_POINT('',(0.0676175690200413,-0.00739569197235971,-0.0680584390159258));
#6139=CARTESIAN_POINT('',(0.0666592194852927,-0.00739569197235972,-0.0705030134805122));
#6140=CARTESIAN_POINT('',(0.0654851808185885,-0.00739569197235972,-0.072091890244528));
#6141=CARTESIAN_POINT('',(0.0639013773426523,-0.00739569197235972,-0.0732605861622093));
#6142=CARTESIAN_POINT('',(0.0614722932299746,-0.00739569197235971,-0.0742181497407324));
#6143=CARTESIAN_POINT('',(0.0595054849076613,-0.00739569197235972,-0.0744024602182677));
#6144=CARTESIAN_POINT('',(0.0582001361160344,-0.00739569197235972,-0.0744042911121254));
#6145=CARTESIAN_POINT('',(-0.0746998638859656,-0.0073956919723597,-0.0648042911141254));
#6146=CARTESIAN_POINT('',(-0.0746998638859656,-0.0073956919723597,-0.0673042911141254));
#6147=CARTESIAN_POINT('',(-0.0671998638859657,-0.0073956919723597,-0.0648042911141254));
#6148=CARTESIAN_POINT('',(-0.0649637959084658,-0.0073956919723597,-0.0636862571253755));
#6149=CARTESIAN_POINT('',(-0.0694359318634654,-0.0073956919723597,-0.0659223251028753));
#6150=CARTESIAN_POINT('',(-0.0679568298972157,-0.0073956919723597,-0.0577001891478757));
#6151=CARTESIAN_POINT('',(-0.0687137959084658,-0.00739569197235969,-0.0561862571253755));
#6152=CARTESIAN_POINT('',(-0.0709498638859656,-0.0073956919723597,-0.0573042911141254));
#6153=CARTESIAN_POINT('',(-0.0731859318634654,-0.0073956919723597,-0.0584223251028753));
#6154=CARTESIAN_POINT('',(-0.0697154403606529,-0.0073956919723597,-0.0653633081085003));
#6155=CARTESIAN_POINT('',(-0.0596998638859656,-0.0073956919723597,-0.0648042911141254));
#6156=CARTESIAN_POINT('',(-0.0574637959084657,-0.0073956919723597,-0.0636862571253755));
#6157=CARTESIAN_POINT('',(-0.0619359318634654,-0.0073956919723597,-0.0659223251028753));
#6158=CARTESIAN_POINT('',(-0.0609342874112783,-0.0073956919723597,-0.0567452741197504));
#6159=CARTESIAN_POINT('',(-0.0649637959084658,-0.00739569197235969,-0.0486862571253755));
#6160=CARTESIAN_POINT('',(-0.0671998638859656,-0.00739569197235969,-0.0498042911141254));
#6161=CARTESIAN_POINT('',(-0.0694359318634654,-0.00739569197235969,-0.0509223251028753));
#6162=CARTESIAN_POINT('',(-0.064847406371903,-0.0073956919723597,-0.0600993760860001));
#6163=CARTESIAN_POINT('',(1.36116034425097E-7,-0.0129956919723597,-0.0676042911121254));
#6164=CARTESIAN_POINT('',(-0.0295998638839656,-0.0129956919723597,-0.0676042911121254));
#6165=CARTESIAN_POINT('',(-0.0295998638839656,-0.0129956919723597,-0.0676042911121254));
#6166=CARTESIAN_POINT('',(0.00600013611603444,-0.0129956919723597,-0.0676042911121254));
#6167=CARTESIAN_POINT('',(0.00560013611603443,-0.0129956919723597,-0.0676042911121254));
#6168=CARTESIAN_POINT('',(0.00560013611603443,-0.0129956919723597,-0.0676042911121254));
#6169=CARTESIAN_POINT('',(0.00600013611603444,-0.0118956919723597,-0.0708042911121254));
#6170=CARTESIAN_POINT('',(0.00600013611603444,-0.0129956919723597,-0.071824095014844));
#6171=CARTESIAN_POINT('',(0.00560013611603444,-0.0129956919723597,-0.071824095014844));
#6172=CARTESIAN_POINT('',(-0.0295998638839656,-0.0129956919723597,-0.071824095014844));
#6173=CARTESIAN_POINT('',(-0.0295998638839656,-0.0118956919723597,-0.0708042911121254));
#6174=CARTESIAN_POINT('',(0.00560013611603443,-0.0118956919723597,-0.0708042911121254));
#6175=CARTESIAN_POINT('',(-0.00749986388396558,-0.0129956919723597,0.0233957088878746));
#6176=CARTESIAN_POINT('',(-0.0295998638839656,-0.0129956919723597,-0.071824095014844));
#6177=CARTESIAN_POINT('',(0.00560013611603443,-0.0129956919723597,-0.00660429111212535));
#6178=CARTESIAN_POINT('',(0.0678001361160344,-0.00739569197235972,-0.00660429111212535));
#6179=CARTESIAN_POINT('',(0.0680001361160344,-0.00759569197235972,0.0815957088878747));
#6180=CARTESIAN_POINT('',(0.0682001361160344,-0.00779569197235972,0.0815957088878757));
#6181=CARTESIAN_POINT('',(0.0682001361160344,-0.00779569197235973,-0.0266042911121253));
#6182=CARTESIAN_POINT('',(0.0682001361160344,-0.00779569197235973,-0.0648042911121265));
#6183=CARTESIAN_POINT('',(0.0680001361160344,-0.00759569197235973,-0.0648042911121254));
#6184=CARTESIAN_POINT('',(0.0582001361160344,-0.00779967637647145,-0.0748082755162371));
#6185=CARTESIAN_POINT('',(0.0595279610313626,-0.00779967637647145,-0.0748061760017735));
#6186=CARTESIAN_POINT('',(0.0608429204550488,-0.00779967637647145,-0.0746831140326719));
#6187=CARTESIAN_POINT('',(0.0627783325403902,-0.00779967637647145,-0.0741378519501811));
#6188=CARTESIAN_POINT('',(0.0634271109044478,-0.00779967637647145,-0.0738841375116251));
#6189=CARTESIAN_POINT('',(0.0646264542352066,-0.00779967637647145,-0.0732274228648528));
#6190=CARTESIAN_POINT('',(0.0651927974192986,-0.00779967637647145,-0.0728135883624201));
#6191=CARTESIAN_POINT('',(0.0661780241873236,-0.00779967637647145,-0.0718355914841));
#6192=CARTESIAN_POINT('',(0.0665880049961074,-0.00779967637647145,-0.0712850138887217));
#6193=CARTESIAN_POINT('',(0.0672623048908326,-0.00779967637647145,-0.0700727569183504));
#6194=CARTESIAN_POINT('',(0.0675136540829599,-0.00779967637647145,-0.0694396043653978));
#6195=CARTESIAN_POINT('',(0.0680726058310675,-0.00779967637647145,-0.0674948726011371));
#6196=CARTESIAN_POINT('',(0.0682030455699111,-0.00779967637647145,-0.0661353783135179));
#6197=CARTESIAN_POINT('',(0.0682041205201461,-0.00779967637647145,-0.0648042911121254));
#6198=CARTESIAN_POINT('',(0.0582001361160344,-0.00779569197235973,-0.0748042911121254));
#6199=CARTESIAN_POINT('',(0.0595276961646914,-0.00779569197235973,-0.0748021943075828));
#6200=CARTESIAN_POINT('',(0.0608423128136989,-0.00779569197235973,-0.0746791477050946));
#6201=CARTESIAN_POINT('',(0.062777004972385,-0.00779569197235973,-0.0741340854711759));
#6202=CARTESIAN_POINT('',(0.0634254960825148,-0.00779569197235973,-0.0738804795791665));
#6203=CARTESIAN_POINT('',(0.0646242416409353,-0.00779569197235973,-0.0732240913202421));
#6204=CARTESIAN_POINT('',(0.0651902693399157,-0.00779569197235973,-0.0728104840318337));
#6205=CARTESIAN_POINT('',(0.0661749372270477,-0.00779569197235973,-0.0718330413267227));
#6206=CARTESIAN_POINT('',(0.0665846920483284,-0.00779569197235973,-0.0712827724021994));
#6207=CARTESIAN_POINT('',(0.0672586548057406,-0.00779569197235973,-0.0700711230884032));
#6208=CARTESIAN_POINT('',(0.067509895635185,-0.00779569197235973,-0.0694382530024083));
#6209=CARTESIAN_POINT('',(0.0680686409381646,-0.00779569197235973,-0.067494251501149));
#6210=CARTESIAN_POINT('',(0.0681990637444146,-0.00779569197235973,-0.0661351135121034));
#6211=CARTESIAN_POINT('',(0.0682001361160344,-0.00779569197235973,-0.0648042911121254));
#6212=CARTESIAN_POINT('',(0.0582001361160344,-0.00739569197235972,-0.0744042911121254));
#6213=CARTESIAN_POINT('',(0.0595011058225687,-0.00739569197235972,-0.0744024663604115));
#6214=CARTESIAN_POINT('',(0.0607813108336896,-0.00739569197235972,-0.0742809624341173));
#6215=CARTESIAN_POINT('',(0.0626437285307348,-0.00739569197235972,-0.0737559632828073));
#6216=CARTESIAN_POINT('',(0.0632633818101979,-0.00739569197235972,-0.0735132545331084));
#6217=CARTESIAN_POINT('',(0.064402116152733,-0.00739569197235972,-0.072889632814807));
#6218=CARTESIAN_POINT('',(0.0649364718523131,-0.00739569197235972,-0.0724988358656976));
#6219=CARTESIAN_POINT('',(0.0658650328911045,-0.00739569197235972,-0.0715770273978311));
#6220=CARTESIAN_POINT('',(0.0662521005052896,-0.00739569197235972,-0.0710577463797911));
#6221=CARTESIAN_POINT('',(0.0668922175679817,-0.00739569197235972,-0.0699071005744867));
#6222=CARTESIAN_POINT('',(0.0671325797134557,-0.00739569197235972,-0.069302587748427));
#6223=CARTESIAN_POINT('',(0.067670599696198,-0.00739569197235972,-0.0674318983892911));
#6224=CARTESIAN_POINT('',(0.0677993226152639,-0.00739569197235972,-0.0661085297211894));
#6225=CARTESIAN_POINT('',(0.0678001361160344,-0.00739569197235972,-0.0648042911121254));
#6226=CARTESIAN_POINT('',(0.0582001361160366,-0.00779569197235973,-0.0748042911121255));
#6227=CARTESIAN_POINT('',(0.0595576499827955,-0.00779783608723038,-0.0748042911121252));
#6228=CARTESIAN_POINT('',(0.0615851741146684,-0.00779494844553692,-0.0746096357748769));
#6229=CARTESIAN_POINT('',(0.0641231921082616,-0.00779584909620331,-0.0735994799933627));
#6230=CARTESIAN_POINT('',(0.0657715875633426,-0.00779562655635449,-0.0723736056686879));
#6231=CARTESIAN_POINT('',(0.0669915958974971,-0.00779576885178946,-0.0707315224382691));
#6232=CARTESIAN_POINT('',(0.0680011990080498,-0.00779531450698732,-0.0682089178519227));
#6233=CARTESIAN_POINT('',(0.0682001361160342,-0.00779678670021049,-0.0661628577872141));
#6234=CARTESIAN_POINT('',(0.0682001361160344,-0.00779569197235974,-0.0648042911121276));
#6235=CARTESIAN_POINT('',(0.068204120520146,-0.00779967637647129,0.0815957088878747));
#6236=CARTESIAN_POINT('',(0.0682020210056825,-0.00779967637647129,0.0829235338032029));
#6237=CARTESIAN_POINT('',(0.0680789590365808,-0.00779967637647129,0.0842384932268891));
#6238=CARTESIAN_POINT('',(0.0675336969540899,-0.00779967637647129,0.0861739053122305));
#6239=CARTESIAN_POINT('',(0.067279982515534,-0.00779967637647129,0.0868226836762881));
#6240=CARTESIAN_POINT('',(0.0666232678687617,-0.00779967637647129,0.0880220270070466));
#6241=CARTESIAN_POINT('',(0.0662094333663289,-0.00779967637647129,0.0885883701911386));
#6242=CARTESIAN_POINT('',(0.065231436488009,-0.00779967637647129,0.089573596959164));
#6243=CARTESIAN_POINT('',(0.0646808588926307,-0.00779967637647129,0.0899835777679479));
#6244=CARTESIAN_POINT('',(0.0634686019222594,-0.00779967637647129,0.0906578776626726));
#6245=CARTESIAN_POINT('',(0.0628354493693067,-0.00779967637647129,0.0909092268548003));
#6246=CARTESIAN_POINT('',(0.0608907176050462,-0.00779967637647129,0.0914681786029077));
#6247=CARTESIAN_POINT('',(0.059531223317427,-0.00779967637647129,0.0915986183417507));
#6248=CARTESIAN_POINT('',(0.0582001361160344,-0.00779967637647129,0.0915996932919866));
#6249=CARTESIAN_POINT('',(0.0682001361160344,-0.00779569197235972,0.0815957088878747));
#6250=CARTESIAN_POINT('',(0.0681980393114919,-0.00779569197235972,0.0829232689365317));
#6251=CARTESIAN_POINT('',(0.0680749927090036,-0.00779569197235972,0.0842378855855392));
#6252=CARTESIAN_POINT('',(0.0675299304750849,-0.00779569197235972,0.0861725777442252));
#6253=CARTESIAN_POINT('',(0.0672763245830755,-0.00779569197235972,0.0868210688543551));
#6254=CARTESIAN_POINT('',(0.0666199363241511,-0.00779569197235972,0.0880198144127755));
#6255=CARTESIAN_POINT('',(0.0662063290357426,-0.00779569197235972,0.0885858421117557));
#6256=CARTESIAN_POINT('',(0.0652288863306317,-0.00779569197235972,0.0895705099988876));
#6257=CARTESIAN_POINT('',(0.0646786174061084,-0.00779569197235972,0.0899802648201687));
#6258=CARTESIAN_POINT('',(0.0634669680923122,-0.00779569197235972,0.0906542275775807));
#6259=CARTESIAN_POINT('',(0.0628340980063173,-0.00779569197235972,0.0909054684070257));
#6260=CARTESIAN_POINT('',(0.0608900965050581,-0.00779569197235972,0.0914642137100047));
#6261=CARTESIAN_POINT('',(0.0595309585160124,-0.00779569197235972,0.0915946365162546));
#6262=CARTESIAN_POINT('',(0.0582001361160344,-0.00779569197235972,0.0915957088878746));
#6263=CARTESIAN_POINT('',(0.0678001361160344,-0.00739569197235971,0.0815957088878747));
#6264=CARTESIAN_POINT('',(0.0677983113643205,-0.00739569197235971,0.0828966785944089));
#6265=CARTESIAN_POINT('',(0.0676768074380263,-0.00739569197235971,0.0841768836055299));
#6266=CARTESIAN_POINT('',(0.0671518082867164,-0.00739569197235971,0.0860393013025751));
#6267=CARTESIAN_POINT('',(0.0669090995370174,-0.00739569197235971,0.0866589545820382));
#6268=CARTESIAN_POINT('',(0.066285477818716,-0.00739569197235971,0.0877976889245733));
#6269=CARTESIAN_POINT('',(0.0658946808696066,-0.00739569197235971,0.0883320446241534));
#6270=CARTESIAN_POINT('',(0.0649728724017402,-0.00739569197235971,0.0892606056629447));
#6271=CARTESIAN_POINT('',(0.0644535913837001,-0.00739569197235971,0.0896476732771297));
#6272=CARTESIAN_POINT('',(0.0633029455783957,-0.00739569197235971,0.0902877903398216));
#6273=CARTESIAN_POINT('',(0.062698432752336,-0.00739569197235971,0.0905281524852956));
#6274=CARTESIAN_POINT('',(0.0608277433932001,-0.00739569197235971,0.0910661724680386));
#6275=CARTESIAN_POINT('',(0.0595043747250984,-0.00739569197235971,0.0911948953871047));
#6276=CARTESIAN_POINT('',(0.0582001361160344,-0.00739569197235971,0.0911957088878746));
#6277=CARTESIAN_POINT('',(0.0682001361160344,-0.00779569197235972,0.0815957088878767));
#6278=CARTESIAN_POINT('',(0.0682001361160339,-0.00779783608723014,0.0829532227546356));
#6279=CARTESIAN_POINT('',(0.0680054807787855,-0.00779494844553651,0.0849807468865083));
#6280=CARTESIAN_POINT('',(0.0669953249972714,-0.00779584909620287,0.0875187648801016));
#6281=CARTESIAN_POINT('',(0.0657694506725968,-0.00779562655635463,0.0891671603351826));
#6282=CARTESIAN_POINT('',(0.0641273674421784,-0.00779576885178946,0.0903871686693371));
#6283=CARTESIAN_POINT('',(0.0616047628558316,-0.00779531450698685,0.0913967717798903));
#6284=CARTESIAN_POINT('',(0.0595587027911232,-0.00779678670021087,0.0915957088878745));
#6285=CARTESIAN_POINT('',(0.0582001361160366,-0.00779569197235986,0.0915957088878747));
#6286=CARTESIAN_POINT('',(0.0682001361160344,-0.00779127195986822,0.08159570888788));
#6287=CARTESIAN_POINT('',(0.0682001361160344,-0.00839569187235975,0.08159570888788));
#6288=CARTESIAN_POINT('',(0.0682001361160321,-0.00779127195986828,0.0882623755545423));
#6289=CARTESIAN_POINT('',(0.0682001361160321,-0.00839569187235982,0.0882623755545423));
#6290=CARTESIAN_POINT('',(0.0648668027827001,-0.00779127195986811,0.0915957088878738));
#6291=CARTESIAN_POINT('',(0.0648668027827001,-0.00839569187235964,0.0915957088878738));
#6292=CARTESIAN_POINT('',(0.0582001361160365,-0.00779127195986818,0.0915957088878747));
#6293=CARTESIAN_POINT('',(0.0582001361160365,-0.00839569187235972,0.0915957088878747));
#6294=CARTESIAN_POINT('',(0.0682001361160344,-0.00789569197235971,0.0815957088878747));
#6295=CARTESIAN_POINT('',(0.0580001361160325,-0.00920078032900491,0.0881957088878748));
#6296=CARTESIAN_POINT('',(0.0580001361160325,-0.00839569197235968,0.0881957088878748));
#6297=CARTESIAN_POINT('',(0.0603001361154759,-0.00920078032900492,0.0881957088878752));
#6298=CARTESIAN_POINT('',(0.060300136115476,-0.00839569197235969,0.0881957088878752));
#6299=CARTESIAN_POINT('',(0.0636672934024773,-0.00920078032900501,0.0870628661759414));
#6300=CARTESIAN_POINT('',(0.0636672934024773,-0.00839569197235978,0.0870628661759414));
#6301=CARTESIAN_POINT('',(0.0648001361154855,-0.00920078032900492,0.0836957088900636));
#6302=CARTESIAN_POINT('',(0.0648001361154855,-0.00839569197235969,0.0836957088900636));
#6303=CARTESIAN_POINT('',(0.0648001361160344,-0.00920078032900491,0.0813957088912177));
#6304=CARTESIAN_POINT('',(0.0648001361160344,-0.00839569197235968,0.0813957088912177));
#6305=CARTESIAN_POINT('',(0.0648001361160344,-0.0091956919723597,0.081395708891228));
#6306=CARTESIAN_POINT('',(0.0648001361153717,-0.0091949714311952,0.0823204345741634));
#6307=CARTESIAN_POINT('',(0.064670582294421,-0.00919546787442159,0.083707809529532));
#6308=CARTESIAN_POINT('',(0.0639882602599637,-0.00919099466018258,0.0854331855061301));
#6309=CARTESIAN_POINT('',(0.0631543208440448,-0.00919853389940028,0.0865550287909474));
#6310=CARTESIAN_POINT('',(0.0620341047492812,-0.0091890706499199,0.0873850568629507));
#6311=CARTESIAN_POINT('',(0.0603166519803781,-0.00919687939568855,0.0880647788398529));
#6312=CARTESIAN_POINT('',(0.0589244189061728,-0.00919426690948367,0.0881957088878802));
#6313=CARTESIAN_POINT('',(0.0580001361160344,-0.00919569197235445,0.08819570888788));
#6314=CARTESIAN_POINT('',(0.0648001361160344,-0.0091956919723597,0.0813957088878956));
#6315=CARTESIAN_POINT('',(0.0648001361160344,-0.0083956919723597,0.0813957088878747));
#6316=CARTESIAN_POINT('',(0.0648001361160344,-0.0091956919723597,-0.0266042911121253));
#6317=CARTESIAN_POINT('',(0.0832001361160344,0.0092043080276403,0.0605957088878756));
#6318=CARTESIAN_POINT('',(0.0648001361160344,-0.0091956919723597,0.0789957088878746));
#6319=CARTESIAN_POINT('',(0.0648001361160344,-0.0091956919723597,0.0789957088878746));
#6320=CARTESIAN_POINT('',(0.0647001361160344,-0.0092956919723597,0.0813957088878747));
#6321=CARTESIAN_POINT('',(0.0644001361160344,-0.0143956919723597,0.0793957088878746));
#6322=CARTESIAN_POINT('',(0.0648001361160344,-0.0105209192638729,0.0789957088878746));
#6323=CARTESIAN_POINT('',(0.0646637250062261,-0.0106102212976343,0.0791321199976829));
#6324=CARTESIAN_POINT('',(0.0645297525119732,-0.0107061792293287,0.0792660924919359));
#6325=CARTESIAN_POINT('',(0.0644001361160344,-0.0108140265897205,0.0793957088878746));
#6326=CARTESIAN_POINT('',(0.0648001361160344,-0.0105209192638729,0.0789957088878746));
#6327=CARTESIAN_POINT('',(0.0644001361160344,-0.0108140265897205,0.0793957088878746));
#6328=CARTESIAN_POINT('',(0.0648001361160344,-0.0105209192638729,0.0789957088878746));
#6329=CARTESIAN_POINT('',(0.0644001361160344,-0.0093956919723597,0.0793957088878746));
#6330=CARTESIAN_POINT('',(0.0642001361160344,-0.0118956919723597,0.0293957088878746));
#6331=CARTESIAN_POINT('',(0.0652199400187529,-0.0129956919723597,0.0293957088878746));
#6332=CARTESIAN_POINT('',(0.0652199400187529,-0.0129956919723597,0.0789957088878746));
#6333=CARTESIAN_POINT('',(0.0652199400187529,-0.0129956919723597,0.0677957088878746));
#6334=CARTESIAN_POINT('',(0.0642001361160344,-0.0118956919723597,0.0677957088878746));
#6335=CARTESIAN_POINT('',(0.0648001361160344,-0.0105209192638729,0.0677957088878746));
#6336=CARTESIAN_POINT('',(0.0648001361160344,-0.0105209192638729,0.0293957088878746));
#6337=CARTESIAN_POINT('',(0.0642001361160344,-0.0118956919723597,0.0789957088878746));
#6338=CARTESIAN_POINT('',(0.0644001361160344,-0.0343956919723597,0.0673957088878746));
#6339=CARTESIAN_POINT('',(0.0648001361160344,-0.0093956919723597,0.0677957088878746));
#6340=CARTESIAN_POINT('',(0.0648001361160344,-0.0105209192638729,0.0677957088878746));
#6341=CARTESIAN_POINT('',(0.0646637250062261,-0.0106102212976343,0.0676592977780663));
#6342=CARTESIAN_POINT('',(0.0645297525119732,-0.0107061792293287,0.0675253252838133));
#6343=CARTESIAN_POINT('',(0.0644001361160344,-0.0108140265897205,0.0673957088878746));
#6344=CARTESIAN_POINT('',(0.0644001361160344,-0.0108140265897205,0.0673957088878746));
#6345=CARTESIAN_POINT('',(0.0644001361160344,-0.0105209192638729,0.0673957088878746));
#6346=CARTESIAN_POINT('',(0.0536001361160344,-0.00739569197235971,0.0645957088878747));
#6347=CARTESIAN_POINT('',(0.0535997084646275,-0.00739569197235971,0.0662743529006583));
#6348=CARTESIAN_POINT('',(0.0534272268672096,-0.00739569197235971,0.0679751107412942));
#6349=CARTESIAN_POINT('',(0.0527194323675061,-0.00739569197235971,0.0703714677250329));
#6350=CARTESIAN_POINT('',(0.0523995482803327,-0.00739569197235971,0.0711578939272961));
#6351=CARTESIAN_POINT('',(0.0515718304022038,-0.00739569197235971,0.0726232868707077));
#6352=CARTESIAN_POINT('',(0.0510721495352095,-0.00739569197235971,0.073291520488407));
#6353=CARTESIAN_POINT('',(0.0498711343482426,-0.00739569197235971,0.0744882156465046));
#6354=CARTESIAN_POINT('',(0.0492029927939176,-0.00739569197235971,0.0749844292023169));
#6355=CARTESIAN_POINT('',(0.047732525911249,-0.00739569197235971,0.0758087635499925));
#6356=CARTESIAN_POINT('',(0.0469471480607689,-0.00739569197235971,0.0761253104555034));
#6357=CARTESIAN_POINT('',(0.0445647979785385,-0.00739569197235971,0.0768235441756524));
#6358=CARTESIAN_POINT('',(0.042880667136621,-0.00739569197235971,0.076994813948346));
#6359=CARTESIAN_POINT('',(0.0412001361160344,-0.00739569197235971,0.0769957088878746));
#6360=CARTESIAN_POINT('',(0.0532001361160344,-0.00779569197235972,0.0645957088878747));
#6361=CARTESIAN_POINT('',(0.0531999309992284,-0.00779569197235972,0.0662469358481745));
#6362=CARTESIAN_POINT('',(0.053029414445542,-0.00779569197235972,0.0679106359134298));
#6363=CARTESIAN_POINT('',(0.052343122645193,-0.00779569197235972,0.0702330398810656));
#6364=CARTESIAN_POINT('',(0.0520345191620358,-0.00779569197235972,0.0709908839293751));
#6365=CARTESIAN_POINT('',(0.0512402358722918,-0.00779569197235972,0.0723969579654472));
#6366=CARTESIAN_POINT('',(0.0507627487054874,-0.00779569197235972,0.0730351391275617));
#6367=CARTESIAN_POINT('',(0.0496158704855013,-0.00779569197235972,0.0741778926884275));
#6368=CARTESIAN_POINT('',(0.0489777395512362,-0.00779569197235972,0.0746521030887365));
#6369=CARTESIAN_POINT('',(0.0475666424626056,-0.00779569197235972,0.0754432271493914));
#6370=CARTESIAN_POINT('',(0.0468096938922525,-0.00779569197235972,0.075748661461438));
#6371=CARTESIAN_POINT('',(0.0445006134370822,-0.00779569197235972,0.0764257487619441));
#6372=CARTESIAN_POINT('',(0.0428531925197851,-0.00779569197235972,0.0765950388965775));
#6373=CARTESIAN_POINT('',(0.0412001361160344,-0.00779569197235972,0.0765957088878747));
#6374=CARTESIAN_POINT('',(0.0528001361160344,-0.00819569197235972,0.0645957088878747));
#6375=CARTESIAN_POINT('',(0.0528001535338293,-0.00819569197235972,0.0662195187956906));
#6376=CARTESIAN_POINT('',(0.0526316020238744,-0.00819569197235972,0.0678461610855652));
#6377=CARTESIAN_POINT('',(0.0519668129228799,-0.00819569197235972,0.0700946120370981));
#6378=CARTESIAN_POINT('',(0.0516694900437389,-0.00819569197235972,0.0708238739314542));
#6379=CARTESIAN_POINT('',(0.0509086413423798,-0.00819569197235972,0.0721706290601868));
#6380=CARTESIAN_POINT('',(0.0504533478757653,-0.00819569197235972,0.0727787577667164));
#6381=CARTESIAN_POINT('',(0.04936060662276,-0.00819569197235972,0.0738675697303504));
#6382=CARTESIAN_POINT('',(0.0487524863085548,-0.00819569197235972,0.0743197769751562));
#6383=CARTESIAN_POINT('',(0.0474007590139622,-0.00819569197235972,0.0750776907487903));
#6384=CARTESIAN_POINT('',(0.0466722397237361,-0.00819569197235972,0.0753720124673724));
#6385=CARTESIAN_POINT('',(0.0444364288956259,-0.00819569197235972,0.0760279533482356));
#6386=CARTESIAN_POINT('',(0.0428257179029492,-0.00819569197235972,0.0761952638448089));
#6387=CARTESIAN_POINT('',(0.0412001361160344,-0.00819569197235972,0.0761957088878747));
#6388=CARTESIAN_POINT('',(0.0530001361160344,-0.00799569197235972,0.0645957088878747));
#6389=CARTESIAN_POINT('',(0.0396457378348876,-0.00731569197235972,0.0741162303077056));
#6390=CARTESIAN_POINT('',(0.0401638705952699,-0.00731569197235972,0.0741160565010952));
#6391=CARTESIAN_POINT('',(0.0406820033556521,-0.00731569197235972,0.074115882694485));
#6392=CARTESIAN_POINT('',(0.0412001361160344,-0.00731569197235972,0.0741157088878746));
#6393=CARTESIAN_POINT('',(0.0424954680169901,-0.00731569197235972,0.074115274371349));
#6394=CARTESIAN_POINT('',(0.0438055482718605,-0.00731569197235972,0.0739854263206231));
#6395=CARTESIAN_POINT('',(0.046252313216702,-0.00731569197235972,0.073289523771042));
#6396=CARTESIAN_POINT('',(0.0474388250916533,-0.00731569197235972,0.0726760566383795));
#6397=CARTESIAN_POINT('',(0.0492653510204963,-0.00731569197235972,0.0708537802858769));
#6398=CARTESIAN_POINT('',(0.0498846552588642,-0.00731569197235972,0.069671117594112));
#6399=CARTESIAN_POINT('',(0.050592279804363,-0.00731569197235972,0.0672017831955109));
#6400=CARTESIAN_POINT('',(0.050719541621383,-0.00731569197235972,0.0658935732998202));
#6401=CARTESIAN_POINT('',(0.0507201361160344,-0.00731569197235972,0.0645957088878747));
#6402=CARTESIAN_POINT('',(0.050720373913895,-0.00731569197235972,0.0640765631230965));
#6403=CARTESIAN_POINT('',(0.0507206117117556,-0.00731569197235972,0.0635574173583182));
#6404=CARTESIAN_POINT('',(0.0507208495096162,-0.00731569197235972,0.0630382715935401));
#6405=CARTESIAN_POINT('',(0.0396393800762103,-0.00739569197235971,0.0741962868194221));
#6406=CARTESIAN_POINT('',(0.040159632089485,-0.00739569197235971,0.074196094175573));
#6407=CARTESIAN_POINT('',(0.0406798841027597,-0.00739569197235971,0.0741959015317239));
#6408=CARTESIAN_POINT('',(0.0412001361160344,-0.00739569197235971,0.0741957088878747));
#6409=CARTESIAN_POINT('',(0.0425007661492211,-0.00739569197235971,0.0741952272782518));
#6410=CARTESIAN_POINT('',(0.0438180079667062,-0.00739569197235971,0.0740649840176794));
#6411=CARTESIAN_POINT('',(0.0462839680621208,-0.00739569197235971,0.0733637643423022));
#6412=CARTESIAN_POINT('',(0.0474839969768626,-0.00739569197235971,0.0727439901192631));
#6413=CARTESIAN_POINT('',(0.0493331065598248,-0.00739569197235971,0.0708991931626198));
#6414=CARTESIAN_POINT('',(0.0499588127163234,-0.00739569197235971,0.0697029869378804));
#6415=CARTESIAN_POINT('',(0.0506718660769704,-0.00739569197235971,0.0672142180892955));
#6416=CARTESIAN_POINT('',(0.0507994923442382,-0.00739569197235971,0.0658988836886975));
#6417=CARTESIAN_POINT('',(0.0508001361160344,-0.00739569197235971,0.0645957088878747));
#6418=CARTESIAN_POINT('',(0.0508003936247529,-0.00739569197235971,0.0640744389675456));
#6419=CARTESIAN_POINT('',(0.0508006511334714,-0.00739569197235971,0.0635531690472163));
#6420=CARTESIAN_POINT('',(0.0508009086421898,-0.00739569197235971,0.0630318991268873));
#6421=CARTESIAN_POINT('',(0.039607591282824,-0.00779569197235972,0.0745965693780055));
#6422=CARTESIAN_POINT('',(0.0401384395605608,-0.00779569197235972,0.0745962825479619));
#6423=CARTESIAN_POINT('',(0.0406692878382976,-0.00779569197235972,0.0745959957179182));
#6424=CARTESIAN_POINT('',(0.0412001361160344,-0.00779569197235972,0.0745957088878747));
#6425=CARTESIAN_POINT('',(0.0425272568103764,-0.00779569197235972,0.0745949918127656));
#6426=CARTESIAN_POINT('',(0.0438803064409346,-0.00779569197235972,0.0744627725029617));
#6427=CARTESIAN_POINT('',(0.046442242289215,-0.00779569197235972,0.0737349671986042));
#6428=CARTESIAN_POINT('',(0.0477098564029093,-0.00779569197235972,0.0730836575236818));
#6429=CARTESIAN_POINT('',(0.0496718842564676,-0.00779569197235972,0.0711262575463346));
#6430=CARTESIAN_POINT('',(0.0503296000036199,-0.00779569197235972,0.0698623336567227));
#6431=CARTESIAN_POINT('',(0.0510697974400077,-0.00779569197235972,0.0672763925582187));
#6432=CARTESIAN_POINT('',(0.0511992459585145,-0.00779569197235972,0.065925435633084));
#6433=CARTESIAN_POINT('',(0.0512001361160344,-0.00779569197235972,0.0645957088878747));
#6434=CARTESIAN_POINT('',(0.0512004921790424,-0.00779569197235972,0.064063818189791));
#6435=CARTESIAN_POINT('',(0.0512008482420503,-0.00779569197235972,0.0635319274917073));
#6436=CARTESIAN_POINT('',(0.0512012043050583,-0.00779569197235972,0.0630000367936235));
#6437=CARTESIAN_POINT('',(0.0395758024894377,-0.00819569197235972,0.074996851936589));
#6438=CARTESIAN_POINT('',(0.0401172470316366,-0.00819569197235972,0.0749964709203509));
#6439=CARTESIAN_POINT('',(0.0406586915738355,-0.00819569197235972,0.0749960899041127));
#6440=CARTESIAN_POINT('',(0.0412001361160344,-0.00819569197235972,0.0749957088878746));
#6441=CARTESIAN_POINT('',(0.0425537474715317,-0.00819569197235972,0.0749947563472793));
#6442=CARTESIAN_POINT('',(0.043942604915163,-0.00819569197235972,0.0748605609882438));
#6443=CARTESIAN_POINT('',(0.0466005165163092,-0.00819569197235972,0.0741061700549061));
#6444=CARTESIAN_POINT('',(0.047935715828956,-0.00819569197235972,0.0734233249281005));
#6445=CARTESIAN_POINT('',(0.0500106619531104,-0.00819569197235972,0.0713533219300495));
#6446=CARTESIAN_POINT('',(0.0507003872909164,-0.00819569197235972,0.0700216803755648));
#6447=CARTESIAN_POINT('',(0.051467728803045,-0.00819569197235972,0.0673385670271419));
#6448=CARTESIAN_POINT('',(0.0515989995727908,-0.00819569197235972,0.0659519875774705));
#6449=CARTESIAN_POINT('',(0.0516001361160344,-0.00819569197235972,0.0645957088878747));
#6450=CARTESIAN_POINT('',(0.0516005907333318,-0.00819569197235972,0.0640531974120364));
#6451=CARTESIAN_POINT('',(0.0516010453506293,-0.00819569197235972,0.0635106859361981));
#6452=CARTESIAN_POINT('',(0.0516014999679267,-0.00819569197235972,0.0629681744603597));
#6453=CARTESIAN_POINT('',(0.0510001361160344,-0.00759569197235972,0.0645957088878747));
#6454=CARTESIAN_POINT('',(-0.0702618638839656,-0.0343956919723597,0.0673957088878746));
#6455=CARTESIAN_POINT('',(0.0642001361160344,-0.0118956919723597,0.0673957088878746));
#6456=CARTESIAN_POINT('',(0.0650486642534583,-0.0125956919723597,0.0673957088878746));
#6457=CARTESIAN_POINT('',(0.0610001361160344,-0.0125956919723597,0.0673957088878746));
#6458=CARTESIAN_POINT('',(0.0611658215409836,-0.0125956919723597,0.0673957088878746));
#6459=CARTESIAN_POINT('',(0.059282978828509,-0.0107128492598851,0.0673957088878746));
#6460=CARTESIAN_POINT('',(0.075605228828509,-0.0270350992598851,0.0673957088878746));
#6461=CARTESIAN_POINT('',(0.0617251085830489,-0.0112454536101461,0.066045470525661));
#6462=CARTESIAN_POINT('',(0.0610001361160344,-0.0129956919723597,0.0677957088878746));
#6463=CARTESIAN_POINT('',(0.0610001361160344,-0.0129956919723597,0.0677957088878746));
#6464=CARTESIAN_POINT('',(0.0590001361160344,-0.0109956919723597,0.0233957088878746));
#6465=CARTESIAN_POINT('',(0.0610001361160344,-0.0129956919723597,0.0233957088878746));
#6466=CARTESIAN_POINT('',(0.0610001361160344,-0.0129956919723597,0.0789957088878746));
#6467=CARTESIAN_POINT('',(0.0574001361160344,-0.0093956919723597,0.0789957088878746));
#6468=CARTESIAN_POINT('',(0.063982978828509,-0.0154128492598851,0.0793957088878746));
#6469=CARTESIAN_POINT('',(0.0608510464819664,-0.013355626188936,0.0786357746712983));
#6470=CARTESIAN_POINT('',(0.0611658215409836,-0.0125956919723597,0.0793957088878746));
#6471=CARTESIAN_POINT('',(0.059282978828509,-0.0107128492598851,0.0793957088878746));
#6472=CARTESIAN_POINT('',(-0.0649998638839656,-0.0143956919723597,0.0793957088878746));
#6473=CARTESIAN_POINT('',(0.0642001361160344,-0.0118956919723597,0.0793957088878746));
#6474=CARTESIAN_POINT('',(0.0650486642534583,-0.0125956919723597,0.0793957088878746));
#6475=CARTESIAN_POINT('',(0.0652199400187529,-0.0125956919723597,0.0793957088878746));
#6476=CARTESIAN_POINT('',(0.0580001361160344,-0.00918857690351612,0.0882028239567183));
#6477=CARTESIAN_POINT('',(0.0589085418343007,-0.00918857690351612,0.0882014192173171));
#6478=CARTESIAN_POINT('',(0.0598047410390067,-0.00918857690351612,0.0881180313683282));
#6479=CARTESIAN_POINT('',(0.0615662583536657,-0.00918857690351612,0.087626461195198));
#6480=CARTESIAN_POINT('',(0.0624322686788623,-0.00918857690351612,0.0871848781247847));
#6481=CARTESIAN_POINT('',(0.0637697865948499,-0.00918857690351612,0.0858590998215117));
#6482=CARTESIAN_POINT('',(0.0642146687411797,-0.00918857690351612,0.0850027840821004));
#6483=CARTESIAN_POINT('',(0.0647169274043808,-0.00918857690351612,0.0832358196904713));
#6484=CARTESIAN_POINT('',(0.0648065370425308,-0.00918857690351612,0.0823066904399074));
#6485=CARTESIAN_POINT('',(0.064807251184878,-0.00918857690351612,0.0813957088878747));
#6486=CARTESIAN_POINT('',(0.0580001361160344,-0.00918982586060073,0.0882015749996336));
#6487=CARTESIAN_POINT('',(0.0589084595069829,-0.00918982586060073,0.0882001711166724));
#6488=CARTESIAN_POINT('',(0.0598045522374645,-0.00918982586060073,0.0881167883464994));
#6489=CARTESIAN_POINT('',(0.0615657702665518,-0.00918982586060073,0.0876252997634623));
#6490=CARTESIAN_POINT('',(0.0624315677244401,-0.00918982586060073,0.0871838144522381));
#6491=CARTESIAN_POINT('',(0.0637687279357496,-0.00918982586060073,0.0858583905486423));
#6492=CARTESIAN_POINT('',(0.0642135103183628,-0.00918982586060073,0.0850022875108575));
#6493=CARTESIAN_POINT('',(0.0647156851304495,-0.00918982586060073,0.0832356261672854));
#6494=CARTESIAN_POINT('',(0.0648052889061473,-0.00918982586060073,0.0823066081011133));
#6495=CARTESIAN_POINT('',(0.0648060022277934,-0.00918982586060073,0.0813957088878747));
#6496=CARTESIAN_POINT('',(0.0580001361160344,-0.0091956919723597,0.0881957088878746));
#6497=CARTESIAN_POINT('',(0.0589080728313691,-0.0091956919723597,0.0881943090274469));
#6498=CARTESIAN_POINT('',(0.0598036654728504,-0.0091956919723597,0.0881109501114981));
#6499=CARTESIAN_POINT('',(0.0615634778150389,-0.0091956919723597,0.0876198447414714));
#6500=CARTESIAN_POINT('',(0.0624282754760282,-0.0091956919723597,0.0871788185863991));
#6501=CARTESIAN_POINT('',(0.0637637556171057,-0.0091956919723597,0.0858550592300799));
#6502=CARTESIAN_POINT('',(0.0642080694286865,-0.0091956919723597,0.0849999552110189));
#6503=CARTESIAN_POINT('',(0.0647098504081793,-0.0091956919723597,0.0832347172260179));
#6504=CARTESIAN_POINT('',(0.064799426649064,-0.0091956919723597,0.082306221371598));
#6505=CARTESIAN_POINT('',(0.0648001361160344,-0.0091956919723597,0.0813957088878747));
#6506=CARTESIAN_POINT('',(0.0580001361160344,-0.0093956919723597,0.0879957088878746));
#6507=CARTESIAN_POINT('',(0.0588948894612018,-0.0093956919723597,0.0879944461722434));
#6508=CARTESIAN_POINT('',(0.0597734320013263,-0.0093956919723597,0.0879119005454102));
#6509=CARTESIAN_POINT('',(0.061485318666114,-0.0093956919723597,0.0874338604910806));
#6510=CARTESIAN_POINT('',(0.062316029117718,-0.0093956919723597,0.0870084888673501));
#6511=CARTESIAN_POINT('',(0.0635942287192844,-0.0093956919723597,0.0857414808088281));
#6512=CARTESIAN_POINT('',(0.0640225670073267,-0.0093956919723597,0.0849204374679403));
#6513=CARTESIAN_POINT('',(0.0645109206056148,-0.0093956919723597,0.0832037276607016));
#6514=CARTESIAN_POINT('',(0.0645995580708927,-0.0093956919723597,0.0822930361637012));
#6515=CARTESIAN_POINT('',(0.0646001361160344,-0.0093956919723597,0.0813957088878747));
#6516=CARTESIAN_POINT('',(0.0580001361160344,-0.0092956919723597,0.0880957088878746));
#6517=CARTESIAN_POINT('',(1.36116034425097E-7,-0.0091956919723597,0.0881957088878746));
#6518=CARTESIAN_POINT('',(0.00373346944936773,-0.00732902530569301,0.0900623755545416));
#6519=CARTESIAN_POINT('',(0.00560013611603443,-0.0093956919723597,0.0881957088878746));
#6520=CARTESIAN_POINT('',(0.00600013611603444,-0.0108140265897205,0.0877957088878747));
#6521=CARTESIAN_POINT('',(0.0058705197200957,-0.0107061792293287,0.0879253252838135));
#6522=CARTESIAN_POINT('',(0.00573654722584271,-0.0106102212976343,0.0880592977780663));
#6523=CARTESIAN_POINT('',(0.00560013611603443,-0.0105209192638729,0.0881957088878746));
#6524=CARTESIAN_POINT('',(0.00600013611603444,-0.0108140265897205,0.0877957088878747));
#6525=CARTESIAN_POINT('',(0.00600013611603444,-0.0105209192638729,0.0877957088878747));
#6526=CARTESIAN_POINT('',(0.00600013611603444,-0.0143956919723597,0.0883957088878747));
#6527=CARTESIAN_POINT('',(0.00600013611603444,-0.0118956919723597,0.0875957088878746));
#6528=CARTESIAN_POINT('',(0.00600013611603442,-0.0125956919723597,0.0884442370252986));
#6529=CARTESIAN_POINT('',(0.00600013611603444,-0.0125956919723597,0.0883957088878747));
#6530=CARTESIAN_POINT('',(0.00600013611603444,-0.0125956919723597,0.0845613943128239));
#6531=CARTESIAN_POINT('',(0.00600013611603444,-0.0154128492598851,0.0873785516003492));
#6532=CARTESIAN_POINT('',(0.00600013611603444,-0.0154128492598851,0.0873785516003492));
#6533=CARTESIAN_POINT('',(0.00613964040281404,-0.01245618768558,0.0846191788804172));
#6534=CARTESIAN_POINT('',(0.0642001361160344,-0.0118956919723597,0.0793957088878746));
#6535=CARTESIAN_POINT('',(0.065219940018753,-0.0129956919723597,0.0789957088878746));
#6536=CARTESIAN_POINT('',(0.065167270972404,-0.0128614117248118,0.0791299891354225));
#6537=CARTESIAN_POINT('',(0.0651109899679229,-0.0127279047783805,0.0792634960818538));
#6538=CARTESIAN_POINT('',(0.0650486642534583,-0.0125956919723597,0.0793957088878746));
#6539=CARTESIAN_POINT('',(-0.00749986388396558,-0.0129956919723597,0.0233957088878746));
#6540=CARTESIAN_POINT('',(0.0652199400187529,-0.0129956919723597,0.0677957088878746));
#6541=CARTESIAN_POINT('',(0.0610001361160344,-0.0129956919723597,0.0789957088878746));
#6542=CARTESIAN_POINT('',(0.0642001361160344,-0.0118956919723597,0.0673957088878746));
#6543=CARTESIAN_POINT('',(0.0650486642534583,-0.0125956919723597,0.0673957088878746));
#6544=CARTESIAN_POINT('',(0.065110989967923,-0.0127279047783805,0.0675279216938954));
#6545=CARTESIAN_POINT('',(0.065167270972404,-0.0128614117248118,0.0676614286403267));
#6546=CARTESIAN_POINT('',(0.065219940018753,-0.0129956919723597,0.0677957088878746));
#6547=CARTESIAN_POINT('',(-0.00749986388396558,-0.0129956919723597,0.0677957088878746));
#6548=CARTESIAN_POINT('',(-0.0649998638839656,-0.0125956919723597,0.0793957088878746));
#6549=CARTESIAN_POINT('',(0.00560013611603443,-0.0118956919723597,0.0875957088878746));
#6550=CARTESIAN_POINT('',(0.00600013611603441,-0.0125956919723597,0.0884442370252986));
#6551=CARTESIAN_POINT('',(0.00586792331001362,-0.0127279047783805,0.0885065627397633));
#6552=CARTESIAN_POINT('',(0.00573441636358231,-0.0128614117248118,0.0885628437442442));
#6553=CARTESIAN_POINT('',(0.00560013611603439,-0.0129956919723597,0.0886155127905932));
#6554=CARTESIAN_POINT('',(0.00560013611603443,-0.0129956919723597,0.0233957088878746));
#6555=CARTESIAN_POINT('',(0.0642001361160344,-0.0118956919723597,0.0293957088878746));
#6556=CARTESIAN_POINT('',(0.0648001361160344,-0.0105209192638729,-0.000604291112125344));
#6557=CARTESIAN_POINT('',(0.0648001361160344,-0.0105209192638729,-0.0510042911121253));
#6558=CARTESIAN_POINT('',(0.0648001361160344,-0.0105209192638729,-0.0622042911121254));
#6559=CARTESIAN_POINT('',(0.0642001361160344,-0.0118956919723597,-0.0510042911121253));
#6560=CARTESIAN_POINT('',(0.0652199400187529,-0.0129956919723597,-0.0510042911121253));
#6561=CARTESIAN_POINT('',(0.0652199400187529,-0.0129956919723597,-0.000604291112125344));
#6562=CARTESIAN_POINT('',(0.0652199400187529,-0.0129956919723597,-0.0622042911121254));
#6563=CARTESIAN_POINT('',(0.0642001361160344,-0.0118956919723597,-0.0622042911121254));
#6564=CARTESIAN_POINT('',(-0.00749986388396558,-0.0129956919723597,0.0233957088878746));
#6565=CARTESIAN_POINT('',(0.00750013611603444,-0.0129956919723597,-0.0510042911121253));
#6566=CARTESIAN_POINT('',(0.0610001361160344,-0.0129956919723597,-0.0510042911121253));
#6567=CARTESIAN_POINT('',(0.0610001361160344,-0.0129956919723597,-0.00660429111212535));
#6568=CARTESIAN_POINT('',(0.0610001361160344,-0.0129956919723597,-0.0622042911121254));
#6569=CARTESIAN_POINT('',(0.00750013611603444,-0.0129956919723597,-0.0622042911121254));
#6570=CARTESIAN_POINT('',(0.0590001361160344,-0.0109956919723597,0.0233957088878746));
#6571=CARTESIAN_POINT('',(0.0590001361160344,-0.0109956919723597,-0.0510042911121253));
#6572=CARTESIAN_POINT('',(0.0590001361160344,-0.0109956919723597,-0.0622042911121254));
#6573=CARTESIAN_POINT('',(0.0582001361160399,-0.00779127195986871,-0.0748042911121256));
#6574=CARTESIAN_POINT('',(0.0582001361160399,-0.00839569187235973,-0.0748042911121256));
#6575=CARTESIAN_POINT('',(0.0648668027827022,-0.00779127195986863,-0.0748042911121238));
#6576=CARTESIAN_POINT('',(0.0648668027827022,-0.00839569187235965,-0.0748042911121238));
#6577=CARTESIAN_POINT('',(0.0682001361160333,-0.00779127195986881,-0.0714709577787912));
#6578=CARTESIAN_POINT('',(0.0682001361160333,-0.00839569187235983,-0.0714709577787912));
#6579=CARTESIAN_POINT('',(0.0682001361160344,-0.00779127195986874,-0.0648042911121275));
#6580=CARTESIAN_POINT('',(0.0682001361160344,-0.00839569187235976,-0.0648042911121275));
#6581=CARTESIAN_POINT('',(0.0682001361160344,-0.00789569197235972,-0.0648042911121254));
#6582=CARTESIAN_POINT('',(0.0682001361160344,-0.00739569197235972,-0.0266042911121253));
#6583=CARTESIAN_POINT('',(0.0648001361160344,-0.00920078032900598,-0.0646042911121235));
#6584=CARTESIAN_POINT('',(0.0648001361160344,-0.0083956919723597,-0.0646042911121235));
#6585=CARTESIAN_POINT('',(0.0648001361160347,-0.00920078032900604,-0.066904291111567));
#6586=CARTESIAN_POINT('',(0.0648001361160347,-0.00839569197235976,-0.066904291111567));
#6587=CARTESIAN_POINT('',(0.0636672934041013,-0.00920078032900595,-0.0702714483985684));
#6588=CARTESIAN_POINT('',(0.0636672934041013,-0.00839569197235967,-0.0702714483985684));
#6589=CARTESIAN_POINT('',(0.0603001361182232,-0.00920078032900604,-0.0714042911115767));
#6590=CARTESIAN_POINT('',(0.0603001361182232,-0.00839569197235976,-0.0714042911115767));
#6591=CARTESIAN_POINT('',(0.0580001361193774,-0.00920078032900598,-0.0714042911121254));
#6592=CARTESIAN_POINT('',(0.0580001361193774,-0.0083956919723597,-0.0714042911121254));
#6593=CARTESIAN_POINT('',(0.0648001361160344,-0.00879569197235971,-0.0646042911121254));
#6594=CARTESIAN_POINT('',(0.0648001361160344,-0.00919569198798472,-0.0646042911121254));
#6595=CARTESIAN_POINT('',(0.0580001361193744,-0.00919569197235971,-0.0714042911121254));
#6596=CARTESIAN_POINT('',(0.0589248618023118,-0.00919497143119426,-0.0714042911114637));
#6597=CARTESIAN_POINT('',(0.060312236757683,-0.00919546787442264,-0.0712747372905132));
#6598=CARTESIAN_POINT('',(0.0620376127342852,-0.00919099466018565,-0.0705924152560542));
#6599=CARTESIAN_POINT('',(0.0631594560191072,-0.00919853389940024,-0.0697584758401361));
#6600=CARTESIAN_POINT('',(0.0639894840911144,-0.00918907064991683,-0.0686382597453724));
#6601=CARTESIAN_POINT('',(0.0646692060680154,-0.00919687939568793,-0.0669208069764599));
#6602=CARTESIAN_POINT('',(0.0648001361160411,-0.00919426690948241,-0.0655285739022663));
#6603=CARTESIAN_POINT('',(0.064800136116041,-0.00919569197235316,-0.0646042911121254));
#6604=CARTESIAN_POINT('',(0.0648001361160344,-0.0093956919723597,-0.0266042911121253));
#6605=CARTESIAN_POINT('',(0.0648001361160344,-0.00939569197235969,0.0139957088878746));
#6606=CARTESIAN_POINT('',(0.0648001361160344,-0.0105209192638729,0.0139957088878746));
#6607=CARTESIAN_POINT('',(0.0648001361160344,-0.0105209192638729,-0.0476042911121254));
#6608=CARTESIAN_POINT('',(0.0648001361160344,-0.0105209192638729,0.00279570888787463));
#6609=CARTESIAN_POINT('',(0.0648001361160344,-0.0105209192638729,0.00279570888787463));
#6610=CARTESIAN_POINT('',(0.0648001361160344,-0.00919569197235968,0.00279570888787463));
#6611=CARTESIAN_POINT('',(0.0648001361160344,-0.00919569197235971,-0.0510042911121253));
#6612=CARTESIAN_POINT('',(0.0648001361160344,-0.00919569197235971,-0.0510042911121253));
#6613=CARTESIAN_POINT('',(0.0648001361160344,-0.00939569197235971,-0.0510042911121253));
#6614=CARTESIAN_POINT('',(0.0648001361160344,-0.00939569197235971,-0.0622042911121254));
#6615=CARTESIAN_POINT('',(0.0648001361160344,-0.00919569197235971,-0.0622042911121254));
#6616=CARTESIAN_POINT('',(0.0648001361160344,-0.00919569197235971,-0.0646042911121254));
#6617=CARTESIAN_POINT('',(0.0532001361160344,-0.00779569197235973,-0.00660429111212535));
#6618=CARTESIAN_POINT('',(0.0534001361160344,-0.00759569197235973,-0.0478042911121254));
#6619=CARTESIAN_POINT('',(0.0412001361160344,-0.00739569197235972,-0.0602042911121254));
#6620=CARTESIAN_POINT('',(0.042878780128818,-0.00739569197235972,-0.0602038634607185));
#6621=CARTESIAN_POINT('',(0.044579537969454,-0.00739569197235972,-0.0600313818633006));
#6622=CARTESIAN_POINT('',(0.0469758949531928,-0.00739569197235972,-0.0593235873635971));
#6623=CARTESIAN_POINT('',(0.047762321155456,-0.00739569197235972,-0.0590037032764237));
#6624=CARTESIAN_POINT('',(0.0492277140988675,-0.00739569197235972,-0.0581759853982948));
#6625=CARTESIAN_POINT('',(0.0498959477165668,-0.00739569197235972,-0.0576763045313005));
#6626=CARTESIAN_POINT('',(0.0510926428746644,-0.00739569197235972,-0.0564752893443336));
#6627=CARTESIAN_POINT('',(0.0515888564304766,-0.00739569197235972,-0.0558071477900086));
#6628=CARTESIAN_POINT('',(0.0524131907781522,-0.00739569197235972,-0.05433668090734));
#6629=CARTESIAN_POINT('',(0.0527297376836632,-0.00739569197235972,-0.0535513030568599));
#6630=CARTESIAN_POINT('',(0.0534279714038121,-0.00739569197235972,-0.0511689529746295));
#6631=CARTESIAN_POINT('',(0.0535992411765058,-0.00739569197235972,-0.0494848221327119));
#6632=CARTESIAN_POINT('',(0.0536001361160344,-0.00739569197235972,-0.0478042911121254));
#6633=CARTESIAN_POINT('',(0.0412001361160344,-0.00779569197235973,-0.0598042911121254));
#6634=CARTESIAN_POINT('',(0.0428513630763343,-0.00779569197235973,-0.0598040859953195));
#6635=CARTESIAN_POINT('',(0.0445150631415895,-0.00779569197235973,-0.0596335694416331));
#6636=CARTESIAN_POINT('',(0.0468374671092253,-0.00779569197235973,-0.0589472776412839));
#6637=CARTESIAN_POINT('',(0.047595311157535,-0.00779569197235973,-0.0586386741581267));
#6638=CARTESIAN_POINT('',(0.049001385193607,-0.00779569197235973,-0.0578443908683827));
#6639=CARTESIAN_POINT('',(0.0496395663557214,-0.00779569197235973,-0.0573669037015784));
#6640=CARTESIAN_POINT('',(0.0507823199165873,-0.00779569197235973,-0.0562200254815924));
#6641=CARTESIAN_POINT('',(0.0512565303168963,-0.00779569197235973,-0.0555818945473272));
#6642=CARTESIAN_POINT('',(0.0520476543775511,-0.00779569197235973,-0.0541707974586966));
#6643=CARTESIAN_POINT('',(0.0523530886895977,-0.00779569197235973,-0.0534138488883435));
#6644=CARTESIAN_POINT('',(0.0530301759901038,-0.00779569197235973,-0.0511047684331733));
#6645=CARTESIAN_POINT('',(0.0531994661247372,-0.00779569197235973,-0.049457347515876));
#6646=CARTESIAN_POINT('',(0.0532001361160344,-0.00779569197235973,-0.0478042911121254));
#6647=CARTESIAN_POINT('',(0.0412001361160344,-0.00819569197235973,-0.0594042911121254));
#6648=CARTESIAN_POINT('',(0.0428239460238506,-0.00819569197235973,-0.0594043085299205));
#6649=CARTESIAN_POINT('',(0.044450588313725,-0.00819569197235973,-0.0592357570199656));
#6650=CARTESIAN_POINT('',(0.0466990392652578,-0.00819569197235973,-0.0585709679189707));
#6651=CARTESIAN_POINT('',(0.047428301159614,-0.00819569197235973,-0.0582736450398297));
#6652=CARTESIAN_POINT('',(0.0487750562883465,-0.00819569197235973,-0.0575127963384706));
#6653=CARTESIAN_POINT('',(0.049383184994876,-0.00819569197235973,-0.0570575028718563));
#6654=CARTESIAN_POINT('',(0.0504719969585102,-0.00819569197235973,-0.0559647616188512));
#6655=CARTESIAN_POINT('',(0.050924204203316,-0.00819569197235973,-0.0553566413046458));
#6656=CARTESIAN_POINT('',(0.05168211797695,-0.00819569197235973,-0.0540049140100534));
#6657=CARTESIAN_POINT('',(0.0519764396955322,-0.00819569197235973,-0.0532763947198271));
#6658=CARTESIAN_POINT('',(0.0526323805763955,-0.00819569197235973,-0.0510405838917171));
#6659=CARTESIAN_POINT('',(0.0527996910729686,-0.00819569197235973,-0.0494298728990401));
#6660=CARTESIAN_POINT('',(0.0528001361160344,-0.00819569197235973,-0.0478042911121254));
#6661=CARTESIAN_POINT('',(0.0512001361160344,-0.00779569197235973,-0.00660429111212535));
#6662=CARTESIAN_POINT('',(0.0514001361160344,-0.00799569197235972,-0.0478042911121254));
#6663=CARTESIAN_POINT('',(0.0507206575358651,-0.00731569197235972,-0.0462498928309786));
#6664=CARTESIAN_POINT('',(0.0507204837292549,-0.00731569197235972,-0.0467680255913609));
#6665=CARTESIAN_POINT('',(0.0507203099226446,-0.00731569197235972,-0.0472861583517431));
#6666=CARTESIAN_POINT('',(0.0507201361160344,-0.00731569197235972,-0.0478042911121254));
#6667=CARTESIAN_POINT('',(0.0507197015995088,-0.00731569197235972,-0.049099623013081));
#6668=CARTESIAN_POINT('',(0.0505898535487828,-0.00731569197235972,-0.0504097032679515));
#6669=CARTESIAN_POINT('',(0.0498939509992015,-0.00731569197235972,-0.052856468212793));
#6670=CARTESIAN_POINT('',(0.0492804838665391,-0.00731569197235972,-0.0540429800877443));
#6671=CARTESIAN_POINT('',(0.0474582075140368,-0.00731569197235972,-0.0558695060165871));
#6672=CARTESIAN_POINT('',(0.0462755448222718,-0.00731569197235972,-0.0564888102549551));
#6673=CARTESIAN_POINT('',(0.0438062104236707,-0.00731569197235972,-0.0571964348004539));
#6674=CARTESIAN_POINT('',(0.0424980005279799,-0.00731569197235972,-0.0573236966174739));
#6675=CARTESIAN_POINT('',(0.0412001361160344,-0.00731569197235972,-0.0573242911121254));
#6676=CARTESIAN_POINT('',(0.0406809903512562,-0.00731569197235972,-0.057324528909986));
#6677=CARTESIAN_POINT('',(0.040161844586478,-0.00731569197235972,-0.0573247667078466));
#6678=CARTESIAN_POINT('',(0.0396426988216998,-0.00731569197235972,-0.057325004505707));
#6679=CARTESIAN_POINT('',(0.0508007140475818,-0.00739569197235972,-0.0462435350723014));
#6680=CARTESIAN_POINT('',(0.0508005214037326,-0.00739569197235972,-0.046763787085576));
#6681=CARTESIAN_POINT('',(0.0508003287598835,-0.00739569197235972,-0.0472840390988507));
#6682=CARTESIAN_POINT('',(0.0508001361160344,-0.00739569197235972,-0.0478042911121254));
#6683=CARTESIAN_POINT('',(0.0507996545064116,-0.00739569197235972,-0.0491049211453121));
#6684=CARTESIAN_POINT('',(0.0506694112458392,-0.00739569197235972,-0.0504221629627972));
#6685=CARTESIAN_POINT('',(0.0499681915704619,-0.00739569197235972,-0.0528881230582118));
#6686=CARTESIAN_POINT('',(0.0493484173474229,-0.00739569197235972,-0.0540881519729536));
#6687=CARTESIAN_POINT('',(0.0475036203907797,-0.00739569197235972,-0.0559372615559157));
#6688=CARTESIAN_POINT('',(0.0463074141660402,-0.00739569197235972,-0.0565629677124144));
#6689=CARTESIAN_POINT('',(0.0438186453174553,-0.00739569197235972,-0.0572760210730614));
#6690=CARTESIAN_POINT('',(0.0425033109168572,-0.00739569197235972,-0.0574036473403292));
#6691=CARTESIAN_POINT('',(0.0412001361160344,-0.00739569197235972,-0.0574042911121254));
#6692=CARTESIAN_POINT('',(0.0406788661957053,-0.00739569197235972,-0.0574045486208439));
#6693=CARTESIAN_POINT('',(0.0401575962753761,-0.00739569197235972,-0.0574048061295624));
#6694=CARTESIAN_POINT('',(0.039636326355047,-0.00739569197235972,-0.0574050636382808));
#6695=CARTESIAN_POINT('',(0.0512009966061652,-0.00779569197235973,-0.0462117462789149));
#6696=CARTESIAN_POINT('',(0.0512007097761216,-0.00779569197235973,-0.0467425945566517));
#6697=CARTESIAN_POINT('',(0.051200422946078,-0.00779569197235973,-0.0472734428343886));
#6698=CARTESIAN_POINT('',(0.0512001361160344,-0.00779569197235973,-0.0478042911121254));
#6699=CARTESIAN_POINT('',(0.0511994190409254,-0.00779569197235973,-0.0491314118064675));
#6700=CARTESIAN_POINT('',(0.0510671997311214,-0.00779569197235973,-0.0504844614370256));
#6701=CARTESIAN_POINT('',(0.0503393944267639,-0.00779569197235973,-0.0530463972853059));
#6702=CARTESIAN_POINT('',(0.0496880847518417,-0.00779569197235973,-0.0543140113990002));
#6703=CARTESIAN_POINT('',(0.0477306847744944,-0.00779569197235973,-0.0562760392525585));
#6704=CARTESIAN_POINT('',(0.0464667608848824,-0.00779569197235973,-0.0569337549997109));
#6705=CARTESIAN_POINT('',(0.0438808197863785,-0.00779569197235973,-0.0576739524360987));
#6706=CARTESIAN_POINT('',(0.0425298628612437,-0.00779569197235973,-0.0578034009546055));
#6707=CARTESIAN_POINT('',(0.0412001361160344,-0.00779569197235973,-0.0578042911121254));
#6708=CARTESIAN_POINT('',(0.0406682454179507,-0.00779569197235973,-0.0578046471751334));
#6709=CARTESIAN_POINT('',(0.040136354719867,-0.00779569197235973,-0.0578050032381413));
#6710=CARTESIAN_POINT('',(0.0396044640217832,-0.00779569197235973,-0.0578053593011493));
#6711=CARTESIAN_POINT('',(0.0516012791647486,-0.00819569197235973,-0.0461799574855284));
#6712=CARTESIAN_POINT('',(0.0516008981485106,-0.00819569197235973,-0.0467214020277273));
#6713=CARTESIAN_POINT('',(0.0516005171322725,-0.00819569197235973,-0.0472628465699264));
#6714=CARTESIAN_POINT('',(0.0516001361160344,-0.00819569197235973,-0.0478042911121254));
#6715=CARTESIAN_POINT('',(0.0515991835754392,-0.00819569197235973,-0.0491579024676229));
#6716=CARTESIAN_POINT('',(0.0514649882164036,-0.00819569197235973,-0.050546759911254));
#6717=CARTESIAN_POINT('',(0.0507105972830659,-0.00819569197235973,-0.0532046715124));
#6718=CARTESIAN_POINT('',(0.0500277521562605,-0.00819569197235973,-0.054539870825047));
#6719=CARTESIAN_POINT('',(0.0479577491582091,-0.00819569197235973,-0.0566148169492013));
#6720=CARTESIAN_POINT('',(0.0466261076037246,-0.00819569197235973,-0.0573045422870074));
#6721=CARTESIAN_POINT('',(0.0439429942553017,-0.00819569197235973,-0.058071883799136));
#6722=CARTESIAN_POINT('',(0.0425564148056302,-0.00819569197235973,-0.0582031545688818));
#6723=CARTESIAN_POINT('',(0.0412001361160344,-0.00819569197235973,-0.0582042911121254));
#6724=CARTESIAN_POINT('',(0.0406576246401961,-0.00819569197235973,-0.0582047457294228));
#6725=CARTESIAN_POINT('',(0.0401151131643578,-0.00819569197235973,-0.0582052003467203));
#6726=CARTESIAN_POINT('',(0.0395726016885194,-0.00819569197235973,-0.0582056549640177));
#6727=CARTESIAN_POINT('',(-0.0649998638839656,-0.0143956919723597,-0.0626042911121254));
#6728=CARTESIAN_POINT('',(0.0644001361160344,-0.0143956919723597,-0.0626042911121254));
#6729=CARTESIAN_POINT('',(0.0644001361160344,-0.0108140265897205,-0.0626042911121254));
#6730=CARTESIAN_POINT('',(0.0642001361160344,-0.0118956919723597,-0.0626042911121254));
#6731=CARTESIAN_POINT('',(0.0650486642534583,-0.0125956919723597,-0.0626042911121254));
#6732=CARTESIAN_POINT('',(0.0650001361160344,-0.0125956919723597,-0.0626042911121254));
#6733=CARTESIAN_POINT('',(0.0611658215409836,-0.0125956919723597,-0.0626042911121254));
#6734=CARTESIAN_POINT('',(0.063982978828509,-0.0154128492598851,-0.0626042911121254));
#6735=CARTESIAN_POINT('',(-0.0731458638839656,-0.0343956919723597,-0.0506042911121254));
#6736=CARTESIAN_POINT('',(0.0682446361160344,-0.0125956919723597,-0.0506042911121254));
#6737=CARTESIAN_POINT('',(0.0611658215409836,-0.0125956919723597,-0.0506042911121254));
#6738=CARTESIAN_POINT('',(0.0650486642534583,-0.0125956919723597,-0.0506042911121254));
#6739=CARTESIAN_POINT('',(0.0642001361160344,-0.0118956919723597,-0.0506042911121254));
#6740=CARTESIAN_POINT('',(0.0644001361160344,-0.0108140265897205,-0.0506042911121254));
#6741=CARTESIAN_POINT('',(0.0644001361160344,-0.0343956919723597,-0.0506042911121254));
#6742=CARTESIAN_POINT('',(0.075605228828509,-0.0270350992598851,-0.0506042911121254));
#6743=CARTESIAN_POINT('',(-0.0731458638839656,-0.0125956919723597,-0.0506042911121254));
#6744=CARTESIAN_POINT('',(0.065219940018753,-0.0129956919723597,-0.0510042911121253));
#6745=CARTESIAN_POINT('',(0.065167270972404,-0.0128614117248118,-0.0508700108645774));
#6746=CARTESIAN_POINT('',(0.0651109899679229,-0.0127279047783805,-0.0507365039181461));
#6747=CARTESIAN_POINT('',(0.0650486642534583,-0.0125956919723597,-0.0506042911121254));
#6748=CARTESIAN_POINT('',(0.0567731774306141,-0.023200472958293,-0.0612090720980587));
#6749=CARTESIAN_POINT('',(0.0590001361160344,-0.0109956919723597,-0.0510042911121253));
#6750=CARTESIAN_POINT('',(0.063982978828509,-0.0154128492598851,-0.0626042911121254));
#6751=CARTESIAN_POINT('',(0.0612236061085769,-0.01245618768558,-0.0627437953989051));
#6752=CARTESIAN_POINT('',(-0.00749986388396558,-0.0129956919723597,-0.0622042911121254));
#6753=CARTESIAN_POINT('',(0.0650486642534583,-0.0125956919723597,-0.0626042911121254));
#6754=CARTESIAN_POINT('',(0.065110989967923,-0.0127279047783805,-0.0624720783061046));
#6755=CARTESIAN_POINT('',(0.065167270972404,-0.0128614117248118,-0.0623385713596733));
#6756=CARTESIAN_POINT('',(0.065219940018753,-0.0129956919723597,-0.0622042911121254));
#6757=CARTESIAN_POINT('',(0.0648001361160344,-0.00939569197235971,-0.0510042911121253));
#6758=CARTESIAN_POINT('',(0.0644001361160344,-0.0108140265897205,-0.0506042911121254));
#6759=CARTESIAN_POINT('',(0.0645297525119731,-0.0107061792293287,-0.0507339075080641));
#6760=CARTESIAN_POINT('',(0.0646637250062261,-0.0106102212976343,-0.050867880002317));
#6761=CARTESIAN_POINT('',(0.0648001361160344,-0.0105209192638729,-0.0510042911121253));
#6762=CARTESIAN_POINT('',(0.0566668027827007,-0.0173290253056929,-0.0428709577787915));
#6763=CARTESIAN_POINT('',(0.0642001361160344,-0.0118956919723597,-0.0510042911121253));
#6764=CARTESIAN_POINT('',(0.0642001361160344,-0.0118956919723597,-0.0622042911121254));
#6765=CARTESIAN_POINT('',(0.0644001361160344,-0.0108140265897205,-0.0626042911121254));
#6766=CARTESIAN_POINT('',(0.0645297525119731,-0.0107061792293287,-0.0624746747161867));
#6767=CARTESIAN_POINT('',(0.0646637250062261,-0.0106102212976343,-0.0623407022219337));
#6768=CARTESIAN_POINT('',(0.0648001361160344,-0.0105209192638729,-0.0622042911121254));
#6769=CARTESIAN_POINT('',(0.0648001361160344,-0.00939569197235971,-0.0622042911121254));
#6770=CARTESIAN_POINT('',(0.0832001361160344,0.00920430802764029,-0.0438042911121253));
#6771=CARTESIAN_POINT('',(0.0648001361160344,-0.0091956919723597,-0.0266042911121253));
#6772=CARTESIAN_POINT('',(0.0498668027827011,-0.024129025305693,-0.0121376244454587));
#6773=CARTESIAN_POINT('',(0.0648001361160344,-0.0091956919723597,-0.0266042911121253));
#6774=CARTESIAN_POINT('',(0.0647001361160344,-0.00929569197235971,-0.0646042911121254));
#6775=CARTESIAN_POINT('',(0.064807251184881,-0.00918857690351303,-0.0646042911121254));
#6776=CARTESIAN_POINT('',(0.06480584644548,-0.00918857690351303,-0.065512696830392));
#6777=CARTESIAN_POINT('',(0.0647224585964909,-0.00918857690351303,-0.0664088960350983));
#6778=CARTESIAN_POINT('',(0.0642308884233607,-0.00918857690351303,-0.0681704133497579));
#6779=CARTESIAN_POINT('',(0.0637893053529471,-0.00918857690351303,-0.069036423674955));
#6780=CARTESIAN_POINT('',(0.0624635270496732,-0.00918857690351303,-0.0703739415909434));
#6781=CARTESIAN_POINT('',(0.0616072113102612,-0.00918857690351303,-0.0708188237372736));
#6782=CARTESIAN_POINT('',(0.0598402469186315,-0.00918857690351303,-0.0713210824004746));
#6783=CARTESIAN_POINT('',(0.0589111176680676,-0.00918857690351303,-0.0714106920386248));
#6784=CARTESIAN_POINT('',(0.0580001361160344,-0.00918857690351303,-0.0714114061809721));
#6785=CARTESIAN_POINT('',(0.0648060022277934,-0.00918982586060074,-0.0646042911121254));
#6786=CARTESIAN_POINT('',(0.0648045983448321,-0.00918982586060074,-0.0655126145030739));
#6787=CARTESIAN_POINT('',(0.0647212155746591,-0.00918982586060074,-0.0664087072335556));
#6788=CARTESIAN_POINT('',(0.0642297269916221,-0.00918982586060074,-0.0681699252626428));
#6789=CARTESIAN_POINT('',(0.0637882416803979,-0.00918982586060074,-0.0690357227205311));
#6790=CARTESIAN_POINT('',(0.062462817776802,-0.00918982586060074,-0.0703728829318406));
#6791=CARTESIAN_POINT('',(0.0616067147390171,-0.00918982586060074,-0.0708176653144539));
#6792=CARTESIAN_POINT('',(0.0598400533954452,-0.00918982586060074,-0.0713198401265404));
#6793=CARTESIAN_POINT('',(0.0589110353292732,-0.00918982586060074,-0.0714094439022383));
#6794=CARTESIAN_POINT('',(0.0580001361160344,-0.00918982586060074,-0.0714101572238844));
#6795=CARTESIAN_POINT('',(0.0648001361160344,-0.00919569197235971,-0.0646042911121254));
#6796=CARTESIAN_POINT('',(0.0647987362556067,-0.00919569197235971,-0.0655122278274601));
#6797=CARTESIAN_POINT('',(0.0647153773396579,-0.00919569197235971,-0.0664078204689415));
#6798=CARTESIAN_POINT('',(0.0642242719696311,-0.00919569197235971,-0.0681676328111299));
#6799=CARTESIAN_POINT('',(0.0637832458145588,-0.00919569197235971,-0.0690324304721192));
#6800=CARTESIAN_POINT('',(0.0624594864582397,-0.00919569197235971,-0.0703679106131967));
#6801=CARTESIAN_POINT('',(0.0616043824391785,-0.00919569197235971,-0.0708122244247776));
#6802=CARTESIAN_POINT('',(0.0598391444541777,-0.00919569197235971,-0.0713140054042702));
#6803=CARTESIAN_POINT('',(0.0589106485997578,-0.00919569197235971,-0.071403581645155));
#6804=CARTESIAN_POINT('',(0.0580001361160344,-0.00919569197235971,-0.0714042911121254));
#6805=CARTESIAN_POINT('',(0.0646001361160344,-0.00939569197235971,-0.0646042911121254));
#6806=CARTESIAN_POINT('',(0.0645988734004032,-0.00939569197235971,-0.0654990444572928));
#6807=CARTESIAN_POINT('',(0.0645163277735698,-0.00939569197235971,-0.0663775869974173));
#6808=CARTESIAN_POINT('',(0.0640382877192404,-0.00939569197235971,-0.0680894736622051));
#6809=CARTESIAN_POINT('',(0.0636129160955097,-0.00939569197235971,-0.068920184113809));
#6810=CARTESIAN_POINT('',(0.0623459080369879,-0.00939569197235971,-0.0701983837153755));
#6811=CARTESIAN_POINT('',(0.0615248646961,-0.00939569197235971,-0.0706267220034176));
#6812=CARTESIAN_POINT('',(0.0598081548888614,-0.00939569197235971,-0.0711150756017059));
#6813=CARTESIAN_POINT('',(0.058897463391861,-0.00939569197235971,-0.0712037130669837));
#6814=CARTESIAN_POINT('',(0.0580001361160344,-0.00939569197235971,-0.0712042911121254));
#6815=CARTESIAN_POINT('',(0.0580001361160344,-0.00929569197235971,-0.0713042911121254));
#6816=CARTESIAN_POINT('',(1.36116034425097E-7,-0.00939569197235971,-0.0712042911121254));
#6817=CARTESIAN_POINT('',(0.00386680278270113,-0.00746235863902633,-0.0731376244454587));
#6818=CARTESIAN_POINT('',(0.00600013611603444,-0.0154128492598851,-0.0705871338246));
#6819=CARTESIAN_POINT('',(-0.00603522164362865,-0.0246310497320227,-0.0627847681250101));
#6820=CARTESIAN_POINT('',(0.00600013611603444,-0.0125956919723597,-0.0677699765370746));
#6821=CARTESIAN_POINT('',(0.00600013611603444,-0.0154128492598851,-0.0705871338246));
#6822=CARTESIAN_POINT('',(0.00600013611603444,-0.0143956919723597,0.0883957088878747));
#6823=CARTESIAN_POINT('',(0.00600013611603444,-0.0118956919723597,-0.0708042911121254));
#6824=CARTESIAN_POINT('',(0.00600013611603444,-0.0125956919723597,-0.0716528192495493));
#6825=CARTESIAN_POINT('',(0.00600013611603444,-0.0108140265897205,-0.0710042911121254));
#6826=CARTESIAN_POINT('',(0.00600013611603444,-0.0143956919723597,-0.0710042911121254));
#6827=CARTESIAN_POINT('',(0.00600013611603444,-0.0125956919723597,-0.0716042911121254));
#6828=CARTESIAN_POINT('',(0.00600013611603444,-0.0143956919723597,-0.0710042911121254));
#6829=CARTESIAN_POINT('',(0.00560013611603443,-0.0105209192638729,-0.0714042911121254));
#6830=CARTESIAN_POINT('',(0.00573654722584272,-0.0106102212976343,-0.0712678800023171));
#6831=CARTESIAN_POINT('',(0.0058705197200957,-0.0107061792293287,-0.0711339075080641));
#6832=CARTESIAN_POINT('',(0.00600013611603445,-0.0108140265897205,-0.0710042911121254));
#6833=CARTESIAN_POINT('',(0.00560013611603443,-0.0129956919723597,0.0233957088878746));
#6834=CARTESIAN_POINT('',(0.00560013611603443,-0.0129956919723597,-0.071824095014844));
#6835=CARTESIAN_POINT('',(0.00573441636358234,-0.0128614117248118,-0.071771425968495));
#6836=CARTESIAN_POINT('',(0.00586792331001365,-0.0127279047783805,-0.071715144964014));
#6837=CARTESIAN_POINT('',(0.00600013611603443,-0.0125956919723597,-0.0716528192495493));
#6838=CARTESIAN_POINT('',(0.00600013611603444,-0.0118956919723597,-0.0708042911121254));
#6839=CARTESIAN_POINT('',(-0.0881998638839656,-0.0118956919723597,0.0173957088878746));
#6840=CARTESIAN_POINT('',(-0.0892196677866842,-0.0129956919723597,-0.0126042911121254));
#6841=CARTESIAN_POINT('',(-0.0892196677866842,-0.0129956919723597,-0.0622042911121254));
#6842=CARTESIAN_POINT('',(-0.0892196677866842,-0.0129956919723597,-0.0510042911121253));
#6843=CARTESIAN_POINT('',(-0.0881998638839656,-0.0118956919723597,-0.0510042911121253));
#6844=CARTESIAN_POINT('',(-0.0887998638839656,-0.0105209192638729,-0.0510042911121253));
#6845=CARTESIAN_POINT('',(-0.0887998638839656,-0.0105209192638729,-0.0126042911121254));
#6846=CARTESIAN_POINT('',(-0.0887998638839656,-0.0105209192638729,-0.0622042911121254));
#6847=CARTESIAN_POINT('',(-0.0881998638839656,-0.0118956919723597,-0.0622042911121254));
#6848=CARTESIAN_POINT('',(-0.0881998638839656,-0.0118956919723597,0.0173957088878746));
#6849=CARTESIAN_POINT('',(-0.0887998638839656,-0.0105209192638729,0.0173957088878746));
#6850=CARTESIAN_POINT('',(-0.0887998638839656,-0.0105209192638729,0.0677957088878746));
#6851=CARTESIAN_POINT('',(-0.0887998638839656,-0.0105209192638729,0.0789957088878746));
#6852=CARTESIAN_POINT('',(-0.0881998638839656,-0.0118956919723597,0.0677957088878746));
#6853=CARTESIAN_POINT('',(-0.0892196677866842,-0.0129956919723597,0.0677957088878746));
#6854=CARTESIAN_POINT('',(-0.0892196677866842,-0.0129956919723597,0.0173957088878746));
#6855=CARTESIAN_POINT('',(-0.0892196677866842,-0.0129956919723597,0.0789957088878746));
#6856=CARTESIAN_POINT('',(-0.0881998638839656,-0.0118956919723597,0.0789957088878746));
#6857=CARTESIAN_POINT('',(-0.0709498638859656,0.0156043080276403,-0.0573042911141254));
#6858=CARTESIAN_POINT('',(-0.0687137959084658,0.0156043080276403,-0.0561862571253756));
#6859=CARTESIAN_POINT('',(-0.0687137959084658,-0.00919569197235971,-0.0561862571253756));
#6860=CARTESIAN_POINT('',(-0.0709498638859656,-0.00919569197235971,-0.0573042911141254));
#6861=CARTESIAN_POINT('',(-0.0731859318634654,-0.00919569197235971,-0.0584223251028753));
#6862=CARTESIAN_POINT('',(-0.0731859318634654,0.0156043080276403,-0.0584223251028753));
#6863=CARTESIAN_POINT('',(-0.0708977567317272,0.0156043080276403,-0.0629986753663518));
#6864=CARTESIAN_POINT('',(-0.0708977567317272,-0.00919569197235971,-0.0629986753663518));
#6865=CARTESIAN_POINT('',(-0.0694359318634655,-0.00919569197235971,-0.0659223251028753));
#6866=CARTESIAN_POINT('',(-0.0694359318634655,0.0156043080276403,-0.0659223251028753));
#6867=CARTESIAN_POINT('',(-0.0671998638859657,0.0156043080276403,-0.0648042911141254));
#6868=CARTESIAN_POINT('',(-0.0671998638859657,-0.00919569197235971,-0.0648042911141254));
#6869=CARTESIAN_POINT('',(-0.0649637959084659,-0.00919569197235971,-0.0636862571253755));
#6870=CARTESIAN_POINT('',(-0.0649637959084659,0.0156043080276403,-0.0636862571253755));
#6871=CARTESIAN_POINT('',(-0.0667790996638293,0.0156043080276403,-0.0600556496146486));
#6872=CARTESIAN_POINT('',(-0.0687137959084658,-0.00919569197235971,-0.0561862571253756));
#6873=CARTESIAN_POINT('',(-0.0596998638859656,0.0156043080276403,-0.0648042911141254));
#6874=CARTESIAN_POINT('',(-0.0619359318634654,0.0156043080276403,-0.0659223251028753));
#6875=CARTESIAN_POINT('',(-0.0619359318634654,-0.00919569197235971,-0.0659223251028753));
#6876=CARTESIAN_POINT('',(-0.0596998638859656,-0.00919569197235971,-0.0648042911141254));
#6877=CARTESIAN_POINT('',(-0.0574637959084658,-0.00919569197235971,-0.0636862571253755));
#6878=CARTESIAN_POINT('',(-0.0574637959084658,0.0156043080276403,-0.0636862571253755));
#6879=CARTESIAN_POINT('',(-0.0612137959084658,0.0156043080276403,-0.0561862571253755));
#6880=CARTESIAN_POINT('',(-0.0649637959084658,-0.00919569197235971,-0.0486862571253755));
#6881=CARTESIAN_POINT('',(-0.0649637959084658,-0.00919569197235971,-0.0486862571253755));
#6882=CARTESIAN_POINT('',(-0.0649637959084658,0.0156043080276403,-0.0486862571253755));
#6883=CARTESIAN_POINT('',(-0.0671998638859656,0.0156043080276403,-0.0498042911141254));
#6884=CARTESIAN_POINT('',(-0.0671998638859656,-0.00919569197235971,-0.0498042911141254));
#6885=CARTESIAN_POINT('',(-0.0694359318634654,-0.00919569197235971,-0.0509223251028753));
#6886=CARTESIAN_POINT('',(-0.0694359318634654,0.0156043080276403,-0.0509223251028753));
#6887=CARTESIAN_POINT('',(-0.0650939457058285,0.0156043080276403,-0.059606297418149));
#6888=CARTESIAN_POINT('',(-0.0650939457058285,-0.00919569197235971,-0.059606297418149));
#6889=CARTESIAN_POINT('',(-0.0746998638859656,-0.0323956919723597,-0.0648042911141254));
#6890=CARTESIAN_POINT('',(-0.0746998638859656,-0.00919569197235971,-0.0648042911141254));
#6891=CARTESIAN_POINT('',(-0.0746998638859656,-0.00919569197235971,-0.0623042911141254));
#6892=CARTESIAN_POINT('',(-0.0881998638839656,-0.0118956919723597,-0.0626042911121254));
#6893=CARTESIAN_POINT('',(-0.0892196677866842,-0.0129956919723597,-0.0622042911121254));
#6894=CARTESIAN_POINT('',(-0.0891669987403352,-0.0128614117248118,-0.0623385713596733));
#6895=CARTESIAN_POINT('',(-0.0891107177358542,-0.0127279047783805,-0.0624720783061046));
#6896=CARTESIAN_POINT('',(-0.0890483920213895,-0.0125956919723597,-0.0626042911121254));
#6897=CARTESIAN_POINT('',(-0.0890483920213895,-0.0125956919723597,-0.0626042911121254));
#6898=CARTESIAN_POINT('',(-0.0887998638839656,-0.0105209192638729,-0.0622042911121254));
#6899=CARTESIAN_POINT('',(-0.0886634527741573,-0.0106102212976343,-0.0623407022219337));
#6900=CARTESIAN_POINT('',(-0.0885294802799043,-0.0107061792293287,-0.0624746747161867));
#6901=CARTESIAN_POINT('',(-0.0883998638839656,-0.0108140265897205,-0.0626042911121254));
#6902=CARTESIAN_POINT('',(-0.0883998638839656,-0.0108140265897205,-0.0626042911121254));
#6903=CARTESIAN_POINT('',(-0.0881998638839656,-0.0118956919723597,-0.0626042911121254));
#6904=CARTESIAN_POINT('',(-0.0314998638839656,-0.0129956919723597,-0.0622042911121254));
#6905=CARTESIAN_POINT('',(-0.0314998638839656,-0.0129956919723597,-0.0622042911121254));
#6906=CARTESIAN_POINT('',(-0.0849998638839656,-0.0129956919723597,-0.0622042911121254));
#6907=CARTESIAN_POINT('',(-0.0889998638839656,-0.0125956919723597,-0.0626042911121254));
#6908=CARTESIAN_POINT('',(-0.0851655493089148,-0.0125956919723597,-0.0626042911121254));
#6909=CARTESIAN_POINT('',(-0.080772905198545,-0.0232004729582934,-0.0519995101261917));
#6910=CARTESIAN_POINT('',(-0.0314998638839656,-0.0129956919723597,0.0233957088878746));
#6911=CARTESIAN_POINT('',(-0.0849998638839656,-0.0129956919723597,-0.0126042911121254));
#6912=CARTESIAN_POINT('',(-0.0849998638839656,-0.0129956919723597,-0.0510042911121253));
#6913=CARTESIAN_POINT('',(-0.0892196677866842,-0.0129956919723597,-0.0510042911121253));
#6914=CARTESIAN_POINT('',(-0.0971458638839656,-0.0125956919723597,-0.0506042911121254));
#6915=CARTESIAN_POINT('',(-0.0849998638839656,-0.0125956919723597,-0.0506042911121254));
#6916=CARTESIAN_POINT('',(-0.0890483920213895,-0.0125956919723597,-0.0506042911121254));
#6917=CARTESIAN_POINT('',(-0.0851655493089148,-0.0125956919723597,-0.0506042911121254));
#6918=CARTESIAN_POINT('',(-0.0890483920213895,-0.0125956919723597,-0.0506042911121254));
#6919=CARTESIAN_POINT('',(-0.0891107177358542,-0.0127279047783805,-0.0507365039181462));
#6920=CARTESIAN_POINT('',(-0.0891669987403352,-0.0128614117248118,-0.0508700108645774));
#6921=CARTESIAN_POINT('',(-0.0892196677866842,-0.0129956919723597,-0.0510042911121253));
#6922=CARTESIAN_POINT('',(-0.0861120968742809,-0.0103105240026217,-0.0483191231423874));
#6923=CARTESIAN_POINT('',(-0.0881998638839656,-0.0118956919723597,-0.0506042911121254));
#6924=CARTESIAN_POINT('',(-0.0881998638839656,-0.0118956919723597,-0.0506042911121254));
#6925=CARTESIAN_POINT('',(-0.0883998638839656,-0.0108140265897205,-0.0506042911121254));
#6926=CARTESIAN_POINT('',(-0.0883998638839656,-0.0108140265897205,-0.0506042911121254));
#6927=CARTESIAN_POINT('',(-0.0885294802799043,-0.0107061792293287,-0.0507339075080641));
#6928=CARTESIAN_POINT('',(-0.0886634527741573,-0.0106102212976343,-0.050867880002317));
#6929=CARTESIAN_POINT('',(-0.0887998638839656,-0.0105209192638729,-0.0510042911121253));
#6930=CARTESIAN_POINT('',(-0.0881998638839656,-0.0118956919723597,0.0677957088878746));
#6931=CARTESIAN_POINT('',(-0.0892196677866842,-0.0129956919723597,0.0677957088878746));
#6932=CARTESIAN_POINT('',(-0.0891669987403352,-0.0128614117248118,0.0676614286403267));
#6933=CARTESIAN_POINT('',(-0.0891107177358542,-0.0127279047783805,0.0675279216938954));
#6934=CARTESIAN_POINT('',(-0.0890483920213895,-0.0125956919723597,0.0673957088878746));
#6935=CARTESIAN_POINT('',(-0.0890483920213895,-0.0125956919723597,0.0673957088878746));
#6936=CARTESIAN_POINT('',(-0.0887998638839656,-0.0105209192638729,0.0677957088878746));
#6937=CARTESIAN_POINT('',(-0.0886634527741573,-0.0106102212976343,0.0676592977780663));
#6938=CARTESIAN_POINT('',(-0.0885294802799044,-0.0107061792293287,0.0675253252838133));
#6939=CARTESIAN_POINT('',(-0.0883998638839656,-0.0108140265897205,0.0673957088878746));
#6940=CARTESIAN_POINT('',(-0.0883998638839656,-0.0108140265897205,0.0673957088878746));
#6941=CARTESIAN_POINT('',(-0.0881998638839656,-0.0118956919723597,0.0673957088878746));
#6942=CARTESIAN_POINT('',(-0.0314998638839656,-0.0129956919723597,0.0677957088878746));
#6943=CARTESIAN_POINT('',(-0.0314998638839656,-0.0129956919723597,0.0677957088878746));
#6944=CARTESIAN_POINT('',(-0.0849998638839656,-0.0129956919723597,0.0677957088878746));
#6945=CARTESIAN_POINT('',(-0.0942618638839656,-0.0125956919723597,0.0673957088878746));
#6946=CARTESIAN_POINT('',(-0.0851655493089148,-0.0125956919723597,0.0673957088878746));
#6947=CARTESIAN_POINT('',(-0.0807729051985454,-0.023200472958293,0.078000489873808));
#6948=CARTESIAN_POINT('',(-0.0314998638839656,-0.0129956919723597,0.0233957088878746));
#6949=CARTESIAN_POINT('',(-0.0849998638839656,-0.0129956919723597,0.0173957088878746));
#6950=CARTESIAN_POINT('',(-0.0849998638839656,-0.0129956919723597,0.0789957088878746));
#6951=CARTESIAN_POINT('',(-0.0892196677866842,-0.0129956919723597,0.0789957088878746));
#6952=CARTESIAN_POINT('',(-0.0889998638839656,-0.0125956919723597,0.0793957088878746));
#6953=CARTESIAN_POINT('',(-0.0849998638839656,-0.0125956919723597,0.0793957088878746));
#6954=CARTESIAN_POINT('',(-0.0890483920213895,-0.0125956919723597,0.0793957088878746));
#6955=CARTESIAN_POINT('',(-0.0851655493089148,-0.0125956919723597,0.0793957088878746));
#6956=CARTESIAN_POINT('',(-0.0890483920213895,-0.0125956919723597,0.0793957088878746));
#6957=CARTESIAN_POINT('',(-0.0891107177358542,-0.0127279047783805,0.0792634960818538));
#6958=CARTESIAN_POINT('',(-0.0891669987403352,-0.0128614117248118,0.0791299891354225));
#6959=CARTESIAN_POINT('',(-0.0892196677866842,-0.0129956919723597,0.0789957088878746));
#6960=CARTESIAN_POINT('',(-0.0854684930340671,-0.0118643211224613,0.080127079737773));
#6961=CARTESIAN_POINT('',(-0.0881998638839656,-0.0118956919723597,0.0789957088878746));
#6962=CARTESIAN_POINT('',(-0.0881998638839656,-0.0118956919723597,0.0793957088878746));
#6963=CARTESIAN_POINT('',(-0.0883998638839656,-0.0108140265897205,0.0793957088878746));
#6964=CARTESIAN_POINT('',(-0.0883998638839656,-0.0108140265897205,0.0793957088878746));
#6965=CARTESIAN_POINT('',(-0.0885294802799043,-0.0107061792293287,0.0792660924919358));
#6966=CARTESIAN_POINT('',(-0.0886634527741573,-0.0106102212976343,0.0791321199976829));
#6967=CARTESIAN_POINT('',(-0.0887998638839656,-0.0105209192638729,0.0789957088878746));
#6968=CARTESIAN_POINT('',(-0.0921998638839656,-0.00779569197235973,-0.0166042911121253));
#6969=CARTESIAN_POINT('',(-0.0919998638839656,-0.00759569197235972,0.0815957088878747));
#6970=CARTESIAN_POINT('',(-0.0921998638839656,-0.00779569197235972,0.0815957088878757));
#6971=CARTESIAN_POINT('',(-0.0919998638839656,-0.00759569197235973,-0.0648042911121254));
#6972=CARTESIAN_POINT('',(-0.0921998638839656,-0.00779569197235973,-0.0648042911121265));
#6973=CARTESIAN_POINT('',(-0.0921998638839656,-0.00779569197235973,-0.0648042911141254));
#6974=CARTESIAN_POINT('',(-0.0922038482880774,-0.00779967637647155,-0.0648042911121254));
#6975=CARTESIAN_POINT('',(-0.0922017487736138,-0.00779967637647155,-0.0661321160274536));
#6976=CARTESIAN_POINT('',(-0.0920786868045122,-0.00779967637647155,-0.0674470754511398));
#6977=CARTESIAN_POINT('',(-0.0915334247220214,-0.00779967637647155,-0.0693824875364813));
#6978=CARTESIAN_POINT('',(-0.0912797102834654,-0.00779967637647155,-0.0700312659005388));
#6979=CARTESIAN_POINT('',(-0.0906229956366931,-0.00779967637647155,-0.0712306092312975));
#6980=CARTESIAN_POINT('',(-0.0902091611342604,-0.00779967637647155,-0.0717969524153896));
#6981=CARTESIAN_POINT('',(-0.0892311642559403,-0.00779967637647155,-0.0727821791834147));
#6982=CARTESIAN_POINT('',(-0.088680586660562,-0.00779967637647155,-0.0731921599921986));
#6983=CARTESIAN_POINT('',(-0.0874683296901906,-0.00779967637647155,-0.0738664598869237));
#6984=CARTESIAN_POINT('',(-0.0868351771372381,-0.00779967637647155,-0.074117809079051));
#6985=CARTESIAN_POINT('',(-0.0848904453729775,-0.00779967637647155,-0.0746767608271586));
#6986=CARTESIAN_POINT('',(-0.0835309510853581,-0.00779967637647155,-0.0748072005660023));
#6987=CARTESIAN_POINT('',(-0.0821998638839656,-0.00779967637647155,-0.0748082755162372));
#6988=CARTESIAN_POINT('',(-0.0921998638839656,-0.00779569197235973,-0.0648042911121254));
#6989=CARTESIAN_POINT('',(-0.092197767079423,-0.00779569197235973,-0.0661318511607824));
#6990=CARTESIAN_POINT('',(-0.0920747204769348,-0.00779569197235973,-0.0674464678097899));
#6991=CARTESIAN_POINT('',(-0.0915296582430161,-0.00779569197235973,-0.069381159968476));
#6992=CARTESIAN_POINT('',(-0.0912760523510067,-0.00779569197235973,-0.0700296510786058));
#6993=CARTESIAN_POINT('',(-0.0906196640920823,-0.00779569197235973,-0.0712283966370262));
#6994=CARTESIAN_POINT('',(-0.0902060568036739,-0.00779569197235973,-0.0717944243360067));
#6995=CARTESIAN_POINT('',(-0.0892286140985629,-0.00779569197235973,-0.0727790922231387));
#6996=CARTESIAN_POINT('',(-0.0886783451740396,-0.00779569197235973,-0.0731888470444194));
#6997=CARTESIAN_POINT('',(-0.0874666958602434,-0.00779569197235973,-0.0738628098018316));
#6998=CARTESIAN_POINT('',(-0.0868338257742486,-0.00779569197235973,-0.074114050631276));
#6999=CARTESIAN_POINT('',(-0.0848898242729893,-0.00779569197235973,-0.0746727959342556));
#7000=CARTESIAN_POINT('',(-0.0835306862839436,-0.00779569197235973,-0.0748032187405056));
#7001=CARTESIAN_POINT('',(-0.0821998638839656,-0.00779569197235973,-0.0748042911121254));
#7002=CARTESIAN_POINT('',(-0.0917998638839656,-0.00739569197235972,-0.0648042911121254));
#7003=CARTESIAN_POINT('',(-0.0917980391322517,-0.00739569197235972,-0.0661052608186597));
#7004=CARTESIAN_POINT('',(-0.0916765352059575,-0.00739569197235972,-0.0673854658297807));
#7005=CARTESIAN_POINT('',(-0.0911515360546475,-0.00739569197235972,-0.0692478835268258));
#7006=CARTESIAN_POINT('',(-0.0909088273049486,-0.00739569197235972,-0.069867536806289));
#7007=CARTESIAN_POINT('',(-0.0902852055866472,-0.00739569197235972,-0.0710062711488239));
#7008=CARTESIAN_POINT('',(-0.0898944086375379,-0.00739569197235972,-0.071540626848404));
#7009=CARTESIAN_POINT('',(-0.0889726001696713,-0.00739569197235972,-0.0724691878871955));
#7010=CARTESIAN_POINT('',(-0.0884533191516313,-0.00739569197235972,-0.0728562555013806));
#7011=CARTESIAN_POINT('',(-0.0873026733463269,-0.00739569197235972,-0.0734963725640727));
#7012=CARTESIAN_POINT('',(-0.0866981605202672,-0.00739569197235972,-0.0737367347095467));
#7013=CARTESIAN_POINT('',(-0.0848274711611313,-0.00739569197235972,-0.074274754692289));
#7014=CARTESIAN_POINT('',(-0.0835041024930296,-0.00739569197235972,-0.0744034776113549));
#7015=CARTESIAN_POINT('',(-0.0821998638839656,-0.00739569197235972,-0.0744042911121254));
#7016=CARTESIAN_POINT('',(-0.0921998638839656,-0.00779569197235973,-0.0648042911121276));
#7017=CARTESIAN_POINT('',(-0.0921998638839652,-0.00779783608723033,-0.0661618049788865));
#7018=CARTESIAN_POINT('',(-0.092005208546717,-0.0077949484455365,-0.068189329110758));
#7019=CARTESIAN_POINT('',(-0.0909950527652032,-0.00779584909620321,-0.0707273471043516));
#7020=CARTESIAN_POINT('',(-0.0897691784405287,-0.00779562655635432,-0.0723757425594327));
#7021=CARTESIAN_POINT('',(-0.0881270952101102,-0.00779576885178936,-0.0735957508935875));
#7022=CARTESIAN_POINT('',(-0.0856044906237643,-0.00779531450698731,-0.0746053540041406));
#7023=CARTESIAN_POINT('',(-0.0835584305590543,-0.00779678670021053,-0.0748042911121252));
#7024=CARTESIAN_POINT('',(-0.0821998638839678,-0.00779569197235973,-0.0748042911121254));
#7025=CARTESIAN_POINT('',(-0.0821998638839656,-0.00779569197235972,0.0915957088878746));
#7026=CARTESIAN_POINT('',(-0.0835274239326226,-0.00779569197235972,0.0915936120833316));
#7027=CARTESIAN_POINT('',(-0.0848420405816302,-0.00779569197235972,0.0914705654808436));
#7028=CARTESIAN_POINT('',(-0.0867767327403162,-0.00779569197235972,0.0909255032469246));
#7029=CARTESIAN_POINT('',(-0.087425223850446,-0.00779569197235972,0.0906718973549156));
#7030=CARTESIAN_POINT('',(-0.0886239694088664,-0.00779569197235972,0.0900155090959916));
#7031=CARTESIAN_POINT('',(-0.0891899971078468,-0.00779569197235972,0.0896019018075826));
#7032=CARTESIAN_POINT('',(-0.0901746649949789,-0.00779569197235972,0.0886244591024716));
#7033=CARTESIAN_POINT('',(-0.0905844198162596,-0.00779569197235972,0.0880741901779486));
#7034=CARTESIAN_POINT('',(-0.0912583825736718,-0.00779569197235972,0.0868625408641524));
#7035=CARTESIAN_POINT('',(-0.0915096234031162,-0.00779569197235972,0.0862296707781576));
#7036=CARTESIAN_POINT('',(-0.0920683687060958,-0.00779569197235972,0.0842856692768983));
#7037=CARTESIAN_POINT('',(-0.0921987915123458,-0.00779569197235972,0.0829265312878525));
#7038=CARTESIAN_POINT('',(-0.0921998638839656,-0.00779569197235972,0.0815957088878747));
#7039=CARTESIAN_POINT('',(-0.0821998638839656,-0.00739569197235971,0.0911957088878746));
#7040=CARTESIAN_POINT('',(-0.0835008335904999,-0.00739569197235971,0.0911938841361607));
#7041=CARTESIAN_POINT('',(-0.0847810386016209,-0.00739569197235971,0.0910723802098666));
#7042=CARTESIAN_POINT('',(-0.086643456298666,-0.00739569197235971,0.0905473810585566));
#7043=CARTESIAN_POINT('',(-0.0872631095781292,-0.00739569197235971,0.0903046723088576));
#7044=CARTESIAN_POINT('',(-0.0884018439206642,-0.00739569197235971,0.0896810505905566));
#7045=CARTESIAN_POINT('',(-0.0889361996202442,-0.00739569197235971,0.0892902536414466));
#7046=CARTESIAN_POINT('',(-0.0898647606590357,-0.00739569197235971,0.0883684451735804));
#7047=CARTESIAN_POINT('',(-0.0902518282732208,-0.00739569197235971,0.0878491641555404));
#7048=CARTESIAN_POINT('',(-0.0908919453359128,-0.00739569197235971,0.086698518350236));
#7049=CARTESIAN_POINT('',(-0.091132307481387,-0.00739569197235971,0.0860940055241763));
#7050=CARTESIAN_POINT('',(-0.0916703274641292,-0.00739569197235971,0.0842233161650403));
#7051=CARTESIAN_POINT('',(-0.0917990503831951,-0.00739569197235971,0.0828999474969386));
#7052=CARTESIAN_POINT('',(-0.0917998638839656,-0.00739569197235971,0.0815957088878747));
#7053=CARTESIAN_POINT('',(-0.0821998638839678,-0.00779569197235984,0.0915957088878746));
#7054=CARTESIAN_POINT('',(-0.0835573777507268,-0.007797836087231,0.0915957088878744));
#7055=CARTESIAN_POINT('',(-0.0855849018825983,-0.00779494844553765,0.0914010535506263));
#7056=CARTESIAN_POINT('',(-0.088122919876192,-0.00779584909620312,0.0903908977691125));
#7057=CARTESIAN_POINT('',(-0.0897713153312731,-0.00779562655635509,0.0891650234444379));
#7058=CARTESIAN_POINT('',(-0.0909913236654279,-0.00779576885178947,0.0875229402140193));
#7059=CARTESIAN_POINT('',(-0.092000926775981,-0.00779531450698749,0.0850003356276734));
#7060=CARTESIAN_POINT('',(-0.0921998638839654,-0.00779678670021059,0.0829542755629634));
#7061=CARTESIAN_POINT('',(-0.0921998638839656,-0.00779569197235978,0.0815957088878768));
#7062=CARTESIAN_POINT('',(-0.0299998638839655,-0.0118956919723597,0.0875957088878746));
#7063=CARTESIAN_POINT('',(-0.0295998638839656,-0.0129956919723597,0.0886155127905932));
#7064=CARTESIAN_POINT('',(-0.0297341441315134,-0.0128614117248118,0.0885628437442442));
#7065=CARTESIAN_POINT('',(-0.0298676510779448,-0.0127279047783805,0.0885065627397632));
#7066=CARTESIAN_POINT('',(-0.0299998638839655,-0.0125956919723597,0.0884442370252986));
#7067=CARTESIAN_POINT('',(-0.0299998638839655,-0.0125956919723597,0.0884442370252986));
#7068=CARTESIAN_POINT('',(-0.0295998638839656,-0.0105209192638729,0.0881957088878746));
#7069=CARTESIAN_POINT('',(-0.0297362749937738,-0.0106102212976343,0.0880592977780663));
#7070=CARTESIAN_POINT('',(-0.0298702474880269,-0.0107061792293287,0.0879253252838134));
#7071=CARTESIAN_POINT('',(-0.0299998638839656,-0.0108140265897205,0.0877957088878747));
#7072=CARTESIAN_POINT('',(-0.0299998638839655,-0.0108140265897205,0.0877957088878747));
#7073=CARTESIAN_POINT('',(-0.0299998638839655,-0.0118956919723597,0.0875957088878746));
#7074=CARTESIAN_POINT('',(-0.0299998638839655,-0.0125956919723597,0.0883957088878747));
#7075=CARTESIAN_POINT('',(-0.0299998638839655,-0.0125956919723597,0.0886155127905936));
#7076=CARTESIAN_POINT('',(-0.0299998638839655,-0.0125956919723597,0.0845613943128239));
#7077=CARTESIAN_POINT('',(-0.0292399296673894,-0.0133556261889358,0.0842466192538066));
#7078=CARTESIAN_POINT('',(-0.0333722052440009,-0.00731569197235972,-0.0573243973650476));
#7079=CARTESIAN_POINT('',(-0.0338147581239891,-0.00731569197235972,-0.0573243619474068));
#7080=CARTESIAN_POINT('',(-0.0342573110039773,-0.00731569197235972,-0.0573243265297661));
#7081=CARTESIAN_POINT('',(-0.0346998638839656,-0.00731569197235972,-0.0573242911121254));
#7082=CARTESIAN_POINT('',(-0.0358062460839361,-0.00731569197235972,-0.0573242025680234));
#7083=CARTESIAN_POINT('',(-0.0369266675801475,-0.00731569197235972,-0.0572297502356106));
#7084=CARTESIAN_POINT('',(-0.0385197716816792,-0.00731569197235972,-0.0568632208128437));
#7085=CARTESIAN_POINT('',(-0.0390424348380042,-0.00731569197235972,-0.0567012386917929));
#7086=CARTESIAN_POINT('',(-0.0400543629889875,-0.00731569197235972,-0.0562778402654376));
#7087=CARTESIAN_POINT('',(-0.0405473893376738,-0.00731569197235972,-0.0560103740239527));
#7088=CARTESIAN_POINT('',(-0.0414414746064549,-0.00731569197235972,-0.0553784512932812));
#7089=CARTESIAN_POINT('',(-0.0418522751981865,-0.00731569197235972,-0.0550057337075294));
#7090=CARTESIAN_POINT('',(-0.0425710394387036,-0.00731569197235972,-0.0541642834856251));
#7091=CARTESIAN_POINT('',(-0.0428714851191536,-0.00731569197235972,-0.0537087118118457));
#7092=CARTESIAN_POINT('',(-0.0433748457405432,-0.00731569197235972,-0.0527248527997287));
#7093=CARTESIAN_POINT('',(-0.0435748648818177,-0.00731569197235972,-0.052205156537083));
#7094=CARTESIAN_POINT('',(-0.0438824897159401,-0.00731569197235972,-0.0511505473037969));
#7095=CARTESIAN_POINT('',(-0.043993630886315,-0.00731569197235972,-0.0506094247874396));
#7096=CARTESIAN_POINT('',(-0.0440714344581571,-0.00731569197235972,-0.0500590642944959));
#7097=CARTESIAN_POINT('',(-0.0441336773156308,-0.00731569197235972,-0.049618775900141));
#7098=CARTESIAN_POINT('',(-0.0441959201731045,-0.00731569197235972,-0.049178487505786));
#7099=CARTESIAN_POINT('',(-0.0442581630305782,-0.00731569197235972,-0.0487381991114311));
#7100=CARTESIAN_POINT('',(-0.0333667694712736,-0.00739569197235972,-0.0574044247753423));
#7101=CARTESIAN_POINT('',(-0.0338111342755043,-0.00739569197235972,-0.0574043802209367));
#7102=CARTESIAN_POINT('',(-0.0342554990797349,-0.00739569197235972,-0.057404335666531));
#7103=CARTESIAN_POINT('',(-0.0346998638839656,-0.00739569197235972,-0.0574042911121254));
#7104=CARTESIAN_POINT('',(-0.0358107758945422,-0.00739569197235972,-0.0574041797261113));
#7105=CARTESIAN_POINT('',(-0.0369370406301469,-0.00739569197235972,-0.0573094485011079));
#7106=CARTESIAN_POINT('',(-0.0385415506836174,-0.00739569197235972,-0.0569403026869196));
#7107=CARTESIAN_POINT('',(-0.0390685629118388,-0.00739569197235972,-0.0567770240893542));
#7108=CARTESIAN_POINT('',(-0.040090073397108,-0.00739569197235972,-0.056349621809125));
#7109=CARTESIAN_POINT('',(-0.0405884116959224,-0.00739569197235972,-0.0560793249413821));
#7110=CARTESIAN_POINT('',(-0.0414929013731813,-0.00739569197235972,-0.0554400881214154));
#7111=CARTESIAN_POINT('',(-0.041908771159259,-0.00739569197235972,-0.0550627693823581));
#7112=CARTESIAN_POINT('',(-0.0426361787392578,-0.00739569197235972,-0.0542111942543576));
#7113=CARTESIAN_POINT('',(-0.0429400743911104,-0.00739569197235972,-0.0537503283030422));
#7114=CARTESIAN_POINT('',(-0.0434486170848516,-0.00739569197235972,-0.0527562668154222));
#7115=CARTESIAN_POINT('',(-0.0436504323931764,-0.00739569197235972,-0.0522317828965589));
#7116=CARTESIAN_POINT('',(-0.0439605141943654,-0.00739569197235972,-0.0511687483987907));
#7117=CARTESIAN_POINT('',(-0.0440723775246624,-0.00739569197235972,-0.0506239017216354));
#7118=CARTESIAN_POINT('',(-0.0441506483658298,-0.00739569197235972,-0.050070251645891));
#7119=CARTESIAN_POINT('',(-0.0442132650387637,-0.00739569197235972,-0.0496273315852954));
#7120=CARTESIAN_POINT('',(-0.0442758817116976,-0.00739569197235972,-0.0491844115246998));
#7121=CARTESIAN_POINT('',(-0.0443384983846316,-0.00739569197235972,-0.0487414914641042));
#7122=CARTESIAN_POINT('',(-0.0333395906076374,-0.00779569197235973,-0.0578045618268155));
#7123=CARTESIAN_POINT('',(-0.0337930150330801,-0.00779569197235973,-0.0578044715885855));
#7124=CARTESIAN_POINT('',(-0.0342464394585228,-0.00779569197235973,-0.0578043813503553));
#7125=CARTESIAN_POINT('',(-0.0346998638839656,-0.00779569197235973,-0.0578042911121254));
#7126=CARTESIAN_POINT('',(-0.0358334249475724,-0.00779569197235973,-0.0578040655165503));
#7127=CARTESIAN_POINT('',(-0.036988905880144,-0.00779569197235973,-0.0577079398285938));
#7128=CARTESIAN_POINT('',(-0.0386504456933078,-0.00779569197235973,-0.0573257120572987));
#7129=CARTESIAN_POINT('',(-0.0391992032810117,-0.00779569197235973,-0.0571559510771605));
#7130=CARTESIAN_POINT('',(-0.040268625437711,-0.00779569197235973,-0.0567085295275619));
#7131=CARTESIAN_POINT('',(-0.0407935234871653,-0.00779569197235973,-0.0564240795285286));
#7132=CARTESIAN_POINT('',(-0.0417500352068135,-0.00779569197235973,-0.0557482722620863));
#7133=CARTESIAN_POINT('',(-0.042191250964621,-0.00779569197235973,-0.0553479477565015));
#7134=CARTESIAN_POINT('',(-0.0429618752420293,-0.00779569197235973,-0.0544457480980199));
#7135=CARTESIAN_POINT('',(-0.0432830207508942,-0.00779569197235973,-0.0539584107590246));
#7136=CARTESIAN_POINT('',(-0.0438174738063937,-0.00779569197235973,-0.0529133368938895));
#7137=CARTESIAN_POINT('',(-0.04402826994997,-0.00779569197235973,-0.0523649146939383));
#7138=CARTESIAN_POINT('',(-0.0443506365864913,-0.00779569197235973,-0.0512597538737594));
#7139=CARTESIAN_POINT('',(-0.0444661107163988,-0.00779569197235973,-0.0506962863926149));
#7140=CARTESIAN_POINT('',(-0.0445467179041927,-0.00779569197235973,-0.0501261884028663));
#7141=CARTESIAN_POINT('',(-0.0446112036544278,-0.00779569197235973,-0.0496701100110674));
#7142=CARTESIAN_POINT('',(-0.0446756894046629,-0.00779569197235973,-0.0492140316192685));
#7143=CARTESIAN_POINT('',(-0.0447401751548981,-0.00779569197235973,-0.0487579532274697));
#7144=CARTESIAN_POINT('',(-0.0333124117440011,-0.00819569197235973,-0.0582046988782887));
#7145=CARTESIAN_POINT('',(-0.0337748957906559,-0.00819569197235973,-0.0582045629562343));
#7146=CARTESIAN_POINT('',(-0.0342373798373108,-0.00819569197235973,-0.0582044270341798));
#7147=CARTESIAN_POINT('',(-0.0346998638839656,-0.00819569197235973,-0.0582042911121254));
#7148=CARTESIAN_POINT('',(-0.0358560740006026,-0.00819569197235973,-0.0582039513069893));
#7149=CARTESIAN_POINT('',(-0.0370407711301412,-0.00819569197235973,-0.0581064311560797));
#7150=CARTESIAN_POINT('',(-0.0387593407029984,-0.00819569197235973,-0.0577111214276778));
#7151=CARTESIAN_POINT('',(-0.0393298436501845,-0.00819569197235973,-0.0575348780649668));
#7152=CARTESIAN_POINT('',(-0.0404471774783139,-0.00819569197235973,-0.0570674372459988));
#7153=CARTESIAN_POINT('',(-0.0409986352784084,-0.00819569197235973,-0.056768834115675));
#7154=CARTESIAN_POINT('',(-0.0420071690404456,-0.00819569197235973,-0.0560564564027572));
#7155=CARTESIAN_POINT('',(-0.042473730769983,-0.00819569197235973,-0.0556331261306449));
#7156=CARTESIAN_POINT('',(-0.0432875717448007,-0.00819569197235973,-0.0546803019416822));
#7157=CARTESIAN_POINT('',(-0.043625967110678,-0.00819569197235973,-0.054166493215007));
#7158=CARTESIAN_POINT('',(-0.0441863305279357,-0.00819569197235973,-0.0530704069723568));
#7159=CARTESIAN_POINT('',(-0.0444061075067635,-0.00819569197235973,-0.0524980464913177));
#7160=CARTESIAN_POINT('',(-0.0447407589786174,-0.00819569197235973,-0.0513507593487283));
#7161=CARTESIAN_POINT('',(-0.0448598439081352,-0.00819569197235973,-0.0507686710635943));
#7162=CARTESIAN_POINT('',(-0.0449427874425556,-0.00819569197235973,-0.0501821251598416));
#7163=CARTESIAN_POINT('',(-0.0450091422700919,-0.00819569197235973,-0.0497128884368394));
#7164=CARTESIAN_POINT('',(-0.0450754970976282,-0.00819569197235973,-0.0492436517138373));
#7165=CARTESIAN_POINT('',(-0.0451418519251646,-0.00819569197235973,-0.0487744149908351));
#7166=CARTESIAN_POINT('',(-0.0443486831350112,-0.00759569197235973,-0.0500982200243786));
#7167=CARTESIAN_POINT('',(-0.0441506483658292,-0.00739569197235972,-0.0500702516458946));
#7168=CARTESIAN_POINT('',(-0.0443641631104722,-0.00739569197235972,-0.0485695119831631));
#7169=CARTESIAN_POINT('',(-0.0447228254169171,-0.00739569197235972,-0.0471167845478898));
#7170=CARTESIAN_POINT('',(-0.0456487845226986,-0.00739569197235972,-0.0450367762702428));
#7171=CARTESIAN_POINT('',(-0.0460241626233271,-0.00739569197235972,-0.0443700202380711));
#7172=CARTESIAN_POINT('',(-0.0468985282737835,-0.00739569197235972,-0.043149420470755));
#7173=CARTESIAN_POINT('',(-0.0474136666329532,-0.00739569197235972,-0.0425774447360994));
#7174=CARTESIAN_POINT('',(-0.0485575102607785,-0.00739569197235972,-0.041585029080124));
#7175=CARTESIAN_POINT('',(-0.0491777973515224,-0.00739569197235972,-0.0411652492395695));
#7176=CARTESIAN_POINT('',(-0.0505272692224595,-0.00739569197235972,-0.0404591903325891));
#7177=CARTESIAN_POINT('',(-0.0512353718403249,-0.00739569197235972,-0.040184368924745));
#7178=CARTESIAN_POINT('',(-0.0533899923063492,-0.00739569197235972,-0.039566545353693));
#7179=CARTESIAN_POINT('',(-0.0549127633153803,-0.00739569197235972,-0.0394043549201328));
#7180=CARTESIAN_POINT('',(-0.0564288040550823,-0.00739569197235972,-0.0394042911121254));
#7181=CARTESIAN_POINT('',(-0.0445467179041922,-0.00779569197235973,-0.0501261884028702));
#7182=CARTESIAN_POINT('',(-0.0447561205459539,-0.00779569197235793,-0.0486533557037845));
#7183=CARTESIAN_POINT('',(-0.0451075714525897,-0.00779569197235574,-0.04723571705927));
#7184=CARTESIAN_POINT('',(-0.0460043341016446,-0.00779569197235213,-0.0452218111964216));
#7185=CARTESIAN_POINT('',(-0.046366349192338,-0.00779569197235093,-0.0445791872733304));
#7186=CARTESIAN_POINT('',(-0.0472065800224914,-0.00779569197234884,-0.0434062900544111));
#7187=CARTESIAN_POINT('',(-0.0477001149508761,-0.00779569197234803,-0.0428584837142873));
#7188=CARTESIAN_POINT('',(-0.0487955537091385,-0.00779569197234732,-0.0419080665764832));
#7189=CARTESIAN_POINT('',(-0.0493896207124364,-0.00779569197234732,-0.0415058798726027));
#7190=CARTESIAN_POINT('',(-0.0506863332241518,-0.00779569197234843,-0.040827391530288));
#7191=CARTESIAN_POINT('',(-0.0513688945453843,-0.00779569197234934,-0.0405622783241476));
#7192=CARTESIAN_POINT('',(-0.0534549883608246,-0.00779569197235293,-0.0399638737552874));
#7193=CARTESIAN_POINT('',(-0.0549409029948185,-0.00779569197235623,-0.0398042300903434));
#7194=CARTESIAN_POINT('',(-0.056428804055083,-0.00779569197235973,-0.0398042911121253));
#7195=CARTESIAN_POINT('',(-0.0449427874425676,-0.00819569197237233,-0.0501821251598476));
#7196=CARTESIAN_POINT('',(-0.0451480779814479,-0.00819569197236863,-0.0487371994244085));
#7197=CARTESIAN_POINT('',(-0.0454923174882744,-0.00819569197236432,-0.0473546495706539));
#7198=CARTESIAN_POINT('',(-0.0463598836806018,-0.00819569197235702,-0.0454068461226062));
#7199=CARTESIAN_POINT('',(-0.0467085357613596,-0.00819569197235473,-0.044788354308596));
#7200=CARTESIAN_POINT('',(-0.047514631771209,-0.00819569197235053,-0.0436631596380753));
#7201=CARTESIAN_POINT('',(-0.047986563268808,-0.00819569197234893,-0.043139522692484));
#7202=CARTESIAN_POINT('',(-0.049033597157506,-0.00819569197234743,-0.0422311040728525));
#7203=CARTESIAN_POINT('',(-0.049601444073357,-0.00819569197234743,-0.0418465105056465));
#7204=CARTESIAN_POINT('',(-0.0508453972258491,-0.00819569197234972,-0.0411955927279984));
#7205=CARTESIAN_POINT('',(-0.0515024172504479,-0.00819569197235153,-0.0409401877235622));
#7206=CARTESIAN_POINT('',(-0.053519984415302,-0.00819569197235873,-0.0403612021568944));
#7207=CARTESIAN_POINT('',(-0.0549690426742576,-0.00819569197236532,-0.0402041052605664));
#7208=CARTESIAN_POINT('',(-0.0564288040550837,-0.00819569197237233,-0.0402042911121379));
#7209=CARTESIAN_POINT('',(-0.0564288040550829,-0.00759569197235972,-0.0396042911121254));
#7210=CARTESIAN_POINT('',(-0.0239998638839656,-0.00739569197235972,-0.0394042911121254));
#7211=CARTESIAN_POINT('',(-0.0651998638839656,-0.00759569197235972,-0.0396042911121254));
#7212=CARTESIAN_POINT('',(-0.0636454656028188,-0.00731569197235972,-0.039324812531956));
#7213=CARTESIAN_POINT('',(-0.0641635983632011,-0.00731569197235972,-0.0393246387253458));
#7214=CARTESIAN_POINT('',(-0.0646817311235833,-0.00731569197235972,-0.0393244649187357));
#7215=CARTESIAN_POINT('',(-0.0651998638839656,-0.00731569197235972,-0.0393242911121253));
#7216=CARTESIAN_POINT('',(-0.0664951957849212,-0.00731569197235972,-0.0393238565955998));
#7217=CARTESIAN_POINT('',(-0.0678052760397918,-0.00731569197235972,-0.0391940085448738));
#7218=CARTESIAN_POINT('',(-0.0702520409846332,-0.00731569197235972,-0.0384981059952927));
#7219=CARTESIAN_POINT('',(-0.0714385528595846,-0.00731569197235972,-0.0378846388626302));
#7220=CARTESIAN_POINT('',(-0.0732650787884275,-0.00731569197235972,-0.0360623625101276));
#7221=CARTESIAN_POINT('',(-0.0738843830267953,-0.00731569197235972,-0.0348796998183626));
#7222=CARTESIAN_POINT('',(-0.0745920075722942,-0.00731569197235972,-0.0324103654197617));
#7223=CARTESIAN_POINT('',(-0.0747192693893142,-0.00731569197235972,-0.0311021555240709));
#7224=CARTESIAN_POINT('',(-0.0747198638839656,-0.00731569197235972,-0.0298042911121254));
#7225=CARTESIAN_POINT('',(-0.0747201016818262,-0.00731569197235972,-0.0292851453473471));
#7226=CARTESIAN_POINT('',(-0.0747203394796868,-0.00731569197235972,-0.0287659995825689));
#7227=CARTESIAN_POINT('',(-0.0747205772775474,-0.00731569197235972,-0.0282468538177907));
#7228=CARTESIAN_POINT('',(-0.0636391078441415,-0.00739569197235972,-0.0394048690436728));
#7229=CARTESIAN_POINT('',(-0.0641593598574162,-0.00739569197235972,-0.0394046763998235));
#7230=CARTESIAN_POINT('',(-0.0646796118706909,-0.00739569197235972,-0.0394044837559744));
#7231=CARTESIAN_POINT('',(-0.0651998638839656,-0.00739569197235972,-0.0394042911121254));
#7232=CARTESIAN_POINT('',(-0.0665004939171523,-0.00739569197235972,-0.0394038095025025));
#7233=CARTESIAN_POINT('',(-0.0678177357346375,-0.00739569197235972,-0.0392735662419301));
#7234=CARTESIAN_POINT('',(-0.070283695830052,-0.00739569197235972,-0.038572346566553));
#7235=CARTESIAN_POINT('',(-0.0714837247447939,-0.00739569197235972,-0.0379525723435139));
#7236=CARTESIAN_POINT('',(-0.073332834327756,-0.00739569197235972,-0.0361077753868706));
#7237=CARTESIAN_POINT('',(-0.0739585404842546,-0.00739569197235972,-0.0349115691621311));
#7238=CARTESIAN_POINT('',(-0.0746715938449016,-0.00739569197235972,-0.0324228003135464));
#7239=CARTESIAN_POINT('',(-0.0747992201121694,-0.00739569197235972,-0.0311074659129481));
#7240=CARTESIAN_POINT('',(-0.0747998638839656,-0.00739569197235972,-0.0298042911121254));
#7241=CARTESIAN_POINT('',(-0.0748001213926841,-0.00739569197235972,-0.0292830211917962));
#7242=CARTESIAN_POINT('',(-0.0748003789014026,-0.00739569197235972,-0.0287617512714671));
#7243=CARTESIAN_POINT('',(-0.074800636410121,-0.00739569197235972,-0.0282404813511378));
#7244=CARTESIAN_POINT('',(-0.0636073190507552,-0.00779569197235973,-0.0398051516022561));
#7245=CARTESIAN_POINT('',(-0.064138167328492,-0.00779569197235973,-0.0398048647722125));
#7246=CARTESIAN_POINT('',(-0.0646690156062288,-0.00779569197235973,-0.0398045779421689));
#7247=CARTESIAN_POINT('',(-0.0651998638839656,-0.00779569197235973,-0.0398042911121253));
#7248=CARTESIAN_POINT('',(-0.0665269845783076,-0.00779569197235973,-0.0398035740370163));
#7249=CARTESIAN_POINT('',(-0.0678800342088658,-0.00779569197235973,-0.0396713547272124));
#7250=CARTESIAN_POINT('',(-0.0704419700571462,-0.00779569197235973,-0.0389435494228548));
#7251=CARTESIAN_POINT('',(-0.0717095841708405,-0.00779569197235973,-0.0382922397479327));
#7252=CARTESIAN_POINT('',(-0.0736716120243988,-0.00779569197235973,-0.0363348397705853));
#7253=CARTESIAN_POINT('',(-0.0743293277715511,-0.00779569197235973,-0.0350709158809734));
#7254=CARTESIAN_POINT('',(-0.0750695252079389,-0.00779569197235973,-0.0324849747824695));
#7255=CARTESIAN_POINT('',(-0.0751989737264457,-0.00779569197235973,-0.0311340178573347));
#7256=CARTESIAN_POINT('',(-0.0751998638839656,-0.00779569197235973,-0.0298042911121254));
#7257=CARTESIAN_POINT('',(-0.0752002199469736,-0.00779569197235973,-0.0292724004140416));
#7258=CARTESIAN_POINT('',(-0.0752005760099815,-0.00779569197235973,-0.0287405097159578));
#7259=CARTESIAN_POINT('',(-0.0752009320729895,-0.00779569197235973,-0.0282086190178742));
#7260=CARTESIAN_POINT('',(-0.0635755302573688,-0.00819569197235973,-0.0402054341608395));
#7261=CARTESIAN_POINT('',(-0.0641169747995678,-0.00819569197235973,-0.0402050531446016));
#7262=CARTESIAN_POINT('',(-0.0646584193417667,-0.00819569197235973,-0.0402046721283634));
#7263=CARTESIAN_POINT('',(-0.0651998638839656,-0.00819569197235973,-0.0402042911121253));
#7264=CARTESIAN_POINT('',(-0.0665534752394629,-0.00819569197235973,-0.0402033385715301));
#7265=CARTESIAN_POINT('',(-0.0679423326830941,-0.00819569197235973,-0.0400691432124945));
#7266=CARTESIAN_POINT('',(-0.0706002442842404,-0.00819569197235973,-0.0393147522791567));
#7267=CARTESIAN_POINT('',(-0.0719354435968871,-0.00819569197235973,-0.0386319071523515));
#7268=CARTESIAN_POINT('',(-0.0740103897210416,-0.00819569197235973,-0.0365619041543001));
#7269=CARTESIAN_POINT('',(-0.0747001150588476,-0.00819569197235973,-0.0352302625998155));
#7270=CARTESIAN_POINT('',(-0.0754674565709762,-0.00819569197235973,-0.0325471492513925));
#7271=CARTESIAN_POINT('',(-0.075598727340722,-0.00819569197235973,-0.0311605698017212));
#7272=CARTESIAN_POINT('',(-0.0755998638839656,-0.00819569197235973,-0.0298042911121254));
#7273=CARTESIAN_POINT('',(-0.075600318501263,-0.00819569197235973,-0.029261779636287));
#7274=CARTESIAN_POINT('',(-0.0756007731185605,-0.00819569197235973,-0.0287192681604487));
#7275=CARTESIAN_POINT('',(-0.0756012277358579,-0.00819569197235973,-0.0281767566846103));
#7276=CARTESIAN_POINT('',(-0.0749998638839656,-0.00759569197235972,-0.0298042911121254));
#7277=CARTESIAN_POINT('',(-0.0751998638839656,-0.00779569197235973,0.00239570888787463));
#7278=CARTESIAN_POINT('',(-0.0753998638839656,-0.00799569197235972,0.0645957088878747));
#7279=CARTESIAN_POINT('',(-0.0747203853037963,-0.00731569197235972,0.0630413106067279));
#7280=CARTESIAN_POINT('',(-0.0747202114971861,-0.00731569197235972,0.0635594433671101));
#7281=CARTESIAN_POINT('',(-0.0747200376905758,-0.00731569197235972,0.0640775761274924));
#7282=CARTESIAN_POINT('',(-0.0747198638839656,-0.00731569197235972,0.0645957088878747));
#7283=CARTESIAN_POINT('',(-0.0747194293674401,-0.00731569197235972,0.0658910407888302));
#7284=CARTESIAN_POINT('',(-0.0745895813167141,-0.00731569197235972,0.0672011210437007));
#7285=CARTESIAN_POINT('',(-0.0738936787671328,-0.00731569197235972,0.0696478859885422));
#7286=CARTESIAN_POINT('',(-0.0732802116344704,-0.00731569197235972,0.0708343978634936));
#7287=CARTESIAN_POINT('',(-0.071457935281968,-0.00731569197235972,0.0726609237923364));
#7288=CARTESIAN_POINT('',(-0.070275272590203,-0.00731569197235972,0.0732802280307043));
#7289=CARTESIAN_POINT('',(-0.067805938191602,-0.00731569197235972,0.0739878525762032));
#7290=CARTESIAN_POINT('',(-0.0664977282959111,-0.00731569197235972,0.0741151143932232));
#7291=CARTESIAN_POINT('',(-0.0651998638839656,-0.00731569197235972,0.0741157088878746));
#7292=CARTESIAN_POINT('',(-0.0646807181191874,-0.00731569197235972,0.0741159466857353));
#7293=CARTESIAN_POINT('',(-0.0641615723544092,-0.00731569197235972,0.0741161844835958));
#7294=CARTESIAN_POINT('',(-0.063642426589631,-0.00731569197235972,0.0741164222814564));
#7295=CARTESIAN_POINT('',(-0.074800441815513,-0.00739569197235971,0.0630349528480506));
#7296=CARTESIAN_POINT('',(-0.0748002491716638,-0.00739569197235971,0.0635552048613252));
#7297=CARTESIAN_POINT('',(-0.0748000565278147,-0.00739569197235971,0.0640754568746));
#7298=CARTESIAN_POINT('',(-0.0747998638839656,-0.00739569197235971,0.0645957088878747));
#7299=CARTESIAN_POINT('',(-0.0747993822743428,-0.00739569197235971,0.0658963389210613));
#7300=CARTESIAN_POINT('',(-0.0746691390137705,-0.00739569197235971,0.0672135807385464));
#7301=CARTESIAN_POINT('',(-0.0739679193383932,-0.00739569197235971,0.0696795408339611));
#7302=CARTESIAN_POINT('',(-0.0733481451153541,-0.00739569197235971,0.0708795697487029));
#7303=CARTESIAN_POINT('',(-0.0715033481587109,-0.00739569197235971,0.0727286793316649));
#7304=CARTESIAN_POINT('',(-0.0703071419339714,-0.00739569197235971,0.0733543854881636));
#7305=CARTESIAN_POINT('',(-0.0678183730853866,-0.00739569197235971,0.0740674388488107));
#7306=CARTESIAN_POINT('',(-0.0665030386847884,-0.00739569197235971,0.0741950651160785));
#7307=CARTESIAN_POINT('',(-0.0651998638839656,-0.00739569197235971,0.0741957088878747));
#7308=CARTESIAN_POINT('',(-0.0646785939636365,-0.00739569197235971,0.0741959663965932));
#7309=CARTESIAN_POINT('',(-0.0641573240433074,-0.00739569197235971,0.0741962239053116));
#7310=CARTESIAN_POINT('',(-0.0636360541229782,-0.00739569197235971,0.07419648141403));
#7311=CARTESIAN_POINT('',(-0.0752007243740964,-0.00779569197235972,0.0630031640546643));
#7312=CARTESIAN_POINT('',(-0.0752004375440528,-0.00779569197235972,0.0635340123324011));
#7313=CARTESIAN_POINT('',(-0.0752001507140092,-0.00779569197235972,0.0640648606101379));
#7314=CARTESIAN_POINT('',(-0.0751998638839656,-0.00779569197235972,0.0645957088878747));
#7315=CARTESIAN_POINT('',(-0.0751991468088566,-0.00779569197235972,0.0659228295822167));
#7316=CARTESIAN_POINT('',(-0.0750669274990526,-0.00779569197235972,0.0672758792127749));
#7317=CARTESIAN_POINT('',(-0.0743391221946951,-0.00779569197235972,0.0698378150610552));
#7318=CARTESIAN_POINT('',(-0.0736878125197729,-0.00779569197235972,0.0711054291747496));
#7319=CARTESIAN_POINT('',(-0.0717304125424256,-0.00779569197235972,0.0730674570283078));
#7320=CARTESIAN_POINT('',(-0.0704664886528136,-0.00779569197235972,0.0737251727754602));
#7321=CARTESIAN_POINT('',(-0.0678805475543097,-0.00779569197235972,0.0744653702118479));
#7322=CARTESIAN_POINT('',(-0.0665295906291749,-0.00779569197235972,0.0745948187303547));
#7323=CARTESIAN_POINT('',(-0.0651998638839656,-0.00779569197235972,0.0745957088878747));
#7324=CARTESIAN_POINT('',(-0.0646679731858819,-0.00779569197235972,0.0745960649508826));
#7325=CARTESIAN_POINT('',(-0.0641360824877982,-0.00779569197235972,0.0745964210138907));
#7326=CARTESIAN_POINT('',(-0.0636041917897144,-0.00779569197235972,0.0745967770768986));
#7327=CARTESIAN_POINT('',(-0.0756010069326798,-0.00819569197235972,0.0629713752612779));
#7328=CARTESIAN_POINT('',(-0.0756006259164418,-0.00819569197235972,0.0635128198034768));
#7329=CARTESIAN_POINT('',(-0.0756002449002037,-0.00819569197235972,0.0640542643456757));
#7330=CARTESIAN_POINT('',(-0.0755998638839656,-0.00819569197235972,0.0645957088878747));
#7331=CARTESIAN_POINT('',(-0.0755989113433704,-0.00819569197235972,0.0659493202433719));
#7332=CARTESIAN_POINT('',(-0.0754647159843347,-0.00819569197235972,0.0673381776870033));
#7333=CARTESIAN_POINT('',(-0.074710325050997,-0.00819569197235972,0.0699960892881494));
#7334=CARTESIAN_POINT('',(-0.0740274799241917,-0.00819569197235972,0.0713312886007962));
#7335=CARTESIAN_POINT('',(-0.0719574769261403,-0.00819569197235972,0.0734062347249505));
#7336=CARTESIAN_POINT('',(-0.0706258353716558,-0.00819569197235972,0.0740959600627567));
#7337=CARTESIAN_POINT('',(-0.0679427220232328,-0.00819569197235972,0.0748633015748852));
#7338=CARTESIAN_POINT('',(-0.0665561425735614,-0.00819569197235972,0.0749945723446308));
#7339=CARTESIAN_POINT('',(-0.0651998638839656,-0.00819569197235972,0.0749957088878746));
#7340=CARTESIAN_POINT('',(-0.0646573524081273,-0.00819569197235972,0.0749961635051722));
#7341=CARTESIAN_POINT('',(-0.0641148409322889,-0.00819569197235972,0.0749966181224696));
#7342=CARTESIAN_POINT('',(-0.0635723294564506,-0.00819569197235972,0.0749970727397672));
#7343=CARTESIAN_POINT('',(-0.0651998638839656,-0.00739569197235971,0.0769957088878746));
#7344=CARTESIAN_POINT('',(-0.0668785078967492,-0.00739569197235971,0.0769952812364677));
#7345=CARTESIAN_POINT('',(-0.0685792657373852,-0.00739569197235971,0.0768227996390497));
#7346=CARTESIAN_POINT('',(-0.070975622721124,-0.00739569197235971,0.0761150051393464));
#7347=CARTESIAN_POINT('',(-0.0717620489233872,-0.00739569197235971,0.0757951210521728));
#7348=CARTESIAN_POINT('',(-0.0732274418667987,-0.00739569197235971,0.0749674031740441));
#7349=CARTESIAN_POINT('',(-0.073895675484498,-0.00739569197235971,0.0744677223070497));
#7350=CARTESIAN_POINT('',(-0.0750923706425956,-0.00739569197235971,0.0732667071200829));
#7351=CARTESIAN_POINT('',(-0.0755885841984078,-0.00739569197235971,0.0725985655657579));
#7352=CARTESIAN_POINT('',(-0.0764129185460835,-0.00739569197235971,0.0711280986830893));
#7353=CARTESIAN_POINT('',(-0.0767294654515944,-0.00739569197235971,0.0703427208326092));
#7354=CARTESIAN_POINT('',(-0.0774276991717434,-0.00739569197235971,0.0679603707503788));
#7355=CARTESIAN_POINT('',(-0.077598968944437,-0.00739569197235971,0.0662762399084612));
#7356=CARTESIAN_POINT('',(-0.0775998638839656,-0.00739569197235971,0.0645957088878747));
#7357=CARTESIAN_POINT('',(-0.0651998638839656,-0.00779569197235972,0.0765957088878747));
#7358=CARTESIAN_POINT('',(-0.0668510908442655,-0.00779569197235972,0.0765955037710686));
#7359=CARTESIAN_POINT('',(-0.0685147909095207,-0.00779569197235972,0.0764249872173823));
#7360=CARTESIAN_POINT('',(-0.0708371948771565,-0.00779569197235972,0.0757386954170332));
#7361=CARTESIAN_POINT('',(-0.0715950389254662,-0.00779569197235972,0.075430091933876));
#7362=CARTESIAN_POINT('',(-0.0730011129615382,-0.00779569197235972,0.074635808644132));
#7363=CARTESIAN_POINT('',(-0.0736392941236527,-0.00779569197235972,0.0741583214773276));
#7364=CARTESIAN_POINT('',(-0.0747820476845185,-0.00779569197235972,0.0730114432573416));
#7365=CARTESIAN_POINT('',(-0.0752562580848275,-0.00779569197235972,0.0723733123230765));
#7366=CARTESIAN_POINT('',(-0.0760473821454823,-0.00779569197235972,0.0709622152344459));
#7367=CARTESIAN_POINT('',(-0.0763528164575289,-0.00779569197235972,0.0702052666640927));
#7368=CARTESIAN_POINT('',(-0.077029903758035,-0.00779569197235972,0.0678961862089224));
#7369=CARTESIAN_POINT('',(-0.0771991938926685,-0.00779569197235972,0.0662487652916252));
#7370=CARTESIAN_POINT('',(-0.0771998638839656,-0.00779569197235972,0.0645957088878747));
#7371=CARTESIAN_POINT('',(-0.0651998638839656,-0.00819569197235972,0.0761957088878747));
#7372=CARTESIAN_POINT('',(-0.0668236737917818,-0.00819569197235972,0.0761957263056695));
#7373=CARTESIAN_POINT('',(-0.0684503160816562,-0.00819569197235972,0.0760271747957148));
#7374=CARTESIAN_POINT('',(-0.070698767033189,-0.00819569197235972,0.0753623856947202));
#7375=CARTESIAN_POINT('',(-0.0714280289275452,-0.00819569197235972,0.075065062815579));
#7376=CARTESIAN_POINT('',(-0.0727747840562777,-0.00819569197235972,0.07430421411422));
#7377=CARTESIAN_POINT('',(-0.0733829127628074,-0.00819569197235972,0.0738489206476055));
#7378=CARTESIAN_POINT('',(-0.0744717247264414,-0.00819569197235972,0.0727561793946003));
#7379=CARTESIAN_POINT('',(-0.0749239319712472,-0.00819569197235972,0.072148059080395));
#7380=CARTESIAN_POINT('',(-0.0756818457448811,-0.00819569197235972,0.0707963317858024));
#7381=CARTESIAN_POINT('',(-0.0759761674634634,-0.00819569197235972,0.0700678124955763));
#7382=CARTESIAN_POINT('',(-0.0766321083443266,-0.00819569197235972,0.0678320016674661));
#7383=CARTESIAN_POINT('',(-0.0767994188409,-0.00819569197235972,0.0662212906747894));
#7384=CARTESIAN_POINT('',(-0.0767998638839656,-0.00819569197235972,0.0645957088878747));
#7385=CARTESIAN_POINT('',(-0.0773998638839656,-0.00759569197235972,0.0645957088878747));
#7386=CARTESIAN_POINT('',(-0.0771998638839656,-0.00779569197235973,0.00239570888787463));
#7387=CARTESIAN_POINT('',(-0.0769998638839656,-0.00799569197235972,-0.0298042911121254));
#7388=CARTESIAN_POINT('',(-0.0775998638839656,-0.00739569197235972,-0.0298042911121254));
#7389=CARTESIAN_POINT('',(-0.0775994362325588,-0.00739569197235972,-0.0314829351249089));
#7390=CARTESIAN_POINT('',(-0.0774269546351408,-0.00739569197235972,-0.033183692965545));
#7391=CARTESIAN_POINT('',(-0.0767191601354373,-0.00739569197235972,-0.0355800499492836));
#7392=CARTESIAN_POINT('',(-0.0763992760482639,-0.00739569197235972,-0.0363664761515469));
#7393=CARTESIAN_POINT('',(-0.075571558170135,-0.00739569197235972,-0.0378318690949583));
#7394=CARTESIAN_POINT('',(-0.0750718773031407,-0.00739569197235972,-0.0385001027126577));
#7395=CARTESIAN_POINT('',(-0.0738708621161738,-0.00739569197235972,-0.0396967978707554));
#7396=CARTESIAN_POINT('',(-0.0732027205618488,-0.00739569197235972,-0.0401930114265675));
#7397=CARTESIAN_POINT('',(-0.0717322536791802,-0.00739569197235972,-0.0410173457742432));
#7398=CARTESIAN_POINT('',(-0.0709468758287001,-0.00739569197235972,-0.0413338926797541));
#7399=CARTESIAN_POINT('',(-0.0685645257464697,-0.00739569197235972,-0.0420321263999031));
#7400=CARTESIAN_POINT('',(-0.0668803949045522,-0.00739569197235972,-0.0422033961725967));
#7401=CARTESIAN_POINT('',(-0.0651998638839656,-0.00739569197235972,-0.0422042911121253));
#7402=CARTESIAN_POINT('',(-0.0771998638839656,-0.00779569197235973,-0.0298042911121254));
#7403=CARTESIAN_POINT('',(-0.0771996587671597,-0.00779569197235973,-0.0314555180724253));
#7404=CARTESIAN_POINT('',(-0.0770291422134733,-0.00779569197235973,-0.0331192181376804));
#7405=CARTESIAN_POINT('',(-0.0763428504131241,-0.00779569197235973,-0.0354416221053162));
#7406=CARTESIAN_POINT('',(-0.076034246929967,-0.00779569197235973,-0.0361994661536258));
#7407=CARTESIAN_POINT('',(-0.075239963640223,-0.00779569197235973,-0.037605540189698));
#7408=CARTESIAN_POINT('',(-0.0747624764734186,-0.00779569197235973,-0.0382437213518124));
#7409=CARTESIAN_POINT('',(-0.0736155982534326,-0.00779569197235973,-0.0393864749126783));
#7410=CARTESIAN_POINT('',(-0.0729774673191674,-0.00779569197235973,-0.0398606853129872));
#7411=CARTESIAN_POINT('',(-0.0715663702305369,-0.00779569197235973,-0.0406518093736421));
#7412=CARTESIAN_POINT('',(-0.0708094216601838,-0.00779569197235973,-0.0409572436856886));
#7413=CARTESIAN_POINT('',(-0.0685003412050134,-0.00779569197235973,-0.0416343309861948));
#7414=CARTESIAN_POINT('',(-0.0668529202877163,-0.00779569197235973,-0.0418036211208282));
#7415=CARTESIAN_POINT('',(-0.0651998638839656,-0.00779569197235973,-0.0418042911121254));
#7416=CARTESIAN_POINT('',(-0.0767998638839656,-0.00819569197235973,-0.0298042911121254));
#7417=CARTESIAN_POINT('',(-0.0767998813017606,-0.00819569197235973,-0.0314281010199415));
#7418=CARTESIAN_POINT('',(-0.0766313297918058,-0.00819569197235973,-0.0330547433098159));
#7419=CARTESIAN_POINT('',(-0.0759665406908109,-0.00819569197235973,-0.0353031942613489));
#7420=CARTESIAN_POINT('',(-0.0756692178116701,-0.00819569197235973,-0.0360324561557048));
#7421=CARTESIAN_POINT('',(-0.074908369110311,-0.00819569197235973,-0.0373792112844375));
#7422=CARTESIAN_POINT('',(-0.0744530756436965,-0.00819569197235973,-0.0379873399909669));
#7423=CARTESIAN_POINT('',(-0.0733603343906914,-0.00819569197235973,-0.0390761519546012));
#7424=CARTESIAN_POINT('',(-0.072752214076486,-0.00819569197235973,-0.0395283591994069));
#7425=CARTESIAN_POINT('',(-0.0714004867818936,-0.00819569197235973,-0.040286272973041));
#7426=CARTESIAN_POINT('',(-0.0706719674916675,-0.00819569197235973,-0.0405805946916231));
#7427=CARTESIAN_POINT('',(-0.0684361566635571,-0.00819569197235973,-0.0412365355724863));
#7428=CARTESIAN_POINT('',(-0.0668254456708804,-0.00819569197235973,-0.0414038460690596));
#7429=CARTESIAN_POINT('',(-0.0651998638839656,-0.00819569197235973,-0.0414042911121253));
#7430=CARTESIAN_POINT('',(-0.0651998638839656,-0.00759569197235972,-0.0420042911121253));
#7431=CARTESIAN_POINT('',(-0.0565998638839656,-0.00759569197235972,-0.0420042911121253));
#7432=CARTESIAN_POINT('',(-0.0566998638839656,-0.00799569197235972,-0.0416042911121254));
#7433=CARTESIAN_POINT('',(-0.0566998638839656,-0.00739569197235972,-0.0422042911121253));
#7434=CARTESIAN_POINT('',(-0.055588951873389,-0.00739569197235972,-0.0422044024981394));
#7435=CARTESIAN_POINT('',(-0.0544626871377844,-0.00739569197235972,-0.0422991337231428));
#7436=CARTESIAN_POINT('',(-0.0528581770843138,-0.00739569197235972,-0.0426682795373312));
#7437=CARTESIAN_POINT('',(-0.0523311648560925,-0.00739569197235972,-0.0428315581348966));
#7438=CARTESIAN_POINT('',(-0.0513096543708232,-0.00739569197235972,-0.0432589604151257));
#7439=CARTESIAN_POINT('',(-0.050811316072009,-0.00739569197235972,-0.0435292572828686));
#7440=CARTESIAN_POINT('',(-0.0499068263947498,-0.00739569197235972,-0.0441684941028352));
#7441=CARTESIAN_POINT('',(-0.0494909566086723,-0.00739569197235972,-0.0445458128418926));
#7442=CARTESIAN_POINT('',(-0.0487635490286734,-0.00739569197235972,-0.045397387969893));
#7443=CARTESIAN_POINT('',(-0.048459653376821,-0.00739569197235972,-0.0458582539212085));
#7444=CARTESIAN_POINT('',(-0.0479511106830797,-0.00739569197235972,-0.0468523154088285));
#7445=CARTESIAN_POINT('',(-0.0477492953747548,-0.00739569197235972,-0.0473767993276917));
#7446=CARTESIAN_POINT('',(-0.0474392135735659,-0.00739569197235972,-0.0484398338254599));
#7447=CARTESIAN_POINT('',(-0.0473273502432688,-0.00739569197235972,-0.0489846805026151));
#7448=CARTESIAN_POINT('',(-0.0472490794021016,-0.00739569197235972,-0.0495383305783597));
#7449=CARTESIAN_POINT('',(-0.0566998638839656,-0.00779569197235973,-0.0418042911121254));
#7450=CARTESIAN_POINT('',(-0.0555663028203588,-0.00779569197235973,-0.0418045167077005));
#7451=CARTESIAN_POINT('',(-0.0544108218877872,-0.00779569197235973,-0.0419006423956571));
#7452=CARTESIAN_POINT('',(-0.0527492820746234,-0.00779569197235973,-0.042282870166952));
#7453=CARTESIAN_POINT('',(-0.0522005244869196,-0.00779569197235973,-0.0424526311470902));
#7454=CARTESIAN_POINT('',(-0.0511311023302203,-0.00779569197235973,-0.0429000526966889));
#7455=CARTESIAN_POINT('',(-0.0506062042807659,-0.00779569197235973,-0.0431845026957222));
#7456=CARTESIAN_POINT('',(-0.0496496925611179,-0.00779569197235973,-0.0438603099621643));
#7457=CARTESIAN_POINT('',(-0.0492084768033104,-0.00779569197235973,-0.0442606344677491));
#7458=CARTESIAN_POINT('',(-0.048437852525902,-0.00779569197235973,-0.0451628341262307));
#7459=CARTESIAN_POINT('',(-0.0481167070170371,-0.00779569197235973,-0.0456501714652261));
#7460=CARTESIAN_POINT('',(-0.0475822539615377,-0.00779569197235973,-0.046695245330361));
#7461=CARTESIAN_POINT('',(-0.0473714578179614,-0.00779569197235973,-0.0472436675303124));
#7462=CARTESIAN_POINT('',(-0.0470490911814398,-0.00779569197235973,-0.0483488283504912));
#7463=CARTESIAN_POINT('',(-0.0469336170515325,-0.00779569197235973,-0.0489122958316356));
#7464=CARTESIAN_POINT('',(-0.0468530098637385,-0.00779569197235973,-0.0494823938213843));
#7465=CARTESIAN_POINT('',(-0.0566998638839656,-0.00819569197235973,-0.0414042911121253));
#7466=CARTESIAN_POINT('',(-0.0555436537673286,-0.00819569197235973,-0.0414046309172615));
#7467=CARTESIAN_POINT('',(-0.05435895663779,-0.00819569197235973,-0.0415021510681713));
#7468=CARTESIAN_POINT('',(-0.052640387064933,-0.00819569197235973,-0.0418974607965727));
#7469=CARTESIAN_POINT('',(-0.0520698841177467,-0.00819569197235973,-0.042073704159284));
#7470=CARTESIAN_POINT('',(-0.0509525502896174,-0.00819569197235973,-0.0425411449782519));
#7471=CARTESIAN_POINT('',(-0.0504010924895228,-0.00819569197235973,-0.0428397481085756));
#7472=CARTESIAN_POINT('',(-0.049392558727486,-0.00819569197235973,-0.0435521258214935));
#7473=CARTESIAN_POINT('',(-0.0489259969979485,-0.00819569197235973,-0.0439754560936057));
#7474=CARTESIAN_POINT('',(-0.0481121560231306,-0.00819569197235973,-0.0449282802825682));
#7475=CARTESIAN_POINT('',(-0.0477737606572532,-0.00819569197235973,-0.0454420890092437));
#7476=CARTESIAN_POINT('',(-0.0472133972399957,-0.00819569197235973,-0.0465381752518934));
#7477=CARTESIAN_POINT('',(-0.046993620261168,-0.00819569197235973,-0.0471105357329331));
#7478=CARTESIAN_POINT('',(-0.0466589687893137,-0.00819569197235973,-0.0482578228755225));
#7479=CARTESIAN_POINT('',(-0.0465398838597962,-0.00819569197235973,-0.0488399111606561));
#7480=CARTESIAN_POINT('',(-0.0464569403253754,-0.00819569197235973,-0.0494264570644089));
#7481=CARTESIAN_POINT('',(-0.0470510446329207,-0.00759569197235973,-0.0495103621998674));
#7482=CARTESIAN_POINT('',(-0.0472490794021022,-0.00739569197235972,-0.0495383305783553));
#7483=CARTESIAN_POINT('',(-0.0470355646574588,-0.00739569197235972,-0.0510390702410863));
#7484=CARTESIAN_POINT('',(-0.0466769023510135,-0.00739569197235972,-0.0524917976763594));
#7485=CARTESIAN_POINT('',(-0.0457509432452314,-0.00739569197235972,-0.054571805954006));
#7486=CARTESIAN_POINT('',(-0.0453755651446029,-0.00739569197235972,-0.0552385619861772));
#7487=CARTESIAN_POINT('',(-0.0445011994941465,-0.00739569197235972,-0.0564591617534929));
#7488=CARTESIAN_POINT('',(-0.0439860611349766,-0.00739569197235972,-0.0570311374881484));
#7489=CARTESIAN_POINT('',(-0.0428422175071516,-0.00739569197235972,-0.0580235531441235));
#7490=CARTESIAN_POINT('',(-0.0422219304164079,-0.00739569197235972,-0.0584433329846779));
#7491=CARTESIAN_POINT('',(-0.0408724585454712,-0.00739569197235972,-0.0591493918916587));
#7492=CARTESIAN_POINT('',(-0.0401643559276063,-0.00739569197235972,-0.0594242132995029));
#7493=CARTESIAN_POINT('',(-0.0380097354615828,-0.00739569197235972,-0.0600420368705558));
#7494=CARTESIAN_POINT('',(-0.0364869644525522,-0.00739569197235972,-0.0602042273041169));
#7495=CARTESIAN_POINT('',(-0.0349709237128505,-0.00739569197235972,-0.0602042911121254));
#7496=CARTESIAN_POINT('',(-0.0468530098637392,-0.00779569197235973,-0.0494823938213795));
#7497=CARTESIAN_POINT('',(-0.0466436072219771,-0.00779569197236163,-0.0509552265204648));
#7498=CARTESIAN_POINT('',(-0.0462921563153409,-0.00779569197236413,-0.0523728651649791));
#7499=CARTESIAN_POINT('',(-0.0453953936662854,-0.00779569197236803,-0.054386771027827));
#7500=CARTESIAN_POINT('',(-0.0450333785755919,-0.00779569197236943,-0.0550293949509178));
#7501=CARTESIAN_POINT('',(-0.0441931477454385,-0.00779569197237153,-0.0562022921698366));
#7502=CARTESIAN_POINT('',(-0.0436996128170537,-0.00779569197237233,-0.0567500985099605));
#7503=CARTESIAN_POINT('',(-0.0426041740587917,-0.00779569197237303,-0.0577005156477641));
#7504=CARTESIAN_POINT('',(-0.042010107055494,-0.00779569197237283,-0.0581027023516448));
#7505=CARTESIAN_POINT('',(-0.0407133945437788,-0.00779569197237172,-0.0587811906939598));
#7506=CARTESIAN_POINT('',(-0.0400308332225467,-0.00779569197237063,-0.0590463039001003));
#7507=CARTESIAN_POINT('',(-0.0379447394071072,-0.00779569197236682,-0.0596447084689614));
#7508=CARTESIAN_POINT('',(-0.0364588247731138,-0.00779569197236323,-0.0598043521339064));
#7509=CARTESIAN_POINT('',(-0.0349709237128496,-0.00779569197235973,-0.0598042911121254));
#7510=CARTESIAN_POINT('',(-0.0464569403253762,-0.00819569197235973,-0.0494264570644037));
#7511=CARTESIAN_POINT('',(-0.0462516497864954,-0.00819569197236352,-0.0508713827998433));
#7512=CARTESIAN_POINT('',(-0.0459074102796683,-0.00819569197236853,-0.0522539326535988));
#7513=CARTESIAN_POINT('',(-0.0450398440873394,-0.00819569197237633,-0.054201736101648));
#7514=CARTESIAN_POINT('',(-0.0446911920065809,-0.00819569197237913,-0.0548202279156584));
#7515=CARTESIAN_POINT('',(-0.0438850959967305,-0.00819569197238332,-0.0559454225861802));
#7516=CARTESIAN_POINT('',(-0.0434131644991308,-0.00819569197238492,-0.0564690595317726));
#7517=CARTESIAN_POINT('',(-0.0423661306104317,-0.00819569197238632,-0.0573774781514047));
#7518=CARTESIAN_POINT('',(-0.0417982836945799,-0.00819569197238593,-0.0577620717186117));
#7519=CARTESIAN_POINT('',(-0.0405543305420863,-0.00819569197238372,-0.0584129894962609));
#7520=CARTESIAN_POINT('',(-0.0398973105174871,-0.00819569197238152,-0.0586683945006977));
#7521=CARTESIAN_POINT('',(-0.0378797433526316,-0.00819569197237393,-0.059247380067367));
#7522=CARTESIAN_POINT('',(-0.0364306850936753,-0.00819569197236672,-0.0594044769636959));
#7523=CARTESIAN_POINT('',(-0.0349709237128486,-0.00819569197235973,-0.0594042911121254));
#7524=CARTESIAN_POINT('',(-0.0921998638839656,-0.00739569197235972,-0.0166042911121253));
#7525=CARTESIAN_POINT('',(-0.0921998638839656,-0.00789569197235972,-0.0648042911121254));
#7526=CARTESIAN_POINT('',(-0.0921998638839656,-0.00789569197235971,0.0815957088878747));
#7527=CARTESIAN_POINT('',(-0.0821998638839688,-0.00779588565561153,0.0915957088878747));
#7528=CARTESIAN_POINT('',(-0.0821998638839688,-0.0083956918723597,0.0915957088878747));
#7529=CARTESIAN_POINT('',(-0.0888665305506322,-0.00779588565561159,0.091595708887874));
#7530=CARTESIAN_POINT('',(-0.0888665305506322,-0.00839569187235976,0.091595708887874));
#7531=CARTESIAN_POINT('',(-0.0921998638839645,-0.00779588565561133,0.0882623755545415));
#7532=CARTESIAN_POINT('',(-0.0921998638839645,-0.0083956918723595,0.0882623755545415));
#7533=CARTESIAN_POINT('',(-0.0921998638839656,-0.00779588565561164,0.081595708887878));
#7534=CARTESIAN_POINT('',(-0.0921998638839656,-0.00839569187235981,0.081595708887878));
#7535=CARTESIAN_POINT('',(-0.0887998638839656,-0.00919325035430075,0.0813957088945607));
#7536=CARTESIAN_POINT('',(-0.0887998638839656,-0.00839569197235976,0.0813957088945608));
#7537=CARTESIAN_POINT('',(-0.088799863882868,-0.00919325035430073,0.0836957088911374));
#7538=CARTESIAN_POINT('',(-0.088799863882868,-0.00839569197235975,0.0836957088911375));
#7539=CARTESIAN_POINT('',(-0.0876670211704085,-0.00919325035430055,0.0870628661743177));
#7540=CARTESIAN_POINT('',(-0.0876670211704085,-0.00839569197235957,0.0870628661743178));
#7541=CARTESIAN_POINT('',(-0.0842998638872283,-0.00919325035430073,0.088195708886777));
#7542=CARTESIAN_POINT('',(-0.0842998638872283,-0.00839569197235975,0.0881957088867771));
#7543=CARTESIAN_POINT('',(-0.0819998638906516,-0.00919325035430075,0.0881957088878746));
#7544=CARTESIAN_POINT('',(-0.0819998638906516,-0.00839569197235976,0.0881957088878747));
#7545=CARTESIAN_POINT('',(-0.0887998638839656,-0.0087956919723597,0.0813957088878747));
#7546=CARTESIAN_POINT('',(-0.0887998638839656,-0.0091956919723594,0.0813957088880834));
#7547=CARTESIAN_POINT('',(-0.0819998638873086,-0.00919569199579721,0.0881957088800622));
#7548=CARTESIAN_POINT('',(-0.0829245895697079,-0.00919497145442146,0.0881957088796209));
#7549=CARTESIAN_POINT('',(-0.0843119645257107,-0.00919546786918485,0.0880661550679788));
#7550=CARTESIAN_POINT('',(-0.0860373405021778,-0.00919099466117265,0.0873838330314898));
#7551=CARTESIAN_POINT('',(-0.087159183787035,-0.0091985338991336,0.0865498936159842));
#7552=CARTESIAN_POINT('',(-0.0879892118590269,-0.00918907064999588,0.0854296775211116));
#7553=CARTESIAN_POINT('',(-0.0886689338359964,-0.00919687939559472,0.0837122247522449));
#7554=CARTESIAN_POINT('',(-0.0887998638837435,-0.00919426690971119,0.0823199916779925));
#7555=CARTESIAN_POINT('',(-0.0887998638839709,-0.00919569197235441,0.0813957088878747));
#7556=CARTESIAN_POINT('',(-0.0887998638839656,-0.0093956919723597,-0.0166042911121253));
#7557=CARTESIAN_POINT('',(-0.0887998638839656,-0.0091956919723597,0.0133957088878746));
#7558=CARTESIAN_POINT('',(-0.0887998638839656,-0.0091956919723597,0.0789957088878746));
#7559=CARTESIAN_POINT('',(-0.0887998638839656,-0.00879569197235752,-0.0646042911121254));
#7560=CARTESIAN_POINT('',(-0.0887998638683406,-0.00919569198798471,-0.0646042911121254));
#7561=CARTESIAN_POINT('',(-0.0887998638839656,-0.0091956919723597,-0.0166042911121253));
#7562=CARTESIAN_POINT('',(-0.0887998638839656,-0.00919569197235971,-0.0622042911121254));
#7563=CARTESIAN_POINT('',(-0.0887998638839656,-0.0105209192638729,-0.0622042911121254));
#7564=CARTESIAN_POINT('',(-0.0887998638839656,-0.00939569197235971,-0.0510042911121253));
#7565=CARTESIAN_POINT('',(-0.0887998638839656,-0.00919569197235971,-0.0510042911121253));
#7566=CARTESIAN_POINT('',(-0.0887998638839656,-0.0091956919723597,-0.0166042911121253));
#7567=CARTESIAN_POINT('',(-0.0887998638839656,-0.0091956919723597,0.00279570888787462));
#7568=CARTESIAN_POINT('',(-0.0887998638839656,-0.0105209192638729,0.00279570888787463));
#7569=CARTESIAN_POINT('',(-0.0887998638839656,-0.0105209192638729,0.00279570888787463));
#7570=CARTESIAN_POINT('',(-0.0887998638839656,-0.0105209192638729,-0.0476042911121254));
#7571=CARTESIAN_POINT('',(-0.0887998638839656,-0.0105209192638729,0.0139957088878746));
#7572=CARTESIAN_POINT('',(-0.0887998638839656,-0.00939569197235969,0.0139957088878746));
#7573=CARTESIAN_POINT('',(-0.0887998638839656,-0.0105209192638729,0.0677957088878746));
#7574=CARTESIAN_POINT('',(-0.0887998638839656,-0.0093956919723597,0.0789957088878746));
#7575=CARTESIAN_POINT('',(-0.0819998638839637,-0.00920078032900516,-0.0714042911121255));
#7576=CARTESIAN_POINT('',(-0.0819998638839637,-0.00839569197235968,-0.0714042911121255));
#7577=CARTESIAN_POINT('',(-0.0842998638834074,-0.00920078032900516,-0.0714042911121258));
#7578=CARTESIAN_POINT('',(-0.0842998638834074,-0.00839569197235968,-0.0714042911121258));
#7579=CARTESIAN_POINT('',(-0.0876670211704084,-0.00920078032900517,-0.0702714484001923));
#7580=CARTESIAN_POINT('',(-0.0876670211704084,-0.00839569197235968,-0.0702714484001923));
#7581=CARTESIAN_POINT('',(-0.0887998638834168,-0.00920078032900525,-0.0669042911143144));
#7582=CARTESIAN_POINT('',(-0.0887998638834168,-0.00839569197235977,-0.0669042911143144));
#7583=CARTESIAN_POINT('',(-0.0887998638839656,-0.00920078032900519,-0.0646042911154684));
#7584=CARTESIAN_POINT('',(-0.0887998638839656,-0.00839569197235971,-0.0646042911154684));
#7585=CARTESIAN_POINT('',(-0.0887998638761531,-0.00919569198798471,-0.0646042911154679));
#7586=CARTESIAN_POINT('',(-0.0887998638754912,-0.00919497144682715,-0.0655290167978588));
#7587=CARTESIAN_POINT('',(-0.0886703100641202,-0.00919546787089669,-0.0669163917538747));
#7588=CARTESIAN_POINT('',(-0.0879879880275731,-0.0091909946608465,-0.0686417677303411));
#7589=CARTESIAN_POINT('',(-0.0871540486120764,-0.00919853389922241,-0.0697636110151933));
#7590=CARTESIAN_POINT('',(-0.0860338325171997,-0.00918907064996682,-0.0705936390871944));
#7591=CARTESIAN_POINT('',(-0.0843163797483303,-0.00919687939566034,-0.0712733610641039));
#7592=CARTESIAN_POINT('',(-0.0829241466741066,-0.0091942669094837,-0.0714042911121307));
#7593=CARTESIAN_POINT('',(-0.0819998638839656,-0.00919569197235455,-0.0714042911121306));
#7594=CARTESIAN_POINT('',(-0.0921998638839656,-0.00779127195926849,-0.0648042911121254));
#7595=CARTESIAN_POINT('',(-0.0921998638839656,-0.00839569197235969,-0.0648042911121254));
#7596=CARTESIAN_POINT('',(-0.0921998638839654,-0.00779127195926857,-0.071470957778792));
#7597=CARTESIAN_POINT('',(-0.0921998638839654,-0.00839569197235978,-0.071470957778792));
#7598=CARTESIAN_POINT('',(-0.0888665305506324,-0.00779127195926857,-0.0748042911121251));
#7599=CARTESIAN_POINT('',(-0.0888665305506324,-0.00839569197235978,-0.0748042911121251));
#7600=CARTESIAN_POINT('',(-0.0821998638839655,-0.00779127195926849,-0.0748042911121254));
#7601=CARTESIAN_POINT('',(-0.0821998638839655,-0.0083956919723597,-0.0748042911121254));
#7602=CARTESIAN_POINT('',(-0.0295998638839656,-0.0118956919723597,-0.0708042911121254));
#7603=CARTESIAN_POINT('',(-0.0299998638839655,-0.0125956919723597,-0.0716528192495493));
#7604=CARTESIAN_POINT('',(-0.0298676510779448,-0.0127279047783805,-0.071715144964014));
#7605=CARTESIAN_POINT('',(-0.0297341441315135,-0.0128614117248118,-0.071771425968495));
#7606=CARTESIAN_POINT('',(-0.0295998638839656,-0.0129956919723597,-0.071824095014844));
#7607=CARTESIAN_POINT('',(-0.0299998638839655,-0.0125956919723597,-0.0716528192495493));
#7608=CARTESIAN_POINT('',(-0.0299998638839655,-0.0118956919723597,-0.0708042911121254));
#7609=CARTESIAN_POINT('',(-0.0299998638839655,-0.0108140265897205,-0.0710042911121254));
#7610=CARTESIAN_POINT('',(-0.0299998638839656,-0.0108140265897205,-0.0710042911121254));
#7611=CARTESIAN_POINT('',(-0.0298702474880269,-0.0107061792293287,-0.0711339075080641));
#7612=CARTESIAN_POINT('',(-0.0297362749937738,-0.0106102212976343,-0.0712678800023171));
#7613=CARTESIAN_POINT('',(-0.0295998638839656,-0.0105209192638729,-0.0714042911121254));
#7614=CARTESIAN_POINT('',(-0.0299998638839655,-0.0125956919723597,0.0883957088878747));
#7615=CARTESIAN_POINT('',(-0.0299998638839655,-0.0125956919723597,-0.0676042911121254));
#7616=CARTESIAN_POINT('',(-0.0299998638839655,-0.0125956919723597,-0.0677699765370747));
#7617=CARTESIAN_POINT('',(-0.030731234733864,-0.0118643211224612,-0.0680729202622269));
#7618=CARTESIAN_POINT('',(-0.0709498638859656,-0.00919569197235971,-0.0573042911141254));
#7619=CARTESIAN_POINT('',(-0.0685349104702658,-0.00939569197235971,-0.0560968144062756));
#7620=CARTESIAN_POINT('',(-0.0731859318634654,-0.00919569197235971,-0.0584223251028753));
#7621=CARTESIAN_POINT('',(-0.0708977567317272,-0.00919569197235971,-0.0629986753663518));
#7622=CARTESIAN_POINT('',(-0.0694359318634655,-0.00919569197235971,-0.0659223251028753));
#7623=CARTESIAN_POINT('',(-0.0671998638859657,-0.00919569197235971,-0.0648042911141254));
#7624=CARTESIAN_POINT('',(-0.0647849104702659,-0.00939569197235971,-0.0635968144062755));
#7625=CARTESIAN_POINT('',(-0.0794249104706659,-0.0093956919723597,-0.0343168144054748));
#7626=CARTESIAN_POINT('',(-0.0596998638859656,-0.00919569197235971,-0.0648042911141254));
#7627=CARTESIAN_POINT('',(-0.0621148173016654,-0.00939569197235971,-0.0660117678219753));
#7628=CARTESIAN_POINT('',(-0.0574637959084658,-0.00919569197235971,-0.0636862571253755));
#7629=CARTESIAN_POINT('',(-0.0734249104706658,-0.0093956919723597,-0.0313168144054755));
#7630=CARTESIAN_POINT('',(-0.0649637959084658,-0.00919569197235971,-0.0486862571253755));
#7631=CARTESIAN_POINT('',(-0.0671998638859656,-0.00919569197235971,-0.0498042911141254));
#7632=CARTESIAN_POINT('',(-0.0696148173016654,-0.00939569197235971,-0.0510117678219753));
#7633=CARTESIAN_POINT('',(-0.0650939457058285,-0.00919569197235971,-0.059606297418149));
#7634=CARTESIAN_POINT('',(-0.0746998638859656,-0.00939569197235971,-0.0648042911141254));
#7635=CARTESIAN_POINT('',(-0.0295998638839656,-0.0129956919723597,-0.0676042911121254));
#7636=CARTESIAN_POINT('',(-0.0299998638839655,-0.0107128492598851,-0.0658871338246001));
#7637=CARTESIAN_POINT('',(-0.0299998638839655,-0.0143956919723597,0.0883957088878747));
#7638=CARTESIAN_POINT('',(-0.0299998638839655,-0.0105209192638729,-0.0710042911121254));
#7639=CARTESIAN_POINT('',(-0.0295998638839656,-0.00939569197235971,-0.0714042911121254));
#7640=CARTESIAN_POINT('',(-0.0278665305506322,-0.00746235863902633,-0.0731376244454587));
#7641=CARTESIAN_POINT('',(-0.0239998638839656,-0.00939569197235971,-0.0712042911121254));
#7642=CARTESIAN_POINT('',(-0.0819998638839656,-0.00929569197235971,-0.0713042911121254));
#7643=CARTESIAN_POINT('',(-0.0819998638839656,-0.00918857690351303,-0.0714114061809721));
#7644=CARTESIAN_POINT('',(-0.0829082696022322,-0.00918857690351303,-0.071410001441571));
#7645=CARTESIAN_POINT('',(-0.0838044688069384,-0.00918857690351303,-0.071326613592582));
#7646=CARTESIAN_POINT('',(-0.0855659861215982,-0.00918857690351303,-0.0708350434194518));
#7647=CARTESIAN_POINT('',(-0.0864319964467952,-0.00918857690351303,-0.0703934603490382));
#7648=CARTESIAN_POINT('',(-0.0877695143627837,-0.00918857690351303,-0.0690676820457643));
#7649=CARTESIAN_POINT('',(-0.0882143965091138,-0.00918857690351303,-0.0682113663063523));
#7650=CARTESIAN_POINT('',(-0.088716655172315,-0.00918857690351303,-0.0664444019147225));
#7651=CARTESIAN_POINT('',(-0.0888062648104652,-0.00918857690351303,-0.0655152726641586));
#7652=CARTESIAN_POINT('',(-0.0888069789528123,-0.00918857690351303,-0.0646042911121254));
#7653=CARTESIAN_POINT('',(-0.0819998638839656,-0.00918982586060084,-0.0714101572238844));
#7654=CARTESIAN_POINT('',(-0.0829081872749141,-0.00918982586060084,-0.0714087533409231));
#7655=CARTESIAN_POINT('',(-0.0838042800053957,-0.00918982586060084,-0.0713253705707501));
#7656=CARTESIAN_POINT('',(-0.0855654980344831,-0.00918982586060084,-0.0708338819877131));
#7657=CARTESIAN_POINT('',(-0.0864312954923713,-0.00918982586060084,-0.0703923966764889));
#7658=CARTESIAN_POINT('',(-0.0877684557036807,-0.00918982586060084,-0.0690669727728931));
#7659=CARTESIAN_POINT('',(-0.0882132380862941,-0.00918982586060084,-0.0682108697351082));
#7660=CARTESIAN_POINT('',(-0.0887154128983806,-0.00918982586060084,-0.0664442083915363));
#7661=CARTESIAN_POINT('',(-0.0888050166740786,-0.00918982586060084,-0.0655151903253643));
#7662=CARTESIAN_POINT('',(-0.0888057299957245,-0.00918982586060084,-0.0646042911121254));
#7663=CARTESIAN_POINT('',(-0.0819998638839656,-0.00919569197235971,-0.0714042911121254));
#7664=CARTESIAN_POINT('',(-0.0829078005993003,-0.00919569197235971,-0.0714028912516976));
#7665=CARTESIAN_POINT('',(-0.0838033932407816,-0.00919569197235971,-0.0713195323357489));
#7666=CARTESIAN_POINT('',(-0.0855632055829702,-0.00919569197235971,-0.070828426965722));
#7667=CARTESIAN_POINT('',(-0.0864280032439594,-0.00919569197235971,-0.0703874008106497));
#7668=CARTESIAN_POINT('',(-0.0877634833850369,-0.00919569197235971,-0.0690636414543307));
#7669=CARTESIAN_POINT('',(-0.0882077971966178,-0.00919569197235971,-0.0682085374352696));
#7670=CARTESIAN_POINT('',(-0.0887095781761105,-0.00919569197235971,-0.0664432994502687));
#7671=CARTESIAN_POINT('',(-0.0887991544169953,-0.00919569197235971,-0.0655148035958488));
#7672=CARTESIAN_POINT('',(-0.0887998638839656,-0.00919569197235971,-0.0646042911121254));
#7673=CARTESIAN_POINT('',(-0.0819998638839656,-0.00939569197235971,-0.0712042911121254));
#7674=CARTESIAN_POINT('',(-0.082894617229133,-0.00939569197235971,-0.0712030283964942));
#7675=CARTESIAN_POINT('',(-0.0837731597692576,-0.00939569197235971,-0.0711204827696608));
#7676=CARTESIAN_POINT('',(-0.0854850464340453,-0.00939569197235971,-0.0706424427153313));
#7677=CARTESIAN_POINT('',(-0.0863157568856492,-0.00939569197235971,-0.0702170710916008));
#7678=CARTESIAN_POINT('',(-0.0875939564872157,-0.00939569197235971,-0.0689500630330789));
#7679=CARTESIAN_POINT('',(-0.0880222947752579,-0.00939569197235971,-0.0681290196921911));
#7680=CARTESIAN_POINT('',(-0.0885106483735461,-0.00939569197235971,-0.0664123098849524));
#7681=CARTESIAN_POINT('',(-0.0885992858388239,-0.00939569197235971,-0.065501618387952));
#7682=CARTESIAN_POINT('',(-0.0885998638839656,-0.00939569197235971,-0.0646042911121254));
#7683=CARTESIAN_POINT('',(-0.0886998638839656,-0.00929569197235971,-0.0646042911121254));
#7684=CARTESIAN_POINT('',(-0.0885998638839656,-0.0093956919723597,-0.00660429111212535));
#7685=CARTESIAN_POINT('',(-0.103999863883966,0.00600430802764029,-0.0470042911121254));
#7686=CARTESIAN_POINT('',(-0.0883998638839656,-0.0143956919723597,-0.0626042911121254));
#7687=CARTESIAN_POINT('',(-0.0883998638839656,-0.00939569197235971,-0.0626042911121254));
#7688=CARTESIAN_POINT('',(-0.0889998638839656,-0.0143956919723597,-0.0626042911121254));
#7689=CARTESIAN_POINT('',(-0.0879827065964402,-0.0154128492598851,-0.0626042911121254));
#7690=CARTESIAN_POINT('',(-0.0879827065964402,-0.0154128492598851,-0.0626042911121254));
#7691=CARTESIAN_POINT('',(-0.0849998638839656,-0.0129956919723597,-0.0622042911121254));
#7692=CARTESIAN_POINT('',(-0.0849998638839656,-0.0129956919723597,0.0233957088878746));
#7693=CARTESIAN_POINT('',(-0.0849998638839656,-0.0129956919723597,-0.0510042911121253));
#7694=CARTESIAN_POINT('',(-0.10205570659644,-0.0294858492598851,-0.0506042911121254));
#7695=CARTESIAN_POINT('',(-0.0832827065964402,-0.0107128492598851,-0.0506042911121254));
#7696=CARTESIAN_POINT('',(-0.0971458638839656,-0.0343956919723597,-0.0506042911121254));
#7697=CARTESIAN_POINT('',(-0.0883998638839656,-0.0343956919723597,-0.0506042911121254));
#7698=CARTESIAN_POINT('',(-0.0887998638839656,-0.00939569197235971,-0.0510042911121253));
#7699=CARTESIAN_POINT('',(-0.0738665305506323,-0.0241290253056931,-0.0360709577787919));
#7700=CARTESIAN_POINT('',(-0.0885998638839656,-0.0093956919723597,-0.00660429111212535));
#7701=CARTESIAN_POINT('',(-0.0738665305506323,-0.024129025305693,-0.0121376244454587));
#7702=CARTESIAN_POINT('',(-0.0883998638839656,-0.0343956919723597,0.0673957088878746));
#7703=CARTESIAN_POINT('',(-0.0883998638839656,-0.0093956919723597,0.0673957088878746));
#7704=CARTESIAN_POINT('',(-0.0942618638839656,-0.0343956919723597,0.0673957088878746));
#7705=CARTESIAN_POINT('',(-0.10061370659644,-0.0280438492598851,0.0673957088878746));
#7706=CARTESIAN_POINT('',(-0.0849998638839656,-0.0129956919723597,0.0677957088878746));
#7707=CARTESIAN_POINT('',(-0.0849998638839656,-0.0129956919723597,0.0677957088878746));
#7708=CARTESIAN_POINT('',(-0.0849998638839656,-0.0129956919723597,0.0233957088878746));
#7709=CARTESIAN_POINT('',(-0.0849998638839656,-0.0129956919723597,0.0789957088878746));
#7710=CARTESIAN_POINT('',(-0.0849998638839656,-0.0129956919723597,0.0789957088878746));
#7711=CARTESIAN_POINT('',(-0.0832827065964402,-0.0107128492598851,0.0793957088878746));
#7712=CARTESIAN_POINT('',(-0.0889998638839656,-0.0143956919723597,0.0793957088878746));
#7713=CARTESIAN_POINT('',(-0.0883998638839656,-0.0143956919723597,0.0793957088878746));
#7714=CARTESIAN_POINT('',(-0.0887998638839656,-0.0093956919723597,0.0789957088878746));
#7715=CARTESIAN_POINT('',(-0.110666530550632,0.0126709746943073,0.0571290422212079));
#7716=CARTESIAN_POINT('',(-0.0885998638839656,-0.0093956919723597,-0.00660429111212535));
#7717=CARTESIAN_POINT('',(-0.0886998638839656,-0.0092956919723597,0.0813957088878747));
#7718=CARTESIAN_POINT('',(-0.0888039058648678,-0.00919164999145754,0.0813957088878747));
#7719=CARTESIAN_POINT('',(-0.0888025032327568,-0.00919164999145754,0.0823039120378615));
#7720=CARTESIAN_POINT('',(-0.0887191278803127,-0.00919164999145754,0.0831998492602633));
#7721=CARTESIAN_POINT('',(-0.0882277584615032,-0.00919164999145754,0.0849606301758156));
#7722=CARTESIAN_POINT('',(-0.0877864159298473,-0.00919164999145754,0.0858261167360516));
#7723=CARTESIAN_POINT('',(-0.0864615096352188,-0.00919164999145754,0.0871627545113629));
#7724=CARTESIAN_POINT('',(-0.0856057172531043,-0.00919164999145754,0.087607391186749));
#7725=CARTESIAN_POINT('',(-0.0838394985182647,-0.00919164999145754,0.0881094435323336));
#7726=CARTESIAN_POINT('',(-0.0829106428394815,-0.00919164999145754,0.0881990387457839));
#7727=CARTESIAN_POINT('',(-0.0819998638839656,-0.00919164999145754,0.0881997508687767));
#7728=CARTESIAN_POINT('',(-0.0887998638839656,-0.0091956919723597,0.0813957088878747));
#7729=CARTESIAN_POINT('',(-0.0887984640235379,-0.0091956919723597,0.0823036456032093));
#7730=CARTESIAN_POINT('',(-0.0887151051075892,-0.0091956919723597,0.0831992382446908));
#7731=CARTESIAN_POINT('',(-0.0882239997375623,-0.0091956919723597,0.0849590505868791));
#7732=CARTESIAN_POINT('',(-0.08778297358249,-0.0091956919723597,0.0858238482478685));
#7733=CARTESIAN_POINT('',(-0.0864592142261709,-0.0091956919723597,0.0871593283889459));
#7734=CARTESIAN_POINT('',(-0.0856041102071098,-0.0091956919723597,0.0876036422005268));
#7735=CARTESIAN_POINT('',(-0.0838388722221089,-0.0091956919723597,0.0881054231800194));
#7736=CARTESIAN_POINT('',(-0.082910376367689,-0.0091956919723597,0.0881949994209043));
#7737=CARTESIAN_POINT('',(-0.0819998638839656,-0.0091956919723597,0.0881957088878746));
#7738=CARTESIAN_POINT('',(-0.0885998638839656,-0.0093956919723597,0.0813957088878747));
#7739=CARTESIAN_POINT('',(-0.0885986011683344,-0.0093956919723597,0.082290462233042));
#7740=CARTESIAN_POINT('',(-0.0885160555415011,-0.0093956919723597,0.0831690047731667));
#7741=CARTESIAN_POINT('',(-0.0880380154871716,-0.0093956919723597,0.0848808914379543));
#7742=CARTESIAN_POINT('',(-0.087612643863441,-0.0093956919723597,0.0857116018895583));
#7743=CARTESIAN_POINT('',(-0.0863456358049191,-0.0093956919723597,0.0869898014911247));
#7744=CARTESIAN_POINT('',(-0.0855245924640313,-0.0093956919723597,0.0874181397791669));
#7745=CARTESIAN_POINT('',(-0.0838078826567926,-0.0093956919723597,0.087906493377455));
#7746=CARTESIAN_POINT('',(-0.0828971911597923,-0.0093956919723597,0.0879951308427329));
#7747=CARTESIAN_POINT('',(-0.0819998638839656,-0.0093956919723597,0.0879957088878746));
#7748=CARTESIAN_POINT('',(-0.0819998638839656,-0.0092956919723597,0.0880957088878746));
#7749=CARTESIAN_POINT('',(-0.0239998638839656,-0.0091956919723597,0.0881957088878746));
#7750=CARTESIAN_POINT('',(-0.0277331972172989,-0.00732902530569301,0.0900623755545416));
#7751=CARTESIAN_POINT('',(-0.0299998638839655,-0.0143956919723597,0.0877957088878747));
#7752=CARTESIAN_POINT('',(-0.0299998638839655,-0.0143956919723597,0.0877957088878747));
#7753=CARTESIAN_POINT('',(-0.0299998638839655,-0.0143956919723597,0.0883957088878747));
#7754=CARTESIAN_POINT('',(-0.0299998638839655,-0.0107128492598851,0.0826785516003492));
#7755=CARTESIAN_POINT('',(-0.0299998638839655,-0.0154128492598851,0.0873785516003492));
#7756=CARTESIAN_POINT('',(0.0455001361160344,-0.0139956919723597,-0.00363470205188165));
#7757=CARTESIAN_POINT('',(0.0407668027827011,-0.018729025305693,0.00583196461478505));
#7758=CARTESIAN_POINT('',(0.0451001361160344,-0.0143956919723597,0.0101652979481183));
#7759=CARTESIAN_POINT('',(0.0455001361160344,-0.0139956919723597,0.0105652979481183));
#7760=CARTESIAN_POINT('',(0.0451001361160344,-0.0143956919723597,0.0101652979481183));
#7761=CARTESIAN_POINT('',(0.0451001361160344,-0.0143956919723597,-0.00666901662693237));
#7762=CARTESIAN_POINT('',(0.0448897566925767,-0.0146060713958175,-0.00658187461649196));
#7763=CARTESIAN_POINT('',(0.0455001361160344,-0.0139956919723597,-0.00683470205188155));
#7764=CARTESIAN_POINT('',(0.0455001361160344,-0.0139956919723597,-0.00683470205188155));
#7765=CARTESIAN_POINT('',(0.0296001361160344,-0.0139956919723597,0.00536529794811844));
#7766=CARTESIAN_POINT('',(0.0313334694493677,-0.015729025305693,0.00883196461478505));
#7767=CARTESIAN_POINT('',(0.0296001361160344,-0.0139956919723597,0.0105652979481183));
#7768=CARTESIAN_POINT('',(0.0300001361160344,-0.0143956919723597,0.0101652979481183));
#7769=CARTESIAN_POINT('',(0.0296001361160344,-0.0139956919723597,0.0101652979481183));
#7770=CARTESIAN_POINT('',(0.0296001361160344,-0.0139956919723597,-0.000634702051881653));
#7771=CARTESIAN_POINT('',(0.0293709060197734,-0.0137664618760987,-0.000405471955620545));
#7772=CARTESIAN_POINT('',(0.0300001361160344,-0.0143956919723597,-0.00103470205188155));
#7773=CARTESIAN_POINT('',(0.0300001361160344,-0.0143956919723597,-0.000634702051881653));
#7774=CARTESIAN_POINT('',(0.0281124458272513,-0.0143956919723597,-0.00103470205188166));
#7775=CARTESIAN_POINT('',(0.0264001361160344,-0.0139956919723597,-0.000634702051881653));
#7776=CARTESIAN_POINT('',(0.0264001361160344,-0.0139956919723597,-0.000634702051881653));
#7777=CARTESIAN_POINT('',(0.026720992430609,-0.0136748356577852,-0.000313845737307056));
#7778=CARTESIAN_POINT('',(0.0260001361160344,-0.0143956919723597,-0.00103470205188166));
#7779=CARTESIAN_POINT('',(0.0281124458272513,-0.0143956919723597,-0.00103470205188166));
#7780=CARTESIAN_POINT('',(0.0260001361160344,-0.0143956919723597,0.00112786689184194));
#7781=CARTESIAN_POINT('',(0.0264001361160344,-0.0139956919723597,0.00536529794811844));
#7782=CARTESIAN_POINT('',(0.0264001361160344,-0.0139956919723597,0.0105652979481184));
#7783=CARTESIAN_POINT('',(0.0229876590972756,-0.0174081689911185,0.00715282092935965));
#7784=CARTESIAN_POINT('',(0.0260001361160344,-0.0143956919723597,0.0101652979481183));
#7785=CARTESIAN_POINT('',(0.0260001361160344,-0.0143956919723597,0.00112786689184194));
#7786=CARTESIAN_POINT('',(0.0109001361160344,-0.0143956919723597,0.00112786689184194));
#7787=CARTESIAN_POINT('',(0.0139126131347932,-0.0174081689911185,0.00715282092935965));
#7788=CARTESIAN_POINT('',(0.0109001361160344,-0.0143956919723597,0.0101652979481183));
#7789=CARTESIAN_POINT('',(0.0105001361160344,-0.0139956919723597,0.0105652979481184));
#7790=CARTESIAN_POINT('',(0.0105001361160344,-0.0139956919723597,-0.00363470205188165));
#7791=CARTESIAN_POINT('',(0.0105001361160344,-0.0139956919723597,-0.00683470205188155));
#7792=CARTESIAN_POINT('',(0.0123873415119584,-0.0158828973682837,-0.00605299598190626));
#7793=CARTESIAN_POINT('',(0.0109001361160344,-0.0143956919723597,-0.00666901662693237));
#7794=CARTESIAN_POINT('',(0.0109001361160344,-0.0143956919723597,0.00112786689184194));
#7795=CARTESIAN_POINT('',(0.0156078492122557,-0.0143956919723597,-0.0113767297231536));
#7796=CARTESIAN_POINT('',(0.0176501361160344,-0.0139956919723597,-0.0139847020518815));
#7797=CARTESIAN_POINT('',(0.0157001361160344,-0.0139956919723597,-0.0120347020518816));
#7798=CARTESIAN_POINT('',(0.0158946460781722,-0.0144652805609693,-0.011565113463272));
#7799=CARTESIAN_POINT('',(0.0158658215409837,-0.0143956919723597,-0.0116347020518815));
#7800=CARTESIAN_POINT('',(0.0156078492122557,-0.0143956919723597,-0.0113767297231536));
#7801=CARTESIAN_POINT('',(0.0281124458272513,-0.0143956919723597,0.00112786689184194));
#7802=CARTESIAN_POINT('',(0.0280001361160344,-0.0143956919723597,-0.0116347020518815));
#7803=CARTESIAN_POINT('',(0.0401344506910852,-0.0143956919723597,-0.0116347020518815));
#7804=CARTESIAN_POINT('',(0.04050473273103,-0.0143956919723597,-0.0112644200119368));
#7805=CARTESIAN_POINT('',(0.0280001361160344,-0.0143956919723597,0.0101652979481183));
#7806=CARTESIAN_POINT('',(0.0280001361160344,-0.0143956919723597,0.0101652979481183));
#7807=CARTESIAN_POINT('',(0.04050473273103,-0.0143956919723597,-0.0112644200119368));
#7808=CARTESIAN_POINT('',(0.0400930772287326,-0.0144955763462936,-0.0115348176779478));
#7809=CARTESIAN_POINT('',(0.0403001361160344,-0.0139956919723597,-0.0120347020518816));
#7810=CARTESIAN_POINT('',(0.0383501361160344,-0.0139956919723597,-0.0139847020518815));
#7811=CARTESIAN_POINT('',(0.0455001361160344,-0.0088956919723597,-0.00363470205188165));
#7812=CARTESIAN_POINT('',(0.0455001361160344,-0.0185456919723597,0.00601529794811834));
#7813=CARTESIAN_POINT('',(0.0455001361160344,-0.0143956919723597,-0.00683470205188155));
#7814=CARTESIAN_POINT('',(0.0280001361160344,-0.0143956919723597,0.0101652979481183));
#7815=CARTESIAN_POINT('',(0.0296001361160344,-0.0140456919723597,0.0105152979481183));
#7816=CARTESIAN_POINT('',(0.0296001361160344,-0.0088956919723597,0.00536529794811844));
#7817=CARTESIAN_POINT('',(0.0296001361160344,-0.0088956919723597,-0.000634702051881653));
#7818=CARTESIAN_POINT('',(0.0264001361160344,-0.0088956919723597,-0.000634702051881653));
#7819=CARTESIAN_POINT('',(0.0264001361160344,-0.0088956919723597,-0.000634702051881653));
#7820=CARTESIAN_POINT('',(0.0264001361160344,-0.0088956919723597,0.00536529794811844));
#7821=CARTESIAN_POINT('',(0.0264001361160344,-0.0143956919723597,0.0101652979481183));
#7822=CARTESIAN_POINT('',(0.0280001361160344,-0.0143956919723597,0.0101652979481183));
#7823=CARTESIAN_POINT('',(0.0105001361160344,-0.0143956919723597,0.0101652979481183));
#7824=CARTESIAN_POINT('',(0.0105001361160344,-0.0088956919723597,-0.00363470205188165));
#7825=CARTESIAN_POINT('',(0.0105001361160344,-0.0143956919723597,-0.00683470205188155));
#7826=CARTESIAN_POINT('',(0.0176501361160344,-0.0088956919723597,-0.0139847020518815));
#7827=CARTESIAN_POINT('',(0.0195334694493677,-0.0101623586390264,-0.0158680353852149));
#7828=CARTESIAN_POINT('',(0.0280001361160344,-0.0143956919723597,-0.0116347020518815));
#7829=CARTESIAN_POINT('',(0.0364668027827011,-0.0101623586390264,-0.0158680353852149));
#7830=CARTESIAN_POINT('',(0.0383501361160344,-0.0088956919723597,-0.0139847020518815));
#7831=CARTESIAN_POINT('',(-0.0634998638839656,-0.0089956919723597,0.00236529794811835));
#7832=CARTESIAN_POINT('',(-0.0634998638839656,-0.0143956919723597,0.00236529794811835));
#7833=CARTESIAN_POINT('',(-0.0611498638839656,-0.0143956919723597,0.00236529794811835));
#7834=CARTESIAN_POINT('',(-0.0634998638839656,-0.0093956919723597,0.00236529794811835));
#7835=CARTESIAN_POINT('',(-0.0634998638839656,-0.0093956919723597,0.00471529794811835));
#7836=CARTESIAN_POINT('',(-0.0519998638839656,-0.0089956919723597,-0.00613470205188166));
#7837=CARTESIAN_POINT('',(-0.0519998638839656,-0.0143956919723597,-0.00613470205188166));
#7838=CARTESIAN_POINT('',(-0.0496498638839656,-0.0143956919723597,-0.00613470205188166));
#7839=CARTESIAN_POINT('',(-0.0519998638839656,-0.0093956919723597,-0.00613470205188166));
#7840=CARTESIAN_POINT('',(-0.0519998638839656,-0.0093956919723597,-0.00378470205188166));
#7841=CARTESIAN_POINT('',(-0.0404998638839656,-0.0089956919723597,0.00236529794811835));
#7842=CARTESIAN_POINT('',(-0.0404998638839656,-0.0143956919723597,0.00236529794811835));
#7843=CARTESIAN_POINT('',(-0.0381498638839656,-0.0143956919723597,0.00236529794811835));
#7844=CARTESIAN_POINT('',(-0.0404998638839656,-0.0093956919723597,0.00236529794811835));
#7845=CARTESIAN_POINT('',(-0.0404998638839656,-0.0093956919723597,0.00471529794811835));
#7846=CARTESIAN_POINT('',(-0.0344998638839656,-0.0139956919723597,-0.00363470205188165));
#7847=CARTESIAN_POINT('',(-0.0392331972172989,-0.018729025305693,0.00583196461478505));
#7848=CARTESIAN_POINT('',(-0.0348998638839656,-0.0143956919723597,0.0101652979481183));
#7849=CARTESIAN_POINT('',(-0.0344998638839656,-0.0139956919723597,0.0105652979481183));
#7850=CARTESIAN_POINT('',(-0.0348998638839656,-0.0143956919723597,0.0101652979481183));
#7851=CARTESIAN_POINT('',(-0.0348998638839656,-0.0143956919723597,-0.00666901662693237));
#7852=CARTESIAN_POINT('',(-0.0351102433074233,-0.0146060713958175,-0.00658187461649196));
#7853=CARTESIAN_POINT('',(-0.0344998638839656,-0.0139956919723597,-0.00683470205188155));
#7854=CARTESIAN_POINT('',(-0.0344998638839656,-0.0139956919723597,-0.00683470205188155));
#7855=CARTESIAN_POINT('',(-0.0503998638839656,-0.0139956919723597,0.00536529794811844));
#7856=CARTESIAN_POINT('',(-0.0486665305506323,-0.015729025305693,0.00883196461478505));
#7857=CARTESIAN_POINT('',(-0.0503998638839656,-0.0139956919723597,0.0105652979481183));
#7858=CARTESIAN_POINT('',(-0.0499998638839656,-0.0143956919723597,0.0101652979481183));
#7859=CARTESIAN_POINT('',(-0.0503998638839656,-0.0139956919723597,0.0101652979481183));
#7860=CARTESIAN_POINT('',(-0.0503998638839656,-0.0139956919723597,-0.000634702051881653));
#7861=CARTESIAN_POINT('',(-0.0506290939802266,-0.0137664618760987,-0.000405471955620545));
#7862=CARTESIAN_POINT('',(-0.0499998638839656,-0.0143956919723597,-0.00103470205188155));
#7863=CARTESIAN_POINT('',(-0.0499998638839656,-0.0143956919723597,-0.000634702051881653));
#7864=CARTESIAN_POINT('',(-0.0518875541727487,-0.0143956919723597,-0.00103470205188166));
#7865=CARTESIAN_POINT('',(-0.0535998638839656,-0.0139956919723597,-0.000634702051881653));
#7866=CARTESIAN_POINT('',(-0.0535998638839656,-0.0139956919723597,-0.000634702051881653));
#7867=CARTESIAN_POINT('',(-0.053279007569391,-0.0136748356577852,-0.000313845737307056));
#7868=CARTESIAN_POINT('',(-0.0539998638839656,-0.0143956919723597,-0.00103470205188166));
#7869=CARTESIAN_POINT('',(-0.0518875541727487,-0.0143956919723597,-0.00103470205188166));
#7870=CARTESIAN_POINT('',(-0.0539998638839656,-0.0143956919723597,0.00112786689184194));
#7871=CARTESIAN_POINT('',(-0.0535998638839656,-0.0139956919723597,0.00536529794811844));
#7872=CARTESIAN_POINT('',(-0.0535998638839656,-0.0139956919723597,0.0105652979481184));
#7873=CARTESIAN_POINT('',(-0.0570123409027244,-0.0174081689911185,0.00715282092935965));
#7874=CARTESIAN_POINT('',(-0.0539998638839656,-0.0143956919723597,0.0101652979481183));
#7875=CARTESIAN_POINT('',(-0.0539998638839656,-0.0143956919723597,0.00112786689184194));
#7876=CARTESIAN_POINT('',(-0.0690998638839656,-0.0143956919723597,0.00112786689184194));
#7877=CARTESIAN_POINT('',(-0.0660873868652068,-0.0174081689911185,0.00715282092935965));
#7878=CARTESIAN_POINT('',(-0.0690998638839656,-0.0143956919723597,0.0101652979481183));
#7879=CARTESIAN_POINT('',(-0.0694998638839656,-0.0139956919723597,0.0105652979481184));
#7880=CARTESIAN_POINT('',(-0.0694998638839656,-0.0139956919723597,-0.00363470205188165));
#7881=CARTESIAN_POINT('',(-0.0694998638839656,-0.0139956919723597,-0.00683470205188155));
#7882=CARTESIAN_POINT('',(-0.0676126584880416,-0.0158828973682837,-0.00605299598190626));
#7883=CARTESIAN_POINT('',(-0.0690998638839656,-0.0143956919723597,-0.00666901662693237));
#7884=CARTESIAN_POINT('',(-0.0690998638839656,-0.0143956919723597,0.00112786689184194));
#7885=CARTESIAN_POINT('',(-0.0643921507877443,-0.0143956919723597,-0.0113767297231536));
#7886=CARTESIAN_POINT('',(-0.0623498638839656,-0.0139956919723597,-0.0139847020518815));
#7887=CARTESIAN_POINT('',(-0.0642998638839656,-0.0139956919723597,-0.0120347020518816));
#7888=CARTESIAN_POINT('',(-0.0641053539218278,-0.0144652805609693,-0.011565113463272));
#7889=CARTESIAN_POINT('',(-0.0641341784590163,-0.0143956919723597,-0.0116347020518815));
#7890=CARTESIAN_POINT('',(-0.0643921507877443,-0.0143956919723597,-0.0113767297231536));
#7891=CARTESIAN_POINT('',(-0.0518875541727487,-0.0143956919723597,0.00112786689184194));
#7892=CARTESIAN_POINT('',(-0.0519998638839656,-0.0143956919723597,-0.0116347020518815));
#7893=CARTESIAN_POINT('',(-0.0398655493089148,-0.0143956919723597,-0.0116347020518815));
#7894=CARTESIAN_POINT('',(-0.03949526726897,-0.0143956919723597,-0.0112644200119368));
#7895=CARTESIAN_POINT('',(-0.0519998638839656,-0.0143956919723597,0.0101652979481183));
#7896=CARTESIAN_POINT('',(-0.0519998638839656,-0.0143956919723597,0.0101652979481183));
#7897=CARTESIAN_POINT('',(-0.03949526726897,-0.0143956919723597,-0.0112644200119368));
#7898=CARTESIAN_POINT('',(-0.0399069227712674,-0.0144955763462936,-0.0115348176779478));
#7899=CARTESIAN_POINT('',(-0.0396998638839656,-0.0139956919723597,-0.0120347020518816));
#7900=CARTESIAN_POINT('',(-0.0416498638839656,-0.0139956919723597,-0.0139847020518815));
#7901=CARTESIAN_POINT('',(-0.0344998638839656,-0.0088956919723597,-0.00363470205188165));
#7902=CARTESIAN_POINT('',(-0.0344998638839656,-0.0185456919723597,0.00601529794811834));
#7903=CARTESIAN_POINT('',(-0.0344998638839656,-0.0143956919723597,-0.00683470205188155));
#7904=CARTESIAN_POINT('',(-0.0519998638839656,-0.0143956919723597,0.0101652979481183));
#7905=CARTESIAN_POINT('',(-0.0503998638839656,-0.0140456919723597,0.0105152979481183));
#7906=CARTESIAN_POINT('',(-0.0503998638839656,-0.0088956919723597,0.00536529794811844));
#7907=CARTESIAN_POINT('',(-0.0503998638839656,-0.0088956919723597,-0.000634702051881653));
#7908=CARTESIAN_POINT('',(-0.0535998638839656,-0.0088956919723597,-0.000634702051881653));
#7909=CARTESIAN_POINT('',(-0.0535998638839656,-0.0088956919723597,-0.000634702051881653));
#7910=CARTESIAN_POINT('',(-0.0535998638839656,-0.0088956919723597,0.00536529794811844));
#7911=CARTESIAN_POINT('',(-0.0535998638839656,-0.0143956919723597,0.0101652979481183));
#7912=CARTESIAN_POINT('',(-0.0519998638839656,-0.0143956919723597,0.0101652979481183));
#7913=CARTESIAN_POINT('',(-0.0694998638839656,-0.0143956919723597,0.0101652979481183));
#7914=CARTESIAN_POINT('',(-0.0694998638839656,-0.0088956919723597,-0.00363470205188165));
#7915=CARTESIAN_POINT('',(-0.0694998638839656,-0.0143956919723597,-0.00683470205188155));
#7916=CARTESIAN_POINT('',(-0.0623498638839656,-0.0088956919723597,-0.0139847020518815));
#7917=CARTESIAN_POINT('',(-0.0604665305506323,-0.0101623586390264,-0.0158680353852149));
#7918=CARTESIAN_POINT('',(-0.0519998638839656,-0.0143956919723597,-0.0116347020518815));
#7919=CARTESIAN_POINT('',(-0.0435331972172989,-0.0101623586390264,-0.0158680353852149));
#7920=CARTESIAN_POINT('',(-0.0416498638839656,-0.0088956919723597,-0.0139847020518815));
#7921=CARTESIAN_POINT('',(1.36116034425097E-7,-0.0093956919723597,-0.00660429111212535));
#7922=CARTESIAN_POINT('',(1.36116034425097E-7,-0.0093956919723597,-0.00660429111212535));
#7923=CARTESIAN_POINT('',(1.36116034425097E-7,-0.0093956919723597,-0.00660429111212535));
#7924=CARTESIAN_POINT('',(1.36116034415989E-7,-0.00939569197235969,-0.00660429111212536));
#7925=CARTESIAN_POINT('',(1.36116034415989E-7,-0.00939569197235969,-0.00660429111212536));
#7926=CARTESIAN_POINT('',(1.36116034415989E-7,-0.00939569197235969,-0.00660429111212536));
#7927=CARTESIAN_POINT('',(-0.0164998638839656,-0.0129956919723597,0.00279570888787463));
#7928=CARTESIAN_POINT('',(-0.0314998638839656,-0.0129956919723597,0.00279570888787463));
#7929=CARTESIAN_POINT('',(-0.0892196677866842,-0.0129956919723597,0.00279570888787463));
#7930=CARTESIAN_POINT('',(-0.0849998638839656,-0.0129956919723597,0.00279570888787463));
#7931=CARTESIAN_POINT('',(-0.0892196677866842,-0.0129956919723597,0.00279570888787463));
#7932=CARTESIAN_POINT('',(-0.0891669987403352,-0.0128614117248118,0.00266142864032672));
#7933=CARTESIAN_POINT('',(-0.0891107177358542,-0.0127279047783805,0.0025279216938954));
#7934=CARTESIAN_POINT('',(-0.0890483920213895,-0.0125956919723597,0.00239570888787462));
#7935=CARTESIAN_POINT('',(-0.0890483920213895,-0.0125956919723597,0.00239570888787462));
#7936=CARTESIAN_POINT('',(-0.0942618638839656,-0.0125956919723597,0.00239570888787462));
#7937=CARTESIAN_POINT('',(-0.0851655493089148,-0.0125956919723597,0.00239570888787462));
#7938=CARTESIAN_POINT('',(-0.0807729051985454,-0.023200472958293,0.0130004898738079));
#7939=CARTESIAN_POINT('',(-0.0164998638839656,-0.0129956919723597,-0.0416042911121254));
#7940=CARTESIAN_POINT('',(-0.0892196677866842,-0.0129956919723597,-0.0476042911121254));
#7941=CARTESIAN_POINT('',(-0.0892196677866842,-0.0129956919723597,0.0139957088878746));
#7942=CARTESIAN_POINT('',(-0.0849998638839656,-0.0129956919723597,-0.0476042911121254));
#7943=CARTESIAN_POINT('',(-0.0849998638839656,-0.0129956919723597,0.0139957088878746));
#7944=CARTESIAN_POINT('',(-0.0892196677866842,-0.0129956919723597,0.0139957088878746));
#7945=CARTESIAN_POINT('',(-0.0739998638839656,-0.0125956919723597,0.0143957088878746));
#7946=CARTESIAN_POINT('',(-0.0849998638839656,-0.0125956919723597,0.0143957088878746));
#7947=CARTESIAN_POINT('',(-0.0890483920213895,-0.0125956919723597,0.0143957088878746));
#7948=CARTESIAN_POINT('',(-0.0851655493089149,-0.0125956919723597,0.0143957088878746));
#7949=CARTESIAN_POINT('',(-0.0890483920213895,-0.0125956919723597,0.0143957088878746));
#7950=CARTESIAN_POINT('',(-0.0891107177358542,-0.0127279047783805,0.0142634960818538));
#7951=CARTESIAN_POINT('',(-0.0891669987403352,-0.0128614117248118,0.0141299891354225));
#7952=CARTESIAN_POINT('',(-0.0892196677866842,-0.0129956919723597,0.0139957088878746));
#7953=CARTESIAN_POINT('',(-0.0854684930340671,-0.0118643211224613,0.015127079737773));
#7954=CARTESIAN_POINT('',(-0.0881998638839656,-0.0118956919723597,-0.0476042911121254));
#7955=CARTESIAN_POINT('',(-0.0881998638839656,-0.0118956919723597,0.00279570888787463));
#7956=CARTESIAN_POINT('',(-0.0881998638839656,-0.0118956919723597,0.0139957088878746));
#7957=CARTESIAN_POINT('',(-0.0881998638839656,-0.0118956919723597,0.0139957088878746));
#7958=CARTESIAN_POINT('',(-0.0881998638839656,-0.0118956919723597,0.0143957088878746));
#7959=CARTESIAN_POINT('',(-0.0883998638839656,-0.0108140265897205,0.0143957088878746));
#7960=CARTESIAN_POINT('',(-0.0883998638839656,-0.0108140265897205,0.0143957088878746));
#7961=CARTESIAN_POINT('',(-0.0885294802799043,-0.0107061792293287,0.0142660924919359));
#7962=CARTESIAN_POINT('',(-0.0886634527741573,-0.0106102212976343,0.0141321199976829));
#7963=CARTESIAN_POINT('',(-0.0887998638839656,-0.0105209192638729,0.0139957088878746));
#7964=CARTESIAN_POINT('',(-0.0881998638839656,-0.0118956919723597,0.00279570888787463));
#7965=CARTESIAN_POINT('',(-0.0887998638839656,-0.0105209192638729,0.00279570888787463));
#7966=CARTESIAN_POINT('',(-0.0886634527741573,-0.0106102212976343,0.00265929777806635));
#7967=CARTESIAN_POINT('',(-0.0885294802799043,-0.0107061792293287,0.00252532528381336));
#7968=CARTESIAN_POINT('',(-0.0883998638839656,-0.0108140265897205,0.00239570888787462));
#7969=CARTESIAN_POINT('',(-0.0883998638839656,-0.0108140265897205,0.00239570888787462));
#7970=CARTESIAN_POINT('',(-0.0881998638839656,-0.0118956919723597,0.00239570888787462));
#7971=CARTESIAN_POINT('',(-0.0883998638839656,-0.0343956919723597,0.00239570888787462));
#7972=CARTESIAN_POINT('',(-0.0883998638839656,-0.00939569197235969,0.00239570888787462));
#7973=CARTESIAN_POINT('',(-0.0887998638839656,-0.00939569197235969,0.0139957088878746));
#7974=CARTESIAN_POINT('',(-0.0883998638839656,-0.0143956919723597,0.0143957088878746));
#7975=CARTESIAN_POINT('',(-0.0739998638839656,-0.0143956919723597,0.0143957088878746));
#7976=CARTESIAN_POINT('',(-0.0832827065964402,-0.0107128492598851,0.0143957088878746));
#7977=CARTESIAN_POINT('',(-0.0849998638839656,-0.0129956919723597,0.0139957088878746));
#7978=CARTESIAN_POINT('',(-0.0849998638839656,-0.0129956919723597,0.0139957088878746));
#7979=CARTESIAN_POINT('',(-0.0849998638839656,-0.0129956919723597,-0.0416042911121254));
#7980=CARTESIAN_POINT('',(-0.0849998638839656,-0.0129956919723597,0.00279570888787463));
#7981=CARTESIAN_POINT('',(-0.0849998638839656,-0.0129956919723597,0.00279570888787463));
#7982=CARTESIAN_POINT('',(-0.10061370659644,-0.0280438492598851,0.00239570888787462));
#7983=CARTESIAN_POINT('',(-0.0792618638839656,-0.0343956919723597,0.00239570888787462));
#7984=CARTESIAN_POINT('',(-0.00749986388396561,-0.0129956919723597,0.00279570888787463));
#7985=CARTESIAN_POINT('',(0.00750013611603438,-0.0129956919723597,0.00279570888787463));
#7986=CARTESIAN_POINT('',(0.065219940018753,-0.0129956919723597,0.00279570888787463));
#7987=CARTESIAN_POINT('',(0.0610001361160344,-0.0129956919723597,0.00279570888787463));
#7988=CARTESIAN_POINT('',(0.0567731774306142,-0.023200472958293,0.0130004898738079));
#7989=CARTESIAN_POINT('',(0.0611658215409836,-0.0125956919723597,0.00239570888787462));
#7990=CARTESIAN_POINT('',(0.0702621361160344,-0.0125956919723597,0.00239570888787462));
#7991=CARTESIAN_POINT('',(0.0650486642534583,-0.0125956919723597,0.00239570888787462));
#7992=CARTESIAN_POINT('',(0.065219940018753,-0.0129956919723597,0.00279570888787463));
#7993=CARTESIAN_POINT('',(0.065167270972404,-0.0128614117248118,0.00266142864032672));
#7994=CARTESIAN_POINT('',(0.065110989967923,-0.0127279047783805,0.0025279216938954));
#7995=CARTESIAN_POINT('',(0.0650486642534583,-0.0125956919723597,0.00239570888787462));
#7996=CARTESIAN_POINT('',(0.0500001361160344,-0.0125956919723597,0.0143957088878746));
#7997=CARTESIAN_POINT('',(0.0610001361160344,-0.0125956919723597,0.0143957088878746));
#7998=CARTESIAN_POINT('',(0.0650486642534583,-0.0125956919723597,0.0143957088878746));
#7999=CARTESIAN_POINT('',(0.0611658215409837,-0.0125956919723597,0.0143957088878746));
#8000=CARTESIAN_POINT('',(0.0614687652661359,-0.0118643211224613,0.015127079737773));
#8001=CARTESIAN_POINT('',(0.0610001361160344,-0.0129956919723597,0.0139957088878746));
#8002=CARTESIAN_POINT('',(0.065219940018753,-0.0129956919723597,0.0139957088878746));
#8003=CARTESIAN_POINT('',(0.065219940018753,-0.0129956919723597,0.0139957088878746));
#8004=CARTESIAN_POINT('',(0.0650486642534583,-0.0125956919723597,0.0143957088878746));
#8005=CARTESIAN_POINT('',(0.065110989967923,-0.0127279047783805,0.0142634960818538));
#8006=CARTESIAN_POINT('',(0.065167270972404,-0.0128614117248118,0.0141299891354225));
#8007=CARTESIAN_POINT('',(0.065219940018753,-0.0129956919723597,0.0139957088878746));
#8008=CARTESIAN_POINT('',(0.0642001361160344,-0.0118956919723597,0.0139957088878746));
#8009=CARTESIAN_POINT('',(0.0642001361160344,-0.0118956919723597,0.0139957088878746));
#8010=CARTESIAN_POINT('',(0.0644001361160344,-0.0108140265897205,0.0143957088878746));
#8011=CARTESIAN_POINT('',(0.0645297525119731,-0.0107061792293287,0.0142660924919359));
#8012=CARTESIAN_POINT('',(0.0646637250062261,-0.0106102212976343,0.0141321199976829));
#8013=CARTESIAN_POINT('',(0.0648001361160344,-0.0105209192638729,0.0139957088878746));
#8014=CARTESIAN_POINT('',(0.0644001361160344,-0.0108140265897205,0.0143957088878746));
#8015=CARTESIAN_POINT('',(0.0642001361160344,-0.0118956919723597,0.0143957088878746));
#8016=CARTESIAN_POINT('',(-0.00749986388396561,-0.0129956919723597,-0.0416042911121254));
#8017=CARTESIAN_POINT('',(0.065219940018753,-0.0129956919723597,-0.0476042911121254));
#8018=CARTESIAN_POINT('',(0.0610001361160344,-0.0129956919723597,-0.0476042911121254));
#8019=CARTESIAN_POINT('',(0.0642001361160344,-0.0118956919723597,0.00279570888787463));
#8020=CARTESIAN_POINT('',(0.0642001361160344,-0.0118956919723597,0.00239570888787462));
#8021=CARTESIAN_POINT('',(0.0644001361160344,-0.0108140265897205,0.00239570888787462));
#8022=CARTESIAN_POINT('',(0.0648001361160344,-0.0105209192638729,0.00279570888787463));
#8023=CARTESIAN_POINT('',(0.0646637250062261,-0.0106102212976343,0.00265929777806635));
#8024=CARTESIAN_POINT('',(0.0645297525119731,-0.0107061792293287,0.00252532528381336));
#8025=CARTESIAN_POINT('',(0.0644001361160344,-0.0108140265897205,0.00239570888787462));
#8026=CARTESIAN_POINT('',(0.0642001361160344,-0.0118956919723597,0.00279570888787463));
#8027=CARTESIAN_POINT('',(0.0552621361160344,-0.0343956919723597,0.00239570888787462));
#8028=CARTESIAN_POINT('',(0.076613978828509,-0.0280438492598851,0.00239570888787462));
#8029=CARTESIAN_POINT('',(0.0644001361160344,-0.00939569197235969,0.00239570888787462));
#8030=CARTESIAN_POINT('',(0.0610001361160344,-0.0129956919723597,0.00279570888787463));
#8031=CARTESIAN_POINT('',(0.0610001361160344,-0.0129956919723597,0.00279570888787463));
#8032=CARTESIAN_POINT('',(0.0610001361160344,-0.0129956919723597,-0.0416042911121254));
#8033=CARTESIAN_POINT('',(0.0610001361160344,-0.0129956919723597,0.0139957088878746));
#8034=CARTESIAN_POINT('',(0.0610001361160344,-0.0129956919723597,0.0139957088878746));
#8035=CARTESIAN_POINT('',(0.059282978828509,-0.0107128492598851,0.0143957088878746));
#8036=CARTESIAN_POINT('',(0.0500001361160344,-0.0143956919723597,0.0143957088878746));
#8037=CARTESIAN_POINT('',(0.0644001361160344,-0.0143956919723597,0.0143957088878746));
#8038=CARTESIAN_POINT('',(0.0648001361160344,-0.00939569197235969,0.0139957088878746));
#8039=CARTESIAN_POINT('',(0.0642001361160344,-0.0118956919723597,-0.0476042911121254));
#8040=CARTESIAN_POINT('',(0.0644001361160344,-0.0343956919723597,0.00239570888787462));
#8041=MECHANICAL_DESIGN_GEOMETRIC_PRESENTATION_REPRESENTATION('',(#4154),
#8042);
#8042=(
GEOMETRIC_REPRESENTATION_CONTEXT(3)
GLOBAL_UNCERTAINTY_ASSIGNED_CONTEXT((#8043))
GLOBAL_UNIT_ASSIGNED_CONTEXT((#8046,#8045,#8044))
REPRESENTATION_CONTEXT('Rear_Cover','TOP_LEVEL_ASSEMBLY_PART')
);
#8043=UNCERTAINTY_MEASURE_WITH_UNIT(LENGTH_MEASURE(2.E-5),#8046,
'DISTANCE_ACCURACY_VALUE','Maximum Tolerance applied to model');
#8044=(
NAMED_UNIT(*)
SI_UNIT($,.STERADIAN.)
SOLID_ANGLE_UNIT()
);
#8045=(
NAMED_UNIT(*)
PLANE_ANGLE_UNIT()
SI_UNIT($,.RADIAN.)
);
#8046=(
LENGTH_UNIT()
NAMED_UNIT(*)
SI_UNIT($,.METRE.)
);
#8047=PRODUCT_DEFINITION_SHAPE('','',#8048);
#8048=PRODUCT_DEFINITION('','',#8050,#8049);
#8049=PRODUCT_DEFINITION_CONTEXT('',#8056,'design');
#8050=PRODUCT_DEFINITION_FORMATION_WITH_SPECIFIED_SOURCE('','',#8052,
 .NOT_KNOWN.);
#8051=PRODUCT_RELATED_PRODUCT_CATEGORY('','',(#8052));
#8052=PRODUCT('Rear_Cover','Rear_Cover','Rear_Cover',(#8054));
#8053=PRODUCT_CATEGORY('','');
#8054=PRODUCT_CONTEXT('',#8056,'mechanical');
#8055=APPLICATION_PROTOCOL_DEFINITION('international standard',
'ap242_managed_model_based_3d_engineering',2020,#8056);
#8056=APPLICATION_CONTEXT('managed model based 3d engineering');
ENDSEC;
END-ISO-10303-21;
