ISO-10303-21;
HEADER;
/* Generated by software containing ST-Developer
 * from STEP Tools, Inc. (www.steptools.com) 
 */
/* OPTION: using custom renumber hook */

FILE_DESCRIPTION(
/* description */ ('STEP AP242 Edition 2',
'CAx-IF Rec.Pracs.---Representation and Presentation of Product Manufa
cturing Information (PMI)---4.0---2014-10-13',
'CAx-IF Rec.Pracs.---3D Tessellated Geometry---0.4---2014-09-14','2;1',
'CAx-IF Rec.Pracs.---User Defined Attributes---1.5---2016-08-15'),
/* implementation_level */ '2;1');

FILE_NAME(
/* name */ 'Pneuma_101 - Extrusion_Mount_B',
/* time_stamp */ '2026-04-29T18:04:10Z',
/* author */ (''),
/* organization */ (''),
/* preprocessor_version */ 'ST-DEVELOPER v20',
/* originating_system */ 'ONSHAPE BY PTC INC, 1.214',
/* authorisation */ '  ');

FILE_SCHEMA (('AP242_MANAGED_MODEL_BASED_3D_ENGINEERING_MIM_LF { 1 0 10303 442 3 1 4 }'));
ENDSEC;

DATA;
#10=SHAPE_REPRESENTATION_RELATIONSHIP('','',#1567,#11);
#11=ADVANCED_BREP_SHAPE_REPRESENTATION('',(#1565),#2899);
#12=CYLINDRICAL_SURFACE('',#1616,0.00175);
#13=CYLINDRICAL_SURFACE('',#1628,0.003);
#14=CYLINDRICAL_SURFACE('',#1641,0.002625);
#15=B_SPLINE_SURFACE_WITH_KNOTS('',1,3,((#2144,#2145,#2146,#2147,#2148,
#2149,#2150,#2151,#2152,#2153),(#2154,#2155,#2156,#2157,#2158,#2159,#2160,
#2161,#2162,#2163),(#2164,#2165,#2166,#2167,#2168,#2169,#2170,#2171,#2172,
#2173)),.RULED_SURF.,.F.,.F.,.F.,(2,1,2),(4,2,2,2,4),(-0.0165599459803487,
0.,1.),(0.,0.0019239144374326,0.00384782887486521,0.00577174331229781,0.00769565774973041),
 .UNSPECIFIED.);
#16=B_SPLINE_SURFACE_WITH_KNOTS('',1,3,((#2197,#2198,#2199,#2200,#2201,
#2202),(#2203,#2204,#2205,#2206,#2207,#2208),(#2209,#2210,#2211,#2212,#2213,
#2214)),.RULED_SURF.,.F.,.F.,.F.,(2,1,2),(4,2,4),(-0.0207527571609732,0.,
1.),(0.,0.00385516639797778,0.00771033279595556),.UNSPECIFIED.);
#17=B_SPLINE_SURFACE_WITH_KNOTS('',1,3,((#2279,#2280,#2281,#2282,#2283,
#2284,#2285,#2286,#2287,#2288),(#2289,#2290,#2291,#2292,#2293,#2294,#2295,
#2296,#2297,#2298),(#2299,#2300,#2301,#2302,#2303,#2304,#2305,#2306,#2307,
#2308)),.RULED_SURF.,.F.,.F.,.F.,(2,1,2),(4,2,2,2,4),(-0.0165599459806177,
0.,1.),(0.,0.0019239144374326,0.00384782887486521,0.00577174331229781,0.00769565774973042),
 .UNSPECIFIED.);
#18=B_SPLINE_SURFACE_WITH_KNOTS('',1,3,((#2332,#2333,#2334,#2335,#2336,
#2337),(#2338,#2339,#2340,#2341,#2342,#2343),(#2344,#2345,#2346,#2347,#2348,
#2349)),.RULED_SURF.,.F.,.F.,.F.,(2,1,2),(4,2,4),(0.,1.,1.02014322969999),
(0.,0.00385516639797759,0.00771033279595518),.UNSPECIFIED.);
#19=B_SPLINE_SURFACE_WITH_KNOTS('',3,1,((#2435,#2436),(#2437,#2438),(#2439,
#2440),(#2441,#2442)),.SURF_OF_LINEAR_EXTRUSION.,.F.,.F.,.F.,(4,4),(2,2),
(3.2443327531732E-13,0.999999999999676),(0.,1.),
 .PIECEWISE_BEZIER_KNOTS.);
#20=B_SPLINE_SURFACE_WITH_KNOTS('',3,1,((#2499,#2500),(#2501,#2502),(#2503,
#2504),(#2505,#2506)),.SURF_OF_LINEAR_EXTRUSION.,.F.,.F.,.F.,(4,4),(2,2),
(0.00600063923284398,1.01199999616466),(0.,1.),.PIECEWISE_BEZIER_KNOTS.);
#21=B_SPLINE_SURFACE_WITH_KNOTS('',3,1,((#2526,#2527),(#2528,#2529),(#2530,
#2531),(#2532,#2533),(#2534,#2535)),.SURF_OF_LINEAR_EXTRUSION.,.F.,.F.,
 .F.,(4,1,4),(2,2),(-0.00596552076169453,0.50003353378275,1.00603258832719),
(0.,1.),.UNSPECIFIED.);
#22=B_SPLINE_SURFACE_WITH_KNOTS('',3,1,((#2543,#2544),(#2545,#2546),(#2547,
#2548),(#2549,#2550),(#2551,#2552)),.SURF_OF_LINEAR_EXTRUSION.,.F.,.F.,
 .F.,(4,1,4),(2,2),(-0.00603590471811391,0.499964815406941,1.005965535532),
(0.,1.),.UNSPECIFIED.);
#23=B_SPLINE_SURFACE_WITH_KNOTS('',3,1,((#2568,#2569),(#2570,#2571),(#2572,
#2573),(#2574,#2575),(#2576,#2577)),.SURF_OF_LINEAR_EXTRUSION.,.F.,.F.,
 .F.,(4,1,4),(2,2),(5.50779772640758E-8,0.502991197893695,1.00598234070941),
(0.,1.),.UNSPECIFIED.);
#24=B_SPLINE_SURFACE_WITH_KNOTS('',3,1,((#2642,#2643),(#2644,#2645),(#2646,
#2647),(#2648,#2649)),.SURF_OF_LINEAR_EXTRUSION.,.F.,.F.,.F.,(4,4),(2,2),
(2.51713213521038E-14,0.999999999999678),(0.,1.),
 .PIECEWISE_BEZIER_KNOTS.);
#25=B_SPLINE_SURFACE_WITH_KNOTS('',3,3,((#2661,#2662,#2663,#2664,#2665,
#2666,#2667,#2668,#2669),(#2670,#2671,#2672,#2673,#2674,#2675,#2676,#2677,
#2678),(#2679,#2680,#2681,#2682,#2683,#2684,#2685,#2686,#2687),(#2688,#2689,
#2690,#2691,#2692,#2693,#2694,#2695,#2696)),.UNSPECIFIED.,.F.,.F.,.F.,(4,
4),(4,1,1,1,1,1,4),(-0.72184084268229,1.72903162701392),(-2.91724175428281E-15,
0.00186025731349826,0.00279038597024886,0.00372051462699945,0.00465064328375004,
0.00558077194050063,0.00744102925400181),.UNSPECIFIED.);
#26=B_SPLINE_SURFACE_WITH_KNOTS('',3,3,((#2698,#2699,#2700,#2701,#2702,
#2703,#2704,#2705,#2706),(#2707,#2708,#2709,#2710,#2711,#2712,#2713,#2714,
#2715),(#2716,#2717,#2718,#2719,#2720,#2721,#2722,#2723,#2724),(#2725,#2726,
#2727,#2728,#2729,#2730,#2731,#2732,#2733)),.UNSPECIFIED.,.F.,.F.,.F.,(4,
4),(4,1,1,1,1,1,4),(-0.721840625222796,1.72903162571222),(0.,0.00186025731350045,
0.00279038597025067,0.0037205146270009,0.00465064328375113,0.00558077194050135,
0.0074410292540018),.UNSPECIFIED.);
#27=B_SPLINE_SURFACE_WITH_KNOTS('',3,3,((#2735,#2736,#2737,#2738,#2739,
#2740,#2741,#2742,#2743),(#2744,#2745,#2746,#2747,#2748,#2749,#2750,#2751,
#2752),(#2753,#2754,#2755,#2756,#2757,#2758,#2759,#2760,#2761),(#2762,#2763,
#2764,#2765,#2766,#2767,#2768,#2769,#2770)),.UNSPECIFIED.,.F.,.F.,.F.,(4,
4),(4,1,1,1,1,1,4),(-0.721840625115878,1.72903162576561),(0.,0.00186025731350045,
0.00279038597025067,0.0037205146270009,0.00465064328375113,0.00558077194050135,
0.0074410292540018),.UNSPECIFIED.);
#28=B_SPLINE_SURFACE_WITH_KNOTS('',3,3,((#2772,#2773,#2774,#2775,#2776,
#2777,#2778,#2779,#2780),(#2781,#2782,#2783,#2784,#2785,#2786,#2787,#2788,
#2789),(#2790,#2791,#2792,#2793,#2794,#2795,#2796,#2797,#2798),(#2799,#2800,
#2801,#2802,#2803,#2804,#2805,#2806,#2807)),.UNSPECIFIED.,.F.,.F.,.F.,(4,
4),(4,1,1,1,1,1,4),(-0.721840842604189,1.72903162705453),(0.,0.00186025731350045,
0.00279038597025067,0.0037205146270009,0.00465064328375112,0.00558077194050134,
0.00744102925400179),.UNSPECIFIED.);
#29=B_SPLINE_SURFACE_WITH_KNOTS('',1,3,((#2836,#2837,#2838,#2839,#2840,
#2841,#2842,#2843,#2844,#2845),(#2846,#2847,#2848,#2849,#2850,#2851,#2852,
#2853,#2854,#2855)),.RULED_SURF.,.F.,.F.,.F.,(2,2),(4,2,2,2,4),(0.,1.),
(0.000384550824887094,0.00195590028963442,0.00391180057926885,0.00586770086890327,
0.00782244530819646),.UNSPECIFIED.);
#30=B_SPLINE_SURFACE_WITH_KNOTS('',1,3,((#2864,#2865,#2866,#2867,#2868,
#2869,#2870,#2871,#2872,#2873),(#2874,#2875,#2876,#2877,#2878,#2879,#2880,
#2881,#2882,#2883)),.RULED_SURF.,.F.,.F.,.F.,(2,2),(4,2,2,2,4),(0.,1.),
(0.,0.00194784449091725,0.0038956889818345,0.00584353347275175,0.00743072750708325),
 .UNSPECIFIED.);
#31=CONICAL_SURFACE('',#1572,0.002625,0.785398163397479);
#32=CONICAL_SURFACE('',#1579,0.002625,0.78539816339746);
#33=CONICAL_SURFACE('',#1603,0.002825,0.785398163397471);
#34=CONICAL_SURFACE('',#1635,0.00215,0.785398163397448);
#35=CONICAL_SURFACE('',#1654,0.003,0.785398163397452);
#36=CIRCLE('',#1570,0.0034);
#37=CIRCLE('',#1573,0.002825);
#38=CIRCLE('',#1574,0.0197954740861064);
#39=CIRCLE('',#1575,0.002625);
#40=CIRCLE('',#1580,0.0197954740864301);
#41=CIRCLE('',#1581,0.002825);
#42=CIRCLE('',#1582,0.002625);
#43=CIRCLE('',#1604,0.002825);
#44=CIRCLE('',#1605,0.002625);
#45=CIRCLE('',#1617,0.00175);
#46=CIRCLE('',#1618,0.00175);
#47=CIRCLE('',#1623,0.00215);
#48=CIRCLE('',#1629,0.003);
#49=CIRCLE('',#1630,0.003);
#50=B_SPLINE_CURVE_WITH_KNOTS('',3,(#2012,#2013,#2014,#2015),
 .UNSPECIFIED.,.F.,.F.,(4,4),(0.,1.),.UNSPECIFIED.);
#51=B_SPLINE_CURVE_WITH_KNOTS('',3,(#2017,#2018,#2019,#2020),
 .UNSPECIFIED.,.F.,.F.,(4,4),(0.,1.),.UNSPECIFIED.);
#52=B_SPLINE_CURVE_WITH_KNOTS('',3,(#2037,#2038,#2039,#2040),
 .UNSPECIFIED.,.F.,.F.,(4,4),(0.,0.00106301458127329),.UNSPECIFIED.);
#53=B_SPLINE_CURVE_WITH_KNOTS('',3,(#2177,#2178,#2179,#2180,#2181,#2182,
#2183),.UNSPECIFIED.,.F.,.F.,(4,1,1,1,4),(0.,0.00195642870466359,0.00391285740932718,
0.00586928611399077,0.00782571481865436),.UNSPECIFIED.);
#54=B_SPLINE_CURVE_WITH_KNOTS('',3,(#2184,#2185,#2186,#2187,#2188,#2189,
#2190),.UNSPECIFIED.,.F.,.F.,(4,1,1,1,4),(3.25579083621192E-15,0.00203528842722111,
0.00407057685443897,0.00610586528165682,0.00814115370887467),
 .UNSPECIFIED.);
#55=B_SPLINE_CURVE_WITH_KNOTS('',3,(#2218,#2219,#2220,#2221,#2222),
 .UNSPECIFIED.,.F.,.F.,(4,1,4),(0.,0.00386293553361102,0.00772587106722204),
 .UNSPECIFIED.);
#56=B_SPLINE_CURVE_WITH_KNOTS('',3,(#2223,#2224,#2225,#2226,#2227),
 .UNSPECIFIED.,.F.,.F.,(4,1,4),(5.00563168605901E-16,0.00394152147472708,
0.00788304294945367),.UNSPECIFIED.);
#57=B_SPLINE_CURVE_WITH_KNOTS('',3,(#2312,#2313,#2314,#2315,#2316,#2317,
#2318),.UNSPECIFIED.,.F.,.F.,(4,1,1,1,4),(3.29761761708304E-15,0.0020352884272211,
0.00407057685443891,0.00610586528165672,0.00814115370887453),
 .UNSPECIFIED.);
#58=B_SPLINE_CURVE_WITH_KNOTS('',3,(#2319,#2320,#2321,#2322,#2323,#2324,
#2325),.UNSPECIFIED.,.F.,.F.,(4,1,1,1,4),(0.,0.00195637371497046,0.00391274742994093,
0.00586912114491139,0.00782549485988185),.UNSPECIFIED.);
#59=B_SPLINE_CURVE_WITH_KNOTS('',3,(#2353,#2354,#2355,#2356,#2357),
 .UNSPECIFIED.,.F.,.F.,(4,1,4),(6.03843263373132E-16,0.0039415228659114,
0.0078830457318222),.UNSPECIFIED.);
#60=B_SPLINE_CURVE_WITH_KNOTS('',3,(#2358,#2359,#2360,#2361,#2362),
 .UNSPECIFIED.,.F.,.F.,(4,1,4),(0.,0.00386292806155193,0.00772585612310385),
 .UNSPECIFIED.);
#61=B_SPLINE_CURVE_WITH_KNOTS('',3,(#2457,#2458,#2459,#2460),
 .UNSPECIFIED.,.F.,.F.,(4,4),(0.4999278,0.499937434318773),
 .UNSPECIFIED.);
#62=B_SPLINE_CURVE_WITH_KNOTS('',3,(#2464,#2465,#2466,#2467),
 .UNSPECIFIED.,.F.,.F.,(4,4),(0.,1.),.UNSPECIFIED.);
#63=B_SPLINE_CURVE_WITH_KNOTS('',3,(#2481,#2482,#2483,#2484,#2485,#2486,
#2487),.UNSPECIFIED.,.F.,.F.,(4,1,1,1,4),(3.72901794429283E-14,0.00200100413357795,
0.00400200826711862,0.00600301240065928,0.00800401653419994),
 .UNSPECIFIED.);
#64=B_SPLINE_CURVE_WITH_KNOTS('',3,(#2489,#2490,#2491,#2492,#2493,#2494,
#2495),.UNSPECIFIED.,.F.,.F.,(4,1,1,1,4),(0.,0.00157168037597396,0.00314336075194791,
0.00471504112792187,0.00628672150389583),.UNSPECIFIED.);
#65=B_SPLINE_CURVE_WITH_KNOTS('',3,(#2510,#2511,#2512,#2513),
 .UNSPECIFIED.,.F.,.F.,(4,4),(0.,1.),.UNSPECIFIED.);
#66=B_SPLINE_CURVE_WITH_KNOTS('',3,(#2514,#2515,#2516,#2517),
 .UNSPECIFIED.,.F.,.F.,(4,4),(0.,1.),.UNSPECIFIED.);
#67=B_SPLINE_CURVE_WITH_KNOTS('',3,(#2519,#2520,#2521,#2522,#2523,#2524,
#2525),.UNSPECIFIED.,.F.,.F.,(4,1,1,1,4),(1.65302019106762E-10,0.00201717454278048,
0.00403434892025894,0.00605152329773741,0.00806869767521587),
 .UNSPECIFIED.);
#68=B_SPLINE_CURVE_WITH_KNOTS('',3,(#2536,#2537,#2538,#2539,#2540,#2541,
#2542),.UNSPECIFIED.,.F.,.F.,(4,1,1,1,4),(3.73360990200615E-14,0.0020168617421737,
0.00403372348431007,0.00605058522644643,0.0080674469685828),
 .UNSPECIFIED.);
#69=B_SPLINE_CURVE_WITH_KNOTS('',3,(#2553,#2554,#2555,#2556,#2557),
 .UNSPECIFIED.,.F.,.F.,(4,1,4),(0.,0.5,1.),.UNSPECIFIED.);
#70=B_SPLINE_CURVE_WITH_KNOTS('',3,(#2561,#2562,#2563,#2564,#2565,#2566,
#2567),.UNSPECIFIED.,.F.,.F.,(4,1,1,1,4),(0.,0.00201686987573852,0.00403373975147705,
0.00605060962721557,0.00806747950295409),.UNSPECIFIED.);
#71=B_SPLINE_CURVE_WITH_KNOTS('',3,(#2578,#2579,#2580,#2581,#2582),
 .UNSPECIFIED.,.F.,.F.,(4,1,4),(0.,0.5,1.),.UNSPECIFIED.);
#72=B_SPLINE_CURVE_WITH_KNOTS('',3,(#2586,#2587,#2588,#2589,#2590,#2591,
#2592),.UNSPECIFIED.,.F.,.F.,(4,1,1,1,4),(0.,0.00201700492775449,0.00403400985550898,
0.00605101478326346,0.00806801971101795),.UNSPECIFIED.);
#73=B_SPLINE_CURVE_WITH_KNOTS('',3,(#2596,#2597,#2598,#2599,#2600,#2601,
#2602),.UNSPECIFIED.,.F.,.F.,(4,1,1,1,4),(5.7219584981528E-17,0.00164050828113906,
0.00328101656227805,0.00492152484341705,0.00656203312455605),
 .UNSPECIFIED.);
#74=B_SPLINE_CURVE_WITH_KNOTS('',3,(#2605,#2606,#2607,#2608,#2609,#2610,
#2611),.UNSPECIFIED.,.F.,.F.,(4,1,1,1,4),(0.,0.00164050940835701,0.00328101881671402,
0.00492152822507103,0.00656203763342804),.UNSPECIFIED.);
#75=B_SPLINE_CURVE_WITH_KNOTS('',3,(#2615,#2616,#2617,#2618,#2619,#2620,
#2621),.UNSPECIFIED.,.F.,.F.,(4,1,1,1,4),(0.,0.00164050828109121,0.00328101656218242,
0.00492152484327363,0.00656203312436484),.UNSPECIFIED.);
#76=B_SPLINE_CURVE_WITH_KNOTS('',3,(#2623,#2624,#2625,#2626,#2627,#2628,
#2629),.UNSPECIFIED.,.F.,.F.,(4,1,1,1,4),(0.,0.0016405094083466,0.0032810188166932,
0.00492152822503981,0.00656203763338641),.UNSPECIFIED.);
#77=B_SPLINE_CURVE_WITH_KNOTS('',3,(#2856,#2857,#2858,#2859),
 .UNSPECIFIED.,.F.,.F.,(4,4),(0.,1.),.UNSPECIFIED.);
#78=B_SPLINE_CURVE_WITH_KNOTS('',3,(#2860,#2861,#2862,#2863),
 .UNSPECIFIED.,.F.,.F.,(4,4),(0.,1.),.UNSPECIFIED.);
#79=B_SPLINE_CURVE_WITH_KNOTS('',3,(#2884,#2885,#2886,#2887),
 .UNSPECIFIED.,.F.,.F.,(4,4),(0.,1.),.UNSPECIFIED.);
#80=ORIENTED_EDGE('',*,*,#512,.T.);
#81=ORIENTED_EDGE('',*,*,#513,.T.);
#82=ORIENTED_EDGE('',*,*,#514,.T.);
#83=ORIENTED_EDGE('',*,*,#515,.T.);
#84=ORIENTED_EDGE('',*,*,#516,.T.);
#85=ORIENTED_EDGE('',*,*,#517,.T.);
#86=ORIENTED_EDGE('',*,*,#518,.T.);
#87=ORIENTED_EDGE('',*,*,#519,.T.);
#88=ORIENTED_EDGE('',*,*,#520,.T.);
#89=ORIENTED_EDGE('',*,*,#521,.T.);
#90=ORIENTED_EDGE('',*,*,#522,.F.);
#91=ORIENTED_EDGE('',*,*,#523,.T.);
#92=ORIENTED_EDGE('',*,*,#524,.F.);
#93=ORIENTED_EDGE('',*,*,#525,.F.);
#94=ORIENTED_EDGE('',*,*,#526,.F.);
#95=ORIENTED_EDGE('',*,*,#527,.F.);
#96=ORIENTED_EDGE('',*,*,#528,.T.);
#97=ORIENTED_EDGE('',*,*,#529,.T.);
#98=ORIENTED_EDGE('',*,*,#530,.F.);
#99=ORIENTED_EDGE('',*,*,#531,.F.);
#100=ORIENTED_EDGE('',*,*,#532,.F.);
#101=ORIENTED_EDGE('',*,*,#533,.T.);
#102=ORIENTED_EDGE('',*,*,#534,.F.);
#103=ORIENTED_EDGE('',*,*,#535,.T.);
#104=ORIENTED_EDGE('',*,*,#536,.F.);
#105=ORIENTED_EDGE('',*,*,#537,.F.);
#106=ORIENTED_EDGE('',*,*,#538,.F.);
#107=ORIENTED_EDGE('',*,*,#533,.F.);
#108=ORIENTED_EDGE('',*,*,#539,.F.);
#109=ORIENTED_EDGE('',*,*,#540,.F.);
#110=ORIENTED_EDGE('',*,*,#541,.F.);
#111=ORIENTED_EDGE('',*,*,#542,.T.);
#112=ORIENTED_EDGE('',*,*,#543,.T.);
#113=ORIENTED_EDGE('',*,*,#544,.F.);
#114=ORIENTED_EDGE('',*,*,#545,.F.);
#115=ORIENTED_EDGE('',*,*,#542,.F.);
#116=ORIENTED_EDGE('',*,*,#546,.F.);
#117=ORIENTED_EDGE('',*,*,#547,.F.);
#118=ORIENTED_EDGE('',*,*,#548,.F.);
#119=ORIENTED_EDGE('',*,*,#549,.T.);
#120=ORIENTED_EDGE('',*,*,#550,.F.);
#121=ORIENTED_EDGE('',*,*,#551,.T.);
#122=ORIENTED_EDGE('',*,*,#552,.F.);
#123=ORIENTED_EDGE('',*,*,#549,.F.);
#124=ORIENTED_EDGE('',*,*,#553,.F.);
#125=ORIENTED_EDGE('',*,*,#554,.F.);
#126=ORIENTED_EDGE('',*,*,#555,.F.);
#127=ORIENTED_EDGE('',*,*,#547,.T.);
#128=ORIENTED_EDGE('',*,*,#556,.F.);
#129=ORIENTED_EDGE('',*,*,#557,.T.);
#130=ORIENTED_EDGE('',*,*,#558,.F.);
#131=ORIENTED_EDGE('',*,*,#551,.F.);
#132=ORIENTED_EDGE('',*,*,#559,.F.);
#133=ORIENTED_EDGE('',*,*,#560,.F.);
#134=ORIENTED_EDGE('',*,*,#561,.F.);
#135=ORIENTED_EDGE('',*,*,#554,.T.);
#136=ORIENTED_EDGE('',*,*,#562,.F.);
#137=ORIENTED_EDGE('',*,*,#563,.T.);
#138=ORIENTED_EDGE('',*,*,#564,.F.);
#139=ORIENTED_EDGE('',*,*,#557,.F.);
#140=ORIENTED_EDGE('',*,*,#565,.T.);
#141=ORIENTED_EDGE('',*,*,#566,.T.);
#142=ORIENTED_EDGE('',*,*,#567,.F.);
#143=ORIENTED_EDGE('',*,*,#560,.T.);
#144=ORIENTED_EDGE('',*,*,#568,.F.);
#145=ORIENTED_EDGE('',*,*,#563,.F.);
#146=ORIENTED_EDGE('',*,*,#569,.F.);
#147=ORIENTED_EDGE('',*,*,#566,.F.);
#148=ORIENTED_EDGE('',*,*,#570,.F.);
#149=ORIENTED_EDGE('',*,*,#571,.F.);
#150=ORIENTED_EDGE('',*,*,#572,.F.);
#151=ORIENTED_EDGE('',*,*,#573,.T.);
#152=ORIENTED_EDGE('',*,*,#574,.F.);
#153=ORIENTED_EDGE('',*,*,#575,.F.);
#154=ORIENTED_EDGE('',*,*,#576,.F.);
#155=ORIENTED_EDGE('',*,*,#573,.F.);
#156=ORIENTED_EDGE('',*,*,#577,.F.);
#157=ORIENTED_EDGE('',*,*,#578,.T.);
#158=ORIENTED_EDGE('',*,*,#579,.F.);
#159=ORIENTED_EDGE('',*,*,#575,.T.);
#160=ORIENTED_EDGE('',*,*,#580,.F.);
#161=ORIENTED_EDGE('',*,*,#581,.F.);
#162=ORIENTED_EDGE('',*,*,#582,.F.);
#163=ORIENTED_EDGE('',*,*,#578,.F.);
#164=ORIENTED_EDGE('',*,*,#583,.F.);
#165=ORIENTED_EDGE('',*,*,#584,.F.);
#166=ORIENTED_EDGE('',*,*,#585,.F.);
#167=ORIENTED_EDGE('',*,*,#581,.T.);
#168=ORIENTED_EDGE('',*,*,#586,.F.);
#169=ORIENTED_EDGE('',*,*,#587,.T.);
#170=ORIENTED_EDGE('',*,*,#588,.F.);
#171=ORIENTED_EDGE('',*,*,#589,.T.);
#172=ORIENTED_EDGE('',*,*,#590,.F.);
#173=ORIENTED_EDGE('',*,*,#591,.F.);
#174=ORIENTED_EDGE('',*,*,#592,.T.);
#175=ORIENTED_EDGE('',*,*,#593,.T.);
#176=ORIENTED_EDGE('',*,*,#594,.F.);
#177=ORIENTED_EDGE('',*,*,#595,.F.);
#178=ORIENTED_EDGE('',*,*,#596,.F.);
#179=ORIENTED_EDGE('',*,*,#597,.T.);
#180=ORIENTED_EDGE('',*,*,#598,.F.);
#181=ORIENTED_EDGE('',*,*,#599,.F.);
#182=ORIENTED_EDGE('',*,*,#600,.F.);
#183=ORIENTED_EDGE('',*,*,#601,.F.);
#184=ORIENTED_EDGE('',*,*,#602,.F.);
#185=ORIENTED_EDGE('',*,*,#603,.T.);
#186=ORIENTED_EDGE('',*,*,#604,.F.);
#187=ORIENTED_EDGE('',*,*,#605,.T.);
#188=ORIENTED_EDGE('',*,*,#606,.F.);
#189=ORIENTED_EDGE('',*,*,#603,.F.);
#190=ORIENTED_EDGE('',*,*,#607,.F.);
#191=ORIENTED_EDGE('',*,*,#608,.F.);
#192=ORIENTED_EDGE('',*,*,#609,.F.);
#193=ORIENTED_EDGE('',*,*,#605,.F.);
#194=ORIENTED_EDGE('',*,*,#610,.F.);
#195=ORIENTED_EDGE('',*,*,#611,.T.);
#196=ORIENTED_EDGE('',*,*,#612,.F.);
#197=ORIENTED_EDGE('',*,*,#608,.T.);
#198=ORIENTED_EDGE('',*,*,#613,.F.);
#199=ORIENTED_EDGE('',*,*,#614,.F.);
#200=ORIENTED_EDGE('',*,*,#615,.F.);
#201=ORIENTED_EDGE('',*,*,#611,.F.);
#202=ORIENTED_EDGE('',*,*,#616,.F.);
#203=ORIENTED_EDGE('',*,*,#617,.F.);
#204=ORIENTED_EDGE('',*,*,#618,.F.);
#205=ORIENTED_EDGE('',*,*,#614,.T.);
#206=ORIENTED_EDGE('',*,*,#619,.F.);
#207=ORIENTED_EDGE('',*,*,#620,.F.);
#208=ORIENTED_EDGE('',*,*,#621,.F.);
#209=ORIENTED_EDGE('',*,*,#617,.T.);
#210=ORIENTED_EDGE('',*,*,#622,.F.);
#211=ORIENTED_EDGE('',*,*,#623,.F.);
#212=ORIENTED_EDGE('',*,*,#624,.F.);
#213=ORIENTED_EDGE('',*,*,#625,.T.);
#214=ORIENTED_EDGE('',*,*,#626,.F.);
#215=ORIENTED_EDGE('',*,*,#627,.T.);
#216=ORIENTED_EDGE('',*,*,#628,.T.);
#217=ORIENTED_EDGE('',*,*,#629,.T.);
#218=ORIENTED_EDGE('',*,*,#630,.T.);
#219=ORIENTED_EDGE('',*,*,#523,.F.);
#220=ORIENTED_EDGE('',*,*,#631,.T.);
#221=ORIENTED_EDGE('',*,*,#604,.T.);
#222=ORIENTED_EDGE('',*,*,#632,.T.);
#223=ORIENTED_EDGE('',*,*,#589,.F.);
#224=ORIENTED_EDGE('',*,*,#522,.T.);
#225=ORIENTED_EDGE('',*,*,#633,.T.);
#226=ORIENTED_EDGE('',*,*,#634,.F.);
#227=ORIENTED_EDGE('',*,*,#628,.F.);
#228=ORIENTED_EDGE('',*,*,#635,.T.);
#229=ORIENTED_EDGE('',*,*,#636,.T.);
#230=ORIENTED_EDGE('',*,*,#601,.T.);
#231=ORIENTED_EDGE('',*,*,#631,.F.);
#232=ORIENTED_EDGE('',*,*,#637,.T.);
#233=ORIENTED_EDGE('',*,*,#565,.F.);
#234=ORIENTED_EDGE('',*,*,#638,.T.);
#235=ORIENTED_EDGE('',*,*,#639,.F.);
#236=ORIENTED_EDGE('',*,*,#640,.T.);
#237=ORIENTED_EDGE('',*,*,#567,.T.);
#238=ORIENTED_EDGE('',*,*,#641,.T.);
#239=ORIENTED_EDGE('',*,*,#642,.T.);
#240=ORIENTED_EDGE('',*,*,#529,.F.);
#241=ORIENTED_EDGE('',*,*,#643,.T.);
#242=ORIENTED_EDGE('',*,*,#531,.T.);
#243=ORIENTED_EDGE('',*,*,#644,.F.);
#244=ORIENTED_EDGE('',*,*,#645,.T.);
#245=ORIENTED_EDGE('',*,*,#646,.F.);
#246=ORIENTED_EDGE('',*,*,#647,.T.);
#247=ORIENTED_EDGE('',*,*,#599,.T.);
#248=ORIENTED_EDGE('',*,*,#537,.T.);
#249=ORIENTED_EDGE('',*,*,#648,.T.);
#250=ORIENTED_EDGE('',*,*,#571,.T.);
#251=ORIENTED_EDGE('',*,*,#649,.T.);
#252=ORIENTED_EDGE('',*,*,#538,.T.);
#253=ORIENTED_EDGE('',*,*,#598,.T.);
#254=ORIENTED_EDGE('',*,*,#650,.T.);
#255=ORIENTED_EDGE('',*,*,#651,.F.);
#256=ORIENTED_EDGE('',*,*,#534,.T.);
#257=ORIENTED_EDGE('',*,*,#652,.F.);
#258=ORIENTED_EDGE('',*,*,#536,.T.);
#259=ORIENTED_EDGE('',*,*,#653,.T.);
#260=ORIENTED_EDGE('',*,*,#654,.T.);
#261=ORIENTED_EDGE('',*,*,#587,.F.);
#262=ORIENTED_EDGE('',*,*,#655,.T.);
#263=ORIENTED_EDGE('',*,*,#609,.T.);
#264=ORIENTED_EDGE('',*,*,#656,.F.);
#265=ORIENTED_EDGE('',*,*,#577,.T.);
#266=ORIENTED_EDGE('',*,*,#641,.F.);
#267=ORIENTED_EDGE('',*,*,#569,.T.);
#268=ORIENTED_EDGE('',*,*,#637,.F.);
#269=ORIENTED_EDGE('',*,*,#657,.F.);
#270=ORIENTED_EDGE('',*,*,#658,.F.);
#271=ORIENTED_EDGE('',*,*,#659,.F.);
#272=ORIENTED_EDGE('',*,*,#660,.T.);
#273=ORIENTED_EDGE('',*,*,#661,.T.);
#274=ORIENTED_EDGE('',*,*,#662,.F.);
#275=ORIENTED_EDGE('',*,*,#663,.F.);
#276=ORIENTED_EDGE('',*,*,#664,.F.);
#277=ORIENTED_EDGE('',*,*,#665,.T.);
#278=ORIENTED_EDGE('',*,*,#626,.T.);
#279=ORIENTED_EDGE('',*,*,#666,.F.);
#280=ORIENTED_EDGE('',*,*,#526,.T.);
#281=ORIENTED_EDGE('',*,*,#667,.F.);
#282=ORIENTED_EDGE('',*,*,#668,.T.);
#283=ORIENTED_EDGE('',*,*,#649,.F.);
#284=ORIENTED_EDGE('',*,*,#574,.T.);
#285=ORIENTED_EDGE('',*,*,#576,.T.);
#286=ORIENTED_EDGE('',*,*,#579,.T.);
#287=ORIENTED_EDGE('',*,*,#582,.T.);
#288=ORIENTED_EDGE('',*,*,#585,.T.);
#289=ORIENTED_EDGE('',*,*,#669,.F.);
#290=ORIENTED_EDGE('',*,*,#670,.F.);
#291=ORIENTED_EDGE('',*,*,#671,.T.);
#292=ORIENTED_EDGE('',*,*,#646,.T.);
#293=ORIENTED_EDGE('',*,*,#635,.F.);
#294=ORIENTED_EDGE('',*,*,#627,.F.);
#295=ORIENTED_EDGE('',*,*,#665,.F.);
#296=ORIENTED_EDGE('',*,*,#672,.F.);
#297=ORIENTED_EDGE('',*,*,#673,.F.);
#298=ORIENTED_EDGE('',*,*,#674,.F.);
#299=ORIENTED_EDGE('',*,*,#623,.T.);
#300=ORIENTED_EDGE('',*,*,#675,.T.);
#301=ORIENTED_EDGE('',*,*,#676,.T.);
#302=ORIENTED_EDGE('',*,*,#677,.T.);
#303=ORIENTED_EDGE('',*,*,#673,.T.);
#304=ORIENTED_EDGE('',*,*,#678,.F.);
#305=ORIENTED_EDGE('',*,*,#679,.F.);
#306=ORIENTED_EDGE('',*,*,#678,.T.);
#307=ORIENTED_EDGE('',*,*,#672,.T.);
#308=ORIENTED_EDGE('',*,*,#664,.T.);
#309=ORIENTED_EDGE('',*,*,#680,.F.);
#310=ORIENTED_EDGE('',*,*,#662,.T.);
#311=ORIENTED_EDGE('',*,*,#681,.T.);
#312=ORIENTED_EDGE('',*,*,#682,.T.);
#313=ORIENTED_EDGE('',*,*,#683,.F.);
#314=ORIENTED_EDGE('',*,*,#682,.F.);
#315=ORIENTED_EDGE('',*,*,#684,.T.);
#316=ORIENTED_EDGE('',*,*,#685,.T.);
#317=ORIENTED_EDGE('',*,*,#686,.F.);
#318=ORIENTED_EDGE('',*,*,#687,.T.);
#319=ORIENTED_EDGE('',*,*,#688,.F.);
#320=ORIENTED_EDGE('',*,*,#689,.F.);
#321=ORIENTED_EDGE('',*,*,#690,.F.);
#322=ORIENTED_EDGE('',*,*,#691,.F.);
#323=ORIENTED_EDGE('',*,*,#692,.F.);
#324=ORIENTED_EDGE('',*,*,#693,.T.);
#325=ORIENTED_EDGE('',*,*,#650,.F.);
#326=ORIENTED_EDGE('',*,*,#597,.F.);
#327=ORIENTED_EDGE('',*,*,#694,.F.);
#328=ORIENTED_EDGE('',*,*,#667,.T.);
#329=ORIENTED_EDGE('',*,*,#525,.T.);
#330=ORIENTED_EDGE('',*,*,#695,.T.);
#331=ORIENTED_EDGE('',*,*,#545,.T.);
#332=ORIENTED_EDGE('',*,*,#696,.T.);
#333=ORIENTED_EDGE('',*,*,#694,.T.);
#334=ORIENTED_EDGE('',*,*,#600,.T.);
#335=ORIENTED_EDGE('',*,*,#647,.F.);
#336=ORIENTED_EDGE('',*,*,#668,.F.);
#337=ORIENTED_EDGE('',*,*,#697,.F.);
#338=ORIENTED_EDGE('',*,*,#618,.T.);
#339=ORIENTED_EDGE('',*,*,#698,.T.);
#340=ORIENTED_EDGE('',*,*,#586,.T.);
#341=ORIENTED_EDGE('',*,*,#656,.T.);
#342=ORIENTED_EDGE('',*,*,#612,.T.);
#343=ORIENTED_EDGE('',*,*,#699,.F.);
#344=ORIENTED_EDGE('',*,*,#580,.T.);
#345=ORIENTED_EDGE('',*,*,#699,.T.);
#346=ORIENTED_EDGE('',*,*,#615,.T.);
#347=ORIENTED_EDGE('',*,*,#697,.T.);
#348=ORIENTED_EDGE('',*,*,#583,.T.);
#349=ORIENTED_EDGE('',*,*,#700,.T.);
#350=ORIENTED_EDGE('',*,*,#701,.T.);
#351=ORIENTED_EDGE('',*,*,#659,.T.);
#352=ORIENTED_EDGE('',*,*,#701,.F.);
#353=ORIENTED_EDGE('',*,*,#677,.F.);
#354=ORIENTED_EDGE('',*,*,#702,.T.);
#355=ORIENTED_EDGE('',*,*,#620,.T.);
#356=ORIENTED_EDGE('',*,*,#674,.T.);
#357=ORIENTED_EDGE('',*,*,#703,.F.);
#358=ORIENTED_EDGE('',*,*,#690,.T.);
#359=ORIENTED_EDGE('',*,*,#704,.F.);
#360=ORIENTED_EDGE('',*,*,#663,.T.);
#361=ORIENTED_EDGE('',*,*,#704,.T.);
#362=ORIENTED_EDGE('',*,*,#689,.T.);
#363=ORIENTED_EDGE('',*,*,#705,.F.);
#364=ORIENTED_EDGE('',*,*,#680,.T.);
#365=ORIENTED_EDGE('',*,*,#703,.T.);
#366=ORIENTED_EDGE('',*,*,#683,.T.);
#367=ORIENTED_EDGE('',*,*,#706,.F.);
#368=ORIENTED_EDGE('',*,*,#691,.T.);
#369=ORIENTED_EDGE('',*,*,#705,.T.);
#370=ORIENTED_EDGE('',*,*,#688,.T.);
#371=ORIENTED_EDGE('',*,*,#707,.T.);
#372=ORIENTED_EDGE('',*,*,#679,.T.);
#373=ORIENTED_EDGE('',*,*,#706,.T.);
#374=ORIENTED_EDGE('',*,*,#686,.T.);
#375=ORIENTED_EDGE('',*,*,#708,.T.);
#376=ORIENTED_EDGE('',*,*,#692,.T.);
#377=ORIENTED_EDGE('',*,*,#707,.F.);
#378=ORIENTED_EDGE('',*,*,#693,.F.);
#379=ORIENTED_EDGE('',*,*,#708,.F.);
#380=ORIENTED_EDGE('',*,*,#709,.F.);
#381=ORIENTED_EDGE('',*,*,#658,.T.);
#382=ORIENTED_EDGE('',*,*,#687,.F.);
#383=ORIENTED_EDGE('',*,*,#710,.T.);
#384=ORIENTED_EDGE('',*,*,#553,.T.);
#385=ORIENTED_EDGE('',*,*,#711,.T.);
#386=ORIENTED_EDGE('',*,*,#596,.T.);
#387=ORIENTED_EDGE('',*,*,#685,.F.);
#388=ORIENTED_EDGE('',*,*,#712,.T.);
#389=ORIENTED_EDGE('',*,*,#591,.T.);
#390=ORIENTED_EDGE('',*,*,#711,.F.);
#391=ORIENTED_EDGE('',*,*,#548,.T.);
#392=ORIENTED_EDGE('',*,*,#713,.F.);
#393=ORIENTED_EDGE('',*,*,#669,.T.);
#394=ORIENTED_EDGE('',*,*,#584,.T.);
#395=ORIENTED_EDGE('',*,*,#698,.F.);
#396=ORIENTED_EDGE('',*,*,#621,.T.);
#397=ORIENTED_EDGE('',*,*,#702,.F.);
#398=ORIENTED_EDGE('',*,*,#676,.F.);
#399=ORIENTED_EDGE('',*,*,#709,.T.);
#400=ORIENTED_EDGE('',*,*,#713,.T.);
#401=ORIENTED_EDGE('',*,*,#555,.T.);
#402=ORIENTED_EDGE('',*,*,#714,.T.);
#403=ORIENTED_EDGE('',*,*,#670,.T.);
#404=ORIENTED_EDGE('',*,*,#640,.F.);
#405=ORIENTED_EDGE('',*,*,#532,.T.);
#406=ORIENTED_EDGE('',*,*,#643,.F.);
#407=ORIENTED_EDGE('',*,*,#671,.F.);
#408=ORIENTED_EDGE('',*,*,#714,.F.);
#409=ORIENTED_EDGE('',*,*,#561,.T.);
#410=ORIENTED_EDGE('',*,*,#715,.T.);
#411=ORIENTED_EDGE('',*,*,#540,.T.);
#412=ORIENTED_EDGE('',*,*,#716,.F.);
#413=ORIENTED_EDGE('',*,*,#527,.T.);
#414=ORIENTED_EDGE('',*,*,#666,.T.);
#415=ORIENTED_EDGE('',*,*,#645,.F.);
#416=ORIENTED_EDGE('',*,*,#528,.F.);
#417=ORIENTED_EDGE('',*,*,#716,.T.);
#418=ORIENTED_EDGE('',*,*,#543,.F.);
#419=ORIENTED_EDGE('',*,*,#695,.F.);
#420=ORIENTED_EDGE('',*,*,#625,.F.);
#421=ORIENTED_EDGE('',*,*,#638,.F.);
#422=ORIENTED_EDGE('',*,*,#559,.T.);
#423=ORIENTED_EDGE('',*,*,#710,.F.);
#424=ORIENTED_EDGE('',*,*,#595,.T.);
#425=ORIENTED_EDGE('',*,*,#717,.T.);
#426=ORIENTED_EDGE('',*,*,#634,.T.);
#427=ORIENTED_EDGE('',*,*,#718,.T.);
#428=ORIENTED_EDGE('',*,*,#660,.F.);
#429=ORIENTED_EDGE('',*,*,#629,.F.);
#430=ORIENTED_EDGE('',*,*,#653,.F.);
#431=ORIENTED_EDGE('',*,*,#535,.F.);
#432=ORIENTED_EDGE('',*,*,#651,.T.);
#433=ORIENTED_EDGE('',*,*,#696,.F.);
#434=ORIENTED_EDGE('',*,*,#544,.T.);
#435=ORIENTED_EDGE('',*,*,#719,.F.);
#436=ORIENTED_EDGE('',*,*,#594,.T.);
#437=ORIENTED_EDGE('',*,*,#720,.T.);
#438=ORIENTED_EDGE('',*,*,#524,.T.);
#439=ORIENTED_EDGE('',*,*,#630,.F.);
#440=ORIENTED_EDGE('',*,*,#588,.T.);
#441=ORIENTED_EDGE('',*,*,#654,.F.);
#442=ORIENTED_EDGE('',*,*,#719,.T.);
#443=ORIENTED_EDGE('',*,*,#546,.T.);
#444=ORIENTED_EDGE('',*,*,#541,.T.);
#445=ORIENTED_EDGE('',*,*,#715,.F.);
#446=ORIENTED_EDGE('',*,*,#644,.T.);
#447=ORIENTED_EDGE('',*,*,#530,.T.);
#448=ORIENTED_EDGE('',*,*,#642,.F.);
#449=ORIENTED_EDGE('',*,*,#657,.T.);
#450=ORIENTED_EDGE('',*,*,#639,.T.);
#451=ORIENTED_EDGE('',*,*,#717,.F.);
#452=ORIENTED_EDGE('',*,*,#632,.F.);
#453=ORIENTED_EDGE('',*,*,#606,.T.);
#454=ORIENTED_EDGE('',*,*,#655,.F.);
#455=ORIENTED_EDGE('',*,*,#572,.T.);
#456=ORIENTED_EDGE('',*,*,#648,.F.);
#457=ORIENTED_EDGE('',*,*,#539,.T.);
#458=ORIENTED_EDGE('',*,*,#652,.T.);
#459=ORIENTED_EDGE('',*,*,#590,.T.);
#460=ORIENTED_EDGE('',*,*,#556,.T.);
#461=ORIENTED_EDGE('',*,*,#550,.T.);
#462=ORIENTED_EDGE('',*,*,#552,.T.);
#463=ORIENTED_EDGE('',*,*,#558,.T.);
#464=ORIENTED_EDGE('',*,*,#564,.T.);
#465=ORIENTED_EDGE('',*,*,#570,.T.);
#466=ORIENTED_EDGE('',*,*,#568,.T.);
#467=ORIENTED_EDGE('',*,*,#562,.T.);
#468=ORIENTED_EDGE('',*,*,#602,.T.);
#469=ORIENTED_EDGE('',*,*,#636,.F.);
#470=ORIENTED_EDGE('',*,*,#675,.F.);
#471=ORIENTED_EDGE('',*,*,#622,.T.);
#472=ORIENTED_EDGE('',*,*,#619,.T.);
#473=ORIENTED_EDGE('',*,*,#616,.T.);
#474=ORIENTED_EDGE('',*,*,#613,.T.);
#475=ORIENTED_EDGE('',*,*,#610,.T.);
#476=ORIENTED_EDGE('',*,*,#607,.T.);
#477=ORIENTED_EDGE('',*,*,#624,.T.);
#478=ORIENTED_EDGE('',*,*,#721,.F.);
#479=ORIENTED_EDGE('',*,*,#517,.F.);
#480=ORIENTED_EDGE('',*,*,#722,.F.);
#481=ORIENTED_EDGE('',*,*,#681,.F.);
#482=ORIENTED_EDGE('',*,*,#722,.T.);
#483=ORIENTED_EDGE('',*,*,#516,.F.);
#484=ORIENTED_EDGE('',*,*,#723,.F.);
#485=ORIENTED_EDGE('',*,*,#684,.F.);
#486=ORIENTED_EDGE('',*,*,#721,.T.);
#487=ORIENTED_EDGE('',*,*,#661,.F.);
#488=ORIENTED_EDGE('',*,*,#724,.F.);
#489=ORIENTED_EDGE('',*,*,#518,.F.);
#490=ORIENTED_EDGE('',*,*,#723,.T.);
#491=ORIENTED_EDGE('',*,*,#515,.F.);
#492=ORIENTED_EDGE('',*,*,#725,.F.);
#493=ORIENTED_EDGE('',*,*,#592,.F.);
#494=ORIENTED_EDGE('',*,*,#712,.F.);
#495=ORIENTED_EDGE('',*,*,#724,.T.);
#496=ORIENTED_EDGE('',*,*,#718,.F.);
#497=ORIENTED_EDGE('',*,*,#726,.F.);
#498=ORIENTED_EDGE('',*,*,#512,.F.);
#499=ORIENTED_EDGE('',*,*,#725,.T.);
#500=ORIENTED_EDGE('',*,*,#514,.F.);
#501=ORIENTED_EDGE('',*,*,#727,.F.);
#502=ORIENTED_EDGE('',*,*,#520,.F.);
#503=ORIENTED_EDGE('',*,*,#720,.F.);
#504=ORIENTED_EDGE('',*,*,#593,.F.);
#505=ORIENTED_EDGE('',*,*,#726,.T.);
#506=ORIENTED_EDGE('',*,*,#633,.F.);
#507=ORIENTED_EDGE('',*,*,#521,.F.);
#508=ORIENTED_EDGE('',*,*,#727,.T.);
#509=ORIENTED_EDGE('',*,*,#513,.F.);
#510=ORIENTED_EDGE('',*,*,#519,.F.);
#511=ORIENTED_EDGE('',*,*,#700,.F.);
#512=EDGE_CURVE('',#728,#729,#864,.T.);
#513=EDGE_CURVE('',#729,#730,#865,.T.);
#514=EDGE_CURVE('',#730,#731,#866,.T.);
#515=EDGE_CURVE('',#731,#732,#867,.T.);
#516=EDGE_CURVE('',#732,#733,#50,.T.);
#517=EDGE_CURVE('',#733,#734,#51,.T.);
#518=EDGE_CURVE('',#734,#728,#868,.T.);
#519=EDGE_CURVE('',#735,#735,#36,.T.);
#520=EDGE_CURVE('',#736,#737,#869,.F.);
#521=EDGE_CURVE('',#737,#738,#870,.F.);
#522=EDGE_CURVE('',#739,#738,#871,.T.);
#523=EDGE_CURVE('',#739,#740,#872,.T.);
#524=EDGE_CURVE('',#736,#740,#873,.T.);
#525=EDGE_CURVE('',#741,#742,#52,.T.);
#526=EDGE_CURVE('',#743,#741,#37,.T.);
#527=EDGE_CURVE('',#744,#743,#38,.T.);
#528=EDGE_CURVE('',#744,#742,#39,.T.);
#529=EDGE_CURVE('',#745,#746,#874,.T.);
#530=EDGE_CURVE('',#747,#746,#875,.T.);
#531=EDGE_CURVE('',#748,#747,#876,.T.);
#532=EDGE_CURVE('',#745,#748,#877,.T.);
#533=EDGE_CURVE('',#749,#750,#878,.T.);
#534=EDGE_CURVE('',#751,#750,#879,.T.);
#535=EDGE_CURVE('',#751,#752,#880,.T.);
#536=EDGE_CURVE('',#749,#752,#881,.T.);
#537=EDGE_CURVE('',#753,#754,#882,.T.);
#538=EDGE_CURVE('',#750,#753,#883,.T.);
#539=EDGE_CURVE('',#754,#749,#884,.T.);
#540=EDGE_CURVE('',#755,#756,#40,.T.);
#541=EDGE_CURVE('',#757,#755,#41,.T.);
#542=EDGE_CURVE('',#757,#758,#885,.T.);
#543=EDGE_CURVE('',#758,#756,#42,.T.);
#544=EDGE_CURVE('',#759,#760,#886,.T.);
#545=EDGE_CURVE('',#758,#759,#887,.T.);
#546=EDGE_CURVE('',#760,#757,#888,.T.);
#547=EDGE_CURVE('',#761,#762,#889,.T.);
#548=EDGE_CURVE('',#763,#761,#890,.T.);
#549=EDGE_CURVE('',#763,#764,#891,.T.);
#550=EDGE_CURVE('',#762,#764,#892,.T.);
#551=EDGE_CURVE('',#765,#766,#893,.T.);
#552=EDGE_CURVE('',#764,#766,#894,.T.);
#553=EDGE_CURVE('',#765,#763,#895,.T.);
#554=EDGE_CURVE('',#767,#768,#896,.T.);
#555=EDGE_CURVE('',#761,#767,#897,.T.);
#556=EDGE_CURVE('',#768,#762,#898,.T.);
#557=EDGE_CURVE('',#769,#770,#899,.T.);
#558=EDGE_CURVE('',#766,#770,#900,.T.);
#559=EDGE_CURVE('',#769,#765,#901,.T.);
#560=EDGE_CURVE('',#771,#772,#902,.T.);
#561=EDGE_CURVE('',#767,#771,#903,.T.);
#562=EDGE_CURVE('',#772,#768,#904,.T.);
#563=EDGE_CURVE('',#773,#774,#905,.T.);
#564=EDGE_CURVE('',#770,#774,#906,.T.);
#565=EDGE_CURVE('',#769,#773,#907,.T.);
#566=EDGE_CURVE('',#775,#776,#908,.T.);
#567=EDGE_CURVE('',#771,#776,#909,.T.);
#568=EDGE_CURVE('',#775,#772,#910,.T.);
#569=EDGE_CURVE('',#776,#773,#911,.T.);
#570=EDGE_CURVE('',#774,#775,#912,.T.);
#571=EDGE_CURVE('',#777,#778,#913,.T.);
#572=EDGE_CURVE('',#779,#777,#914,.T.);
#573=EDGE_CURVE('',#779,#780,#915,.T.);
#574=EDGE_CURVE('',#778,#780,#916,.T.);
#575=EDGE_CURVE('',#781,#782,#917,.T.);
#576=EDGE_CURVE('',#780,#781,#53,.T.);
#577=EDGE_CURVE('',#782,#779,#54,.T.);
#578=EDGE_CURVE('',#783,#784,#918,.T.);
#579=EDGE_CURVE('',#781,#784,#919,.T.);
#580=EDGE_CURVE('',#783,#782,#920,.T.);
#581=EDGE_CURVE('',#785,#786,#921,.T.);
#582=EDGE_CURVE('',#784,#785,#55,.T.);
#583=EDGE_CURVE('',#786,#783,#56,.T.);
#584=EDGE_CURVE('',#787,#788,#922,.T.);
#585=EDGE_CURVE('',#785,#787,#923,.T.);
#586=EDGE_CURVE('',#788,#786,#924,.T.);
#587=EDGE_CURVE('',#789,#790,#925,.T.);
#588=EDGE_CURVE('',#791,#790,#926,.T.);
#589=EDGE_CURVE('',#791,#792,#927,.T.);
#590=EDGE_CURVE('',#789,#792,#928,.T.);
#591=EDGE_CURVE('',#793,#794,#929,.T.);
#592=EDGE_CURVE('',#793,#795,#930,.T.);
#593=EDGE_CURVE('',#795,#796,#931,.F.);
#594=EDGE_CURVE('',#797,#796,#932,.T.);
#595=EDGE_CURVE('',#798,#797,#933,.T.);
#596=EDGE_CURVE('',#794,#798,#934,.T.);
#597=EDGE_CURVE('',#799,#800,#935,.T.);
#598=EDGE_CURVE('',#753,#800,#936,.T.);
#599=EDGE_CURVE('',#801,#753,#937,.T.);
#600=EDGE_CURVE('',#799,#801,#938,.T.);
#601=EDGE_CURVE('',#802,#803,#939,.T.);
#602=EDGE_CURVE('',#804,#802,#940,.T.);
#603=EDGE_CURVE('',#804,#805,#941,.T.);
#604=EDGE_CURVE('',#803,#805,#942,.T.);
#605=EDGE_CURVE('',#806,#807,#943,.T.);
#606=EDGE_CURVE('',#805,#807,#944,.T.);
#607=EDGE_CURVE('',#806,#804,#945,.T.);
#608=EDGE_CURVE('',#808,#809,#946,.T.);
#609=EDGE_CURVE('',#807,#808,#57,.T.);
#610=EDGE_CURVE('',#809,#806,#58,.T.);
#611=EDGE_CURVE('',#810,#811,#947,.T.);
#612=EDGE_CURVE('',#808,#811,#948,.T.);
#613=EDGE_CURVE('',#810,#809,#949,.T.);
#614=EDGE_CURVE('',#812,#813,#950,.T.);
#615=EDGE_CURVE('',#811,#812,#59,.T.);
#616=EDGE_CURVE('',#813,#810,#60,.T.);
#617=EDGE_CURVE('',#814,#815,#951,.T.);
#618=EDGE_CURVE('',#812,#814,#952,.T.);
#619=EDGE_CURVE('',#815,#813,#953,.T.);
#620=EDGE_CURVE('',#816,#817,#954,.T.);
#621=EDGE_CURVE('',#814,#816,#955,.T.);
#622=EDGE_CURVE('',#818,#815,#956,.T.);
#623=EDGE_CURVE('',#817,#818,#957,.T.);
#624=EDGE_CURVE('',#819,#819,#43,.T.);
#625=EDGE_CURVE('',#820,#820,#44,.T.);
#626=EDGE_CURVE('',#821,#822,#958,.T.);
#627=EDGE_CURVE('',#821,#823,#959,.T.);
#628=EDGE_CURVE('',#823,#824,#960,.T.);
#629=EDGE_CURVE('',#824,#822,#961,.T.);
#630=EDGE_CURVE('',#791,#740,#962,.T.);
#631=EDGE_CURVE('',#739,#803,#963,.T.);
#632=EDGE_CURVE('',#805,#792,#964,.T.);
#633=EDGE_CURVE('',#738,#825,#965,.T.);
#634=EDGE_CURVE('',#824,#825,#966,.T.);
#635=EDGE_CURVE('',#823,#826,#967,.T.);
#636=EDGE_CURVE('',#826,#802,#968,.T.);
#637=EDGE_CURVE('',#827,#773,#969,.T.);
#638=EDGE_CURVE('',#769,#828,#970,.T.);
#639=EDGE_CURVE('',#827,#828,#971,.T.);
#640=EDGE_CURVE('',#745,#771,#972,.T.);
#641=EDGE_CURVE('',#776,#829,#973,.T.);
#642=EDGE_CURVE('',#829,#746,#974,.T.);
#643=EDGE_CURVE('',#830,#748,#975,.T.);
#644=EDGE_CURVE('',#831,#747,#976,.T.);
#645=EDGE_CURVE('',#831,#832,#977,.T.);
#646=EDGE_CURVE('',#830,#832,#978,.T.);
#647=EDGE_CURVE('',#833,#801,#979,.T.);
#648=EDGE_CURVE('',#754,#777,#980,.T.);
#649=EDGE_CURVE('',#778,#833,#981,.T.);
#650=EDGE_CURVE('',#800,#834,#982,.T.);
#651=EDGE_CURVE('',#751,#834,#983,.T.);
#652=EDGE_CURVE('',#749,#789,#984,.T.);
#653=EDGE_CURVE('',#752,#835,#985,.T.);
#654=EDGE_CURVE('',#835,#790,#986,.T.);
#655=EDGE_CURVE('',#779,#807,#987,.T.);
#656=EDGE_CURVE('',#782,#808,#988,.T.);
#657=EDGE_CURVE('',#829,#827,#989,.T.);
#658=EDGE_CURVE('',#836,#836,#45,.T.);
#659=EDGE_CURVE('',#837,#837,#46,.T.);
#660=EDGE_CURVE('',#822,#838,#990,.T.);
#661=EDGE_CURVE('',#838,#839,#991,.T.);
#662=EDGE_CURVE('',#840,#839,#61,.F.);
#663=EDGE_CURVE('',#841,#840,#992,.T.);
#664=EDGE_CURVE('',#842,#841,#62,.F.);
#665=EDGE_CURVE('',#842,#821,#993,.T.);
#666=EDGE_CURVE('',#743,#832,#994,.T.);
#667=EDGE_CURVE('',#843,#741,#995,.T.);
#668=EDGE_CURVE('',#843,#833,#996,.T.);
#669=EDGE_CURVE('',#844,#787,#997,.T.);
#670=EDGE_CURVE('',#845,#844,#998,.T.);
#671=EDGE_CURVE('',#845,#830,#999,.T.);
#672=EDGE_CURVE('',#846,#842,#63,.T.);
#673=EDGE_CURVE('',#847,#846,#64,.T.);
#674=EDGE_CURVE('',#817,#847,#1000,.T.);
#675=EDGE_CURVE('',#818,#826,#1001,.T.);
#676=EDGE_CURVE('',#848,#849,#1002,.T.);
#677=EDGE_CURVE('',#849,#847,#65,.F.);
#678=EDGE_CURVE('',#850,#846,#66,.F.);
#679=EDGE_CURVE('',#848,#850,#67,.T.);
#680=EDGE_CURVE('',#850,#841,#68,.T.);
#681=EDGE_CURVE('',#839,#851,#69,.T.);
#682=EDGE_CURVE('',#851,#852,#1003,.T.);
#683=EDGE_CURVE('',#840,#852,#70,.T.);
#684=EDGE_CURVE('',#851,#853,#71,.T.);
#685=EDGE_CURVE('',#853,#854,#1004,.T.);
#686=EDGE_CURVE('',#852,#854,#72,.T.);
#687=EDGE_CURVE('',#855,#855,#47,.T.);
#688=EDGE_CURVE('',#856,#857,#73,.T.);
#689=EDGE_CURVE('',#858,#856,#74,.T.);
#690=EDGE_CURVE('',#859,#858,#1005,.T.);
#691=EDGE_CURVE('',#860,#859,#75,.T.);
#692=EDGE_CURVE('',#861,#860,#76,.T.);
#693=EDGE_CURVE('',#861,#857,#1006,.T.);
#694=EDGE_CURVE('',#843,#799,#1007,.T.);
#695=EDGE_CURVE('',#742,#758,#1008,.T.);
#696=EDGE_CURVE('',#759,#834,#1009,.T.);
#697=EDGE_CURVE('',#812,#786,#1010,.T.);
#698=EDGE_CURVE('',#814,#788,#1011,.T.);
#699=EDGE_CURVE('',#783,#811,#1012,.T.);
#700=EDGE_CURVE('',#862,#862,#48,.F.);
#701=EDGE_CURVE('',#863,#863,#49,.T.);
#702=EDGE_CURVE('',#849,#816,#1013,.T.);
#703=EDGE_CURVE('',#859,#840,#1014,.T.);
#704=EDGE_CURVE('',#841,#858,#1015,.T.);
#705=EDGE_CURVE('',#850,#856,#1016,.T.);
#706=EDGE_CURVE('',#860,#852,#1017,.T.);
#707=EDGE_CURVE('',#857,#848,#1018,.T.);
#708=EDGE_CURVE('',#854,#861,#1019,.T.);
#709=EDGE_CURVE('',#848,#854,#1020,.T.);
#710=EDGE_CURVE('',#798,#765,#1021,.T.);
#711=EDGE_CURVE('',#763,#794,#1022,.T.);
#712=EDGE_CURVE('',#853,#793,#1023,.T.);
#713=EDGE_CURVE('',#844,#761,#1024,.T.);
#714=EDGE_CURVE('',#767,#845,#1025,.T.);
#715=EDGE_CURVE('',#831,#755,#1026,.T.);
#716=EDGE_CURVE('',#744,#756,#1027,.T.);
#717=EDGE_CURVE('',#797,#828,#1028,.T.);
#718=EDGE_CURVE('',#825,#838,#1029,.T.);
#719=EDGE_CURVE('',#835,#760,#1030,.T.);
#720=EDGE_CURVE('',#796,#736,#1031,.T.);
#721=EDGE_CURVE('',#734,#839,#77,.T.);
#722=EDGE_CURVE('',#851,#733,#78,.F.);
#723=EDGE_CURVE('',#853,#732,#79,.T.);
#724=EDGE_CURVE('',#728,#838,#1032,.F.);
#725=EDGE_CURVE('',#795,#731,#1033,.F.);
#726=EDGE_CURVE('',#729,#825,#1034,.F.);
#727=EDGE_CURVE('',#737,#730,#1035,.F.);
#728=VERTEX_POINT('',#2004);
#729=VERTEX_POINT('',#2005);
#730=VERTEX_POINT('',#2007);
#731=VERTEX_POINT('',#2009);
#732=VERTEX_POINT('',#2011);
#733=VERTEX_POINT('',#2016);
#734=VERTEX_POINT('',#2021);
#735=VERTEX_POINT('',#2024);
#736=VERTEX_POINT('',#2027);
#737=VERTEX_POINT('',#2028);
#738=VERTEX_POINT('',#2030);
#739=VERTEX_POINT('',#2032);
#740=VERTEX_POINT('',#2034);
#741=VERTEX_POINT('',#2041);
#742=VERTEX_POINT('',#2042);
#743=VERTEX_POINT('',#2044);
#744=VERTEX_POINT('',#2046);
#745=VERTEX_POINT('',#2050);
#746=VERTEX_POINT('',#2051);
#747=VERTEX_POINT('',#2053);
#748=VERTEX_POINT('',#2055);
#749=VERTEX_POINT('',#2059);
#750=VERTEX_POINT('',#2060);
#751=VERTEX_POINT('',#2062);
#752=VERTEX_POINT('',#2064);
#753=VERTEX_POINT('',#2068);
#754=VERTEX_POINT('',#2069);
#755=VERTEX_POINT('',#2074);
#756=VERTEX_POINT('',#2075);
#757=VERTEX_POINT('',#2077);
#758=VERTEX_POINT('',#2079);
#759=VERTEX_POINT('',#2083);
#760=VERTEX_POINT('',#2084);
#761=VERTEX_POINT('',#2089);
#762=VERTEX_POINT('',#2090);
#763=VERTEX_POINT('',#2092);
#764=VERTEX_POINT('',#2094);
#765=VERTEX_POINT('',#2098);
#766=VERTEX_POINT('',#2099);
#767=VERTEX_POINT('',#2104);
#768=VERTEX_POINT('',#2105);
#769=VERTEX_POINT('',#2110);
#770=VERTEX_POINT('',#2111);
#771=VERTEX_POINT('',#2116);
#772=VERTEX_POINT('',#2117);
#773=VERTEX_POINT('',#2122);
#774=VERTEX_POINT('',#2123);
#775=VERTEX_POINT('',#2128);
#776=VERTEX_POINT('',#2129);
#777=VERTEX_POINT('',#2137);
#778=VERTEX_POINT('',#2138);
#779=VERTEX_POINT('',#2140);
#780=VERTEX_POINT('',#2142);
#781=VERTEX_POINT('',#2175);
#782=VERTEX_POINT('',#2176);
#783=VERTEX_POINT('',#2193);
#784=VERTEX_POINT('',#2194);
#785=VERTEX_POINT('',#2216);
#786=VERTEX_POINT('',#2217);
#787=VERTEX_POINT('',#2230);
#788=VERTEX_POINT('',#2231);
#789=VERTEX_POINT('',#2236);
#790=VERTEX_POINT('',#2237);
#791=VERTEX_POINT('',#2239);
#792=VERTEX_POINT('',#2241);
#793=VERTEX_POINT('',#2245);
#794=VERTEX_POINT('',#2246);
#795=VERTEX_POINT('',#2248);
#796=VERTEX_POINT('',#2250);
#797=VERTEX_POINT('',#2252);
#798=VERTEX_POINT('',#2254);
#799=VERTEX_POINT('',#2258);
#800=VERTEX_POINT('',#2259);
#801=VERTEX_POINT('',#2262);
#802=VERTEX_POINT('',#2266);
#803=VERTEX_POINT('',#2267);
#804=VERTEX_POINT('',#2269);
#805=VERTEX_POINT('',#2271);
#806=VERTEX_POINT('',#2275);
#807=VERTEX_POINT('',#2276);
#808=VERTEX_POINT('',#2310);
#809=VERTEX_POINT('',#2311);
#810=VERTEX_POINT('',#2328);
#811=VERTEX_POINT('',#2329);
#812=VERTEX_POINT('',#2351);
#813=VERTEX_POINT('',#2352);
#814=VERTEX_POINT('',#2365);
#815=VERTEX_POINT('',#2366);
#816=VERTEX_POINT('',#2371);
#817=VERTEX_POINT('',#2372);
#818=VERTEX_POINT('',#2375);
#819=VERTEX_POINT('',#2379);
#820=VERTEX_POINT('',#2381);
#821=VERTEX_POINT('',#2384);
#822=VERTEX_POINT('',#2385);
#823=VERTEX_POINT('',#2387);
#824=VERTEX_POINT('',#2389);
#825=VERTEX_POINT('',#2397);
#826=VERTEX_POINT('',#2400);
#827=VERTEX_POINT('',#2404);
#828=VERTEX_POINT('',#2406);
#829=VERTEX_POINT('',#2411);
#830=VERTEX_POINT('',#2415);
#831=VERTEX_POINT('',#2417);
#832=VERTEX_POINT('',#2419);
#833=VERTEX_POINT('',#2423);
#834=VERTEX_POINT('',#2428);
#835=VERTEX_POINT('',#2433);
#836=VERTEX_POINT('',#2449);
#837=VERTEX_POINT('',#2451);
#838=VERTEX_POINT('',#2454);
#839=VERTEX_POINT('',#2456);
#840=VERTEX_POINT('',#2461);
#841=VERTEX_POINT('',#2463);
#842=VERTEX_POINT('',#2468);
#843=VERTEX_POINT('',#2473);
#844=VERTEX_POINT('',#2476);
#845=VERTEX_POINT('',#2478);
#846=VERTEX_POINT('',#2488);
#847=VERTEX_POINT('',#2496);
#848=VERTEX_POINT('',#2508);
#849=VERTEX_POINT('',#2509);
#850=VERTEX_POINT('',#2518);
#851=VERTEX_POINT('',#2558);
#852=VERTEX_POINT('',#2560);
#853=VERTEX_POINT('',#2583);
#854=VERTEX_POINT('',#2585);
#855=VERTEX_POINT('',#2595);
#856=VERTEX_POINT('',#2603);
#857=VERTEX_POINT('',#2604);
#858=VERTEX_POINT('',#2612);
#859=VERTEX_POINT('',#2614);
#860=VERTEX_POINT('',#2622);
#861=VERTEX_POINT('',#2630);
#862=VERTEX_POINT('',#2652);
#863=VERTEX_POINT('',#2654);
#864=LINE('',#2003,#1036);
#865=LINE('',#2006,#1037);
#866=LINE('',#2008,#1038);
#867=LINE('',#2010,#1039);
#868=LINE('',#2022,#1040);
#869=LINE('',#2026,#1041);
#870=LINE('',#2029,#1042);
#871=LINE('',#2031,#1043);
#872=LINE('',#2033,#1044);
#873=LINE('',#2035,#1045);
#874=LINE('',#2049,#1046);
#875=LINE('',#2052,#1047);
#876=LINE('',#2054,#1048);
#877=LINE('',#2056,#1049);
#878=LINE('',#2058,#1050);
#879=LINE('',#2061,#1051);
#880=LINE('',#2063,#1052);
#881=LINE('',#2065,#1053);
#882=LINE('',#2067,#1054);
#883=LINE('',#2070,#1055);
#884=LINE('',#2071,#1056);
#885=LINE('',#2078,#1057);
#886=LINE('',#2082,#1058);
#887=LINE('',#2085,#1059);
#888=LINE('',#2086,#1060);
#889=LINE('',#2088,#1061);
#890=LINE('',#2091,#1062);
#891=LINE('',#2093,#1063);
#892=LINE('',#2095,#1064);
#893=LINE('',#2097,#1065);
#894=LINE('',#2100,#1066);
#895=LINE('',#2101,#1067);
#896=LINE('',#2103,#1068);
#897=LINE('',#2106,#1069);
#898=LINE('',#2107,#1070);
#899=LINE('',#2109,#1071);
#900=LINE('',#2112,#1072);
#901=LINE('',#2113,#1073);
#902=LINE('',#2115,#1074);
#903=LINE('',#2118,#1075);
#904=LINE('',#2119,#1076);
#905=LINE('',#2121,#1077);
#906=LINE('',#2124,#1078);
#907=LINE('',#2125,#1079);
#908=LINE('',#2127,#1080);
#909=LINE('',#2130,#1081);
#910=LINE('',#2131,#1082);
#911=LINE('',#2133,#1083);
#912=LINE('',#2134,#1084);
#913=LINE('',#2136,#1085);
#914=LINE('',#2139,#1086);
#915=LINE('',#2141,#1087);
#916=LINE('',#2143,#1088);
#917=LINE('',#2174,#1089);
#918=LINE('',#2192,#1090);
#919=LINE('',#2195,#1091);
#920=LINE('',#2196,#1092);
#921=LINE('',#2215,#1093);
#922=LINE('',#2229,#1094);
#923=LINE('',#2232,#1095);
#924=LINE('',#2233,#1096);
#925=LINE('',#2235,#1097);
#926=LINE('',#2238,#1098);
#927=LINE('',#2240,#1099);
#928=LINE('',#2242,#1100);
#929=LINE('',#2244,#1101);
#930=LINE('',#2247,#1102);
#931=LINE('',#2249,#1103);
#932=LINE('',#2251,#1104);
#933=LINE('',#2253,#1105);
#934=LINE('',#2255,#1106);
#935=LINE('',#2257,#1107);
#936=LINE('',#2260,#1108);
#937=LINE('',#2261,#1109);
#938=LINE('',#2263,#1110);
#939=LINE('',#2265,#1111);
#940=LINE('',#2268,#1112);
#941=LINE('',#2270,#1113);
#942=LINE('',#2272,#1114);
#943=LINE('',#2274,#1115);
#944=LINE('',#2277,#1116);
#945=LINE('',#2278,#1117);
#946=LINE('',#2309,#1118);
#947=LINE('',#2327,#1119);
#948=LINE('',#2330,#1120);
#949=LINE('',#2331,#1121);
#950=LINE('',#2350,#1122);
#951=LINE('',#2364,#1123);
#952=LINE('',#2367,#1124);
#953=LINE('',#2368,#1125);
#954=LINE('',#2370,#1126);
#955=LINE('',#2373,#1127);
#956=LINE('',#2374,#1128);
#957=LINE('',#2376,#1129);
#958=LINE('',#2383,#1130);
#959=LINE('',#2386,#1131);
#960=LINE('',#2388,#1132);
#961=LINE('',#2390,#1133);
#962=LINE('',#2392,#1134);
#963=LINE('',#2393,#1135);
#964=LINE('',#2394,#1136);
#965=LINE('',#2396,#1137);
#966=LINE('',#2398,#1138);
#967=LINE('',#2399,#1139);
#968=LINE('',#2401,#1140);
#969=LINE('',#2403,#1141);
#970=LINE('',#2405,#1142);
#971=LINE('',#2407,#1143);
#972=LINE('',#2409,#1144);
#973=LINE('',#2410,#1145);
#974=LINE('',#2412,#1146);
#975=LINE('',#2414,#1147);
#976=LINE('',#2416,#1148);
#977=LINE('',#2418,#1149);
#978=LINE('',#2420,#1150);
#979=LINE('',#2422,#1151);
#980=LINE('',#2424,#1152);
#981=LINE('',#2425,#1153);
#982=LINE('',#2427,#1154);
#983=LINE('',#2429,#1155);
#984=LINE('',#2431,#1156);
#985=LINE('',#2432,#1157);
#986=LINE('',#2434,#1158);
#987=LINE('',#2443,#1159);
#988=LINE('',#2444,#1160);
#989=LINE('',#2446,#1161);
#990=LINE('',#2453,#1162);
#991=LINE('',#2455,#1163);
#992=LINE('',#2462,#1164);
#993=LINE('',#2469,#1165);
#994=LINE('',#2471,#1166);
#995=LINE('',#2472,#1167);
#996=LINE('',#2474,#1168);
#997=LINE('',#2475,#1169);
#998=LINE('',#2477,#1170);
#999=LINE('',#2479,#1171);
#1000=LINE('',#2497,#1172);
#1001=LINE('',#2498,#1173);
#1002=LINE('',#2507,#1174);
#1003=LINE('',#2559,#1175);
#1004=LINE('',#2584,#1176);
#1005=LINE('',#2613,#1177);
#1006=LINE('',#2631,#1178);
#1007=LINE('',#2633,#1179);
#1008=LINE('',#2634,#1180);
#1009=LINE('',#2635,#1181);
#1010=LINE('',#2638,#1182);
#1011=LINE('',#2639,#1183);
#1012=LINE('',#2641,#1184);
#1013=LINE('',#2657,#1185);
#1014=LINE('',#2659,#1186);
#1015=LINE('',#2660,#1187);
#1016=LINE('',#2697,#1188);
#1017=LINE('',#2734,#1189);
#1018=LINE('',#2771,#1190);
#1019=LINE('',#2808,#1191);
#1020=LINE('',#2810,#1192);
#1021=LINE('',#2813,#1193);
#1022=LINE('',#2814,#1194);
#1023=LINE('',#2816,#1195);
#1024=LINE('',#2817,#1196);
#1025=LINE('',#2819,#1197);
#1026=LINE('',#2822,#1198);
#1027=LINE('',#2823,#1199);
#1028=LINE('',#2826,#1200);
#1029=LINE('',#2828,#1201);
#1030=LINE('',#2830,#1202);
#1031=LINE('',#2832,#1203);
#1032=LINE('',#2889,#1204);
#1033=LINE('',#2891,#1205);
#1034=LINE('',#2893,#1206);
#1035=LINE('',#2895,#1207);
#1036=VECTOR('',#1659,1.);
#1037=VECTOR('',#1660,1.);
#1038=VECTOR('',#1661,1.);
#1039=VECTOR('',#1662,1.);
#1040=VECTOR('',#1663,1.);
#1041=VECTOR('',#1668,1.);
#1042=VECTOR('',#1669,1.);
#1043=VECTOR('',#1670,1.);
#1044=VECTOR('',#1671,1.);
#1045=VECTOR('',#1672,1.);
#1046=VECTOR('',#1683,1.);
#1047=VECTOR('',#1684,1.);
#1048=VECTOR('',#1685,1.);
#1049=VECTOR('',#1686,1.);
#1050=VECTOR('',#1689,1.);
#1051=VECTOR('',#1690,1.);
#1052=VECTOR('',#1691,1.);
#1053=VECTOR('',#1692,1.);
#1054=VECTOR('',#1695,1.);
#1055=VECTOR('',#1696,1.);
#1056=VECTOR('',#1697,1.);
#1057=VECTOR('',#1704,1.);
#1058=VECTOR('',#1709,1.);
#1059=VECTOR('',#1710,1.);
#1060=VECTOR('',#1711,1.);
#1061=VECTOR('',#1714,1.);
#1062=VECTOR('',#1715,1.);
#1063=VECTOR('',#1716,1.);
#1064=VECTOR('',#1717,1.);
#1065=VECTOR('',#1720,1.);
#1066=VECTOR('',#1721,1.);
#1067=VECTOR('',#1722,1.);
#1068=VECTOR('',#1725,1.);
#1069=VECTOR('',#1726,1.);
#1070=VECTOR('',#1727,1.);
#1071=VECTOR('',#1730,1.);
#1072=VECTOR('',#1731,1.);
#1073=VECTOR('',#1732,1.);
#1074=VECTOR('',#1735,1.);
#1075=VECTOR('',#1736,1.);
#1076=VECTOR('',#1737,1.);
#1077=VECTOR('',#1740,1.);
#1078=VECTOR('',#1741,1.);
#1079=VECTOR('',#1742,1.);
#1080=VECTOR('',#1745,1.);
#1081=VECTOR('',#1746,1.);
#1082=VECTOR('',#1747,1.);
#1083=VECTOR('',#1750,1.);
#1084=VECTOR('',#1751,1.);
#1085=VECTOR('',#1754,1.);
#1086=VECTOR('',#1755,1.);
#1087=VECTOR('',#1756,1.);
#1088=VECTOR('',#1757,1.);
#1089=VECTOR('',#1758,1.);
#1090=VECTOR('',#1761,1.);
#1091=VECTOR('',#1762,1.);
#1092=VECTOR('',#1763,1.);
#1093=VECTOR('',#1764,1.);
#1094=VECTOR('',#1767,1.);
#1095=VECTOR('',#1768,1.);
#1096=VECTOR('',#1769,1.);
#1097=VECTOR('',#1772,1.);
#1098=VECTOR('',#1773,1.);
#1099=VECTOR('',#1774,1.);
#1100=VECTOR('',#1775,1.);
#1101=VECTOR('',#1778,1.);
#1102=VECTOR('',#1779,1.);
#1103=VECTOR('',#1780,1.);
#1104=VECTOR('',#1781,1.);
#1105=VECTOR('',#1782,1.);
#1106=VECTOR('',#1783,1.);
#1107=VECTOR('',#1786,1.);
#1108=VECTOR('',#1787,1.);
#1109=VECTOR('',#1788,1.);
#1110=VECTOR('',#1789,1.);
#1111=VECTOR('',#1792,1.);
#1112=VECTOR('',#1793,1.);
#1113=VECTOR('',#1794,1.);
#1114=VECTOR('',#1795,1.);
#1115=VECTOR('',#1798,1.);
#1116=VECTOR('',#1799,1.);
#1117=VECTOR('',#1800,1.);
#1118=VECTOR('',#1801,1.);
#1119=VECTOR('',#1804,1.);
#1120=VECTOR('',#1805,1.);
#1121=VECTOR('',#1806,1.);
#1122=VECTOR('',#1807,1.);
#1123=VECTOR('',#1810,1.);
#1124=VECTOR('',#1811,1.);
#1125=VECTOR('',#1812,1.);
#1126=VECTOR('',#1815,1.);
#1127=VECTOR('',#1816,1.);
#1128=VECTOR('',#1817,1.);
#1129=VECTOR('',#1818,1.);
#1130=VECTOR('',#1827,1.);
#1131=VECTOR('',#1828,1.);
#1132=VECTOR('',#1829,1.);
#1133=VECTOR('',#1830,1.);
#1134=VECTOR('',#1833,1.);
#1135=VECTOR('',#1834,1.);
#1136=VECTOR('',#1835,1.);
#1137=VECTOR('',#1838,1.);
#1138=VECTOR('',#1839,1.);
#1139=VECTOR('',#1840,1.);
#1140=VECTOR('',#1841,1.);
#1141=VECTOR('',#1844,1.);
#1142=VECTOR('',#1845,1.);
#1143=VECTOR('',#1846,1.);
#1144=VECTOR('',#1849,1.);
#1145=VECTOR('',#1850,1.);
#1146=VECTOR('',#1851,1.);
#1147=VECTOR('',#1854,1.);
#1148=VECTOR('',#1855,1.);
#1149=VECTOR('',#1856,1.);
#1150=VECTOR('',#1857,1.);
#1151=VECTOR('',#1860,1.);
#1152=VECTOR('',#1861,1.);
#1153=VECTOR('',#1862,1.);
#1154=VECTOR('',#1865,1.);
#1155=VECTOR('',#1866,1.);
#1156=VECTOR('',#1869,1.);
#1157=VECTOR('',#1870,1.);
#1158=VECTOR('',#1871,1.);
#1159=VECTOR('',#1872,1.);
#1160=VECTOR('',#1873,1.);
#1161=VECTOR('',#1876,1.);
#1162=VECTOR('',#1885,1.);
#1163=VECTOR('',#1886,1.);
#1164=VECTOR('',#1887,1.);
#1165=VECTOR('',#1888,1.);
#1166=VECTOR('',#1891,1.);
#1167=VECTOR('',#1892,1.);
#1168=VECTOR('',#1893,1.);
#1169=VECTOR('',#1894,1.);
#1170=VECTOR('',#1895,1.);
#1171=VECTOR('',#1896,1.);
#1172=VECTOR('',#1899,1.);
#1173=VECTOR('',#1900,1.);
#1174=VECTOR('',#1901,1.);
#1175=VECTOR('',#1902,1.);
#1176=VECTOR('',#1903,1.);
#1177=VECTOR('',#1908,1.);
#1178=VECTOR('',#1909,1.);
#1179=VECTOR('',#1912,1.);
#1180=VECTOR('',#1913,1.);
#1181=VECTOR('',#1914,1.);
#1182=VECTOR('',#1919,1.);
#1183=VECTOR('',#1920,1.);
#1184=VECTOR('',#1923,1.);
#1185=VECTOR('',#1934,1.);
#1186=VECTOR('',#1937,1.);
#1187=VECTOR('',#1938,1.);
#1188=VECTOR('',#1939,1.);
#1189=VECTOR('',#1940,1.);
#1190=VECTOR('',#1941,1.);
#1191=VECTOR('',#1942,1.);
#1192=VECTOR('',#1945,1.);
#1193=VECTOR('',#1950,1.);
#1194=VECTOR('',#1951,1.);
#1195=VECTOR('',#1954,1.);
#1196=VECTOR('',#1955,1.);
#1197=VECTOR('',#1958,1.);
#1198=VECTOR('',#1963,1.);
#1199=VECTOR('',#1964,1.);
#1200=VECTOR('',#1969,1.);
#1201=VECTOR('',#1972,1.);
#1202=VECTOR('',#1975,1.);
#1203=VECTOR('',#1978,1.);
#1204=VECTOR('',#1987,1.);
#1205=VECTOR('',#1990,1.);
#1206=VECTOR('',#1993,1.);
#1207=VECTOR('',#1996,1.);
#1208=EDGE_LOOP('',(#80,#81,#82,#83,#84,#85,#86));
#1209=EDGE_LOOP('',(#87));
#1210=EDGE_LOOP('',(#88,#89,#90,#91,#92));
#1211=EDGE_LOOP('',(#93,#94,#95,#96));
#1212=EDGE_LOOP('',(#97,#98,#99,#100));
#1213=EDGE_LOOP('',(#101,#102,#103,#104));
#1214=EDGE_LOOP('',(#105,#106,#107,#108));
#1215=EDGE_LOOP('',(#109,#110,#111,#112));
#1216=EDGE_LOOP('',(#113,#114,#115,#116));
#1217=EDGE_LOOP('',(#117,#118,#119,#120));
#1218=EDGE_LOOP('',(#121,#122,#123,#124));
#1219=EDGE_LOOP('',(#125,#126,#127,#128));
#1220=EDGE_LOOP('',(#129,#130,#131,#132));
#1221=EDGE_LOOP('',(#133,#134,#135,#136));
#1222=EDGE_LOOP('',(#137,#138,#139,#140));
#1223=EDGE_LOOP('',(#141,#142,#143,#144));
#1224=EDGE_LOOP('',(#145,#146,#147,#148));
#1225=EDGE_LOOP('',(#149,#150,#151,#152));
#1226=EDGE_LOOP('',(#153,#154,#155,#156));
#1227=EDGE_LOOP('',(#157,#158,#159,#160));
#1228=EDGE_LOOP('',(#161,#162,#163,#164));
#1229=EDGE_LOOP('',(#165,#166,#167,#168));
#1230=EDGE_LOOP('',(#169,#170,#171,#172));
#1231=EDGE_LOOP('',(#173,#174,#175,#176,#177,#178));
#1232=EDGE_LOOP('',(#179,#180,#181,#182));
#1233=EDGE_LOOP('',(#183,#184,#185,#186));
#1234=EDGE_LOOP('',(#187,#188,#189,#190));
#1235=EDGE_LOOP('',(#191,#192,#193,#194));
#1236=EDGE_LOOP('',(#195,#196,#197,#198));
#1237=EDGE_LOOP('',(#199,#200,#201,#202));
#1238=EDGE_LOOP('',(#203,#204,#205,#206));
#1239=EDGE_LOOP('',(#207,#208,#209,#210,#211));
#1240=EDGE_LOOP('',(#212));
#1241=EDGE_LOOP('',(#213));
#1242=EDGE_LOOP('',(#214,#215,#216,#217));
#1243=EDGE_LOOP('',(#218,#219,#220,#221,#222,#223));
#1244=EDGE_LOOP('',(#224,#225,#226,#227,#228,#229,#230,#231));
#1245=EDGE_LOOP('',(#232,#233,#234,#235));
#1246=EDGE_LOOP('',(#236,#237,#238,#239,#240));
#1247=EDGE_LOOP('',(#241,#242,#243,#244,#245));
#1248=EDGE_LOOP('',(#246,#247,#248,#249,#250,#251));
#1249=EDGE_LOOP('',(#252,#253,#254,#255,#256));
#1250=EDGE_LOOP('',(#257,#258,#259,#260,#261));
#1251=EDGE_LOOP('',(#262,#263,#264,#265));
#1252=EDGE_LOOP('',(#266,#267,#268,#269));
#1253=EDGE_LOOP('',(#270));
#1254=EDGE_LOOP('',(#271));
#1255=EDGE_LOOP('',(#272,#273,#274,#275,#276,#277,#278));
#1256=EDGE_LOOP('',(#279,#280,#281,#282,#283,#284,#285,#286,#287,#288,#289,
#290,#291,#292));
#1257=EDGE_LOOP('',(#293,#294,#295,#296,#297,#298,#299,#300));
#1258=EDGE_LOOP('',(#301,#302,#303,#304,#305));
#1259=EDGE_LOOP('',(#306,#307,#308,#309));
#1260=EDGE_LOOP('',(#310,#311,#312,#313));
#1261=EDGE_LOOP('',(#314,#315,#316,#317));
#1262=EDGE_LOOP('',(#318));
#1263=EDGE_LOOP('',(#319,#320,#321,#322,#323,#324));
#1264=EDGE_LOOP('',(#325,#326,#327,#328,#329,#330,#331,#332));
#1265=EDGE_LOOP('',(#333,#334,#335,#336));
#1266=EDGE_LOOP('',(#337,#338,#339,#340));
#1267=EDGE_LOOP('',(#341,#342,#343,#344));
#1268=EDGE_LOOP('',(#345,#346,#347,#348));
#1269=EDGE_LOOP('',(#349));
#1270=EDGE_LOOP('',(#350));
#1271=EDGE_LOOP('',(#351));
#1272=EDGE_LOOP('',(#352));
#1273=EDGE_LOOP('',(#353,#354,#355,#356));
#1274=EDGE_LOOP('',(#357,#358,#359,#360));
#1275=EDGE_LOOP('',(#361,#362,#363,#364));
#1276=EDGE_LOOP('',(#365,#366,#367,#368));
#1277=EDGE_LOOP('',(#369,#370,#371,#372));
#1278=EDGE_LOOP('',(#373,#374,#375,#376));
#1279=EDGE_LOOP('',(#377,#378,#379,#380));
#1280=EDGE_LOOP('',(#381));
#1281=EDGE_LOOP('',(#382));
#1282=EDGE_LOOP('',(#383,#384,#385,#386));
#1283=EDGE_LOOP('',(#387,#388,#389,#390,#391,#392,#393,#394,#395,#396,#397,
#398,#399));
#1284=EDGE_LOOP('',(#400,#401,#402,#403));
#1285=EDGE_LOOP('',(#404,#405,#406,#407,#408,#409));
#1286=EDGE_LOOP('',(#410,#411,#412,#413,#414,#415));
#1287=EDGE_LOOP('',(#416,#417,#418,#419));
#1288=EDGE_LOOP('',(#420));
#1289=EDGE_LOOP('',(#421,#422,#423,#424,#425));
#1290=EDGE_LOOP('',(#426,#427,#428,#429));
#1291=EDGE_LOOP('',(#430,#431,#432,#433,#434,#435));
#1292=EDGE_LOOP('',(#436,#437,#438,#439,#440,#441,#442,#443,#444,#445,#446,
#447,#448,#449,#450,#451));
#1293=EDGE_LOOP('',(#452,#453,#454,#455,#456,#457,#458,#459));
#1294=EDGE_LOOP('',(#460,#461,#462,#463,#464,#465,#466,#467));
#1295=EDGE_LOOP('',(#468,#469,#470,#471,#472,#473,#474,#475,#476));
#1296=EDGE_LOOP('',(#477));
#1297=EDGE_LOOP('',(#478,#479,#480,#481));
#1298=EDGE_LOOP('',(#482,#483,#484,#485));
#1299=EDGE_LOOP('',(#486,#487,#488,#489));
#1300=EDGE_LOOP('',(#490,#491,#492,#493,#494));
#1301=EDGE_LOOP('',(#495,#496,#497,#498));
#1302=EDGE_LOOP('',(#499,#500,#501,#502,#503,#504));
#1303=EDGE_LOOP('',(#505,#506,#507,#508,#509));
#1304=EDGE_LOOP('',(#510));
#1305=EDGE_LOOP('',(#511));
#1306=FACE_BOUND('',#1208,.T.);
#1307=FACE_BOUND('',#1209,.T.);
#1308=FACE_BOUND('',#1210,.T.);
#1309=FACE_BOUND('',#1211,.T.);
#1310=FACE_BOUND('',#1212,.T.);
#1311=FACE_BOUND('',#1213,.T.);
#1312=FACE_BOUND('',#1214,.T.);
#1313=FACE_BOUND('',#1215,.T.);
#1314=FACE_BOUND('',#1216,.T.);
#1315=FACE_BOUND('',#1217,.T.);
#1316=FACE_BOUND('',#1218,.T.);
#1317=FACE_BOUND('',#1219,.T.);
#1318=FACE_BOUND('',#1220,.T.);
#1319=FACE_BOUND('',#1221,.T.);
#1320=FACE_BOUND('',#1222,.T.);
#1321=FACE_BOUND('',#1223,.T.);
#1322=FACE_BOUND('',#1224,.T.);
#1323=FACE_BOUND('',#1225,.T.);
#1324=FACE_BOUND('',#1226,.T.);
#1325=FACE_BOUND('',#1227,.T.);
#1326=FACE_BOUND('',#1228,.T.);
#1327=FACE_BOUND('',#1229,.T.);
#1328=FACE_BOUND('',#1230,.T.);
#1329=FACE_BOUND('',#1231,.T.);
#1330=FACE_BOUND('',#1232,.T.);
#1331=FACE_BOUND('',#1233,.T.);
#1332=FACE_BOUND('',#1234,.T.);
#1333=FACE_BOUND('',#1235,.T.);
#1334=FACE_BOUND('',#1236,.T.);
#1335=FACE_BOUND('',#1237,.T.);
#1336=FACE_BOUND('',#1238,.T.);
#1337=FACE_BOUND('',#1239,.T.);
#1338=FACE_BOUND('',#1240,.T.);
#1339=FACE_BOUND('',#1241,.T.);
#1340=FACE_BOUND('',#1242,.T.);
#1341=FACE_BOUND('',#1243,.T.);
#1342=FACE_BOUND('',#1244,.T.);
#1343=FACE_BOUND('',#1245,.T.);
#1344=FACE_BOUND('',#1246,.T.);
#1345=FACE_BOUND('',#1247,.T.);
#1346=FACE_BOUND('',#1248,.T.);
#1347=FACE_BOUND('',#1249,.T.);
#1348=FACE_BOUND('',#1250,.T.);
#1349=FACE_BOUND('',#1251,.T.);
#1350=FACE_BOUND('',#1252,.T.);
#1351=FACE_BOUND('',#1253,.T.);
#1352=FACE_BOUND('',#1254,.T.);
#1353=FACE_BOUND('',#1255,.T.);
#1354=FACE_BOUND('',#1256,.T.);
#1355=FACE_BOUND('',#1257,.T.);
#1356=FACE_BOUND('',#1258,.T.);
#1357=FACE_BOUND('',#1259,.T.);
#1358=FACE_BOUND('',#1260,.T.);
#1359=FACE_BOUND('',#1261,.T.);
#1360=FACE_BOUND('',#1262,.T.);
#1361=FACE_BOUND('',#1263,.T.);
#1362=FACE_BOUND('',#1264,.T.);
#1363=FACE_BOUND('',#1265,.T.);
#1364=FACE_BOUND('',#1266,.T.);
#1365=FACE_BOUND('',#1267,.T.);
#1366=FACE_BOUND('',#1268,.T.);
#1367=FACE_BOUND('',#1269,.T.);
#1368=FACE_BOUND('',#1270,.T.);
#1369=FACE_BOUND('',#1271,.T.);
#1370=FACE_BOUND('',#1272,.T.);
#1371=FACE_BOUND('',#1273,.T.);
#1372=FACE_BOUND('',#1274,.T.);
#1373=FACE_BOUND('',#1275,.T.);
#1374=FACE_BOUND('',#1276,.T.);
#1375=FACE_BOUND('',#1277,.T.);
#1376=FACE_BOUND('',#1278,.T.);
#1377=FACE_BOUND('',#1279,.T.);
#1378=FACE_BOUND('',#1280,.T.);
#1379=FACE_BOUND('',#1281,.T.);
#1380=FACE_BOUND('',#1282,.T.);
#1381=FACE_BOUND('',#1283,.T.);
#1382=FACE_BOUND('',#1284,.T.);
#1383=FACE_BOUND('',#1285,.T.);
#1384=FACE_BOUND('',#1286,.T.);
#1385=FACE_BOUND('',#1287,.T.);
#1386=FACE_BOUND('',#1288,.T.);
#1387=FACE_BOUND('',#1289,.T.);
#1388=FACE_BOUND('',#1290,.T.);
#1389=FACE_BOUND('',#1291,.T.);
#1390=FACE_BOUND('',#1292,.T.);
#1391=FACE_BOUND('',#1293,.T.);
#1392=FACE_BOUND('',#1294,.T.);
#1393=FACE_BOUND('',#1295,.T.);
#1394=FACE_BOUND('',#1296,.T.);
#1395=FACE_BOUND('',#1297,.T.);
#1396=FACE_BOUND('',#1298,.T.);
#1397=FACE_BOUND('',#1299,.T.);
#1398=FACE_BOUND('',#1300,.T.);
#1399=FACE_BOUND('',#1301,.T.);
#1400=FACE_BOUND('',#1302,.T.);
#1401=FACE_BOUND('',#1303,.T.);
#1402=FACE_BOUND('',#1304,.T.);
#1403=FACE_BOUND('',#1305,.T.);
#1404=PLANE('',#1569);
#1405=PLANE('',#1571);
#1406=PLANE('',#1576);
#1407=PLANE('',#1577);
#1408=PLANE('',#1578);
#1409=PLANE('',#1583);
#1410=PLANE('',#1584);
#1411=PLANE('',#1585);
#1412=PLANE('',#1586);
#1413=PLANE('',#1587);
#1414=PLANE('',#1588);
#1415=PLANE('',#1589);
#1416=PLANE('',#1590);
#1417=PLANE('',#1591);
#1418=PLANE('',#1592);
#1419=PLANE('',#1593);
#1420=PLANE('',#1594);
#1421=PLANE('',#1595);
#1422=PLANE('',#1596);
#1423=PLANE('',#1597);
#1424=PLANE('',#1598);
#1425=PLANE('',#1599);
#1426=PLANE('',#1600);
#1427=PLANE('',#1601);
#1428=PLANE('',#1602);
#1429=PLANE('',#1606);
#1430=PLANE('',#1607);
#1431=PLANE('',#1608);
#1432=PLANE('',#1609);
#1433=PLANE('',#1610);
#1434=PLANE('',#1611);
#1435=PLANE('',#1612);
#1436=PLANE('',#1613);
#1437=PLANE('',#1614);
#1438=PLANE('',#1615);
#1439=PLANE('',#1619);
#1440=PLANE('',#1620);
#1441=PLANE('',#1621);
#1442=PLANE('',#1622);
#1443=PLANE('',#1624);
#1444=PLANE('',#1625);
#1445=PLANE('',#1626);
#1446=PLANE('',#1627);
#1447=PLANE('',#1631);
#1448=PLANE('',#1632);
#1449=PLANE('',#1633);
#1450=PLANE('',#1634);
#1451=PLANE('',#1636);
#1452=PLANE('',#1637);
#1453=PLANE('',#1638);
#1454=PLANE('',#1639);
#1455=PLANE('',#1640);
#1456=PLANE('',#1642);
#1457=PLANE('',#1643);
#1458=PLANE('',#1644);
#1459=PLANE('',#1645);
#1460=PLANE('',#1646);
#1461=PLANE('',#1647);
#1462=PLANE('',#1648);
#1463=PLANE('',#1649);
#1464=PLANE('',#1650);
#1465=PLANE('',#1651);
#1466=PLANE('',#1652);
#1467=PLANE('',#1653);
#1468=ADVANCED_FACE('',(#1306,#1307),#1404,.F.);
#1469=ADVANCED_FACE('',(#1308),#1405,.F.);
#1470=ADVANCED_FACE('',(#1309),#31,.F.);
#1471=ADVANCED_FACE('',(#1310),#1406,.F.);
#1472=ADVANCED_FACE('',(#1311),#1407,.T.);
#1473=ADVANCED_FACE('',(#1312),#1408,.F.);
#1474=ADVANCED_FACE('',(#1313),#32,.F.);
#1475=ADVANCED_FACE('',(#1314),#1409,.F.);
#1476=ADVANCED_FACE('',(#1315),#1410,.F.);
#1477=ADVANCED_FACE('',(#1316),#1411,.T.);
#1478=ADVANCED_FACE('',(#1317),#1412,.F.);
#1479=ADVANCED_FACE('',(#1318),#1413,.F.);
#1480=ADVANCED_FACE('',(#1319),#1414,.T.);
#1481=ADVANCED_FACE('',(#1320),#1415,.T.);
#1482=ADVANCED_FACE('',(#1321),#1416,.F.);
#1483=ADVANCED_FACE('',(#1322),#1417,.F.);
#1484=ADVANCED_FACE('',(#1323),#1418,.F.);
#1485=ADVANCED_FACE('',(#1324),#15,.T.);
#1486=ADVANCED_FACE('',(#1325),#1419,.T.);
#1487=ADVANCED_FACE('',(#1326),#16,.T.);
#1488=ADVANCED_FACE('',(#1327),#1420,.T.);
#1489=ADVANCED_FACE('',(#1328),#1421,.F.);
#1490=ADVANCED_FACE('',(#1329),#1422,.T.);
#1491=ADVANCED_FACE('',(#1330),#1423,.F.);
#1492=ADVANCED_FACE('',(#1331),#1424,.T.);
#1493=ADVANCED_FACE('',(#1332),#1425,.F.);
#1494=ADVANCED_FACE('',(#1333),#17,.T.);
#1495=ADVANCED_FACE('',(#1334),#1426,.T.);
#1496=ADVANCED_FACE('',(#1335),#18,.T.);
#1497=ADVANCED_FACE('',(#1336),#1427,.T.);
#1498=ADVANCED_FACE('',(#1337),#1428,.T.);
#1499=ADVANCED_FACE('',(#1338,#1339),#33,.F.);
#1500=ADVANCED_FACE('',(#1340),#1429,.F.);
#1501=ADVANCED_FACE('',(#1341),#1430,.T.);
#1502=ADVANCED_FACE('',(#1342),#1431,.F.);
#1503=ADVANCED_FACE('',(#1343),#1432,.F.);
#1504=ADVANCED_FACE('',(#1344),#1433,.T.);
#1505=ADVANCED_FACE('',(#1345),#1434,.F.);
#1506=ADVANCED_FACE('',(#1346),#1435,.F.);
#1507=ADVANCED_FACE('',(#1347),#1436,.F.);
#1508=ADVANCED_FACE('',(#1348),#1437,.T.);
#1509=ADVANCED_FACE('',(#1349),#19,.T.);
#1510=ADVANCED_FACE('',(#1350),#1438,.T.);
#1511=ADVANCED_FACE('',(#1351,#1352),#12,.F.);
#1512=ADVANCED_FACE('',(#1353),#1439,.F.);
#1513=ADVANCED_FACE('',(#1354),#1440,.F.);
#1514=ADVANCED_FACE('',(#1355),#1441,.F.);
#1515=ADVANCED_FACE('',(#1356),#20,.F.);
#1516=ADVANCED_FACE('',(#1357),#21,.F.);
#1517=ADVANCED_FACE('',(#1358),#22,.F.);
#1518=ADVANCED_FACE('',(#1359),#23,.F.);
#1519=ADVANCED_FACE('',(#1360,#1361),#1442,.T.);
#1520=ADVANCED_FACE('',(#1362),#1443,.F.);
#1521=ADVANCED_FACE('',(#1363),#1444,.F.);
#1522=ADVANCED_FACE('',(#1364),#1445,.T.);
#1523=ADVANCED_FACE('',(#1365),#1446,.T.);
#1524=ADVANCED_FACE('',(#1366),#24,.F.);
#1525=ADVANCED_FACE('',(#1367,#1368),#13,.F.);
#1526=ADVANCED_FACE('',(#1369,#1370),#1447,.T.);
#1527=ADVANCED_FACE('',(#1371),#1448,.T.);
#1528=ADVANCED_FACE('',(#1372),#1449,.T.);
#1529=ADVANCED_FACE('',(#1373),#25,.F.);
#1530=ADVANCED_FACE('',(#1374),#26,.F.);
#1531=ADVANCED_FACE('',(#1375),#27,.F.);
#1532=ADVANCED_FACE('',(#1376),#28,.F.);
#1533=ADVANCED_FACE('',(#1377),#1450,.F.);
#1534=ADVANCED_FACE('',(#1378,#1379),#34,.F.);
#1535=ADVANCED_FACE('',(#1380),#1451,.F.);
#1536=ADVANCED_FACE('',(#1381),#1452,.T.);
#1537=ADVANCED_FACE('',(#1382),#1453,.T.);
#1538=ADVANCED_FACE('',(#1383),#1454,.F.);
#1539=ADVANCED_FACE('',(#1384),#1455,.F.);
#1540=ADVANCED_FACE('',(#1385,#1386),#14,.F.);
#1541=ADVANCED_FACE('',(#1387),#1456,.T.);
#1542=ADVANCED_FACE('',(#1388),#1457,.F.);
#1543=ADVANCED_FACE('',(#1389),#1458,.F.);
#1544=ADVANCED_FACE('',(#1390),#1459,.F.);
#1545=ADVANCED_FACE('',(#1391),#1460,.F.);
#1546=ADVANCED_FACE('',(#1392),#1461,.T.);
#1547=ADVANCED_FACE('',(#1393,#1394),#1462,.F.);
#1548=ADVANCED_FACE('',(#1395),#29,.T.);
#1549=ADVANCED_FACE('',(#1396),#30,.T.);
#1550=ADVANCED_FACE('',(#1397),#1463,.F.);
#1551=ADVANCED_FACE('',(#1398),#1464,.T.);
#1552=ADVANCED_FACE('',(#1399),#1465,.F.);
#1553=ADVANCED_FACE('',(#1400),#1466,.F.);
#1554=ADVANCED_FACE('',(#1401),#1467,.F.);
#1555=ADVANCED_FACE('',(#1402,#1403),#35,.F.);
#1556=CLOSED_SHELL('',(#1468,#1469,#1470,#1471,#1472,#1473,#1474,#1475,
#1476,#1477,#1478,#1479,#1480,#1481,#1482,#1483,#1484,#1485,#1486,#1487,
#1488,#1489,#1490,#1491,#1492,#1493,#1494,#1495,#1496,#1497,#1498,#1499,
#1500,#1501,#1502,#1503,#1504,#1505,#1506,#1507,#1508,#1509,#1510,#1511,
#1512,#1513,#1514,#1515,#1516,#1517,#1518,#1519,#1520,#1521,#1522,#1523,
#1524,#1525,#1526,#1527,#1528,#1529,#1530,#1531,#1532,#1533,#1534,#1535,
#1536,#1537,#1538,#1539,#1540,#1541,#1542,#1543,#1544,#1545,#1546,#1547,
#1548,#1549,#1550,#1551,#1552,#1553,#1554,#1555));
#1557=STYLED_ITEM('',(#1558),#1565);
#1558=PRESENTATION_STYLE_ASSIGNMENT((#1559));
#1559=SURFACE_STYLE_USAGE(.BOTH.,#1560);
#1560=SURFACE_SIDE_STYLE('',(#1561));
#1561=SURFACE_STYLE_FILL_AREA(#1562);
#1562=FILL_AREA_STYLE('',(#1563));
#1563=FILL_AREA_STYLE_COLOUR('',#1564);
#1564=COLOUR_RGB('',0.43921568627451,0.474509803921569,0.501960784313726);
#1565=MANIFOLD_SOLID_BREP('Extrusion_Mount_B',#1556);
#1566=SHAPE_DEFINITION_REPRESENTATION(#2904,#1567);
#1567=SHAPE_REPRESENTATION('Extrusion_Mount_B',(#1568),#2899);
#1568=AXIS2_PLACEMENT_3D('',#2001,#1655,#1656);
#1569=AXIS2_PLACEMENT_3D('',#2002,#1657,#1658);
#1570=AXIS2_PLACEMENT_3D('',#2023,#1664,#1665);
#1571=AXIS2_PLACEMENT_3D('',#2025,#1666,#1667);
#1572=AXIS2_PLACEMENT_3D('',#2036,#1673,#1674);
#1573=AXIS2_PLACEMENT_3D('',#2043,#1675,#1676);
#1574=AXIS2_PLACEMENT_3D('',#2045,#1677,#1678);
#1575=AXIS2_PLACEMENT_3D('',#2047,#1679,#1680);
#1576=AXIS2_PLACEMENT_3D('',#2048,#1681,#1682);
#1577=AXIS2_PLACEMENT_3D('',#2057,#1687,#1688);
#1578=AXIS2_PLACEMENT_3D('',#2066,#1693,#1694);
#1579=AXIS2_PLACEMENT_3D('',#2072,#1698,#1699);
#1580=AXIS2_PLACEMENT_3D('',#2073,#1700,#1701);
#1581=AXIS2_PLACEMENT_3D('',#2076,#1702,#1703);
#1582=AXIS2_PLACEMENT_3D('',#2080,#1705,#1706);
#1583=AXIS2_PLACEMENT_3D('',#2081,#1707,#1708);
#1584=AXIS2_PLACEMENT_3D('',#2087,#1712,#1713);
#1585=AXIS2_PLACEMENT_3D('',#2096,#1718,#1719);
#1586=AXIS2_PLACEMENT_3D('',#2102,#1723,#1724);
#1587=AXIS2_PLACEMENT_3D('',#2108,#1728,#1729);
#1588=AXIS2_PLACEMENT_3D('',#2114,#1733,#1734);
#1589=AXIS2_PLACEMENT_3D('',#2120,#1738,#1739);
#1590=AXIS2_PLACEMENT_3D('',#2126,#1743,#1744);
#1591=AXIS2_PLACEMENT_3D('',#2132,#1748,#1749);
#1592=AXIS2_PLACEMENT_3D('',#2135,#1752,#1753);
#1593=AXIS2_PLACEMENT_3D('',#2191,#1759,#1760);
#1594=AXIS2_PLACEMENT_3D('',#2228,#1765,#1766);
#1595=AXIS2_PLACEMENT_3D('',#2234,#1770,#1771);
#1596=AXIS2_PLACEMENT_3D('',#2243,#1776,#1777);
#1597=AXIS2_PLACEMENT_3D('',#2256,#1784,#1785);
#1598=AXIS2_PLACEMENT_3D('',#2264,#1790,#1791);
#1599=AXIS2_PLACEMENT_3D('',#2273,#1796,#1797);
#1600=AXIS2_PLACEMENT_3D('',#2326,#1802,#1803);
#1601=AXIS2_PLACEMENT_3D('',#2363,#1808,#1809);
#1602=AXIS2_PLACEMENT_3D('',#2369,#1813,#1814);
#1603=AXIS2_PLACEMENT_3D('',#2377,#1819,#1820);
#1604=AXIS2_PLACEMENT_3D('',#2378,#1821,#1822);
#1605=AXIS2_PLACEMENT_3D('',#2380,#1823,#1824);
#1606=AXIS2_PLACEMENT_3D('',#2382,#1825,#1826);
#1607=AXIS2_PLACEMENT_3D('',#2391,#1831,#1832);
#1608=AXIS2_PLACEMENT_3D('',#2395,#1836,#1837);
#1609=AXIS2_PLACEMENT_3D('',#2402,#1842,#1843);
#1610=AXIS2_PLACEMENT_3D('',#2408,#1847,#1848);
#1611=AXIS2_PLACEMENT_3D('',#2413,#1852,#1853);
#1612=AXIS2_PLACEMENT_3D('',#2421,#1858,#1859);
#1613=AXIS2_PLACEMENT_3D('',#2426,#1863,#1864);
#1614=AXIS2_PLACEMENT_3D('',#2430,#1867,#1868);
#1615=AXIS2_PLACEMENT_3D('',#2445,#1874,#1875);
#1616=AXIS2_PLACEMENT_3D('',#2447,#1877,#1878);
#1617=AXIS2_PLACEMENT_3D('',#2448,#1879,#1880);
#1618=AXIS2_PLACEMENT_3D('',#2450,#1881,#1882);
#1619=AXIS2_PLACEMENT_3D('',#2452,#1883,#1884);
#1620=AXIS2_PLACEMENT_3D('',#2470,#1889,#1890);
#1621=AXIS2_PLACEMENT_3D('',#2480,#1897,#1898);
#1622=AXIS2_PLACEMENT_3D('',#2593,#1904,#1905);
#1623=AXIS2_PLACEMENT_3D('',#2594,#1906,#1907);
#1624=AXIS2_PLACEMENT_3D('',#2632,#1910,#1911);
#1625=AXIS2_PLACEMENT_3D('',#2636,#1915,#1916);
#1626=AXIS2_PLACEMENT_3D('',#2637,#1917,#1918);
#1627=AXIS2_PLACEMENT_3D('',#2640,#1921,#1922);
#1628=AXIS2_PLACEMENT_3D('',#2650,#1924,#1925);
#1629=AXIS2_PLACEMENT_3D('',#2651,#1926,#1927);
#1630=AXIS2_PLACEMENT_3D('',#2653,#1928,#1929);
#1631=AXIS2_PLACEMENT_3D('',#2655,#1930,#1931);
#1632=AXIS2_PLACEMENT_3D('',#2656,#1932,#1933);
#1633=AXIS2_PLACEMENT_3D('',#2658,#1935,#1936);
#1634=AXIS2_PLACEMENT_3D('',#2809,#1943,#1944);
#1635=AXIS2_PLACEMENT_3D('',#2811,#1946,#1947);
#1636=AXIS2_PLACEMENT_3D('',#2812,#1948,#1949);
#1637=AXIS2_PLACEMENT_3D('',#2815,#1952,#1953);
#1638=AXIS2_PLACEMENT_3D('',#2818,#1956,#1957);
#1639=AXIS2_PLACEMENT_3D('',#2820,#1959,#1960);
#1640=AXIS2_PLACEMENT_3D('',#2821,#1961,#1962);
#1641=AXIS2_PLACEMENT_3D('',#2824,#1965,#1966);
#1642=AXIS2_PLACEMENT_3D('',#2825,#1967,#1968);
#1643=AXIS2_PLACEMENT_3D('',#2827,#1970,#1971);
#1644=AXIS2_PLACEMENT_3D('',#2829,#1973,#1974);
#1645=AXIS2_PLACEMENT_3D('',#2831,#1976,#1977);
#1646=AXIS2_PLACEMENT_3D('',#2833,#1979,#1980);
#1647=AXIS2_PLACEMENT_3D('',#2834,#1981,#1982);
#1648=AXIS2_PLACEMENT_3D('',#2835,#1983,#1984);
#1649=AXIS2_PLACEMENT_3D('',#2888,#1985,#1986);
#1650=AXIS2_PLACEMENT_3D('',#2890,#1988,#1989);
#1651=AXIS2_PLACEMENT_3D('',#2892,#1991,#1992);
#1652=AXIS2_PLACEMENT_3D('',#2894,#1994,#1995);
#1653=AXIS2_PLACEMENT_3D('',#2896,#1997,#1998);
#1654=AXIS2_PLACEMENT_3D('',#2897,#1999,#2000);
#1655=DIRECTION('',(0.,0.,1.));
#1656=DIRECTION('',(1.,0.,0.));
#1657=DIRECTION('',(0.,0.,1.));
#1658=DIRECTION('',(1.,0.,0.));
#1659=DIRECTION('',(-0.979398347690075,-0.201937803647438,0.));
#1660=DIRECTION('',(-1.,0.,0.));
#1661=DIRECTION('',(0.,1.,0.));
#1662=DIRECTION('',(1.,0.,0.));
#1663=DIRECTION('',(-1.,0.,0.));
#1664=DIRECTION('',(0.,0.,1.));
#1665=DIRECTION('',(1.,0.,0.));
#1666=DIRECTION('',(0.707106781186548,0.707106781186548,0.));
#1667=DIRECTION('',(0.,0.,-1.));
#1668=DIRECTION('',(-0.577350269189626,0.577350269189626,0.577350269189626));
#1669=DIRECTION('',(-0.577350269189626,0.577350269189626,-0.577350269189626));
#1670=DIRECTION('',(0.,0.,-1.));
#1671=DIRECTION('',(-0.577350269189612,0.577350269189633,-0.577350269189633));
#1672=DIRECTION('',(0.,0.,1.));
#1673=DIRECTION('',(-1.,0.,0.));
#1674=DIRECTION('',(0.,0.,1.));
#1675=DIRECTION('',(1.,0.,0.));
#1676=DIRECTION('',(0.,0.,-1.));
#1677=DIRECTION('',(5.0211248147451E-13,-1.,4.19018244231279E-13));
#1678=DIRECTION('',(0.772804317789522,6.54087695418144E-13,0.634644377904565));
#1679=DIRECTION('',(1.,0.,0.));
#1680=DIRECTION('',(0.,0.,-1.));
#1681=DIRECTION('',(0.707106781186548,0.,-0.707106781186548));
#1682=DIRECTION('',(0.,-1.,0.));
#1683=DIRECTION('',(-0.577350269189612,-0.577350269189633,-0.577350269189633));
#1684=DIRECTION('',(0.,1.,0.));
#1685=DIRECTION('',(-0.577350269189611,-0.577350269189636,-0.577350269189631));
#1686=DIRECTION('',(0.,-1.,0.));
#1687=DIRECTION('',(-0.707106781186548,0.,-0.707106781186548));
#1688=DIRECTION('',(0.,-1.,0.));
#1689=DIRECTION('',(-0.577350269189626,0.577350269189626,0.577350269189626));
#1690=DIRECTION('',(0.,-1.,0.));
#1691=DIRECTION('',(0.577350269189626,0.577350269189626,-0.577350269189626));
#1692=DIRECTION('',(0.,1.,0.));
#1693=DIRECTION('',(0.707106781186548,0.707106781186548,0.));
#1694=DIRECTION('',(0.,0.,-1.));
#1695=DIRECTION('',(0.577350269189626,-0.577350269189626,-0.577350269189626));
#1696=DIRECTION('',(0.,0.,1.));
#1697=DIRECTION('',(0.,0.,-1.));
#1698=DIRECTION('',(-1.,0.,0.));
#1699=DIRECTION('',(0.,0.,1.));
#1700=DIRECTION('',(-5.58030129603763E-13,1.,-4.6568212056404E-13));
#1701=DIRECTION('',(0.762700998256562,7.26647262904416E-13,0.646751256093441));
#1702=DIRECTION('',(1.,0.,0.));
#1703=DIRECTION('',(0.,0.,-1.));
#1704=DIRECTION('',(0.707106781186544,0.485492765857277,0.514098020128707));
#1705=DIRECTION('',(1.,0.,0.));
#1706=DIRECTION('',(0.,0.,-1.));
#1707=DIRECTION('',(0.707106781186546,-0.485492765857257,-0.514098020128723));
#1708=DIRECTION('',(0.,0.727044392455195,-0.686590453909356));
#1709=DIRECTION('',(-0.67638251441424,-0.67638251441424,-0.291570554736485));
#1710=DIRECTION('',(0.,-0.727044392455195,0.686590453909356));
#1711=DIRECTION('',(0.,0.727044392455195,-0.686590453909356));
#1712=DIRECTION('',(0.707106781186548,-0.707106781186548,0.));
#1713=DIRECTION('',(0.,0.,-1.));
#1714=DIRECTION('',(-0.680186824806486,-0.680186824806463,-0.273297944960025));
#1715=DIRECTION('',(0.,0.,1.));
#1716=DIRECTION('',(-0.680186824806477,-0.680186824806453,0.273297944960073));
#1717=DIRECTION('',(0.,0.,-1.));
#1718=DIRECTION('',(-0.707106781186541,0.510529282850226,-0.489244163329971));
#1719=DIRECTION('',(0.,-0.691895731093116,-0.721997435795393));
#1720=DIRECTION('',(-0.67695855951994,-0.288884436038718,0.676958559519916));
#1721=DIRECTION('',(0.,-0.691895731093116,-0.721997435795393));
#1722=DIRECTION('',(0.,0.691895731093116,0.721997435795393));
#1723=DIRECTION('',(0.707106781186523,-0.510529282850239,-0.489244163329983));
#1724=DIRECTION('',(0.,0.691895731093116,-0.721997435795393));
#1725=DIRECTION('',(-0.676958559519949,-0.288884436038674,-0.676958559519926));
#1726=DIRECTION('',(0.,-0.691895731093116,0.721997435795393));
#1727=DIRECTION('',(0.,0.691895731093116,-0.721997435795393));
#1728=DIRECTION('',(0.707106781186548,0.,0.707106781186548));
#1729=DIRECTION('',(0.,-1.,0.));
#1730=DIRECTION('',(-0.678598344545863,0.281084637714799,0.67859834454584));
#1731=DIRECTION('',(0.,-1.,0.));
#1732=DIRECTION('',(0.,1.,0.));
#1733=DIRECTION('',(-0.707106781186548,0.,0.707106781186548));
#1734=DIRECTION('',(0.,1.,0.));
#1735=DIRECTION('',(-0.678598344545857,0.281084637714831,-0.678598344545833));
#1736=DIRECTION('',(0.,-1.,0.));
#1737=DIRECTION('',(0.,1.,0.));
#1738=DIRECTION('',(-0.707106781186529,-0.500000000000011,-0.500000000000015));
#1739=DIRECTION('',(0.,0.707106781186551,-0.707106781186545));
#1740=DIRECTION('',(-0.678598344545869,0.678598344545822,0.281084637714829));
#1741=DIRECTION('',(0.,-0.707106781186551,0.707106781186545));
#1742=DIRECTION('',(0.,-0.707106781186551,0.707106781186545));
#1743=DIRECTION('',(0.707106781186544,0.5,-0.5));
#1744=DIRECTION('',(0.,0.707106781186548,0.707106781186548));
#1745=DIRECTION('',(0.678598344545863,-0.678598344545816,0.281084637714857));
#1746=DIRECTION('',(0.,-0.707106781186548,-0.707106781186548));
#1747=DIRECTION('',(0.,0.707106781186548,0.707106781186548));
#1748=DIRECTION('',(0.707106781186548,0.707106781186548,0.));
#1749=DIRECTION('',(0.,0.,1.));
#1750=DIRECTION('',(0.,0.,-1.));
#1751=DIRECTION('',(0.,0.,1.));
#1752=DIRECTION('',(0.707106781186548,0.707106781186548,0.));
#1753=DIRECTION('',(0.,0.,1.));
#1754=DIRECTION('',(-0.577350269189612,0.577350269189633,0.577350269189633));
#1755=DIRECTION('',(0.,0.,-1.));
#1756=DIRECTION('',(-0.707106781186548,0.707106781186548,0.));
#1757=DIRECTION('',(0.,0.,1.));
#1758=DIRECTION('',(0.707106781186548,0.,0.707106781186548));
#1759=DIRECTION('',(-0.707106781186548,0.,0.707106781186548));
#1760=DIRECTION('',(0.,1.,0.));
#1761=DIRECTION('',(-0.707106781186548,0.,-0.707106781186548));
#1762=DIRECTION('',(0.,1.,0.));
#1763=DIRECTION('',(0.,-1.,0.));
#1764=DIRECTION('',(0.707106781186746,0.499999999999823,0.499999999999896));
#1765=DIRECTION('',(-0.707106781186551,0.5,0.5));
#1766=DIRECTION('',(0.,0.707106781186548,-0.707106781186548));
#1767=DIRECTION('',(0.577350269189619,0.,0.816496580927731));
#1768=DIRECTION('',(0.,0.707106781186548,-0.707106781186548));
#1769=DIRECTION('',(0.,-0.707106781186548,0.707106781186548));
#1770=DIRECTION('',(0.707106781186548,0.707106781186548,0.));
#1771=DIRECTION('',(0.,0.,-1.));
#1772=DIRECTION('',(-0.707106781186535,0.70710678118656,0.));
#1773=DIRECTION('',(0.,0.,1.));
#1774=DIRECTION('',(0.577350269189612,-0.577350269189633,0.577350269189633));
#1775=DIRECTION('',(0.,0.,-1.));
#1776=DIRECTION('',(-0.707106781186548,0.707106781186548,0.));
#1777=DIRECTION('',(0.,0.,1.));
#1778=DIRECTION('',(0.,0.,1.));
#1779=DIRECTION('',(-0.577350269189626,-0.577350269189626,-0.577350269189626));
#1780=DIRECTION('',(0.577350269189626,0.577350269189626,-0.577350269189626));
#1781=DIRECTION('',(0.,0.,-1.));
#1782=DIRECTION('',(-0.707106781186535,-0.70710678118656,0.));
#1783=DIRECTION('',(-0.56898094377044,-0.56898094377046,-0.593735101920189));
#1784=DIRECTION('',(0.707106781186548,0.,-0.707106781186548));
#1785=DIRECTION('',(0.,-1.,0.));
#1786=DIRECTION('',(-0.566019551551876,0.599369447437911,-0.566019551551876));
#1787=DIRECTION('',(0.,1.,0.));
#1788=DIRECTION('',(-0.577350269189626,-0.577350269189626,-0.577350269189626));
#1789=DIRECTION('',(0.,-1.,0.));
#1790=DIRECTION('',(0.707106781186551,-0.5,-0.5));
#1791=DIRECTION('',(0.,0.707106781186548,-0.707106781186548));
#1792=DIRECTION('',(-0.577350269189619,0.,-0.816496580927731));
#1793=DIRECTION('',(0.,0.707106781186548,-0.707106781186548));
#1794=DIRECTION('',(-0.678598344545838,-0.678598344545861,-0.28108463771481));
#1795=DIRECTION('',(0.,-0.707106781186548,0.707106781186548));
#1796=DIRECTION('',(-0.707106781186548,0.707106781186548,0.));
#1797=DIRECTION('',(0.,0.,1.));
#1798=DIRECTION('',(-0.707106781186548,-0.707106781186548,0.));
#1799=DIRECTION('',(0.,0.,1.));
#1800=DIRECTION('',(0.,0.,-1.));
#1801=DIRECTION('',(0.707106781186548,0.,-0.707106781186548));
#1802=DIRECTION('',(0.707106781186548,0.,0.707106781186548));
#1803=DIRECTION('',(0.,1.,0.));
#1804=DIRECTION('',(-0.707106781186032,0.,0.707106781187063));
#1805=DIRECTION('',(0.,1.,0.));
#1806=DIRECTION('',(0.,-1.,0.));
#1807=DIRECTION('',(0.707106781186257,-0.500000000000205,-0.500000000000205));
#1808=DIRECTION('',(0.707106781186561,0.49999999999999,0.49999999999999));
#1809=DIRECTION('',(0.,0.707106781186548,-0.707106781186548));
#1810=DIRECTION('',(0.678598344545834,-0.678598344545857,-0.281084637714829));
#1811=DIRECTION('',(0.,0.707106781186548,-0.707106781186548));
#1812=DIRECTION('',(0.,-0.707106781186548,0.707106781186548));
#1813=DIRECTION('',(0.707106781186548,0.707106781186548,0.));
#1814=DIRECTION('',(0.,0.,-1.));
#1815=DIRECTION('',(0.568980943770433,-0.568980943770453,0.593735101920202));
#1816=DIRECTION('',(0.,0.,-1.));
#1817=DIRECTION('',(0.,0.,1.));
#1818=DIRECTION('',(0.707106781186535,-0.70710678118656,0.));
#1819=DIRECTION('',(1.,0.,0.));
#1820=DIRECTION('',(0.,0.,-1.));
#1821=DIRECTION('',(-1.,0.,0.));
#1822=DIRECTION('',(0.,0.,1.));
#1823=DIRECTION('',(-1.,0.,0.));
#1824=DIRECTION('',(0.,0.,1.));
#1825=DIRECTION('',(-0.142791590337022,0.692539213134557,-0.707106781186542));
#1826=DIRECTION('',(-0.979398347690075,-0.201937803647438,0.));
#1827=DIRECTION('',(0.980213693689945,0.,-0.197942200408893));
#1828=DIRECTION('',(-0.979398347690075,-0.201937803647438,0.));
#1829=DIRECTION('',(0.980213693689945,0.,-0.197942200408893));
#1830=DIRECTION('',(0.979398347690075,0.201937803647438,0.));
#1831=DIRECTION('',(0.,-0.707106781186548,-0.707106781186548));
#1832=DIRECTION('',(-1.,0.,0.));
#1833=DIRECTION('',(0.,0.707106781186548,-0.707106781186548));
#1834=DIRECTION('',(1.,0.,0.));
#1835=DIRECTION('',(-1.,0.,0.));
#1836=DIRECTION('',(0.,1.,0.));
#1837=DIRECTION('',(0.,0.,-1.));
#1838=DIRECTION('',(1.,0.,0.));
#1839=DIRECTION('',(0.,0.,-1.));
#1840=DIRECTION('',(-1.,0.,0.));
#1841=DIRECTION('',(0.,0.,1.));
#1842=DIRECTION('',(0.,0.707106781186548,0.707106781186548));
#1843=DIRECTION('',(1.,0.,0.));
#1844=DIRECTION('',(-1.,0.,0.));
#1845=DIRECTION('',(1.,0.,0.));
#1846=DIRECTION('',(0.,0.707106781186551,-0.707106781186545));
#1847=DIRECTION('',(0.,-0.707106781186548,0.707106781186548));
#1848=DIRECTION('',(1.,0.,0.));
#1849=DIRECTION('',(-1.,0.,0.));
#1850=DIRECTION('',(1.,0.,0.));
#1851=DIRECTION('',(0.,0.707106781186548,0.707106781186548));
#1852=DIRECTION('',(0.,0.707106781186548,-0.707106781186548));
#1853=DIRECTION('',(-1.,0.,0.));
#1854=DIRECTION('',(-1.,0.,0.));
#1855=DIRECTION('',(0.,0.707106781186551,0.707106781186545));
#1856=DIRECTION('',(1.,0.,0.));
#1857=DIRECTION('',(0.,-0.707106781186551,-0.707106781186545));
#1858=DIRECTION('',(0.,0.707106781186548,-0.707106781186548));
#1859=DIRECTION('',(1.,0.,0.));
#1860=DIRECTION('',(-1.,0.,0.));
#1861=DIRECTION('',(1.,0.,0.));
#1862=DIRECTION('',(0.,0.707106781186548,0.707106781186548));
#1863=DIRECTION('',(1.,0.,0.));
#1864=DIRECTION('',(0.,0.,-1.));
#1865=DIRECTION('',(0.,0.727044392455195,-0.686590453909356));
#1866=DIRECTION('',(0.,0.,1.));
#1867=DIRECTION('',(0.,0.,-1.));
#1868=DIRECTION('',(-1.,0.,0.));
#1869=DIRECTION('',(1.,0.,0.));
#1870=DIRECTION('',(0.707106781186548,0.707106781186548,0.));
#1871=DIRECTION('',(0.,-1.,0.));
#1872=DIRECTION('',(1.,0.,0.));
#1873=DIRECTION('',(1.,0.,0.));
#1874=DIRECTION('',(0.,-1.,0.));
#1875=DIRECTION('',(0.,0.,1.));
#1876=DIRECTION('',(0.,0.,-1.));
#1877=DIRECTION('',(0.,0.,1.));
#1878=DIRECTION('',(1.,0.,0.));
#1879=DIRECTION('',(0.,0.,-1.));
#1880=DIRECTION('',(1.,0.,0.));
#1881=DIRECTION('',(0.,0.,1.));
#1882=DIRECTION('',(-1.,0.,0.));
#1883=DIRECTION('',(0.,1.,0.));
#1884=DIRECTION('',(0.,0.,-1.));
#1885=DIRECTION('',(0.,0.,-1.));
#1886=DIRECTION('',(1.,0.,0.));
#1887=DIRECTION('',(1.,0.,0.));
#1888=DIRECTION('',(1.,0.,0.));
#1889=DIRECTION('',(1.,0.,0.));
#1890=DIRECTION('',(0.,0.,-1.));
#1891=DIRECTION('',(0.,0.,1.));
#1892=DIRECTION('',(0.,0.727044392455195,-0.686590453909356));
#1893=DIRECTION('',(0.,-1.,0.));
#1894=DIRECTION('',(0.,0.,1.));
#1895=DIRECTION('',(0.,0.691895731093116,-0.721997435795393));
#1896=DIRECTION('',(0.,-1.,0.));
#1897=DIRECTION('',(0.,0.,-1.));
#1898=DIRECTION('',(1.,0.,0.));
#1899=DIRECTION('',(1.,0.,0.));
#1900=DIRECTION('',(0.,-1.,0.));
#1901=DIRECTION('',(0.,0.,-1.));
#1902=DIRECTION('',(0.,-1.84731295481962E-14,1.));
#1903=DIRECTION('',(0.,0.,1.));
#1904=DIRECTION('',(0.,0.,1.));
#1905=DIRECTION('',(1.,0.,0.));
#1906=DIRECTION('',(0.,0.,-1.));
#1907=DIRECTION('',(1.,0.,0.));
#1908=DIRECTION('',(-1.,0.,0.));
#1909=DIRECTION('',(-1.,0.,0.));
#1910=DIRECTION('',(0.,-0.686590453909356,-0.727044392455195));
#1911=DIRECTION('',(0.,-0.727044392455195,0.686590453909356));
#1912=DIRECTION('',(-1.,0.,0.));
#1913=DIRECTION('',(-1.,0.,0.));
#1914=DIRECTION('',(-0.588050898669934,-0.588050898669934,0.555330785340562));
#1915=DIRECTION('',(0.,0.,-1.));
#1916=DIRECTION('',(-1.,0.,0.));
#1917=DIRECTION('',(0.,0.707106781186548,0.707106781186548));
#1918=DIRECTION('',(1.,0.,0.));
#1919=DIRECTION('',(-1.,3.77302356024943E-13,-3.77302356024943E-13));
#1920=DIRECTION('',(-1.,0.,0.));
#1921=DIRECTION('',(0.,0.,1.));
#1922=DIRECTION('',(1.,0.,0.));
#1923=DIRECTION('',(1.,-3.74049749507492E-13,0.));
#1924=DIRECTION('',(0.,0.,-1.));
#1925=DIRECTION('',(-1.,0.,0.));
#1926=DIRECTION('',(0.,0.,1.));
#1927=DIRECTION('',(1.,0.,0.));
#1928=DIRECTION('',(0.,0.,1.));
#1929=DIRECTION('',(-1.,0.,0.));
#1930=DIRECTION('',(0.,0.,-1.));
#1931=DIRECTION('',(1.,0.,0.));
#1932=DIRECTION('',(0.,0.721997435795405,0.691895731093103));
#1933=DIRECTION('',(1.,0.,0.));
#1934=DIRECTION('',(-1.,0.,0.));
#1935=DIRECTION('',(0.,-0.707106781186548,0.707106781186548));
#1936=DIRECTION('',(-1.,0.,0.));
#1937=DIRECTION('',(0.,-0.707106781186546,-0.707106781186549));
#1938=DIRECTION('',(0.,0.707106781186544,0.707106781186551));
#1939=DIRECTION('',(0.707106950379474,-0.000202660774775213,0.707106582951714));
#1940=DIRECTION('',(0.707106942690915,0.000196963110464532,-0.707106592250306));
#1941=DIRECTION('',(0.,0.707106781186548,-0.707106781186548));
#1942=DIRECTION('',(0.,-0.707106781186548,0.707106781186548));
#1943=DIRECTION('',(0.,-0.707106781186548,-0.707106781186548));
#1944=DIRECTION('',(1.,0.,0.));
#1945=DIRECTION('',(1.,0.,0.));
#1946=DIRECTION('',(0.,0.,1.));
#1947=DIRECTION('',(1.,0.,0.));
#1948=DIRECTION('',(0.,-0.721997435795393,0.691895731093116));
#1949=DIRECTION('',(1.,0.,0.));
#1950=DIRECTION('',(-1.,0.,0.));
#1951=DIRECTION('',(1.,0.,0.));
#1952=DIRECTION('',(0.,1.,0.));
#1953=DIRECTION('',(0.,0.,-1.));
#1954=DIRECTION('',(-1.,0.,0.));
#1955=DIRECTION('',(-1.,0.,0.));
#1956=DIRECTION('',(0.,0.721997435795393,0.691895731093116));
#1957=DIRECTION('',(-1.,0.,0.));
#1958=DIRECTION('',(1.,0.,0.));
#1959=DIRECTION('',(0.,0.,-1.));
#1960=DIRECTION('',(-1.,0.,0.));
#1961=DIRECTION('',(0.,1.,0.));
#1962=DIRECTION('',(0.,0.,-1.));
#1963=DIRECTION('',(0.,0.,-1.));
#1964=DIRECTION('',(-1.,0.,0.));
#1965=DIRECTION('',(-1.,0.,0.));
#1966=DIRECTION('',(0.,0.,1.));
#1967=DIRECTION('',(0.,0.,-1.));
#1968=DIRECTION('',(-1.,0.,0.));
#1969=DIRECTION('',(0.,-1.,0.));
#1970=DIRECTION('',(-0.201937803647438,0.979398347690075,0.));
#1971=DIRECTION('',(0.979398347690075,0.201937803647438,0.));
#1972=DIRECTION('',(0.979398347690075,0.201937803647438,0.));
#1973=DIRECTION('',(0.707106781186548,-0.707106781186548,0.));
#1974=DIRECTION('',(0.,0.,-1.));
#1975=DIRECTION('',(0.,0.,1.));
#1976=DIRECTION('',(1.,0.,0.));
#1977=DIRECTION('',(0.,0.,-1.));
#1978=DIRECTION('',(0.,-1.,0.));
#1979=DIRECTION('',(0.,1.,0.));
#1980=DIRECTION('',(0.,0.,-1.));
#1981=DIRECTION('',(-1.,0.,0.));
#1982=DIRECTION('',(0.,1.,0.));
#1983=DIRECTION('',(-1.,0.,0.));
#1984=DIRECTION('',(0.,0.,1.));
#1985=DIRECTION('',(0.,0.707106781186548,0.707106781186548));
#1986=DIRECTION('',(-1.,0.,0.));
#1987=DIRECTION('',(-0.0719519086849345,0.705274032854108,-0.705274032854108));
#1988=DIRECTION('',(0.,0.707106781186548,-0.707106781186548));
#1989=DIRECTION('',(1.,0.,0.));
#1990=DIRECTION('',(-0.577350269189626,0.577350269189626,0.577350269189626));
#1991=DIRECTION('',(-0.142791590337021,0.692539213134553,0.707106781186546));
#1992=DIRECTION('',(-0.979398347690075,-0.201937803647438,0.));
#1993=DIRECTION('',(-0.0719519086849345,0.705274032854108,-0.705274032854108));
#1994=DIRECTION('',(0.707106781186548,0.,0.707106781186548));
#1995=DIRECTION('',(0.,1.,0.));
#1996=DIRECTION('',(-0.577350269189626,-0.577350269189626,0.577350269189626));
#1997=DIRECTION('',(0.,0.707106781186548,0.707106781186548));
#1998=DIRECTION('',(-1.,0.,0.));
#1999=DIRECTION('',(0.,0.,-1.));
#2000=DIRECTION('',(-1.,0.,0.));
#2001=CARTESIAN_POINT('',(0.,0.,0.));
#2002=CARTESIAN_POINT('',(-0.047,0.0492,-0.0726));
#2003=CARTESIAN_POINT('',(-0.0460205243313683,0.044449543007136,-0.0726));
#2004=CARTESIAN_POINT('',(-0.0452908079159778,0.0446,-0.0726));
#2005=CARTESIAN_POINT('',(-0.0855408079159776,0.0363010309278351,-0.0726));
#2006=CARTESIAN_POINT('',(-0.047,0.0363010309278351,-0.0726));
#2007=CARTESIAN_POINT('',(-0.0981,0.0363010309278351,-0.0726));
#2008=CARTESIAN_POINT('',(-0.0981,0.0492,-0.0726));
#2009=CARTESIAN_POINT('',(-0.0981,0.0538,-0.0726));
#2010=CARTESIAN_POINT('',(-0.0295,0.0538,-0.0726));
#2011=CARTESIAN_POINT('',(-0.0295000000005639,0.0538,-0.0726));
#2012=CARTESIAN_POINT('',(-0.0295000000005639,0.0538,-0.0726));
#2013=CARTESIAN_POINT('',(-0.0263806875456614,0.0537942902936864,-0.0726));
#2014=CARTESIAN_POINT('',(-0.0249213082598291,0.0523326803356334,-0.0726));
#2015=CARTESIAN_POINT('',(-0.0249004096254447,0.0491997618248704,-0.0726));
#2016=CARTESIAN_POINT('',(-0.0249003688126916,0.0491946034887494,-0.0725999910129623));
#2017=CARTESIAN_POINT('',(-0.0249002762645631,0.0491997627144755,-0.0726));
#2018=CARTESIAN_POINT('',(-0.0249198870767941,0.0460654076872119,-0.0726));
#2019=CARTESIAN_POINT('',(-0.0263640268578203,0.0446252441939869,-0.0726));
#2020=CARTESIAN_POINT('',(-0.0295000015010328,0.0446001878647435,-0.0726));
#2021=CARTESIAN_POINT('',(-0.0295000007505164,0.0446000939323717,-0.0726));
#2022=CARTESIAN_POINT('',(-0.047,0.0446,-0.0726));
#2023=CARTESIAN_POINT('',(-0.047,0.0492,-0.0726));
#2024=CARTESIAN_POINT('',(-0.0436,0.0492,-0.0726));
#2025=CARTESIAN_POINT('',(-0.0983,0.0359010309278351,-0.0636));
#2026=CARTESIAN_POINT('',(-0.102599656357388,0.0402006872852234,-0.0681003436426117));
#2027=CARTESIAN_POINT('',(-0.0985,0.036101030927835,-0.0722));
#2028=CARTESIAN_POINT('',(-0.0984,0.0360010309278351,-0.0723));
#2029=CARTESIAN_POINT('',(-0.0814666666666667,0.0190676975945017,-0.0553666666666667));
#2030=CARTESIAN_POINT('',(-0.0983,0.0359010309278351,-0.0722));
#2031=CARTESIAN_POINT('',(-0.0983,0.0359010309278351,-0.0636));
#2032=CARTESIAN_POINT('',(-0.0983,0.0359010309278351,-0.0635010309278351));
#2033=CARTESIAN_POINT('',(-0.0983329896907217,0.0359340206185567,-0.0635340206185567));
#2034=CARTESIAN_POINT('',(-0.0985,0.036101030927835,-0.063701030927835));
#2035=CARTESIAN_POINT('',(-0.0985,0.036101030927835,-0.0636));
#2036=CARTESIAN_POINT('',(-0.0923,0.0442,-0.0536));
#2037=CARTESIAN_POINT('',(-0.0925,0.0416386434282063,-0.0547916700517044));
#2038=CARTESIAN_POINT('',(-0.0923754820936639,0.0418836049899134,-0.0550230015516626));
#2039=CARTESIAN_POINT('',(-0.0923,0.0421353960853325,-0.0552607825789122));
#2040=CARTESIAN_POINT('',(-0.0923,0.0423977000584879,-0.0555084915301948));
#2041=CARTESIAN_POINT('',(-0.0925,0.0416386434282063,-0.0547916700517044));
#2042=CARTESIAN_POINT('',(-0.0923,0.0423977000584879,-0.0555084915301948));
#2043=CARTESIAN_POINT('',(-0.0925,0.0442,-0.0536));
#2044=CARTESIAN_POINT('',(-0.0925,0.0457,-0.0512061276140947));
#2045=CARTESIAN_POINT('',(-0.107598027846434,0.0456999999999871,-0.0640088753442511));
#2046=CARTESIAN_POINT('',(-0.0923,0.0457,-0.0514457890075482));
#2047=CARTESIAN_POINT('',(-0.0923,0.0442,-0.0536));
#2048=CARTESIAN_POINT('',(-0.0983,0.0442,-0.0507));
#2049=CARTESIAN_POINT('',(-0.100266666666667,0.0481333333333333,-0.0526666666666667));
#2050=CARTESIAN_POINT('',(-0.0983,0.0501,-0.0507));
#2051=CARTESIAN_POINT('',(-0.0985,0.0499,-0.0509));
#2052=CARTESIAN_POINT('',(-0.0985,0.0492,-0.0509));
#2053=CARTESIAN_POINT('',(-0.0985,0.0459,-0.0509));
#2054=CARTESIAN_POINT('',(-0.0967,0.0477,-0.0491));
#2055=CARTESIAN_POINT('',(-0.0983,0.0461,-0.0507));
#2056=CARTESIAN_POINT('',(-0.0983,0.0442,-0.0507));
#2057=CARTESIAN_POINT('',(-0.0996058920042238,0.0335521945232556,-0.0565));
#2058=CARTESIAN_POINT('',(-0.0972392253375571,0.0328333333333334,-0.0588666666666667));
#2059=CARTESIAN_POINT('',(-0.0996058920042238,0.0352,-0.0565));
#2060=CARTESIAN_POINT('',(-0.0998058920042238,0.0354,-0.0563));
#2061=CARTESIAN_POINT('',(-0.0998058920042238,0.0352,-0.0563));
#2062=CARTESIAN_POINT('',(-0.0998058920042238,0.0382225396744416,-0.0563));
#2063=CARTESIAN_POINT('',(-0.0992428105595551,0.0387856211191103,-0.0568630814446687));
#2064=CARTESIAN_POINT('',(-0.0996058920042238,0.0384225396744416,-0.0565));
#2065=CARTESIAN_POINT('',(-0.0996058920042238,0.0382225396744416,-0.0565));
#2066=CARTESIAN_POINT('',(-0.0996058920042238,0.0352,-0.0636));
#2067=CARTESIAN_POINT('',(-0.0920705946694825,0.0276647026652587,-0.0586352973347413));
#2068=CARTESIAN_POINT('',(-0.0998058920042238,0.0354,-0.0509));
#2069=CARTESIAN_POINT('',(-0.0996058920042238,0.0352,-0.0511));
#2070=CARTESIAN_POINT('',(-0.0998058920042238,0.0354,-0.0315));
#2071=CARTESIAN_POINT('',(-0.0996058920042238,0.0352,-0.0636));
#2072=CARTESIAN_POINT('',(-0.0983,0.0442,-0.0536));
#2073=CARTESIAN_POINT('',(-0.113598027846682,0.0456999999999856,-0.0640088753444585));
#2074=CARTESIAN_POINT('',(-0.0985,0.0457,-0.0512061276140947));
#2075=CARTESIAN_POINT('',(-0.0983,0.0457,-0.0514457890075482));
#2076=CARTESIAN_POINT('',(-0.0985,0.0442,-0.0536));
#2077=CARTESIAN_POINT('',(-0.0985,0.042260381967706,-0.0556539004086859));
#2078=CARTESIAN_POINT('',(-0.0985,0.042260381967706,-0.0556539004086859));
#2079=CARTESIAN_POINT('',(-0.0983,0.0423977000584879,-0.0555084915301948));
#2080=CARTESIAN_POINT('',(-0.0983,0.0442,-0.0536));
#2081=CARTESIAN_POINT('',(-0.0985,0.0498951671049894,-0.0628638736198208));
#2082=CARTESIAN_POINT('',(-0.0956879883171371,0.0423404433615284,-0.0518617766776611));
#2083=CARTESIAN_POINT('',(-0.0983,0.0397284316786654,-0.0529877456066629));
#2084=CARTESIAN_POINT('',(-0.0985,0.0395284316786654,-0.0530739602998352));
#2085=CARTESIAN_POINT('',(-0.0983,0.0404768290666818,-0.0536945009405532));
#2086=CARTESIAN_POINT('',(-0.0985,0.0498951671049894,-0.0628638736198208));
#2087=CARTESIAN_POINT('',(-0.1019,0.054,-0.0551));
#2088=CARTESIAN_POINT('',(-0.111277050891927,0.0446229491080731,-0.0547523512888223));
#2089=CARTESIAN_POINT('',(-0.1017,0.0542,-0.0509043080276405));
#2090=CARTESIAN_POINT('',(-0.1019,0.054,-0.0509846676979524));
#2091=CARTESIAN_POINT('',(-0.1017,0.0542,-0.0666));
#2092=CARTESIAN_POINT('',(-0.1017,0.0542,-0.0562956919723597));
#2093=CARTESIAN_POINT('',(-0.1017,0.0542,-0.0562956919723597));
#2094=CARTESIAN_POINT('',(-0.1019,0.054,-0.0562153323020477));
#2095=CARTESIAN_POINT('',(-0.1019,0.054,-0.0551));
#2096=CARTESIAN_POINT('',(-0.1017,0.0542,-0.0562956919723597));
#2097=CARTESIAN_POINT('',(-0.116981580001217,0.0474829679916704,-0.0412184199987835));
#2098=CARTESIAN_POINT('',(-0.1017,0.0540042100357369,-0.0565));
#2099=CARTESIAN_POINT('',(-0.1019,0.0539188622897114,-0.0563));
#2100=CARTESIAN_POINT('',(-0.1019,0.0538598105485779,-0.0563616208537814));
#2101=CARTESIAN_POINT('',(-0.1017,0.0542,-0.0562956919723597));
#2102=CARTESIAN_POINT('',(-0.1019,0.0190986406249277,-0.0145648852911949));
#2103=CARTESIAN_POINT('',(-0.0920581416823897,0.0581187644102659,-0.0410581416823901));
#2104=CARTESIAN_POINT('',(-0.1017,0.0540042100357369,-0.0507));
#2105=CARTESIAN_POINT('',(-0.1019,0.0539188622897113,-0.0509));
#2106=CARTESIAN_POINT('',(-0.1017,0.0540042100357369,-0.0507));
#2107=CARTESIAN_POINT('',(-0.1019,0.0190986406249277,-0.0145648852911949));
#2108=CARTESIAN_POINT('',(-0.1019,-0.0232,-0.0563));
#2109=CARTESIAN_POINT('',(-0.111959440840898,0.0543495995386641,-0.046240559159102));
#2110=CARTESIAN_POINT('',(-0.1017,0.0501,-0.0565));
#2111=CARTESIAN_POINT('',(-0.1019,0.0501828427124746,-0.0563));
#2112=CARTESIAN_POINT('',(-0.1019,-0.0232,-0.0563));
#2113=CARTESIAN_POINT('',(-0.1017,0.0442,-0.0565));
#2114=CARTESIAN_POINT('',(-0.1017,0.0442,-0.0507));
#2115=CARTESIAN_POINT('',(-0.100574612938,0.0496338494160003,-0.0495746129379998));
#2116=CARTESIAN_POINT('',(-0.1017,0.0501,-0.0507));
#2117=CARTESIAN_POINT('',(-0.1019,0.0501828427124746,-0.0509));
#2118=CARTESIAN_POINT('',(-0.1017,0.0501,-0.0507));
#2119=CARTESIAN_POINT('',(-0.1019,0.0540042100357369,-0.0509));
#2120=CARTESIAN_POINT('',(-0.1019,0.012891421356237,-0.0190085786437627));
#2121=CARTESIAN_POINT('',(-0.102074941855119,0.0500749418551187,-0.0559446939985085));
#2122=CARTESIAN_POINT('',(-0.1017,0.0497,-0.0561));
#2123=CARTESIAN_POINT('',(-0.1019,0.0499,-0.0560171572875254));
#2124=CARTESIAN_POINT('',(-0.1019,0.012891421356237,-0.0190085786437627));
#2125=CARTESIAN_POINT('',(-0.1017,0.0501,-0.0565));
#2126=CARTESIAN_POINT('',(-0.1019,0.0113914213562373,-0.0896914213562373));
#2127=CARTESIAN_POINT('',(-0.0915122283719512,0.0395122283719519,-0.0468800868213019));
#2128=CARTESIAN_POINT('',(-0.1019,0.0499,-0.0511828427124746));
#2129=CARTESIAN_POINT('',(-0.1017,0.0497,-0.0511));
#2130=CARTESIAN_POINT('',(-0.1017,0.0501,-0.0507));
#2131=CARTESIAN_POINT('',(-0.1019,0.0113914213562373,-0.0896914213562373));
#2132=CARTESIAN_POINT('',(-0.1019,0.0499,-0.0551));
#2133=CARTESIAN_POINT('',(-0.1017,0.0497,-0.0553137765740976));
#2134=CARTESIAN_POINT('',(-0.1019,0.0499,-0.0551));
#2135=CARTESIAN_POINT('',(-0.0925,0.0354,-0.0636));
#2136=CARTESIAN_POINT('',(-0.0882666666666667,0.0311666666666666,-0.0551333333333334));
#2137=CARTESIAN_POINT('',(-0.0923,0.0352,-0.0511));
#2138=CARTESIAN_POINT('',(-0.0925,0.0354,-0.0509));
#2139=CARTESIAN_POINT('',(-0.0923,0.0352,-0.0636));
#2140=CARTESIAN_POINT('',(-0.0923,0.0352,-0.0486));
#2141=CARTESIAN_POINT('',(-0.0924,0.0353,-0.0486));
#2142=CARTESIAN_POINT('',(-0.0925,0.0354,-0.0486));
#2143=CARTESIAN_POINT('',(-0.0925,0.0354,-0.0636));
#2144=CARTESIAN_POINT('',(-0.0922966880108039,0.0402,-0.0435966880108039));
#2145=CARTESIAN_POINT('',(-0.0922966880108039,0.0395343686869402,-0.0435972263400574));
#2146=CARTESIAN_POINT('',(-0.0922966880108039,0.0388543685238606,-0.0436632941074212));
#2147=CARTESIAN_POINT('',(-0.0922966880108039,0.0375578281587031,-0.0440343352044258));
#2148=CARTESIAN_POINT('',(-0.0922966880108039,0.0369278625883345,-0.0443633277617393));
#2149=CARTESIAN_POINT('',(-0.0922966880108039,0.0359499656176983,-0.0453495376349399));
#2150=CARTESIAN_POINT('',(-0.0922966880108039,0.0356230278213506,-0.045986173272338));
#2151=CARTESIAN_POINT('',(-0.0922966880108039,0.0352591179774246,-0.0472800471605927));
#2152=CARTESIAN_POINT('',(-0.0922966880108039,0.0351977386656652,-0.0479359998083576));
#2153=CARTESIAN_POINT('',(-0.0922966880108039,0.035196688010804,-0.0486));
#2154=CARTESIAN_POINT('',(-0.0923,0.0402,-0.0436));
#2155=CARTESIAN_POINT('',(-0.0923,0.0395345888000109,-0.0436005361858098));
#2156=CARTESIAN_POINT('',(-0.0923,0.0388548860976027,-0.0436665879179372));
#2157=CARTESIAN_POINT('',(-0.0923,0.037559152512534,-0.0440374041285857));
#2158=CARTESIAN_POINT('',(-0.0923,0.0369297473773778,-0.0443661309301977));
#2159=CARTESIAN_POINT('',(-0.0923,0.0359527810554694,-0.045351401902355));
#2160=CARTESIAN_POINT('',(-0.0923,0.0356261043449587,-0.0459874763854121));
#2161=CARTESIAN_POINT('',(-0.0923,0.0352624138846846,-0.0472805521444659));
#2162=CARTESIAN_POINT('',(-0.0923,0.0352010484022712,-0.0479362199756722));
#2163=CARTESIAN_POINT('',(-0.0923,0.0352,-0.0486));
#2164=CARTESIAN_POINT('',(-0.0925,0.0402,-0.0438));
#2165=CARTESIAN_POINT('',(-0.0925,0.0395478806954679,-0.0438004067503852));
#2166=CARTESIAN_POINT('',(-0.0925,0.0388861406525789,-0.0438654901679743));
#2167=CARTESIAN_POINT('',(-0.0925,0.0376391258308314,-0.0442227262403568));
#2168=CARTESIAN_POINT('',(-0.0925,0.0370435635121369,-0.0445354049400132));
#2169=CARTESIAN_POINT('',(-0.0925,0.0361227959682241,-0.0454639788043125));
#2170=CARTESIAN_POINT('',(-0.0925,0.035811885362104,-0.0460661670451295));
#2171=CARTESIAN_POINT('',(-0.0925,0.0354614427501107,-0.0473110464391851));
#2172=CARTESIAN_POINT('',(-0.0925,0.0354009123758569,-0.0479495151467335));
#2173=CARTESIAN_POINT('',(-0.0925,0.0354,-0.0486));
#2174=CARTESIAN_POINT('',(-0.0924,0.0402,-0.0437));
#2175=CARTESIAN_POINT('',(-0.0925,0.0402,-0.0438));
#2176=CARTESIAN_POINT('',(-0.0923,0.0402,-0.0436));
#2177=CARTESIAN_POINT('',(-0.0925,0.0354,-0.0486));
#2178=CARTESIAN_POINT('',(-0.0925,0.0354009151012593,-0.0479475720517455));
#2179=CARTESIAN_POINT('',(-0.0925,0.0355123680775704,-0.04665083038756));
#2180=CARTESIAN_POINT('',(-0.0925,0.0364504585412399,-0.0448436560452005));
#2181=CARTESIAN_POINT('',(-0.0925,0.0382401999849136,-0.0439171337122397));
#2182=CARTESIAN_POINT('',(-0.0925,0.0395473852556345,-0.0438004070594089));
#2183=CARTESIAN_POINT('',(-0.0925,0.0402,-0.0438));
#2184=CARTESIAN_POINT('',(-0.0923,0.0401999999999967,-0.0436));
#2185=CARTESIAN_POINT('',(-0.0922994530635532,0.0395212471665049,-0.0436000000000004));
#2186=CARTESIAN_POINT('',(-0.0923003564277777,0.0381714708793458,-0.0437212907558256));
#2187=CARTESIAN_POINT('',(-0.0922997552937717,0.0363007399122905,-0.0447047046437269));
#2188=CARTESIAN_POINT('',(-0.0923006696181483,0.0353255334430539,-0.0465599266977931));
#2189=CARTESIAN_POINT('',(-0.0922989271063145,0.0352000000000002,-0.0479207136073757));
#2190=CARTESIAN_POINT('',(-0.0923,0.0352,-0.0485999999999968));
#2191=CARTESIAN_POINT('',(-0.0923,0.0414115751912633,-0.0436));
#2192=CARTESIAN_POINT('',(-0.0924,0.0430578643762736,-0.0437));
#2193=CARTESIAN_POINT('',(-0.0923,0.043057864376274,-0.0436));
#2194=CARTESIAN_POINT('',(-0.0925,0.0430578643762736,-0.0438));
#2195=CARTESIAN_POINT('',(-0.0925,0.0430578643762737,-0.0438));
#2196=CARTESIAN_POINT('',(-0.0923,0.0402,-0.0436));
#2197=CARTESIAN_POINT('',(-0.0922958494485678,0.0501318670712025,-0.0465259973050757));
#2198=CARTESIAN_POINT('',(-0.0922958494485678,0.0492105219582272,-0.045599502167909));
#2199=CARTESIAN_POINT('',(-0.0922958494485678,0.0481035923627358,-0.0448277236060179));
#2200=CARTESIAN_POINT('',(-0.0922958494485678,0.0456929470310162,-0.0438290585301014));
#2201=CARTESIAN_POINT('',(-0.0922958494485678,0.0443648192997269,-0.0435921847768742));
#2202=CARTESIAN_POINT('',(-0.0922958494485678,0.0430578643762736,-0.0435958494485678));
#2203=CARTESIAN_POINT('',(-0.0923,0.0501289321881391,-0.0465289321881391));
#2204=CARTESIAN_POINT('',(-0.0923,0.0492079090079115,-0.0456027638977672));
#2205=CARTESIAN_POINT('',(-0.0923,0.0481014593657125,-0.0448313325818882));
#2206=CARTESIAN_POINT('',(-0.0923,0.0456919033494815,-0.0438331187798833));
#2207=CARTESIAN_POINT('',(-0.0923,0.044364360423736,-0.0435963388164228));
#2208=CARTESIAN_POINT('',(-0.0923,0.0430578643762736,-0.0436));
#2209=CARTESIAN_POINT('',(-0.0925,0.0499875108319016,-0.0466703535443762));
#2210=CARTESIAN_POINT('',(-0.0925,0.0490820004216255,-0.0457599348140405));
#2211=CARTESIAN_POINT('',(-0.0925,0.0479986779855455,-0.0450052360223985));
#2212=CARTESIAN_POINT('',(-0.0925,0.0456416121266516,-0.0440287674713));
#2213=CARTESIAN_POINT('',(-0.0925,0.0443422488562334,-0.0437965068960863));
#2214=CARTESIAN_POINT('',(-0.0925,0.0430578643762736,-0.0438));
#2215=CARTESIAN_POINT('',(-0.0924,0.0500582215100205,-0.0465996428662578));
#2216=CARTESIAN_POINT('',(-0.0925,0.0499875108319017,-0.0466703535443763));
#2217=CARTESIAN_POINT('',(-0.0923,0.0501289321881385,-0.0465289321881385));
#2218=CARTESIAN_POINT('',(-0.0925,0.0430578643762736,-0.0438));
#2219=CARTESIAN_POINT('',(-0.0925,0.0443459793514113,-0.0437964967503647));
#2220=CARTESIAN_POINT('',(-0.0925,0.0469236487112122,-0.0442556044884634));
#2221=CARTESIAN_POINT('',(-0.0925,0.0490789061677469,-0.0457568237877558));
#2222=CARTESIAN_POINT('',(-0.0925,0.0499875108319016,-0.0466703535443762));
#2223=CARTESIAN_POINT('',(-0.0923,0.0501289321881382,-0.0465289321881381));
#2224=CARTESIAN_POINT('',(-0.0923036606940441,0.0491996113549064,-0.0455996113549044));
#2225=CARTESIAN_POINT('',(-0.0922963274147644,0.0470119838941488,-0.0440665752408248));
#2226=CARTESIAN_POINT('',(-0.0923036838794765,0.0443724594719416,-0.0436000000000003));
#2227=CARTESIAN_POINT('',(-0.0923,0.0430578643762736,-0.0436));
#2228=CARTESIAN_POINT('',(-0.0923,0.0542,-0.0506));
#2229=CARTESIAN_POINT('',(-0.0847424723326568,0.0542,-0.0399120418748331));
#2230=CARTESIAN_POINT('',(-0.0925,0.0542,-0.0508828427124746));
#2231=CARTESIAN_POINT('',(-0.0923,0.0542,-0.0506));
#2232=CARTESIAN_POINT('',(-0.0925,0.0540585786437627,-0.0507414213562373));
#2233=CARTESIAN_POINT('',(-0.0923,0.0501289321881392,-0.0465289321881392));
#2234=CARTESIAN_POINT('',(-0.0983,0.0352,-0.0636));
#2235=CARTESIAN_POINT('',(-0.0983,0.0352,-0.0565));
#2236=CARTESIAN_POINT('',(-0.0983,0.0352,-0.0565));
#2237=CARTESIAN_POINT('',(-0.0985,0.0354,-0.0565));
#2238=CARTESIAN_POINT('',(-0.0985,0.0354,-0.0636));
#2239=CARTESIAN_POINT('',(-0.0985,0.0354,-0.063));
#2240=CARTESIAN_POINT('',(-0.1029,0.0398,-0.0674));
#2241=CARTESIAN_POINT('',(-0.0983,0.0352,-0.0628));
#2242=CARTESIAN_POINT('',(-0.0983,0.0352,-0.0636));
#2243=CARTESIAN_POINT('',(-0.0985,0.054,-0.0636));
#2244=CARTESIAN_POINT('',(-0.0983,0.0542,-0.0562956919723597));
#2245=CARTESIAN_POINT('',(-0.0983,0.0542,-0.0722));
#2246=CARTESIAN_POINT('',(-0.0983,0.0542,-0.0562956919723597));
#2247=CARTESIAN_POINT('',(-0.0955666666666667,0.0569333333333333,-0.0694666666666667));
#2248=CARTESIAN_POINT('',(-0.0984,0.0541,-0.0723));
#2249=CARTESIAN_POINT('',(-0.101366666666667,0.0511333333333333,-0.0693333333333333));
#2250=CARTESIAN_POINT('',(-0.0985,0.054,-0.0722));
#2251=CARTESIAN_POINT('',(-0.0985,0.054,-0.0682));
#2252=CARTESIAN_POINT('',(-0.0985,0.054,-0.0565));
#2253=CARTESIAN_POINT('',(-0.0985,0.054,-0.0565));
#2254=CARTESIAN_POINT('',(-0.0984957899642631,0.0540042100357369,-0.0565));
#2255=CARTESIAN_POINT('',(-0.0816921731726189,0.0708078268273817,-0.0389653228941181));
#2256=CARTESIAN_POINT('',(-0.0996058920042238,0.0372,-0.0507));
#2257=CARTESIAN_POINT('',(-0.0995699676307717,0.0372678509651705,-0.0506640756265479));
#2258=CARTESIAN_POINT('',(-0.0996058920042238,0.0373058920042239,-0.0507));
#2259=CARTESIAN_POINT('',(-0.0998058920042238,0.0375176760126718,-0.0509));
#2260=CARTESIAN_POINT('',(-0.0998058920042238,0.0355,-0.0509));
#2261=CARTESIAN_POINT('',(-0.0923372613361492,0.0428686306680746,-0.0434313693319254));
#2262=CARTESIAN_POINT('',(-0.0996058920042238,0.0356,-0.0507));
#2263=CARTESIAN_POINT('',(-0.0996058920042238,0.0372,-0.0507));
#2264=CARTESIAN_POINT('',(-0.0897,0.036,-0.0636));
#2265=CARTESIAN_POINT('',(-0.0966799878013702,0.0359010309278351,-0.0733722243417318));
#2266=CARTESIAN_POINT('',(-0.0895,0.0359010309278351,-0.0632181882153605));
#2267=CARTESIAN_POINT('',(-0.0897,0.0359010309278351,-0.0635010309278351));
#2268=CARTESIAN_POINT('',(-0.0895,0.0360424522840724,-0.0633596095715978));
#2269=CARTESIAN_POINT('',(-0.0895,0.0354,-0.0627171572875254));
#2270=CARTESIAN_POINT('',(-0.0898525948558644,0.0350474051441355,-0.0628632068588474));
#2271=CARTESIAN_POINT('',(-0.0897,0.0352,-0.0628));
#2272=CARTESIAN_POINT('',(-0.0897,0.0352,-0.0628));
#2273=CARTESIAN_POINT('',(-0.0897,0.0352,-0.0636));
#2274=CARTESIAN_POINT('',(-0.0896,0.0353,-0.0486));
#2275=CARTESIAN_POINT('',(-0.0895,0.0354,-0.0486));
#2276=CARTESIAN_POINT('',(-0.0897,0.0352,-0.0486));
#2277=CARTESIAN_POINT('',(-0.0897,0.0352,-0.0636));
#2278=CARTESIAN_POINT('',(-0.0895,0.0354,-0.0436));
#2279=CARTESIAN_POINT('',(-0.0897033119891961,0.0351966880108039,-0.0486));
#2280=CARTESIAN_POINT('',(-0.0897033119891961,0.0351972263400574,-0.0479343686869403));
#2281=CARTESIAN_POINT('',(-0.0897033119891961,0.0352632941074211,-0.0472543685238606));
#2282=CARTESIAN_POINT('',(-0.0897033119891961,0.0356343352044258,-0.0459578281587032));
#2283=CARTESIAN_POINT('',(-0.0897033119891961,0.0359633277617391,-0.0453278625883345));
#2284=CARTESIAN_POINT('',(-0.0897033119891961,0.03694953763494,-0.0443499656176983));
#2285=CARTESIAN_POINT('',(-0.0897033119891961,0.037586173272338,-0.0440230278213505));
#2286=CARTESIAN_POINT('',(-0.0897033119891961,0.0388800471605927,-0.0436591179774246));
#2287=CARTESIAN_POINT('',(-0.0897033119891961,0.0395359998083576,-0.0435977386656653));
#2288=CARTESIAN_POINT('',(-0.0897033119891961,0.0402,-0.0435966880108039));
#2289=CARTESIAN_POINT('',(-0.0897,0.0352,-0.0486));
#2290=CARTESIAN_POINT('',(-0.0897,0.0352005361858099,-0.047934588800011));
#2291=CARTESIAN_POINT('',(-0.0897,0.0352665879179372,-0.0472548860976027));
#2292=CARTESIAN_POINT('',(-0.0897,0.0356374041285857,-0.0459591525125341));
#2293=CARTESIAN_POINT('',(-0.0897,0.0359661309301976,-0.0453297473773779));
#2294=CARTESIAN_POINT('',(-0.0897,0.0369514019023551,-0.0443527810554694));
#2295=CARTESIAN_POINT('',(-0.0897,0.0375874763854121,-0.0440261043449587));
#2296=CARTESIAN_POINT('',(-0.0897,0.038880552144466,-0.0436624138846846));
#2297=CARTESIAN_POINT('',(-0.0897,0.0395362199756722,-0.0436010484022713));
#2298=CARTESIAN_POINT('',(-0.0897,0.0402,-0.0436));
#2299=CARTESIAN_POINT('',(-0.0895,0.0354,-0.0486));
#2300=CARTESIAN_POINT('',(-0.0895,0.0354004067503852,-0.047947880695468));
#2301=CARTESIAN_POINT('',(-0.0895,0.0354654901679743,-0.0472861406525789));
#2302=CARTESIAN_POINT('',(-0.0895,0.0358227262403569,-0.0460391258308314));
#2303=CARTESIAN_POINT('',(-0.0895,0.036135404940013,-0.0454435635121369));
#2304=CARTESIAN_POINT('',(-0.0895,0.0370639788043126,-0.0445227959682241));
#2305=CARTESIAN_POINT('',(-0.0895,0.0376661670451295,-0.0442118853621041));
#2306=CARTESIAN_POINT('',(-0.0895,0.0389110464391852,-0.0438614427501108));
#2307=CARTESIAN_POINT('',(-0.0895,0.0395495151467335,-0.0438009123758569));
#2308=CARTESIAN_POINT('',(-0.0895,0.0402,-0.0438));
#2309=CARTESIAN_POINT('',(-0.0896,0.0402,-0.0437));
#2310=CARTESIAN_POINT('',(-0.0897,0.0402,-0.0436));
#2311=CARTESIAN_POINT('',(-0.0895,0.0402,-0.0438));
#2312=CARTESIAN_POINT('',(-0.0897,0.0352,-0.0485999999999967));
#2313=CARTESIAN_POINT('',(-0.0897005469364469,0.0352000000000004,-0.0479212471665049));
#2314=CARTESIAN_POINT('',(-0.0896996435722222,0.0353212907558258,-0.0465714708793457));
#2315=CARTESIAN_POINT('',(-0.0897002447062284,0.0363047046437269,-0.0447007399122905));
#2316=CARTESIAN_POINT('',(-0.0896993303818517,0.0381599266977931,-0.0437255334430538));
#2317=CARTESIAN_POINT('',(-0.0897010728936856,0.0395207136073757,-0.0436000000000002));
#2318=CARTESIAN_POINT('',(-0.0897,0.0401999999999967,-0.0436));
#2319=CARTESIAN_POINT('',(-0.0895,0.0402,-0.0438));
#2320=CARTESIAN_POINT('',(-0.0895,0.0395475793627253,-0.0438009150910048));
#2321=CARTESIAN_POINT('',(-0.0895,0.0382508219225461,-0.0439123774931958));
#2322=CARTESIAN_POINT('',(-0.0895000000000001,0.0364436914351259,-0.0448504208323379));
#2323=CARTESIAN_POINT('',(-0.0895,0.0355171201075586,-0.0466402219384287));
#2324=CARTESIAN_POINT('',(-0.0895,0.0354004070578484,-0.0479473877575922));
#2325=CARTESIAN_POINT('',(-0.0895,0.0354,-0.0486));
#2326=CARTESIAN_POINT('',(-0.0895,0.0492,-0.0438));
#2327=CARTESIAN_POINT('',(-0.0896,0.0430578643762727,-0.0437));
#2328=CARTESIAN_POINT('',(-0.0895,0.0430578643762726,-0.0438));
#2329=CARTESIAN_POINT('',(-0.0897,0.0430578643762733,-0.0436));
#2330=CARTESIAN_POINT('',(-0.0897,0.0430578643762726,-0.0436));
#2331=CARTESIAN_POINT('',(-0.0895,0.0402,-0.0438));
#2332=CARTESIAN_POINT('',(-0.0895,0.0499875108319007,-0.0466703535443752));
#2333=CARTESIAN_POINT('',(-0.0895,0.0490820004216245,-0.0457599348140397));
#2334=CARTESIAN_POINT('',(-0.0895,0.0479986779855444,-0.0450052360223979));
#2335=CARTESIAN_POINT('',(-0.0895,0.0456416121266505,-0.0440287674712997));
#2336=CARTESIAN_POINT('',(-0.0895,0.0443422488562324,-0.0437965068960863));
#2337=CARTESIAN_POINT('',(-0.0895,0.0430578643762726,-0.0438));
#2338=CARTESIAN_POINT('',(-0.0897,0.0501289321881381,-0.0465289321881381));
#2339=CARTESIAN_POINT('',(-0.0897,0.0492079090079105,-0.0456027638977664));
#2340=CARTESIAN_POINT('',(-0.0897,0.0481014593657114,-0.0448313325818876));
#2341=CARTESIAN_POINT('',(-0.0897,0.0456919033494804,-0.0438331187798831));
#2342=CARTESIAN_POINT('',(-0.0897,0.044364360423735,-0.0435963388164227));
#2343=CARTESIAN_POINT('',(-0.0897,0.0430578643762726,-0.0436));
#2344=CARTESIAN_POINT('',(-0.08970402864594,0.0501317808710013,-0.0465260835052749));
#2345=CARTESIAN_POINT('',(-0.08970402864594,0.0492104452134853,-0.0455995979678978));
#2346=CARTESIAN_POINT('',(-0.08970402864594,0.048103529714661,-0.0448278296049398));
#2347=CARTESIAN_POINT('',(-0.08970402864594,0.0456929163771338,-0.0438291777833514));
#2348=CARTESIAN_POINT('',(-0.08970402864594,0.0443648058221182,-0.0435923067848155));
#2349=CARTESIAN_POINT('',(-0.08970402864594,0.0430578643762726,-0.04359597135406));
#2350=CARTESIAN_POINT('',(-0.0896,0.0500582215100194,-0.0465996428662566));
#2351=CARTESIAN_POINT('',(-0.0897,0.0501289321881381,-0.046528932188138));
#2352=CARTESIAN_POINT('',(-0.0895,0.0499875108319007,-0.0466703535443752));
#2353=CARTESIAN_POINT('',(-0.0897,0.043057864376274,-0.0436));
#2354=CARTESIAN_POINT('',(-0.0896963170652654,0.0443721223400456,-0.0436000000000004));
#2355=CARTESIAN_POINT('',(-0.0897036720518399,0.0470030535317826,-0.0440628756712665));
#2356=CARTESIAN_POINT('',(-0.0896963383734334,0.0491993746203529,-0.045599374620351));
#2357=CARTESIAN_POINT('',(-0.0897,0.0501289321881381,-0.0465289321881381));
#2358=CARTESIAN_POINT('',(-0.0895,0.0499875108319007,-0.0466703535443752));
#2359=CARTESIAN_POINT('',(-0.0895,0.0490791254834262,-0.0457570442922361));
#2360=CARTESIAN_POINT('',(-0.0895,0.0469325278991529,-0.0442592996264732));
#2361=CARTESIAN_POINT('',(-0.0895,0.044346369237648,-0.0437964956900023));
#2362=CARTESIAN_POINT('',(-0.0895,0.0430578643762726,-0.0438));
#2363=CARTESIAN_POINT('',(-0.0895,0.0480585786437627,-0.0447414213562373));
#2364=CARTESIAN_POINT('',(-0.0908510067035257,0.0553510067035257,-0.0501232374130173));
#2365=CARTESIAN_POINT('',(-0.0897,0.0542,-0.0506));
#2366=CARTESIAN_POINT('',(-0.0895,0.054,-0.0506828427124746));
#2367=CARTESIAN_POINT('',(-0.0897,0.0542,-0.0506));
#2368=CARTESIAN_POINT('',(-0.0895,0.0499875108319007,-0.0466703535443753));
#2369=CARTESIAN_POINT('',(-0.0895,0.054,-0.0436));
#2370=CARTESIAN_POINT('',(-0.0827450049547672,0.047245004954767,-0.0565467280730788));
#2371=CARTESIAN_POINT('',(-0.0897,0.0542,-0.0638043080276403));
#2372=CARTESIAN_POINT('',(-0.0895042100357369,0.0540042100357369,-0.0636));
#2373=CARTESIAN_POINT('',(-0.0897,0.0542,-0.0638043080276403));
#2374=CARTESIAN_POINT('',(-0.0895,0.054,-0.0506));
#2375=CARTESIAN_POINT('',(-0.0895,0.054,-0.0636));
#2376=CARTESIAN_POINT('',(-0.0514987500000006,0.0159987499999993,-0.0636));
#2377=CARTESIAN_POINT('',(-0.0895,0.0442,-0.0536));
#2378=CARTESIAN_POINT('',(-0.0895,0.0442,-0.0536));
#2379=CARTESIAN_POINT('',(-0.0895,0.0442,-0.050775));
#2380=CARTESIAN_POINT('',(-0.0897,0.0442,-0.0536));
#2381=CARTESIAN_POINT('',(-0.0897,0.0442,-0.050975));
#2382=CARTESIAN_POINT('',(-0.0632643287456816,0.0408941194165559,-0.0636));
#2383=CARTESIAN_POINT('',(-0.0464269663452305,0.0442,-0.0637623260012772));
#2384=CARTESIAN_POINT('',(-0.0472308079159778,0.0442,-0.0636));
#2385=CARTESIAN_POINT('',(-0.04525,0.0442,-0.064));
#2386=CARTESIAN_POINT('',(-0.0632643287456816,0.0408941194165559,-0.0636));
#2387=CARTESIAN_POINT('',(-0.0874808079159777,0.0359010309278351,-0.0636));
#2388=CARTESIAN_POINT('',(-0.0642131573937489,0.0359010309278351,-0.0682986182424951));
#2389=CARTESIAN_POINT('',(-0.0855,0.0359010309278351,-0.064));
#2390=CARTESIAN_POINT('',(-0.05825,0.041519587628866,-0.064));
#2391=CARTESIAN_POINT('',(-0.1105,0.036,-0.0636));
#2392=CARTESIAN_POINT('',(-0.0985,0.0426,-0.0702));
#2393=CARTESIAN_POINT('',(-0.1105,0.0359010309278351,-0.0635010309278351));
#2394=CARTESIAN_POINT('',(-0.0941,0.0352,-0.0628));
#2395=CARTESIAN_POINT('',(-0.1105,0.0359010309278351,-0.0636));
#2396=CARTESIAN_POINT('',(-0.1105,0.0359010309278351,-0.0722));
#2397=CARTESIAN_POINT('',(-0.0855,0.0359010309278351,-0.0722));
#2398=CARTESIAN_POINT('',(-0.0855,0.0359010309278351,-0.0636));
#2399=CARTESIAN_POINT('',(-0.1105,0.0359010309278351,-0.0636));
#2400=CARTESIAN_POINT('',(-0.0895,0.0359010309278351,-0.0636));
#2401=CARTESIAN_POINT('',(-0.0895,0.0359010309278351,-0.0636));
#2402=CARTESIAN_POINT('',(-0.0935,0.0501,-0.0565));
#2403=CARTESIAN_POINT('',(-0.0945,0.0497,-0.0561));
#2404=CARTESIAN_POINT('',(-0.0985,0.0497,-0.0561));
#2405=CARTESIAN_POINT('',(-0.0935,0.0501,-0.0565));
#2406=CARTESIAN_POINT('',(-0.0985,0.0501,-0.0565));
#2407=CARTESIAN_POINT('',(-0.0985,0.0501,-0.0565));
#2408=CARTESIAN_POINT('',(-0.0935,0.0501,-0.0507));
#2409=CARTESIAN_POINT('',(-0.0975,0.0501,-0.0507));
#2410=CARTESIAN_POINT('',(-0.0945,0.0497,-0.0511));
#2411=CARTESIAN_POINT('',(-0.0985,0.0497,-0.0511));
#2412=CARTESIAN_POINT('',(-0.0985,0.0501,-0.0507));
#2413=CARTESIAN_POINT('',(-0.0935,0.0461,-0.0507));
#2414=CARTESIAN_POINT('',(-0.0935,0.0461,-0.0507));
#2415=CARTESIAN_POINT('',(-0.0925,0.0461,-0.0507));
#2416=CARTESIAN_POINT('',(-0.0985,0.0412,-0.0556));
#2417=CARTESIAN_POINT('',(-0.0985,0.0457,-0.0511));
#2418=CARTESIAN_POINT('',(-0.0895,0.0457,-0.0511));
#2419=CARTESIAN_POINT('',(-0.0925,0.0457,-0.0511));
#2420=CARTESIAN_POINT('',(-0.0925,0.0461,-0.0507));
#2421=CARTESIAN_POINT('',(-0.077,0.0352,-0.0511));
#2422=CARTESIAN_POINT('',(-0.077,0.0356,-0.0507));
#2423=CARTESIAN_POINT('',(-0.0925,0.0356,-0.0507));
#2424=CARTESIAN_POINT('',(-0.077,0.0352,-0.0511));
#2425=CARTESIAN_POINT('',(-0.0925,0.03595,-0.05035));
#2426=CARTESIAN_POINT('',(-0.0998058920042238,0.0355,-0.0315));
#2427=CARTESIAN_POINT('',(-0.0998058920042238,0.0267670197443029,-0.0407475278212428));
#2428=CARTESIAN_POINT('',(-0.0998058920042238,0.0382225396744416,-0.0515656438953397));
#2429=CARTESIAN_POINT('',(-0.0998058920042238,0.0382225396744416,-0.0536));
#2430=CARTESIAN_POINT('',(-0.0935,0.0442,-0.0565));
#2431=CARTESIAN_POINT('',(-0.0979,0.0352,-0.0565));
#2432=CARTESIAN_POINT('',(-0.0976112698372208,0.0404171618414446,-0.0565));
#2433=CARTESIAN_POINT('',(-0.0985,0.0395284316786654,-0.0565));
#2434=CARTESIAN_POINT('',(-0.0985,0.0335521945232556,-0.0565));
#2435=CARTESIAN_POINT('',(-0.0896831116737277,0.0352,-0.0485999999999967));
#2436=CARTESIAN_POINT('',(-0.0923168883262724,0.0352,-0.0485999999999967));
#2437=CARTESIAN_POINT('',(-0.0896831116737277,0.0352000000000011,-0.0452666666666666));
#2438=CARTESIAN_POINT('',(-0.0923168883262724,0.0352000000000011,-0.0452666666666666));
#2439=CARTESIAN_POINT('',(-0.0896831116737277,0.0368666666666666,-0.043600000000001));
#2440=CARTESIAN_POINT('',(-0.0923168883262724,0.0368666666666666,-0.043600000000001));
#2441=CARTESIAN_POINT('',(-0.0896831116737277,0.0401999999999968,-0.0436));
#2442=CARTESIAN_POINT('',(-0.0923168883262724,0.0401999999999968,-0.0436));
#2443=CARTESIAN_POINT('',(-0.0881,0.0352,-0.0486));
#2444=CARTESIAN_POINT('',(-0.0881,0.0402,-0.0436));
#2445=CARTESIAN_POINT('',(-0.0945,0.0497,-0.0553137765740976));
#2446=CARTESIAN_POINT('',(-0.0985,0.0497,-0.0636));
#2447=CARTESIAN_POINT('',(-0.047,0.0492,-0.0666));
#2448=CARTESIAN_POINT('',(-0.047,0.0492,-0.062));
#2449=CARTESIAN_POINT('',(-0.04525,0.0492,-0.062));
#2450=CARTESIAN_POINT('',(-0.047,0.0492,-0.0666));
#2451=CARTESIAN_POINT('',(-0.04875,0.0492,-0.0666));
#2452=CARTESIAN_POINT('',(-0.047,0.0442,-0.0666));
#2453=CARTESIAN_POINT('',(-0.04525,0.0442,-0.0636));
#2454=CARTESIAN_POINT('',(-0.04525,0.0442,-0.0722));
#2455=CARTESIAN_POINT('',(-0.047,0.0442,-0.0722));
#2456=CARTESIAN_POINT('',(-0.0295000005139022,0.0442000881432287,-0.0722000000000724));
#2457=CARTESIAN_POINT('',(-0.0295,0.0442,-0.072199999999987));
#2458=CARTESIAN_POINT('',(-0.0295,0.0442,-0.0689885604089722));
#2459=CARTESIAN_POINT('',(-0.0295,0.0442,-0.0657771208180202));
#2460=CARTESIAN_POINT('',(-0.0295,0.0442,-0.0625656812270055));
#2461=CARTESIAN_POINT('',(-0.0295000037808559,0.0442000642442208,-0.0625656812271545));
#2462=CARTESIAN_POINT('',(-0.047,0.0442,-0.0625656854249492));
#2463=CARTESIAN_POINT('',(-0.0644999962860159,0.0442000642513553,-0.062565681135131));
#2464=CARTESIAN_POINT('',(-0.0644999989728086,0.0442,-0.062565681135131));
#2465=CARTESIAN_POINT('',(-0.0644999989728086,0.0442,-0.0629104540900873));
#2466=CARTESIAN_POINT('',(-0.0644999989728086,0.0442,-0.0632552270450437));
#2467=CARTESIAN_POINT('',(-0.0644999989728086,0.0442,-0.0636));
#2468=CARTESIAN_POINT('',(-0.0645,0.0442,-0.0636));
#2469=CARTESIAN_POINT('',(-0.047,0.0442,-0.0636));
#2470=CARTESIAN_POINT('',(-0.0925,0.0492,-0.0636));
#2471=CARTESIAN_POINT('',(-0.0925,0.0457,-0.0636));
#2472=CARTESIAN_POINT('',(-0.0925,0.0500324851957713,-0.0627184647413298));
#2473=CARTESIAN_POINT('',(-0.0925,0.0373058920042239,-0.0507));
#2474=CARTESIAN_POINT('',(-0.0925,0.0372,-0.0507));
#2475=CARTESIAN_POINT('',(-0.0925,0.0542,-0.0636));
#2476=CARTESIAN_POINT('',(-0.0925,0.0542,-0.0509043080276405));
#2477=CARTESIAN_POINT('',(-0.0925,0.0540042100357369,-0.0507));
#2478=CARTESIAN_POINT('',(-0.0925,0.0540042100357369,-0.0507));
#2479=CARTESIAN_POINT('',(-0.0925,0.0442,-0.0507));
#2480=CARTESIAN_POINT('',(-0.0569975,0.0105,-0.0636));
#2481=CARTESIAN_POINT('',(-0.0694998256137409,0.0492000010113372,-0.0636));
#2482=CARTESIAN_POINT('',(-0.0694959023929197,0.048523489356665,-0.0636));
#2483=CARTESIAN_POINT('',(-0.0693760701107704,0.0471969250442023,-0.0636));
#2484=CARTESIAN_POINT('',(-0.0684077173165503,0.0453047086457731,-0.0636));
#2485=CARTESIAN_POINT('',(-0.0665426414040034,0.044333446586866,-0.0636));
#2486=CARTESIAN_POINT('',(-0.0651807189589008,0.0442041442461333,-0.0636));
#2487=CARTESIAN_POINT('',(-0.0644999989728143,0.0442001762158033,-0.0636));
#2488=CARTESIAN_POINT('',(-0.0695,0.0492,-0.0636));
#2489=CARTESIAN_POINT('',(-0.066282987565888,0.0540039655694858,-0.0636));
#2490=CARTESIAN_POINT('',(-0.0667974755063279,0.053876984648411,-0.0636));
#2491=CARTESIAN_POINT('',(-0.067788699407991,0.0534805161108934,-0.0636));
#2492=CARTESIAN_POINT('',(-0.0688989556805814,0.0522956937449284,-0.0636));
#2493=CARTESIAN_POINT('',(-0.0694193430593519,0.0507779219885197,-0.0635999999999999));
#2494=CARTESIAN_POINT('',(-0.0694999999999997,0.049728368940472,-0.0636));
#2495=CARTESIAN_POINT('',(-0.0695,0.0492000000000059,-0.0636));
#2496=CARTESIAN_POINT('',(-0.0662830478980336,0.0540042100357371,-0.0636));
#2497=CARTESIAN_POINT('',(-0.0645,0.0540042100357369,-0.0636));
#2498=CARTESIAN_POINT('',(-0.0895,0.0492,-0.0636));
#2499=CARTESIAN_POINT('',(-0.064499999997869,0.0541999936055469,-0.0625569707673208));
#2500=CARTESIAN_POINT('',(-0.064499999997869,0.0541999936055469,-0.0638117474148788));
#2501=CARTESIAN_POINT('',(-0.0678527962786841,0.0541994586965894,-0.0625569707673208));
#2502=CARTESIAN_POINT('',(-0.0678527962786841,0.0541994586965894,-0.0638117474148788));
#2503=CARTESIAN_POINT('',(-0.0695194036049995,0.0525127348331321,-0.0625569707673209));
#2504=CARTESIAN_POINT('',(-0.0695194036049995,0.0525127348331321,-0.0638117474148789));
#2505=CARTESIAN_POINT('',(-0.0694998231990361,0.049139823237396,-0.0625569707673209));
#2506=CARTESIAN_POINT('',(-0.0694998231990361,0.049139823237396,-0.0638117474148789));
#2507=CARTESIAN_POINT('',(-0.0645,0.0542,-0.0630828429040722));
#2508=CARTESIAN_POINT('',(-0.0645000002094263,0.0541999968027399,-0.0625656840825024));
#2509=CARTESIAN_POINT('',(-0.0645,0.0542,-0.0638043080276403));
#2510=CARTESIAN_POINT('',(-0.0662829292818947,0.0540039799542464,-0.0635997599085545));
#2511=CARTESIAN_POINT('',(-0.0657538730950023,0.0541345504942903,-0.0637360110673139));
#2512=CARTESIAN_POINT('',(-0.0651595633336604,0.0541998883780571,-0.0638041915494588));
#2513=CARTESIAN_POINT('',(-0.064499999997869,0.0541999936055469,-0.0638043013549893));
#2514=CARTESIAN_POINT('',(-0.0695,0.049200001011317,-0.0636000000000001));
#2515=CARTESIAN_POINT('',(-0.0695,0.049200001011317,-0.0632552287830837));
#2516=CARTESIAN_POINT('',(-0.0695,0.049200001011317,-0.0629104575661673));
#2517=CARTESIAN_POINT('',(-0.0695,0.049200001011317,-0.0625656863492509));
#2518=CARTESIAN_POINT('',(-0.0695000001634334,0.0492003250336233,-0.0625656863492508));
#2519=CARTESIAN_POINT('',(-0.06450000020599,0.0541999947407913,-0.0625656845458359));
#2520=CARTESIAN_POINT('',(-0.0651785975964827,0.0541998864622667,-0.0625702428726439));
#2521=CARTESIAN_POINT('',(-0.0665262216205301,0.0540779281880944,-0.0625631145992904));
#2522=CARTESIAN_POINT('',(-0.0683970429820048,0.0530995586060872,-0.0625664475167932));
#2523=CARTESIAN_POINT('',(-0.0693777615055947,0.0512292568086515,-0.0625634849460531));
#2524=CARTESIAN_POINT('',(-0.0694999779169436,0.0498793925318133,-0.0625704107510761));
#2525=CARTESIAN_POINT('',(-0.0694999999947169,0.049200324998599,-0.0625656913875529));
#2526=CARTESIAN_POINT('',(-0.069499999998579,0.0492601532250905,-0.0625524533105939));
#2527=CARTESIAN_POINT('',(-0.069499999998579,0.0492601532250905,-0.0636));
#2528=CARTESIAN_POINT('',(-0.0694999722462658,0.0475735174622561,-0.0625524533105939));
#2529=CARTESIAN_POINT('',(-0.0694999722462658,0.0475735174622561,-0.0636));
#2530=CARTESIAN_POINT('',(-0.0686869144026997,0.0450132482755252,-0.0625524533105938));
#2531=CARTESIAN_POINT('',(-0.0686869144026997,0.0450132482755252,-0.0636));
#2532=CARTESIAN_POINT('',(-0.0661267041189613,0.0442001315289671,-0.0625524533105939));
#2533=CARTESIAN_POINT('',(-0.0661267041189613,0.0442001315289671,-0.0636));
#2534=CARTESIAN_POINT('',(-0.0644401721010616,0.0442000000317189,-0.0625524533105939));
#2535=CARTESIAN_POINT('',(-0.0644401721010616,0.0442000000317189,-0.0636));
#2536=CARTESIAN_POINT('',(-0.069499827492386,0.0492003258433549,-0.0625655143870927));
#2537=CARTESIAN_POINT('',(-0.0694959155682054,0.0485220766943488,-0.0625662488616615));
#2538=CARTESIAN_POINT('',(-0.0693718633823066,0.0471766060314184,-0.062555592687531));
#2539=CARTESIAN_POINT('',(-0.0683996982596267,0.0452991748506256,-0.0625708083186412));
#2540=CARTESIAN_POINT('',(-0.0665351378552128,0.0443319513040333,-0.0625556589865002));
#2541=CARTESIAN_POINT('',(-0.0651789528287202,0.0442041337436288,-0.0625662785820801));
#2542=CARTESIAN_POINT('',(-0.0644999958232269,0.0442001761974444,-0.0625655129004913));
#2543=CARTESIAN_POINT('',(-0.0295598281083117,0.044200000032677,-0.0625008847667417));
#2544=CARTESIAN_POINT('',(-0.0295598281083117,0.044200000032677,-0.0722));
#2545=CARTESIAN_POINT('',(-0.0278732925095758,0.0442001335010247,-0.0625008847667417));
#2546=CARTESIAN_POINT('',(-0.0278732925095758,0.0442001335010247,-0.0722));
#2547=CARTESIAN_POINT('',(-0.0253130707515539,0.0450132498771703,-0.0625008847667417));
#2548=CARTESIAN_POINT('',(-0.0253130707515539,0.0450132498771703,-0.0722));
#2549=CARTESIAN_POINT('',(-0.0245000277549127,0.0475735450146944,-0.0625008847667417));
#2550=CARTESIAN_POINT('',(-0.0245000277549127,0.0475735450146944,-0.0722));
#2551=CARTESIAN_POINT('',(-0.0245000000014212,0.0492601863282876,-0.0625008847667417));
#2552=CARTESIAN_POINT('',(-0.0245000000014212,0.0492601863282876,-0.0722));
#2553=CARTESIAN_POINT('',(-0.0295000010278031,0.0442001762864575,-0.0722));
#2554=CARTESIAN_POINT('',(-0.0278430533558869,0.044209836801148,-0.0722));
#2555=CARTESIAN_POINT('',(-0.0253234889011591,0.045023488719634,-0.0722));
#2556=CARTESIAN_POINT('',(-0.0245097892225654,0.0475430054142518,-0.0722));
#2557=CARTESIAN_POINT('',(-0.024500174585888,0.0491999989641822,-0.0722));
#2558=CARTESIAN_POINT('',(-0.0245004148150492,0.0491936219947235,-0.0722000316797657));
#2559=CARTESIAN_POINT('',(-0.0245001773084075,0.0491999989601811,-0.0653828431049825));
#2560=CARTESIAN_POINT('',(-0.0245000000550633,0.0492003579513905,-0.0625656862099622));
#2561=CARTESIAN_POINT('',(-0.0295000042578552,0.0442001762676258,-0.062565512834182));
#2562=CARTESIAN_POINT('',(-0.0288217527523777,0.0442041304700528,-0.0625662221734392));
#2563=CARTESIAN_POINT('',(-0.0274762834862664,0.0443282658060568,-0.0625555399395591));
#2564=CARTESIAN_POINT('',(-0.02559890996686,0.0453005622333967,-0.0625708104224304));
#2565=CARTESIAN_POINT('',(-0.0246318203009051,0.0471652028800143,-0.0625557045414559));
#2566=CARTESIAN_POINT('',(-0.0245040884440232,0.0485213989682763,-0.0625663031640656));
#2567=CARTESIAN_POINT('',(-0.0245001725045473,0.0492003587460234,-0.0625655141315711));
#2568=CARTESIAN_POINT('',(-0.0245000000330924,0.0491401771352045,-0.0625005588466615));
#2569=CARTESIAN_POINT('',(-0.0245000000330924,0.0491401771352045,-0.0722000000000001));
#2570=CARTESIAN_POINT('',(-0.0245001335483008,0.0508166807627151,-0.0625005588466614));
#2571=CARTESIAN_POINT('',(-0.0245001335483008,0.0508166807627151,-0.0722));
#2572=CARTESIAN_POINT('',(-0.025308428615298,0.053361659981156,-0.0625005588466616));
#2573=CARTESIAN_POINT('',(-0.025308428615298,0.053361659981156,-0.0722000000000001));
#2574=CARTESIAN_POINT('',(-0.0278233628777902,0.0542000000041021,-0.0625005588466614));
#2575=CARTESIAN_POINT('',(-0.0278233628777901,0.0542000000041021,-0.0722));
#2576=CARTESIAN_POINT('',(-0.0295000000246111,0.0542,-0.0625005588466614));
#2577=CARTESIAN_POINT('',(-0.0295000000246111,0.0542,-0.0722));
#2578=CARTESIAN_POINT('',(-0.0245001773077556,0.0491999988040183,-0.0722));
#2579=CARTESIAN_POINT('',(-0.0245098942489,0.0508569191776762,-0.0721999999999999));
#2580=CARTESIAN_POINT('',(-0.0253283700882841,0.0533717179678965,-0.0722000000000001));
#2581=CARTESIAN_POINT('',(-0.0278333626856878,0.0542000000000974,-0.0722));
#2582=CARTESIAN_POINT('',(-0.0295000000005873,0.0542,-0.0722));
#2583=CARTESIAN_POINT('',(-0.0295,0.0542,-0.0722));
#2584=CARTESIAN_POINT('',(-0.0295,0.0542,-0.0653828428967433));
#2585=CARTESIAN_POINT('',(-0.0295000000188221,0.0542,-0.0625656872761523));
#2586=CARTESIAN_POINT('',(-0.0245001794150429,0.0492003570681435,-0.0625655121763038));
#2587=CARTESIAN_POINT('',(-0.0245041813760384,0.0498787224575997,-0.0625661937942371));
#2588=CARTESIAN_POINT('',(-0.0246303819648782,0.0512244679497038,-0.0625543408172485));
#2589=CARTESIAN_POINT('',(-0.0256001317527144,0.0530998314289065,-0.0625688665685678));
#2590=CARTESIAN_POINT('',(-0.0274715418658609,0.0540792079982506,-0.0625646921197283));
#2591=CARTESIAN_POINT('',(-0.0288211190667949,0.0542000000016609,-0.0625704124999476));
#2592=CARTESIAN_POINT('',(-0.0295000000246111,0.0542,-0.0625656891274461));
#2593=CARTESIAN_POINT('',(-0.047,0.0492,-0.0616));
#2594=CARTESIAN_POINT('',(-0.047,0.0492,-0.0616));
#2595=CARTESIAN_POINT('',(-0.04485,0.0492,-0.0616));
#2596=CARTESIAN_POINT('',(-0.0685343137010276,0.0492000022129959,-0.0616));
#2597=CARTESIAN_POINT('',(-0.068532647497441,0.0497512526295398,-0.0616));
#2598=CARTESIAN_POINT('',(-0.0684515635474612,0.0508430325639816,-0.0616000000000001));
#2599=CARTESIAN_POINT('',(-0.0677009684741751,0.0524021465460687,-0.0615999999999999));
#2600=CARTESIAN_POINT('',(-0.0661493970339518,0.0531494374919686,-0.0616000000000001));
#2601=CARTESIAN_POINT('',(-0.065051723193101,0.0532326903995338,-0.0616));
#2602=CARTESIAN_POINT('',(-0.0644999999975154,0.053234313730587,-0.0616));
#2603=CARTESIAN_POINT('',(-0.0685343143246888,0.0492000022148809,-0.0616));
#2604=CARTESIAN_POINT('',(-0.0644999999987577,0.0532343141528189,-0.0616));
#2605=CARTESIAN_POINT('',(-0.0644999999975594,0.0451656862922764,-0.0616));
#2606=CARTESIAN_POINT('',(-0.0650512507875669,0.0451673523753285,-0.0616));
#2607=CARTESIAN_POINT('',(-0.0661430314997935,0.0452484360788029,-0.0615999999999999));
#2608=CARTESIAN_POINT('',(-0.0677021467307521,0.0459990313411551,-0.0616));
#2609=CARTESIAN_POINT('',(-0.0684494378999716,0.0475506041608865,-0.0616000000000001));
#2610=CARTESIAN_POINT('',(-0.0685326905299243,0.0486482786579581,-0.0616));
#2611=CARTESIAN_POINT('',(-0.0685343137371014,0.0492000022166096,-0.0616));
#2612=CARTESIAN_POINT('',(-0.0644999999987797,0.0451656858586128,-0.0616));
#2613=CARTESIAN_POINT('',(-0.047,0.0451656854249492,-0.0616));
#2614=CARTESIAN_POINT('',(-0.0295000000011539,0.0451656858471814,-0.0616));
#2615=CARTESIAN_POINT('',(-0.0254656862989725,0.0491999977869929,-0.0616));
#2616=CARTESIAN_POINT('',(-0.0254673525025595,0.048648747370465,-0.0616));
#2617=CARTESIAN_POINT('',(-0.0255484364525378,0.0475569674360575,-0.0616000000000001));
#2618=CARTESIAN_POINT('',(-0.0262990315257703,0.0459978534540018,-0.0616));
#2619=CARTESIAN_POINT('',(-0.0278506029659124,0.0452505625080657,-0.0616));
#2620=CARTESIAN_POINT('',(-0.0289482768067377,0.0451673096004766,-0.0616));
#2621=CARTESIAN_POINT('',(-0.0295000000023079,0.0451656862694135,-0.0616));
#2622=CARTESIAN_POINT('',(-0.0254656856753112,0.0491999977851078,-0.0616));
#2623=CARTESIAN_POINT('',(-0.0295000000023888,0.0532343137077234,-0.0616));
#2624=CARTESIAN_POINT('',(-0.0289487492123847,0.0532326476246685,-0.0616));
#2625=CARTESIAN_POINT('',(-0.0278569685001648,0.0531515639211873,-0.0616));
#2626=CARTESIAN_POINT('',(-0.0262978532692256,0.0524009686588196,-0.0616));
#2627=CARTESIAN_POINT('',(-0.0255505621000259,0.0508493958390921,-0.0616));
#2628=CARTESIAN_POINT('',(-0.0254673094700751,0.0497517213420272,-0.0616));
#2629=CARTESIAN_POINT('',(-0.0254656862628986,0.0491999977833791,-0.0616));
#2630=CARTESIAN_POINT('',(-0.0295000000011944,0.0532343141413871,-0.0616));
#2631=CARTESIAN_POINT('',(-0.047,0.0532343145750508,-0.0616));
#2632=CARTESIAN_POINT('',(-0.0835,0.0404768290666818,-0.0536945009405532));
#2633=CARTESIAN_POINT('',(-0.0835,0.0373058920042239,-0.0507));
#2634=CARTESIAN_POINT('',(-0.0835,0.0423977000584879,-0.0555084915301948));
#2635=CARTESIAN_POINT('',(-0.092692504197632,0.0453359274810335,-0.0582832311756269));
#2636=CARTESIAN_POINT('',(-0.0935,0.0442,-0.0507));
#2637=CARTESIAN_POINT('',(-0.0815,0.0542,-0.0506));
#2638=CARTESIAN_POINT('',(-0.0815,0.050128932188135,-0.046528932188135));
#2639=CARTESIAN_POINT('',(-0.047,0.0542,-0.0506));
#2640=CARTESIAN_POINT('',(-0.0795,0.0414115751912633,-0.0436));
#2641=CARTESIAN_POINT('',(-0.0815,0.0430578643762696,-0.0436));
#2642=CARTESIAN_POINT('',(-0.0923172267899644,0.0430578643762748,-0.0436));
#2643=CARTESIAN_POINT('',(-0.0896827820415205,0.0430578643762748,-0.0436));
#2644=CARTESIAN_POINT('',(-0.0923172267899645,0.0458192881254294,-0.0436000000000007));
#2645=CARTESIAN_POINT('',(-0.0896827820415205,0.0458192881254294,-0.0436000000000007));
#2646=CARTESIAN_POINT('',(-0.0923172267899644,0.0481763107293837,-0.0445763107293797));
#2647=CARTESIAN_POINT('',(-0.0896827820415205,0.0481763107293837,-0.0445763107293797));
#2648=CARTESIAN_POINT('',(-0.0923172267899645,0.0501289321881375,-0.0465289321881374));
#2649=CARTESIAN_POINT('',(-0.0896827820415205,0.0501289321881375,-0.0465289321881374));
#2650=CARTESIAN_POINT('',(-0.047,0.0492,-0.0666));
#2651=CARTESIAN_POINT('',(-0.047,0.0492,-0.0722));
#2652=CARTESIAN_POINT('',(-0.044,0.0492,-0.0722));
#2653=CARTESIAN_POINT('',(-0.047,0.0492,-0.0666));
#2654=CARTESIAN_POINT('',(-0.05,0.0492,-0.0666));
#2655=CARTESIAN_POINT('',(-0.0568506342940467,0.00935062179404668,-0.0666));
#2656=CARTESIAN_POINT('',(-0.047,0.0542,-0.0638043080276403));
#2657=CARTESIAN_POINT('',(-0.0795,0.0542,-0.0638043080276403));
#2658=CARTESIAN_POINT('',(-0.047,0.0444828427124746,-0.0622828427124746));
#2659=CARTESIAN_POINT('',(-0.0295,0.0446876711395994,-0.0620780142853499));
#2660=CARTESIAN_POINT('',(-0.0645,0.0446780144668868,-0.0620876709580625));
#2661=CARTESIAN_POINT('',(-0.0644996330697584,0.0451715789305442,-0.0615941062563967));
#2662=CARTESIAN_POINT('',(-0.0650845148152093,0.0451733869502513,-0.0615940291408477));
#2663=CARTESIAN_POINT('',(-0.0659510794891242,0.0452525737494193,-0.0615941979938533));
#2664=CARTESIAN_POINT('',(-0.0669640522098924,0.0456510102653214,-0.0615939782367551));
#2665=CARTESIAN_POINT('',(-0.0675904675467405,0.0461085827030145,-0.0615941626107705));
#2666=CARTESIAN_POINT('',(-0.0680474033184131,0.0467321080091109,-0.0615940094582323));
#2667=CARTESIAN_POINT('',(-0.0684451186868716,0.0477399497531107,-0.0615941820273946));
#2668=CARTESIAN_POINT('',(-0.0685266416863961,0.0486142463257148,-0.0615940137016026));
#2669=CARTESIAN_POINT('',(-0.0685284210722233,0.0492003711729457,-0.0615941062536283));
#2670=CARTESIAN_POINT('',(-0.0644995324748627,0.0448447958691805,-0.0619208891869545));
#2671=CARTESIAN_POINT('',(-0.0651062671158353,0.0448475192991981,-0.0619208124098815));
#2672=CARTESIAN_POINT('',(-0.0660131887386479,0.0449266009098501,-0.0619209805774334));
#2673=CARTESIAN_POINT('',(-0.067119274441979,0.0453593449773824,-0.0619207613182955));
#2674=CARTESIAN_POINT('',(-0.0678252196148434,0.0458736279036271,-0.0619209455602526));
#2675=CARTESIAN_POINT('',(-0.0683389147037258,0.0465764890565367,-0.0619207925594531));
#2676=CARTESIAN_POINT('',(-0.0687709413993822,0.0476772282167912,-0.0619209645098764));
#2677=CARTESIAN_POINT('',(-0.0688525102692449,0.0485924591577911,-0.061920797033563));
#2678=CARTESIAN_POINT('',(-0.0688552041363249,0.0492004747748957,-0.0619208891814505));
#2679=CARTESIAN_POINT('',(-0.064499442386294,0.0445180127886482,-0.0622476720983411));
#2680=CARTESIAN_POINT('',(-0.0651280679562113,0.0445216664280409,-0.0622475956992673));
#2681=CARTESIAN_POINT('',(-0.0660752189345389,0.0446006035027351,-0.0622477631324441));
#2682=CARTESIAN_POINT('',(-0.0672745293990753,0.04506769234545,-0.0622475443952179));
#2683=CARTESIAN_POINT('',(-0.0680599678524215,0.0456386792960779,-0.0622477285120696));
#2684=CARTESIAN_POINT('',(-0.0686304130470165,0.0464208370348139,-0.0622475756542521));
#2685=CARTESIAN_POINT('',(-0.0690967896888294,0.0476145884320831,-0.0622477469748929));
#2686=CARTESIAN_POINT('',(-0.0691783633696382,0.0485706209879115,-0.0622475803787265));
#2687=CARTESIAN_POINT('',(-0.0691819872208838,0.0492005675559343,-0.0622476720888072));
#2688=CARTESIAN_POINT('',(-0.0644993600557011,0.044191229699694,-0.0625744550013035));
#2689=CARTESIAN_POINT('',(-0.0651498951630868,0.0441958214810831,-0.062574378977976));
#2690=CARTESIAN_POINT('',(-0.0661372064782773,0.0442745931394431,-0.0625745457065274));
#2691=CARTESIAN_POINT('',(-0.0674298002838436,0.0447760456406145,-0.062574327467461));
#2692=CARTESIAN_POINT('',(-0.0682947140400987,0.0454037336419692,-0.062574511466531));
#2693=CARTESIAN_POINT('',(-0.0689219053213396,0.0462651689289313,-0.0625743587425192));
#2694=CARTESIAN_POINT('',(-0.0694226514385224,0.0475519927629477,-0.0625745294684229));
#2695=CARTESIAN_POINT('',(-0.0695042081742222,0.04854875502852,-0.0625743637073377));
#2696=CARTESIAN_POINT('',(-0.0695087703144736,0.049200652346817,-0.0625744549871378));
#2697=CARTESIAN_POINT('',(-0.0690219860245752,0.049200512809952,-0.0620876709501187));
#2698=CARTESIAN_POINT('',(-0.0254715788435602,0.0492003669302683,-0.0615941063433806));
#2699=CARTESIAN_POINT('',(-0.0254733868635116,0.0486154851789973,-0.0615940292278311));
#2700=CARTESIAN_POINT('',(-0.0255525736626519,0.0477489204943417,-0.0615941980808366));
#2701=CARTESIAN_POINT('',(-0.0259510101876861,0.0467359477487888,-0.0615939783237389));
#2702=CARTESIAN_POINT('',(-0.0264085826404759,0.0461095323907732,-0.0615941626977523));
#2703=CARTESIAN_POINT('',(-0.0270321079676893,0.0456525966039925,-0.0615940095452147));
#2704=CARTESIAN_POINT('',(-0.0280399497364154,0.0452548812263995,-0.0615941821143792));
#2705=CARTESIAN_POINT('',(-0.0289142463199157,0.0451733582268624,-0.0615940137885874));
#2706=CARTESIAN_POINT('',(-0.0295003711729733,0.0451715788407923,-0.0615941063406127));
#2707=CARTESIAN_POINT('',(-0.025144795811365,0.0492004675251533,-0.0619208892447701));
#2708=CARTESIAN_POINT('',(-0.025147519241547,0.048593732880304,-0.0619208124676977));
#2709=CARTESIAN_POINT('',(-0.0252266008521736,0.0476868112503758,-0.0619209806352493));
#2710=CARTESIAN_POINT('',(-0.025659344925783,0.046580725530551,-0.0619207613761114));
#2711=CARTESIAN_POINT('',(-0.0261736278620587,0.0458747803436217,-0.0619209456180701));
#2712=CARTESIAN_POINT('',(-0.0268764890289982,0.0453610852446994,-0.0619207926172704));
#2713=CARTESIAN_POINT('',(-0.0279772282057103,0.0449290585429682,-0.0619209645676912));
#2714=CARTESIAN_POINT('',(-0.0288924591539273,0.0448474896731052,-0.0619207970913775));
#2715=CARTESIAN_POINT('',(-0.0295004747749122,0.0448447958058603,-0.0619208892392653));
#2716=CARTESIAN_POINT('',(-0.0248180127600007,0.0492005576137131,-0.0622476721269885));
#2717=CARTESIAN_POINT('',(-0.0248216663994761,0.0485719320418718,-0.0622475957279144));
#2718=CARTESIAN_POINT('',(-0.0249006034741557,0.0476247810600246,-0.0622477631610916));
#2719=CARTESIAN_POINT('',(-0.0253676923198839,0.0464254705873113,-0.0622475444238651));
#2720=CARTESIAN_POINT('',(-0.0259386792754836,0.0456400321269996,-0.0622477285407156));
#2721=CARTESIAN_POINT('',(-0.0267208370211691,0.0450695869274305,-0.0622475756828978));
#2722=CARTESIAN_POINT('',(-0.0279145884265955,0.0446032102826033,-0.062247747003541));
#2723=CARTESIAN_POINT('',(-0.028870620985995,0.0445216366017954,-0.0622475804073751));
#2724=CARTESIAN_POINT('',(-0.0295005675559417,0.0445180127504677,-0.0622476721174556));
#2725=CARTESIAN_POINT('',(-0.0244912297002146,0.0492006399442987,-0.0625744550007829));
#2726=CARTESIAN_POINT('',(-0.0244958214816022,0.0485501048369442,-0.0625743789774556));
#2727=CARTESIAN_POINT('',(-0.0245745931399635,0.0475627935218195,-0.0625745457060062));
#2728=CARTESIAN_POINT('',(-0.0250760456410798,0.0462701997164018,-0.0625743274669408));
#2729=CARTESIAN_POINT('',(-0.025703733642344,0.0454052859602735,-0.0625745114660112));
#2730=CARTESIAN_POINT('',(-0.0265651689291798,0.044778094679123,-0.0625743587419999));
#2731=CARTESIAN_POINT('',(-0.0278519927630485,0.0442773485619974,-0.0625745294679016));
#2732=CARTESIAN_POINT('',(-0.0288487550285551,0.044195791826298,-0.0625743637068161));
#2733=CARTESIAN_POINT('',(-0.0295006523468169,0.044191229686048,-0.0625744549866163));
#2734=CARTESIAN_POINT('',(-0.0249828420905361,0.0492005032386638,-0.0620828428547504));
#2735=CARTESIAN_POINT('',(-0.0685284211564819,0.0491996330697316,-0.0615941063434227));
#2736=CARTESIAN_POINT('',(-0.0685266131365306,0.0497845148210053,-0.0615940292278735));
#2737=CARTESIAN_POINT('',(-0.0684474263373929,0.050651079505667,-0.0615941980808816));
#2738=CARTESIAN_POINT('',(-0.068048989812352,0.0516640522512317,-0.0615939783237816));
#2739=CARTESIAN_POINT('',(-0.0675914173595549,0.0522904676092576,-0.0615941626977952));
#2740=CARTESIAN_POINT('',(-0.0669678920323312,0.052747403396046,-0.061594009545258));
#2741=CARTESIAN_POINT('',(-0.0659600502635934,0.0531451187736451,-0.061594182114424));
#2742=CARTESIAN_POINT('',(-0.0650857536800868,0.05322664177318,-0.0615940137886299));
#2743=CARTESIAN_POINT('',(-0.0644996288270267,0.0532284211592503,-0.0615941063406553));
#2744=CARTESIAN_POINT('',(-0.0688552041886715,0.0491995324748469,-0.0619208892448066));
#2745=CARTESIAN_POINT('',(-0.068852480758489,0.0498062671196986,-0.0619208124677337));
#2746=CARTESIAN_POINT('',(-0.0687733991478608,0.0507131887496308,-0.0619209806352837));
#2747=CARTESIAN_POINT('',(-0.0683406550742491,0.051819274469466,-0.0619207613761472));
#2748=CARTESIAN_POINT('',(-0.0678263721379671,0.0525252196564039,-0.0619209456181058));
#2749=CARTESIAN_POINT('',(-0.0671235109710185,0.0530389147553321,-0.0619207926173057));
#2750=CARTESIAN_POINT('',(-0.0660227717942966,0.0534709414570665,-0.0619209645677257));
#2751=CARTESIAN_POINT('',(-0.0651075408460754,0.0535525103269304,-0.0619207970914133));
#2752=CARTESIAN_POINT('',(-0.0644995252250879,0.0535552041941757,-0.0619208892393014));
#2753=CARTESIAN_POINT('',(-0.0691819872400269,0.0491994423862868,-0.0622476721270162));
#2754=CARTESIAN_POINT('',(-0.0691783336005522,0.0498280679581301,-0.0622475957279428));
#2755=CARTESIAN_POINT('',(-0.0690993965258721,0.0507752189399807,-0.0622477631611194));
#2756=CARTESIAN_POINT('',(-0.0686323076801411,0.051974529412702,-0.0622475444238931));
#2757=CARTESIAN_POINT('',(-0.0680613207245367,0.0527599678730208,-0.0622477285407439));
#2758=CARTESIAN_POINT('',(-0.0672791629788444,0.053330413072595,-0.0622475756829265));
#2759=CARTESIAN_POINT('',(-0.0660854115734095,0.0537967897174243,-0.0622477470035687));
#2760=CARTESIAN_POINT('',(-0.0651293790140069,0.0538783633982331,-0.0622475804074038));
#2761=CARTESIAN_POINT('',(-0.0644994324440582,0.0538819872495601,-0.0622476721174835));
#2762=CARTESIAN_POINT('',(-0.0695087702998076,0.0491993600557012,-0.0625744550008051));
#2763=CARTESIAN_POINT('',(-0.069504178518419,0.0498498951630571,-0.062574378977477));
#2764=CARTESIAN_POINT('',(-0.0694254068600597,0.0508372064781852,-0.0625745457060294));
#2765=CARTESIAN_POINT('',(-0.0689239543589397,0.0521298002836088,-0.0625743274669626));
#2766=CARTESIAN_POINT('',(-0.0682962663576716,0.0529947140397421,-0.0625745114660328));
#2767=CARTESIAN_POINT('',(-0.0674348310708304,0.053621905320896,-0.0625743587420212));
#2768=CARTESIAN_POINT('',(-0.0661480072369562,0.0541226514380258,-0.0625745294679247));
#2769=CARTESIAN_POINT('',(-0.0651512449714461,0.054204208173723,-0.0625743637068371));
#2770=CARTESIAN_POINT('',(-0.0644993476531831,0.054208770313974,-0.0625744549866382));
#2771=CARTESIAN_POINT('',(-0.0645,0.0537171572875254,-0.0620828427124746));
#2772=CARTESIAN_POINT('',(-0.0295003669302415,0.053228421069488,-0.0615941062564289));
#2773=CARTESIAN_POINT('',(-0.0289154851847854,0.0532266130497788,-0.0615940291408779));
#2774=CARTESIAN_POINT('',(-0.0280489205108681,0.0531474262506123,-0.0615941979938853));
#2775=CARTESIAN_POINT('',(-0.0270359477900909,0.0527489897347062,-0.0615939782367869));
#2776=CARTESIAN_POINT('',(-0.026409532453237,0.0522914172970064,-0.0615941626108006));
#2777=CARTESIAN_POINT('',(-0.0259525966815591,0.051667891990903,-0.0615940094582631));
#2778=CARTESIAN_POINT('',(-0.0255548813130958,0.0506600502468952,-0.0615941820274274));
#2779=CARTESIAN_POINT('',(-0.0254733583135723,0.049785753674287,-0.0615940137016342));
#2780=CARTESIAN_POINT('',(-0.0254715789277442,0.0491996288270543,-0.0615941062536608));
#2781=CARTESIAN_POINT('',(-0.0295004675251373,0.0535552041308452,-0.0619208891869802));
#2782=CARTESIAN_POINT('',(-0.0288937328841593,0.0535524807008283,-0.0619208124099083));
#2783=CARTESIAN_POINT('',(-0.0279868112613453,0.0534733990901758,-0.0619209805774597));
#2784=CARTESIAN_POINT('',(-0.0268807255580069,0.0530406550226404,-0.061920761318322));
#2785=CARTESIAN_POINT('',(-0.0261747803851359,0.0525263720963918,-0.0619209455602799));
#2786=CARTESIAN_POINT('',(-0.0256610852962493,0.0518235109434754,-0.0619207925594805));
#2787=CARTESIAN_POINT('',(-0.0252290586005923,0.0507227717832127,-0.0619209645099017));
#2788=CARTESIAN_POINT('',(-0.0251474897307295,0.0498075408422105,-0.0619207970335887));
#2789=CARTESIAN_POINT('',(-0.0251447958636502,0.0491995252251042,-0.0619208891814754));
#2790=CARTESIAN_POINT('',(-0.029500557613706,0.0538819872113727,-0.0622476720983621));
#2791=CARTESIAN_POINT('',(-0.0288719320437838,0.0538783335719806,-0.0622475956992888));
#2792=CARTESIAN_POINT('',(-0.0279247810654549,0.0537993964972841,-0.0622477631324639));
#2793=CARTESIAN_POINT('',(-0.0267254706009138,0.0533323076545667,-0.0622475443952376));
#2794=CARTESIAN_POINT('',(-0.0259400321475631,0.0527613207039354,-0.0622477285120899));
#2795=CARTESIAN_POINT('',(-0.0253695869529658,0.0519791629651941,-0.0622475756542711));
#2796=CARTESIAN_POINT('',(-0.0249032103111501,0.0507854115679207,-0.0622477469749138));
#2797=CARTESIAN_POINT('',(-0.0248216366303399,0.0498293790120896,-0.0622475803787486));
#2798=CARTESIAN_POINT('',(-0.0248180127790938,0.0491994324440657,-0.0622476720888296));
#2799=CARTESIAN_POINT('',(-0.0295006399442989,0.0542087703003231,-0.0625744550013205));
#2800=CARTESIAN_POINT('',(-0.0288501048369085,0.0542041785189321,-0.0625743789779915));
#2801=CARTESIAN_POINT('',(-0.0278627935217173,0.0541254068605747,-0.0625745457065455));
#2802=CARTESIAN_POINT('',(-0.0265701997161456,0.0536239543594009,-0.0625743274674795));
#2803=CARTESIAN_POINT('',(-0.0257052859598879,0.0529962663580418,-0.0625745114665479));
#2804=CARTESIAN_POINT('',(-0.0250780946786432,0.0521348310710766,-0.0625743587425379));
#2805=CARTESIAN_POINT('',(-0.0245773485614603,0.0508480072370546,-0.06257452946844));
#2806=CARTESIAN_POINT('',(-0.0244957918257624,0.0498512449714808,-0.0625743637073533));
#2807=CARTESIAN_POINT('',(-0.024491229685511,0.049199347653183,-0.0625744549871532));
#2808=CARTESIAN_POINT('',(-0.0295,0.0537171572875254,-0.0620828427124746));
#2809=CARTESIAN_POINT('',(-0.047,0.0535171572875254,-0.0618828427124746));
#2810=CARTESIAN_POINT('',(-0.047,0.0542,-0.0625656854249492));
#2811=CARTESIAN_POINT('',(-0.047,0.0492,-0.0616));
#2812=CARTESIAN_POINT('',(-0.047,0.0542,-0.0562956919723597));
#2813=CARTESIAN_POINT('',(-0.0935,0.0540042100357369,-0.0565));
#2814=CARTESIAN_POINT('',(-0.047,0.0542,-0.0562956919723597));
#2815=CARTESIAN_POINT('',(-0.047,0.0542,-0.0666));
#2816=CARTESIAN_POINT('',(-0.0983,0.0542,-0.0722));
#2817=CARTESIAN_POINT('',(-0.0929,0.0542,-0.0509043080276405));
#2818=CARTESIAN_POINT('',(-0.0935,0.0540042100357369,-0.0507));
#2819=CARTESIAN_POINT('',(-0.0835,0.0540042100357369,-0.0507));
#2820=CARTESIAN_POINT('',(-0.0935,0.0442,-0.0507));
#2821=CARTESIAN_POINT('',(-0.0895,0.0457,-0.0536));
#2822=CARTESIAN_POINT('',(-0.0985,0.0457,-0.0536));
#2823=CARTESIAN_POINT('',(-0.0645,0.0457,-0.0514457890075482));
#2824=CARTESIAN_POINT('',(-0.0645,0.0442,-0.0536));
#2825=CARTESIAN_POINT('',(-0.0935,0.0442,-0.0565));
#2826=CARTESIAN_POINT('',(-0.0985,0.0442,-0.0565));
#2827=CARTESIAN_POINT('',(-0.05825,0.041519587628866,-0.0636));
#2828=CARTESIAN_POINT('',(-0.05825,0.041519587628866,-0.0722));
#2829=CARTESIAN_POINT('',(-0.0976112698372208,0.0404171618414446,-0.0536));
#2830=CARTESIAN_POINT('',(-0.0985,0.0395284316786654,-0.0536));
#2831=CARTESIAN_POINT('',(-0.0985,0.0492,-0.0636));
#2832=CARTESIAN_POINT('',(-0.0985,0.0492,-0.0722));
#2833=CARTESIAN_POINT('',(-0.077,0.0352,-0.0636));
#2834=CARTESIAN_POINT('',(-0.1019,-0.0232,-0.0551));
#2835=CARTESIAN_POINT('',(-0.0895,0.0492,-0.0436));
#2836=CARTESIAN_POINT('',(-0.0249003399766776,0.0491902760792576,-0.0726));
#2837=CARTESIAN_POINT('',(-0.0249041104168508,0.0486648505968425,-0.0726));
#2838=CARTESIAN_POINT('',(-0.0249480775312852,0.0481430202190333,-0.0726));
#2839=CARTESIAN_POINT('',(-0.0252047554361879,0.0469864797520488,-0.0726));
#2840=CARTESIAN_POINT('',(-0.0254685663671389,0.0463645512839462,-0.0726));
#2841=CARTESIAN_POINT('',(-0.0263388881519579,0.0453755717795207,-0.0726));
#2842=CARTESIAN_POINT('',(-0.0269331947292741,0.0450444973642484,-0.0726));
#2843=CARTESIAN_POINT('',(-0.0281932281245597,0.0446707430827879,-0.0726));
#2844=CARTESIAN_POINT('',(-0.0288439809698521,0.0446053582263278,-0.0726));
#2845=CARTESIAN_POINT('',(-0.0295011673115908,0.0446001786131901,-0.0726));
#2846=CARTESIAN_POINT('',(-0.0245003863183557,0.0491872411396652,-0.0722));
#2847=CARTESIAN_POINT('',(-0.0245042842441912,0.0486416617254622,-0.0722));
#2848=CARTESIAN_POINT('',(-0.0245497861812826,0.0480915602987787,-0.0722));
#2849=CARTESIAN_POINT('',(-0.024824264046111,0.0468546139715855,-0.0722));
#2850=CARTESIAN_POINT('',(-0.0251113119685334,0.0461654672165315,-0.0722));
#2851=CARTESIAN_POINT('',(-0.0260968058535847,0.0450447544186917,-0.0722));
#2852=CARTESIAN_POINT('',(-0.0267667969217005,0.0446760634963292,-0.0722));
#2853=CARTESIAN_POINT('',(-0.0281290201779804,0.0442731340641335,-0.0722));
#2854=CARTESIAN_POINT('',(-0.0288149445905437,0.0442059014568265,-0.0722));
#2855=CARTESIAN_POINT('',(-0.0294987879498053,0.0442001863600428,-0.0722));
#2856=CARTESIAN_POINT('',(-0.0295,0.0446,-0.0726));
#2857=CARTESIAN_POINT('',(-0.0295,0.0444666666666667,-0.0724666666666667));
#2858=CARTESIAN_POINT('',(-0.0295,0.0443333333333333,-0.0723333333333333));
#2859=CARTESIAN_POINT('',(-0.0295,0.0442,-0.0722));
#2860=CARTESIAN_POINT('',(-0.0249003220046846,0.049190275942882,-0.0725999820259246));
#2861=CARTESIAN_POINT('',(-0.0247670285783883,0.0491892644819578,-0.0724666731552364));
#2862=CARTESIAN_POINT('',(-0.0246337351520921,0.0491882530210337,-0.0723333642845482));
#2863=CARTESIAN_POINT('',(-0.0245004417257958,0.0491872415601095,-0.07220005541386));
#2864=CARTESIAN_POINT('',(-0.0295000000005639,0.0538,-0.0726));
#2865=CARTESIAN_POINT('',(-0.0288426601250727,0.0537987967804792,-0.0726));
#2866=CARTESIAN_POINT('',(-0.0281964423209158,0.0537364182101921,-0.0726));
#2867=CARTESIAN_POINT('',(-0.0269383679603677,0.0533633281982401,-0.0726));
#2868=CARTESIAN_POINT('',(-0.0263404769925694,0.0530270190504503,-0.0726));
#2869=CARTESIAN_POINT('',(-0.0254687042382392,0.0520331513598299,-0.0726));
#2870=CARTESIAN_POINT('',(-0.0252050001027899,0.0514121688410628,-0.0726));
#2871=CARTESIAN_POINT('',(-0.0249465910008647,0.0502456451741944,-0.0726));
#2872=CARTESIAN_POINT('',(-0.0249032409818035,0.0497157885793662,-0.0726));
#2873=CARTESIAN_POINT('',(-0.0249003361788617,0.0491876917394473,-0.0726));
#2874=CARTESIAN_POINT('',(-0.0295000000005873,0.0542,-0.0722));
#2875=CARTESIAN_POINT('',(-0.0288153498356584,0.0541984262486588,-0.0722));
#2876=CARTESIAN_POINT('',(-0.0281333361297691,0.0541343302577909,-0.0722));
#2877=CARTESIAN_POINT('',(-0.0267712620215331,0.0537315769530904,-0.0722));
#2878=CARTESIAN_POINT('',(-0.0260970437700931,0.0533565833624989,-0.0722));
#2879=CARTESIAN_POINT('',(-0.0251115763401527,0.0522321003782362,-0.0722));
#2880=CARTESIAN_POINT('',(-0.0248245061121744,0.0515442233968395,-0.0722));
#2881=CARTESIAN_POINT('',(-0.0245482424166049,0.0502966805703962,-0.0722));
#2882=CARTESIAN_POINT('',(-0.0245034064493312,0.0497381988158161,-0.0722));
#2883=CARTESIAN_POINT('',(-0.024500390051685,0.0491899247658257,-0.0722));
#2884=CARTESIAN_POINT('',(-0.0295000000005873,0.0542,-0.0722));
#2885=CARTESIAN_POINT('',(-0.0295000000005795,0.0540666666666667,-0.0723333333333333));
#2886=CARTESIAN_POINT('',(-0.0295000000005717,0.0539333333333333,-0.0724666666666667));
#2887=CARTESIAN_POINT('',(-0.0295000000005639,0.0538,-0.0726));
#2888=CARTESIAN_POINT('',(-0.047,0.0446,-0.0726));
#2889=CARTESIAN_POINT('',(-0.0452869506517719,0.0445621910199186,-0.0725621910199185));
#2890=CARTESIAN_POINT('',(-0.047,0.0542,-0.0722));
#2891=CARTESIAN_POINT('',(-0.0965666666666667,0.0522666666666667,-0.0741333333333333));
#2892=CARTESIAN_POINT('',(-0.0460205243313683,0.044449543007136,-0.0726));
#2893=CARTESIAN_POINT('',(-0.0857497112269948,0.038348705316611,-0.0746476743887759));
#2894=CARTESIAN_POINT('',(-0.0981,0.0492,-0.0726));
#2895=CARTESIAN_POINT('',(-0.0938003436426117,0.0406006872852234,-0.0768996563573883));
#2896=CARTESIAN_POINT('',(-0.047,0.0363010309278351,-0.0726));
#2897=CARTESIAN_POINT('',(-0.047,0.0492,-0.0722));
#2898=MECHANICAL_DESIGN_GEOMETRIC_PRESENTATION_REPRESENTATION('',(#1557),
#2899);
#2899=(
GEOMETRIC_REPRESENTATION_CONTEXT(3)
GLOBAL_UNCERTAINTY_ASSIGNED_CONTEXT((#2900))
GLOBAL_UNIT_ASSIGNED_CONTEXT((#2903,#2902,#2901))
REPRESENTATION_CONTEXT('Extrusion_Mount_B','TOP_LEVEL_ASSEMBLY_PART')
);
#2900=UNCERTAINTY_MEASURE_WITH_UNIT(LENGTH_MEASURE(5.32964073262792E-5),
#2903,'DISTANCE_ACCURACY_VALUE','Maximum Tolerance applied to model');
#2901=(
NAMED_UNIT(*)
SI_UNIT($,.STERADIAN.)
SOLID_ANGLE_UNIT()
);
#2902=(
NAMED_UNIT(*)
PLANE_ANGLE_UNIT()
SI_UNIT($,.RADIAN.)
);
#2903=(
LENGTH_UNIT()
NAMED_UNIT(*)
SI_UNIT($,.METRE.)
);
#2904=PRODUCT_DEFINITION_SHAPE('','',#2905);
#2905=PRODUCT_DEFINITION('','',#2907,#2906);
#2906=PRODUCT_DEFINITION_CONTEXT('',#2913,'design');
#2907=PRODUCT_DEFINITION_FORMATION_WITH_SPECIFIED_SOURCE('','',#2909,
 .NOT_KNOWN.);
#2908=PRODUCT_RELATED_PRODUCT_CATEGORY('','',(#2909));
#2909=PRODUCT('Extrusion_Mount_B','Extrusion_Mount_B',
'Extrusion_Mount_B',(#2911));
#2910=PRODUCT_CATEGORY('','');
#2911=PRODUCT_CONTEXT('',#2913,'mechanical');
#2912=APPLICATION_PROTOCOL_DEFINITION('international standard',
'ap242_managed_model_based_3d_engineering',2020,#2913);
#2913=APPLICATION_CONTEXT('managed model based 3d engineering');
ENDSEC;
END-ISO-10303-21;
