ISO-10303-21;
HEADER;
/* Generated by software containing ST-Developer
 * from STEP Tools, Inc. (www.steptools.com) 
 */
/* OPTION: using custom renumber hook */

FILE_DESCRIPTION(
/* description */ ('STEP AP242 Edition 2',
'CAx-IF Rec.Pracs.---Representation and Presentation of Product Manufa
cturing Information (PMI)---4.0---2014-10-13',
'CAx-IF Rec.Pracs.---3D Tessellated Geometry---0.4---2014-09-14','2;1',
'CAx-IF Rec.Pracs.---User Defined Attributes---1.5---2016-08-15'),
/* implementation_level */ '2;1');

FILE_NAME(
/* name */ 'Pneuma_101 - Front_Cover',
/* time_stamp */ '2026-04-29T18:01:22Z',
/* author */ (''),
/* organization */ (''),
/* preprocessor_version */ 'ST-DEVELOPER v20',
/* originating_system */ 'ONSHAPE BY PTC INC, 1.214',
/* authorisation */ '  ');

FILE_SCHEMA (('AP242_MANAGED_MODEL_BASED_3D_ENGINEERING_MIM_LF { 1 0 10303 442 3 1 4 }'));
ENDSEC;

DATA;
#10=SHAPE_REPRESENTATION_RELATIONSHIP('','',#3165,#11);
#11=ADVANCED_BREP_SHAPE_REPRESENTATION('',(#3163),#6400);
#12=CONICAL_SURFACE('',#3255,0.0015,0.78539816339745);
#13=CONICAL_SURFACE('',#3257,0.0015,0.785398163397452);
#14=CONICAL_SURFACE('',#3258,0.0011,0.78539816339745);
#15=CONICAL_SURFACE('',#3260,0.0011,0.785398163397448);
#16=CONICAL_SURFACE('',#3266,0.0015,0.78539816339745);
#17=CONICAL_SURFACE('',#3270,0.0011,0.785398163397448);
#18=CONICAL_SURFACE('',#3288,0.0011,0.785398163397439);
#19=CONICAL_SURFACE('',#3293,0.0011,0.785398163397452);
#20=CONICAL_SURFACE('',#3315,0.0015,0.785398163397434);
#21=CONICAL_SURFACE('',#3316,0.0015,0.785398163397443);
#22=CONICAL_SURFACE('',#3343,0.0015,0.785398163397443);
#23=CONICAL_SURFACE('',#3347,0.0011,0.78539816339745);
#24=B_SPLINE_CURVE_WITH_KNOTS('',3,(#4287,#4288,#4289,#4290,#4291,#4292,
#4293,#4294,#4295),.UNSPECIFIED.,.F.,.F.,(4,1,1,1,1,1,4),(0.,0.003912507404923,
0.00586876110738449,0.00782501480984599,0.00978126851230749,0.011737522214769,
0.015650029619692),.UNSPECIFIED.);
#25=B_SPLINE_CURVE_WITH_KNOTS('',3,(#4296,#4297,#4298,#4299,#4300,#4301,
#4302,#4303,#4304),.UNSPECIFIED.,.F.,.F.,(4,1,1,1,1,1,4),(1.20115039424257E-15,
0.00407065596253977,0.00610598394380905,0.00814131192507833,0.0101766399063476,
0.0122119678876169,0.0162826238501555),.UNSPECIFIED.);
#26=B_SPLINE_CURVE_WITH_KNOTS('',3,(#4350,#4351,#4352,#4353,#4354,#4355,
#4356,#4357,#4358),.UNSPECIFIED.,.F.,.F.,(4,1,1,1,1,1,4),(1.99937698816875E-15,
0.00407065596254035,0.00610598394380953,0.00814131192507871,0.0101766399063479,
0.0122119678876171,0.0162826238501554),.UNSPECIFIED.);
#27=B_SPLINE_CURVE_WITH_KNOTS('',3,(#4359,#4360,#4361,#4362,#4363,#4364,
#4365,#4366,#4367),.UNSPECIFIED.,.F.,.F.,(4,1,1,1,1,1,4),(0.,0.00391241734295668,
0.00586862601443503,0.00782483468591337,0.00978104335739171,0.0117372520288701,
0.0156496693718267),.UNSPECIFIED.);
#28=B_SPLINE_CURVE_WITH_KNOTS('',3,(#4425,#4426,#4427,#4428,#4429,#4430,
#4431,#4432,#4433),.UNSPECIFIED.,.F.,.F.,(4,1,1,1,1,1,4),(0.,0.00391250740492301,
0.00586876110738452,0.00782501480984603,0.00978126851230753,0.011737522214769,
0.0156500296196921),.UNSPECIFIED.);
#29=B_SPLINE_CURVE_WITH_KNOTS('',3,(#4434,#4435,#4436,#4437,#4438,#4439,
#4440,#4441,#4442),.UNSPECIFIED.,.F.,.F.,(4,1,1,1,1,1,4),(1.20115039424257E-15,
0.00407065596253973,0.006105983943809,0.00814131192507827,0.0101766399063475,
0.0122119678876168,0.0162826238501553),.UNSPECIFIED.);
#30=B_SPLINE_CURVE_WITH_KNOTS('',3,(#4488,#4489,#4490,#4491,#4492,#4493,
#4494,#4495,#4496),.UNSPECIFIED.,.F.,.F.,(4,1,1,1,1,1,4),(1.19421569400957E-15,
0.00407065596253967,0.00610598394380891,0.00814131192507815,0.0101766399063474,
0.0122119678876166,0.0162826238501551),.UNSPECIFIED.);
#31=B_SPLINE_CURVE_WITH_KNOTS('',3,(#4497,#4498,#4499,#4500,#4501,#4502,
#4503,#4504,#4505),.UNSPECIFIED.,.F.,.F.,(4,1,1,1,1,1,4),(0.,0.00391241734295661,
0.00586862601443492,0.00782483468591322,0.00978104335739153,0.0117372520288698,
0.0156496693718264),.UNSPECIFIED.);
#32=B_SPLINE_CURVE_WITH_KNOTS('',3,(#4510,#4511,#4512,#4513),
 .UNSPECIFIED.,.F.,.F.,(4,4),(0.,0.000637112160035835),.UNSPECIFIED.);
#33=B_SPLINE_CURVE_WITH_KNOTS('',3,(#4535,#4536,#4537,#4538),
 .UNSPECIFIED.,.F.,.F.,(4,4),(0.,1.),.UNSPECIFIED.);
#34=B_SPLINE_CURVE_WITH_KNOTS('',3,(#4584,#4585,#4586,#4587,#4588,#4589,
#4590,#4591,#4592,#4593),.UNSPECIFIED.,.F.,.F.,(4,1,1,1,1,1,1,4),(0.,0.00235963657099511,
0.00471927314199022,0.00707890971298533,0.00943854628398045,0.0117981828549756,
0.0141578194259707,0.0188770925679609),.UNSPECIFIED.);
#35=B_SPLINE_CURVE_WITH_KNOTS('',3,(#4597,#4598,#4599,#4600,#4601,#4602,
#4603,#4604,#4605),.UNSPECIFIED.,.F.,.F.,(4,1,1,1,1,1,4),(0.,0.00503771685098165,
0.00755657527647248,0.0100754337019633,0.0125942921274541,0.015113150552945,
0.0201508674039266),.UNSPECIFIED.);
#36=B_SPLINE_CURVE_WITH_KNOTS('',3,(#4615,#4616,#4617,#4618),
 .UNSPECIFIED.,.F.,.F.,(4,4),(0.,0.000637112160035827),.UNSPECIFIED.);
#37=B_SPLINE_CURVE_WITH_KNOTS('',3,(#4645,#4646,#4647,#4648,#4649,#4650,
#4651,#4652,#4653),.UNSPECIFIED.,.F.,.F.,(4,1,1,1,1,1,4),(0.,0.00277349537101313,
0.00416024305651969,0.00554699074202626,0.00693373842753282,0.00832048611303938,
0.0110939814840525),.UNSPECIFIED.);
#38=B_SPLINE_CURVE_WITH_KNOTS('',3,(#4657,#4658,#4659,#4660,#4661,#4662,
#4663),.UNSPECIFIED.,.F.,.F.,(4,1,1,1,4),(0.,0.00272874637392754,0.00545749274785508,
0.00818623912178262,0.0109149854957102),.UNSPECIFIED.);
#39=B_SPLINE_CURVE_WITH_KNOTS('',3,(#4731,#4732,#4733,#4734,#4735,#4736,
#4737,#4738,#4739),.UNSPECIFIED.,.F.,.F.,(4,1,1,1,1,1,4),(0.,0.00390167781229595,
0.00585251671844392,0.0078033556245919,0.00975419453073987,0.0117050334368878,
0.0156067112491838),.UNSPECIFIED.);
#40=B_SPLINE_CURVE_WITH_KNOTS('',3,(#4743,#4744,#4745,#4746,#4747,#4748,
#4749,#4750,#4751),.UNSPECIFIED.,.F.,.F.,(4,1,1,1,1,1,4),(0.,0.00421800462747798,
0.00632700694121698,0.00843600925495597,0.010545011568695,0.012654013882434,
0.0168720185099119),.UNSPECIFIED.);
#41=B_SPLINE_CURVE_WITH_KNOTS('',3,(#4764,#4765,#4766,#4767),
 .UNSPECIFIED.,.F.,.F.,(4,4),(0.,1.),.UNSPECIFIED.);
#42=B_SPLINE_CURVE_WITH_KNOTS('',3,(#4781,#4782,#4783,#4784,#4785,#4786,
#4787,#4788,#4789),.UNSPECIFIED.,.F.,.F.,(4,1,1,1,1,1,4),(0.,0.00277349537764556,
0.00416024306646834,0.00554699075529112,0.0069337384441139,0.00832048613293668,
0.0110939815105822),.UNSPECIFIED.);
#43=B_SPLINE_CURVE_WITH_KNOTS('',3,(#4793,#4794,#4795,#4796,#4797,#4798,
#4799),.UNSPECIFIED.,.F.,.F.,(4,1,1,1,4),(0.,0.00272874637386016,0.00545749274772033,
0.00818623912158049,0.0109149854954407),.UNSPECIFIED.);
#44=B_SPLINE_CURVE_WITH_KNOTS('',3,(#4809,#4810,#4811,#4812),
 .UNSPECIFIED.,.F.,.F.,(4,4),(7.75791922889773E-18,0.000637112160035817),
 .UNSPECIFIED.);
#45=B_SPLINE_CURVE_WITH_KNOTS('',3,(#4834,#4835,#4836,#4837),
 .UNSPECIFIED.,.F.,.F.,(4,4),(7.75791922889773E-18,0.000637112160035817),
 .UNSPECIFIED.);
#46=B_SPLINE_CURVE_WITH_KNOTS('',3,(#4882,#4883,#4884,#4885,#4886,#4887,
#4888,#4889,#4890),.UNSPECIFIED.,.F.,.F.,(4,1,1,1,1,1,4),(0.,0.0050377168509817,
0.00755657527647254,0.0100754337019634,0.0125942921274542,0.0151131505529451,
0.0201508674039268),.UNSPECIFIED.);
#47=B_SPLINE_CURVE_WITH_KNOTS('',3,(#4895,#4896,#4897,#4898,#4899,#4900,
#4901,#4902,#4903,#4904),.UNSPECIFIED.,.F.,.F.,(4,1,1,1,1,1,1,4),(0.,0.00235963657099511,
0.00471927314199023,0.00707890971298534,0.00943854628398045,0.0117981828549756,
0.0141578194259707,0.0188770925679609),.UNSPECIFIED.);
#48=B_SPLINE_CURVE_WITH_KNOTS('',3,(#4974,#4975,#4976,#4977,#4978,#4979,
#4980,#4981,#4982),.UNSPECIFIED.,.F.,.F.,(4,1,1,1,1,1,4),(0.,0.00390167781229593,
0.0058525167184439,0.00780335562459187,0.00975419453073983,0.0117050334368878,
0.0156067112491837),.UNSPECIFIED.);
#49=B_SPLINE_CURVE_WITH_KNOTS('',3,(#4986,#4987,#4988,#4989,#4990,#4991,
#4992,#4993,#4994),.UNSPECIFIED.,.F.,.F.,(4,1,1,1,1,1,4),(0.,0.00421800462747803,
0.00632700694121704,0.00843600925495605,0.0105450115686951,0.0126540138824341,
0.0168720185099121),.UNSPECIFIED.);
#50=B_SPLINE_CURVE_WITH_KNOTS('',3,(#5087,#5088,#5089,#5090,#5091,#5092,
#5093),.UNSPECIFIED.,.F.,.F.,(4,1,1,1,4),(0.,0.00269423371487515,0.00538846742975031,
0.00808270114462546,0.0107769348595006),.UNSPECIFIED.);
#51=B_SPLINE_CURVE_WITH_KNOTS('',3,(#5099,#5100,#5101,#5102),
 .UNSPECIFIED.,.F.,.F.,(4,4),(0.,0.000637112160035824),.UNSPECIFIED.);
#52=B_SPLINE_CURVE_WITH_KNOTS('',3,(#5142,#5143,#5144,#5145),
 .UNSPECIFIED.,.F.,.F.,(4,4),(7.75791922889773E-18,0.000637112160035819),
 .UNSPECIFIED.);
#53=B_SPLINE_CURVE_WITH_KNOTS('',3,(#5193,#5194,#5195,#5196,#5197,#5198,
#5199),.UNSPECIFIED.,.F.,.F.,(4,1,1,1,4),(0.,0.00269423371487516,0.00538846742975033,
0.00808270114462549,0.0107769348595007),.UNSPECIFIED.);
#54=B_SPLINE_CURVE_WITH_KNOTS('',3,(#5232,#5233,#5234,#5235),
 .UNSPECIFIED.,.F.,.F.,(4,4),(0.,0.00059104601155687),.UNSPECIFIED.);
#55=B_SPLINE_CURVE_WITH_KNOTS('',3,(#5240,#5241,#5242,#5243),
 .UNSPECIFIED.,.F.,.F.,(4,4),(0.,0.00059104601155687),.UNSPECIFIED.);
#56=B_SPLINE_CURVE_WITH_KNOTS('',3,(#5245,#5246,#5247,#5248),
 .UNSPECIFIED.,.F.,.F.,(4,4),(2.59629636315952E-17,0.000591046011556871),
 .UNSPECIFIED.);
#57=B_SPLINE_CURVE_WITH_KNOTS('',3,(#5253,#5254,#5255,#5256),
 .UNSPECIFIED.,.F.,.F.,(4,4),(0.,0.000591046011556846),.UNSPECIFIED.);
#58=B_SPLINE_CURVE_WITH_KNOTS('',3,(#5266,#5267,#5268,#5269),
 .UNSPECIFIED.,.F.,.F.,(4,4),(0.,0.000591046011556899),.UNSPECIFIED.);
#59=B_SPLINE_CURVE_WITH_KNOTS('',3,(#5275,#5276,#5277,#5278),
 .UNSPECIFIED.,.F.,.F.,(4,4),(5.57275697956085E-17,0.000591046011556844),
 .UNSPECIFIED.);
#60=B_SPLINE_CURVE_WITH_KNOTS('',3,(#5349,#5350,#5351,#5352,#5353,#5354,
#5355,#5356,#5357),.UNSPECIFIED.,.F.,.F.,(4,1,1,1,1,1,4),(0.,0.00390167781229593,
0.00585251671844389,0.00780335562459185,0.00975419453073982,0.0117050334368878,
0.0156067112491837),.UNSPECIFIED.);
#61=B_SPLINE_CURVE_WITH_KNOTS('',3,(#5361,#5362,#5363,#5364,#5365,#5366,
#5367,#5368,#5369),.UNSPECIFIED.,.F.,.F.,(4,1,1,1,1,1,4),(0.,0.00421800462747799,
0.00632700694121699,0.00843600925495599,0.010545011568695,0.012654013882434,
0.016872018509912),.UNSPECIFIED.);
#62=B_SPLINE_CURVE_WITH_KNOTS('',3,(#5412,#5413,#5414,#5415,#5416,#5417,
#5418,#5419,#5420),.UNSPECIFIED.,.F.,.F.,(4,1,1,1,1,1,4),(0.,0.00503771685098169,
0.00755657527647253,0.0100754337019634,0.0125942921274542,0.0151131505529451,
0.0201508674039267),.UNSPECIFIED.);
#63=B_SPLINE_CURVE_WITH_KNOTS('',3,(#5425,#5426,#5427,#5428,#5429,#5430,
#5431,#5432,#5433,#5434),.UNSPECIFIED.,.F.,.F.,(4,1,1,1,1,1,1,4),(0.,0.00235963657099517,
0.00471927314199033,0.0070789097129855,0.00943854628398066,0.0117981828549758,
0.014157819425971,0.0188770925679613),.UNSPECIFIED.);
#64=B_SPLINE_CURVE_WITH_KNOTS('',3,(#5444,#5445,#5446,#5447),
 .UNSPECIFIED.,.F.,.F.,(4,4),(0.,0.000637112160035832),.UNSPECIFIED.);
#65=B_SPLINE_CURVE_WITH_KNOTS('',3,(#5489,#5490,#5491,#5492),
 .UNSPECIFIED.,.F.,.F.,(4,4),(0.,0.000637112160035835),.UNSPECIFIED.);
#66=B_SPLINE_CURVE_WITH_KNOTS('',3,(#5548,#5549,#5550,#5551,#5552,#5553,
#5554),.UNSPECIFIED.,.F.,.F.,(4,1,1,1,4),(0.,0.00269423371487433,0.00538846742974866,
0.008082701144623,0.0107769348594973),.UNSPECIFIED.);
#67=B_SPLINE_CURVE_WITH_KNOTS('',3,(#5555,#5556,#5557,#5558,#5559,#5560,
#5561,#5562,#5563),.UNSPECIFIED.,.F.,.F.,(4,1,1,1,1,1,4),(0.,0.00277349537100924,
0.00416024305651386,0.00554699074201848,0.00693373842752309,0.00832048611302771,
0.011093981484037),.UNSPECIFIED.);
#68=B_SPLINE_CURVE_WITH_KNOTS('',3,(#5576,#5577,#5578,#5579),
 .UNSPECIFIED.,.F.,.F.,(4,4),(0.,1.),.UNSPECIFIED.);
#69=B_SPLINE_CURVE_WITH_KNOTS('',3,(#5599,#5600,#5601,#5602,#5603,#5604,
#5605),.UNSPECIFIED.,.F.,.F.,(4,1,1,1,4),(0.,0.00272874637392756,0.00545749274785512,
0.00818623912178268,0.0109149854957102),.UNSPECIFIED.);
#70=B_SPLINE_CURVE_WITH_KNOTS('',3,(#5613,#5614,#5615,#5616),
 .UNSPECIFIED.,.F.,.F.,(4,4),(0.,0.00059104601155687),.UNSPECIFIED.);
#71=B_SPLINE_CURVE_WITH_KNOTS('',3,(#5626,#5627,#5628,#5629),
 .UNSPECIFIED.,.F.,.F.,(4,4),(0.,0.00059104601155687),.UNSPECIFIED.);
#72=B_SPLINE_CURVE_WITH_KNOTS('',3,(#5672,#5673,#5674,#5675),
 .UNSPECIFIED.,.F.,.F.,(4,4),(0.,1.),.UNSPECIFIED.);
#73=B_SPLINE_CURVE_WITH_KNOTS('',3,(#5691,#5692,#5693,#5694,#5695,#5696,
#5697,#5698,#5699),.UNSPECIFIED.,.F.,.F.,(4,1,1,1,1,1,4),(0.,0.002773495374962,
0.004160243062443,0.005546990749924,0.006933738437405,0.008320486124886,
0.011093981499848),.UNSPECIFIED.);
#74=B_SPLINE_CURVE_WITH_KNOTS('',3,(#5703,#5704,#5705,#5706,#5707,#5708,
#5709),.UNSPECIFIED.,.F.,.F.,(4,1,1,1,4),(0.,0.00272874637392755,0.00545749274785509,
0.00818623912178264,0.0109149854957102),.UNSPECIFIED.);
#75=B_SPLINE_CURVE_WITH_KNOTS('',3,(#5766,#5767,#5768,#5769,#5770,#5771,
#5772,#5773,#5774),.UNSPECIFIED.,.F.,.F.,(4,1,1,1,1,1,4),(0.,0.00503771685098168,
0.00755657527647252,0.0100754337019634,0.0125942921274542,0.015113150552945,
0.0201508674039267),.UNSPECIFIED.);
#76=B_SPLINE_CURVE_WITH_KNOTS('',3,(#5778,#5779,#5780,#5781,#5782,#5783,
#5784,#5785,#5786),.UNSPECIFIED.,.F.,.F.,(4,1,1,1,1,1,4),(0.,0.00471922832738495,
0.00707884249107742,0.00943845665476989,0.0117980708184624,0.0141576849821548,
0.0188769133095398),.UNSPECIFIED.);
#77=B_SPLINE_CURVE_WITH_KNOTS('',3,(#5857,#5858,#5859,#5860,#5861,#5862,
#5863,#5864,#5865),.UNSPECIFIED.,.F.,.F.,(4,1,1,1,1,1,4),(0.,0.00390167781229591,
0.00585251671844387,0.00780335562459183,0.00975419453073978,0.0117050334368877,
0.0156067112491837),.UNSPECIFIED.);
#78=B_SPLINE_CURVE_WITH_KNOTS('',3,(#5867,#5868,#5869,#5870,#5871,#5872,
#5873,#5874,#5875),.UNSPECIFIED.,.F.,.F.,(4,1,1,1,1,1,4),(0.,0.00421800462747799,
0.00632700694121699,0.00843600925495598,0.010545011568695,0.012654013882434,
0.016872018509912),.UNSPECIFIED.);
#79=B_SPLINE_CURVE_WITH_KNOTS('',3,(#5901,#5902,#5903,#5904),
 .UNSPECIFIED.,.F.,.F.,(4,4),(3.0245937307082E-17,0.000591046011556871),
 .UNSPECIFIED.);
#80=B_SPLINE_CURVE_WITH_KNOTS('',3,(#5912,#5913,#5914,#5915),
 .UNSPECIFIED.,.F.,.F.,(4,4),(0.,0.000591046011556841),.UNSPECIFIED.);
#81=B_SPLINE_CURVE_WITH_KNOTS('',3,(#5919,#5920,#5921,#5922),
 .UNSPECIFIED.,.F.,.F.,(4,4),(0.,0.000637112160035827),.UNSPECIFIED.);
#82=B_SPLINE_CURVE_WITH_KNOTS('',3,(#5926,#5927,#5928,#5929),
 .UNSPECIFIED.,.F.,.F.,(4,4),(0.,0.000637112160035827),.UNSPECIFIED.);
#83=B_SPLINE_CURVE_WITH_KNOTS('',3,(#5980,#5981,#5982,#5983,#5984,#5985,
#5986),.UNSPECIFIED.,.F.,.F.,(4,1,1,1,4),(0.,0.00269423371487517,0.00538846742975034,
0.00808270114462551,0.0107769348595007),.UNSPECIFIED.);
#84=B_SPLINE_CURVE_WITH_KNOTS('',3,(#5992,#5993,#5994,#5995,#5996,#5997,
#5998,#5999,#6000),.UNSPECIFIED.,.F.,.F.,(4,1,1,1,1,1,4),(0.,0.00333332711541161,
0.00499999067311741,0.00666665423082322,0.00833331778852902,0.00999998134623483,
0.0133333084616464),.UNSPECIFIED.);
#85=B_SPLINE_CURVE_WITH_KNOTS('',3,(#6002,#6003,#6004,#6005,#6006,#6007,
#6008,#6009,#6010),.UNSPECIFIED.,.F.,.F.,(4,1,1,1,1,1,4),(1.82623461929057E-15,
0.00454110493089463,0.00681165739634102,0.00908220986178742,0.0113527623272338,
0.0136233147926802,0.018164419723573),.UNSPECIFIED.);
#86=B_SPLINE_CURVE_WITH_KNOTS('',3,(#6081,#6082,#6083,#6084,#6085,#6086,
#6087,#6088,#6089),.UNSPECIFIED.,.F.,.F.,(4,1,1,1,1,1,4),(0.,0.00333447284690632,
0.00500170927035947,0.00666894569381263,0.00833618211726579,0.0100034185407189,
0.0133378913876253),.UNSPECIFIED.);
#87=B_SPLINE_CURVE_WITH_KNOTS('',3,(#6091,#6092,#6093,#6094,#6095,#6096,
#6097,#6098),.UNSPECIFIED.,.F.,.F.,(4,1,1,1,1,4),(0.,0.00362258740150093,
0.0054338811022514,0.00724517480300187,0.0108677622045028,0.0144903496060037),
 .UNSPECIFIED.);
#88=B_SPLINE_CURVE_WITH_KNOTS('',3,(#6108,#6109,#6110,#6111,#6112,#6113,
#6114,#6115,#6116),.UNSPECIFIED.,.F.,.F.,(4,1,1,1,1,1,4),(5.97963988244813E-16,
0.00425075433358271,0.00637613150037376,0.00850150866716481,0.0106268858339559,
0.0127522630007469,0.017003017334329),.UNSPECIFIED.);
#89=B_SPLINE_CURVE_WITH_KNOTS('',3,(#6118,#6119,#6120,#6121,#6122,#6123,
#6124,#6125),.UNSPECIFIED.,.F.,.F.,(4,1,1,1,1,4),(0.,0.00362143274554467,
0.005432149118317,0.00724286549108933,0.010864298236634,0.0144857309821787),
 .UNSPECIFIED.);
#90=B_SPLINE_CURVE_WITH_KNOTS('',3,(#6126,#6127,#6128,#6129,#6130,#6131,
#6132,#6133,#6134),.UNSPECIFIED.,.F.,.F.,(4,1,1,1,1,1,4),(5.0037075531084E-16,
0.00425075433359271,0.00637613150038881,0.00850150866718491,0.010626885833981,
0.0127522630007771,0.0170030173343693),.UNSPECIFIED.);
#91=B_SPLINE_CURVE_WITH_KNOTS('',3,(#6146,#6147,#6148,#6149,#6150,#6151,
#6152,#6153,#6154),.UNSPECIFIED.,.F.,.F.,(4,1,1,1,1,1,4),(2.22223426277517E-15,
0.00454110493089453,0.00681165739634069,0.00908220986178685,0.011352762327233,
0.0136233147926792,0.0181644197235715),.UNSPECIFIED.);
#92=B_SPLINE_CURVE_WITH_KNOTS('',3,(#6156,#6157,#6158,#6159),
 .UNSPECIFIED.,.F.,.F.,(4,4),(0.,0.00063711216003583),.UNSPECIFIED.);
#93=B_SPLINE_CURVE_WITH_KNOTS('',3,(#6199,#6200,#6201,#6202),
 .UNSPECIFIED.,.F.,.F.,(4,4),(9.34177181294034E-18,0.000637112160035819),
 .UNSPECIFIED.);
#94=B_SPLINE_CURVE_WITH_KNOTS('',3,(#6384,#6385,#6386,#6387),
 .UNSPECIFIED.,.F.,.F.,(4,4),(0.,0.000591046011556874),.UNSPECIFIED.);
#95=B_SPLINE_CURVE_WITH_KNOTS('',3,(#6393,#6394,#6395,#6396),
 .UNSPECIFIED.,.F.,.F.,(4,4),(0.,0.000591046011556873),.UNSPECIFIED.);
#96=B_SPLINE_SURFACE_WITH_KNOTS('',1,3,((#4242,#4243,#4244,#4245,#4246,
#4247,#4248,#4249,#4250,#4251,#4252,#4253,#4254,#4255),(#4256,#4257,#4258,
#4259,#4260,#4261,#4262,#4263,#4264,#4265,#4266,#4267,#4268,#4269),(#4270,
#4271,#4272,#4273,#4274,#4275,#4276,#4277,#4278,#4279,#4280,#4281,#4282,
#4283)),.RULED_SURF.,.F.,.F.,.F.,(2,1,2),(4,2,2,2,2,2,4),(-0.00996106140693413,
0.,1.),(0.,0.00384782887486523,0.00577174331229784,0.00769565774973045,
0.00961957218716306,0.0115434866245957,0.0153913154994609),
 .UNSPECIFIED.);
#97=B_SPLINE_SURFACE_WITH_KNOTS('',1,3,((#4305,#4306,#4307,#4308,#4309,
#4310,#4311,#4312,#4313,#4314,#4315,#4316,#4317,#4318),(#4319,#4320,#4321,
#4322,#4323,#4324,#4325,#4326,#4327,#4328,#4329,#4330,#4331,#4332),(#4333,
#4334,#4335,#4336,#4337,#4338,#4339,#4340,#4341,#4342,#4343,#4344,#4345,
#4346)),.RULED_SURF.,.F.,.F.,.F.,(2,1,2),(4,2,2,2,2,2,4),(-0.00996106140711536,
0.,1.),(0.,0.00384782887486524,0.00577174331229786,0.00769565774973048,
0.0096195721871631,0.0115434866245957,0.0153913154994609),.UNSPECIFIED.);
#98=B_SPLINE_SURFACE_WITH_KNOTS('',1,3,((#4380,#4381,#4382,#4383,#4384,
#4385,#4386,#4387,#4388,#4389,#4390,#4391,#4392,#4393),(#4394,#4395,#4396,
#4397,#4398,#4399,#4400,#4401,#4402,#4403,#4404,#4405,#4406,#4407),(#4408,
#4409,#4410,#4411,#4412,#4413,#4414,#4415,#4416,#4417,#4418,#4419,#4420,
#4421)),.RULED_SURF.,.F.,.F.,.F.,(2,1,2),(4,2,2,2,2,2,4),(-0.00996106140686745,
0.,1.),(0.,0.00384782887486523,0.00577174331229785,0.00769565774973046,
0.00961957218716308,0.0115434866245957,0.0153913154994609),
 .UNSPECIFIED.);
#99=B_SPLINE_SURFACE_WITH_KNOTS('',1,3,((#4443,#4444,#4445,#4446,#4447,
#4448,#4449,#4450,#4451,#4452,#4453,#4454,#4455,#4456),(#4457,#4458,#4459,
#4460,#4461,#4462,#4463,#4464,#4465,#4466,#4467,#4468,#4469,#4470),(#4471,
#4472,#4473,#4474,#4475,#4476,#4477,#4478,#4479,#4480,#4481,#4482,#4483,
#4484)),.RULED_SURF.,.F.,.F.,.F.,(2,1,2),(4,2,2,2,2,2,4),(-0.00996106140659999,
0.,1.),(0.,0.00384782887486524,0.00577174331229786,0.00769565774973048,
0.00961957218716309,0.0115434866245957,0.0153913154994609),
 .UNSPECIFIED.);
#100=B_SPLINE_SURFACE_WITH_KNOTS('',3,1,((#4523,#4524),(#4525,#4526),(#4527,
#4528),(#4529,#4530)),.SURF_OF_LINEAR_EXTRUSION.,.F.,.F.,.F.,(4,4),(2,2),
(2.05513512615025E-13,0.999999999999882),(0.,1.),
 .PIECEWISE_BEZIER_KNOTS.);
#101=B_SPLINE_SURFACE_WITH_KNOTS('',1,3,((#4539,#4540,#4541,#4542,#4543,
#4544,#4545,#4546,#4547,#4548,#4549,#4550,#4551,#4552),(#4553,#4554,#4555,
#4556,#4557,#4558,#4559,#4560,#4561,#4562,#4563,#4564,#4565,#4566),(#4567,
#4568,#4569,#4570,#4571,#4572,#4573,#4574,#4575,#4576,#4577,#4578,#4579,
#4580)),.RULED_SURF.,.F.,.F.,.F.,(2,1,2),(4,2,2,2,2,2,4),(0.,1.,2.00000000000004),
(0.,0.00503746346707056,0.00755619520060585,0.0100749269341411,0.0125936586676764,
0.0151123904012117,0.0201498538682823),.UNSPECIFIED.);
#102=B_SPLINE_SURFACE_WITH_KNOTS('',3,1,((#4633,#4634),(#4635,#4636),(#4637,
#4638),(#4639,#4640),(#4641,#4642)),.SURF_OF_LINEAR_EXTRUSION.,.F.,.F.,
 .F.,(4,1,4),(2,2),(4.84497934326915E-10,0.500000000121124,0.999999999757751),
(0.,1.),.UNSPECIFIED.);
#103=B_SPLINE_SURFACE_WITH_KNOTS('',1,3,((#4664,#4665,#4666,#4667,#4668,
#4669,#4670,#4671,#4672,#4673,#4674,#4675,#4676,#4677,#4678,#4679),(#4680,
#4681,#4682,#4683,#4684,#4685,#4686,#4687,#4688,#4689,#4690,#4691,#4692,
#4693,#4694,#4695),(#4696,#4697,#4698,#4699,#4700,#4701,#4702,#4703,#4704,
#4705,#4706,#4707,#4708,#4709,#4710,#4711),(#4712,#4713,#4714,#4715,#4716,
#4717,#4718,#4719,#4720,#4721,#4722,#4723,#4724,#4725,#4726,#4727)),
 .RULED_SURF.,.F.,.F.,.F.,(2,1,1,2),(4,3,2,2,2,3,4),(-0.199999999999958,
0.,1.,2.),(-0.00156275974392559,0.,0.00390689935981391,0.00781379871962782,
0.0117206980794417,0.0156275974392556,0.0171903571831812),.UNSPECIFIED.);
#104=B_SPLINE_SURFACE_WITH_KNOTS('',3,1,((#4752,#4753),(#4754,#4755),(#4756,
#4757),(#4758,#4759)),.SURF_OF_LINEAR_EXTRUSION.,.F.,.F.,.F.,(4,4),(2,2),
(1.97818922067719E-13,0.999999999999875),(0.,1.),
 .PIECEWISE_BEZIER_KNOTS.);
#105=B_SPLINE_SURFACE_WITH_KNOTS('',3,1,((#4768,#4769),(#4770,#4771),(#4772,
#4773),(#4774,#4775),(#4776,#4777)),.SURF_OF_LINEAR_EXTRUSION.,.F.,.F.,
 .F.,(4,1,4),(2,2),(2.42246472930871E-10,0.499999999999999,0.999999999757752),
(0.,1.),.UNSPECIFIED.);
#106=B_SPLINE_SURFACE_WITH_KNOTS('',1,3,((#4840,#4841,#4842,#4843,#4844,
#4845,#4846,#4847,#4848,#4849,#4850,#4851,#4852,#4853),(#4854,#4855,#4856,
#4857,#4858,#4859,#4860,#4861,#4862,#4863,#4864,#4865,#4866,#4867),(#4868,
#4869,#4870,#4871,#4872,#4873,#4874,#4875,#4876,#4877,#4878,#4879,#4880,
#4881)),.RULED_SURF.,.F.,.F.,.F.,(2,1,2),(4,2,2,2,2,2,4),(0.,1.,2.),(0.,
0.00503746346707057,0.00755619520060586,0.0100749269341411,0.0125936586676764,
0.0151123904012117,0.0201498538682823),.UNSPECIFIED.);
#107=B_SPLINE_SURFACE_WITH_KNOTS('',1,3,((#4907,#4908,#4909,#4910,#4911,
#4912,#4913,#4914,#4915,#4916,#4917,#4918,#4919,#4920,#4921,#4922),(#4923,
#4924,#4925,#4926,#4927,#4928,#4929,#4930,#4931,#4932,#4933,#4934,#4935,
#4936,#4937,#4938),(#4939,#4940,#4941,#4942,#4943,#4944,#4945,#4946,#4947,
#4948,#4949,#4950,#4951,#4952,#4953,#4954),(#4955,#4956,#4957,#4958,#4959,
#4960,#4961,#4962,#4963,#4964,#4965,#4966,#4967,#4968,#4969,#4970)),
 .RULED_SURF.,.F.,.F.,.F.,(2,1,1,2),(4,3,2,2,2,3,4),(-0.199999999999844,
0.,1.,2.),(-0.00156275974392558,0.,0.00390689935981391,0.00781379871962783,
0.0117206980794417,0.0156275974392556,0.0171903571831812),.UNSPECIFIED.);
#108=B_SPLINE_SURFACE_WITH_KNOTS('',1,3,((#5045,#5046,#5047,#5048,#5049,
#5050,#5051,#5052,#5053,#5054),(#5055,#5056,#5057,#5058,#5059,#5060,#5061,
#5062,#5063,#5064),(#5065,#5066,#5067,#5068,#5069,#5070,#5071,#5072,#5073,
#5074),(#5075,#5076,#5077,#5078,#5079,#5080,#5081,#5082,#5083,#5084)),
 .RULED_SURF.,.F.,.F.,.F.,(2,1,1,2),(4,2,2,2,4),(-0.0355753442181593,-0.0293305587947978,
0.,1.),(0.,0.00264585572025085,0.0052917114405017,0.00793756716075255,0.0105834228810034),
 .UNSPECIFIED.);
#109=B_SPLINE_SURFACE_WITH_KNOTS('',1,3,((#5153,#5154,#5155,#5156,#5157,
#5158,#5159,#5160,#5161,#5162),(#5163,#5164,#5165,#5166,#5167,#5168,#5169,
#5170,#5171,#5172),(#5173,#5174,#5175,#5176,#5177,#5178,#5179,#5180,#5181,
#5182),(#5183,#5184,#5185,#5186,#5187,#5188,#5189,#5190,#5191,#5192)),
 .RULED_SURF.,.F.,.F.,.F.,(2,1,1,2),(4,2,2,2,4),(-0.0355753442332853,-0.0293305587947406,
0.,1.),(0.,0.00264585572025086,0.00529171144050172,0.00793756716075257,
0.0105834228810034),.UNSPECIFIED.);
#110=B_SPLINE_SURFACE_WITH_KNOTS('',1,3,((#5282,#5283,#5284,#5285,#5286,
#5287,#5288,#5289,#5290,#5291,#5292,#5293,#5294,#5295,#5296,#5297),(#5298,
#5299,#5300,#5301,#5302,#5303,#5304,#5305,#5306,#5307,#5308,#5309,#5310,
#5311,#5312,#5313),(#5314,#5315,#5316,#5317,#5318,#5319,#5320,#5321,#5322,
#5323,#5324,#5325,#5326,#5327,#5328,#5329),(#5330,#5331,#5332,#5333,#5334,
#5335,#5336,#5337,#5338,#5339,#5340,#5341,#5342,#5343,#5344,#5345)),
 .RULED_SURF.,.F.,.F.,.F.,(2,1,1,2),(4,3,2,2,2,3,4),(-0.199999999999924,
0.,1.,2.),(-0.00156275974392556,0.,0.00390689935981392,0.00781379871962784,
0.0117206980794418,0.0156275974392556,0.0171903571831812),.UNSPECIFIED.);
#111=B_SPLINE_SURFACE_WITH_KNOTS('',1,3,((#5370,#5371,#5372,#5373,#5374,
#5375,#5376,#5377,#5378,#5379,#5380,#5381,#5382,#5383),(#5384,#5385,#5386,
#5387,#5388,#5389,#5390,#5391,#5392,#5393,#5394,#5395,#5396,#5397),(#5398,
#5399,#5400,#5401,#5402,#5403,#5404,#5405,#5406,#5407,#5408,#5409,#5410,
#5411)),.RULED_SURF.,.F.,.F.,.F.,(2,1,2),(4,2,2,2,2,2,4),(0.,1.,2.00000000000003),
(0.,0.00503746346707057,0.00755619520060586,0.0100749269341411,0.0125936586676764,
0.0151123904012117,0.0201498538682823),.UNSPECIFIED.);
#112=B_SPLINE_SURFACE_WITH_KNOTS('',1,3,((#5505,#5506,#5507,#5508,#5509,
#5510,#5511,#5512,#5513,#5514),(#5515,#5516,#5517,#5518,#5519,#5520,#5521,
#5522,#5523,#5524),(#5525,#5526,#5527,#5528,#5529,#5530,#5531,#5532,#5533,
#5534),(#5535,#5536,#5537,#5538,#5539,#5540,#5541,#5542,#5543,#5544)),
 .RULED_SURF.,.F.,.F.,.F.,(2,1,1,2),(4,2,2,2,4),(-0.0355753442329193,-0.0293305587946586,
0.,1.),(0.,0.00264585572025085,0.00529171144050171,0.00793756716075256,
0.0105834228810034),.UNSPECIFIED.);
#113=B_SPLINE_SURFACE_WITH_KNOTS('',3,1,((#5564,#5565),(#5566,#5567),(#5568,
#5569),(#5570,#5571)),.SURF_OF_LINEAR_EXTRUSION.,.F.,.F.,.F.,(4,4),(2,2),
(2.0562741578242E-13,0.999999999999875),(0.,1.),
 .PIECEWISE_BEZIER_KNOTS.);
#114=B_SPLINE_SURFACE_WITH_KNOTS('',3,1,((#5585,#5586),(#5587,#5588),(#5589,
#5590),(#5591,#5592),(#5593,#5594)),.SURF_OF_LINEAR_EXTRUSION.,.F.,.F.,
 .F.,(4,1,4),(2,2),(2.40502299624637E-10,0.499999999999128,0.999999999757754),
(0.,1.),.UNSPECIFIED.);
#115=B_SPLINE_SURFACE_WITH_KNOTS('',3,1,((#5660,#5661),(#5662,#5663),(#5664,
#5665),(#5666,#5667)),.SURF_OF_LINEAR_EXTRUSION.,.F.,.F.,.F.,(4,4),(2,2),
(2.05737903554153E-13,0.999999999999876),(0.,1.),
 .PIECEWISE_BEZIER_KNOTS.);
#116=B_SPLINE_SURFACE_WITH_KNOTS('',3,1,((#5678,#5679),(#5680,#5681),(#5682,
#5683),(#5684,#5685),(#5686,#5687)),.SURF_OF_LINEAR_EXTRUSION.,.F.,.F.,
 .F.,(4,1,4),(2,2),(4.84497120169539E-10,0.500000000121126,0.999999999757754),
(0.,1.),.UNSPECIFIED.);
#117=B_SPLINE_SURFACE_WITH_KNOTS('',1,3,((#5724,#5725,#5726,#5727,#5728,
#5729,#5730,#5731,#5732,#5733,#5734,#5735,#5736,#5737),(#5738,#5739,#5740,
#5741,#5742,#5743,#5744,#5745,#5746,#5747,#5748,#5749,#5750,#5751),(#5752,
#5753,#5754,#5755,#5756,#5757,#5758,#5759,#5760,#5761,#5762,#5763,#5764,
#5765)),.RULED_SURF.,.F.,.F.,.F.,(2,1,2),(4,2,2,2,2,2,4),(0.,1.,2.),(0.,
0.00503746346707057,0.00755619520060585,0.0100749269341411,0.0125936586676764,
0.0151123904012117,0.0201498538682823),.UNSPECIFIED.);
#118=B_SPLINE_SURFACE_WITH_KNOTS('',1,3,((#5793,#5794,#5795,#5796,#5797,
#5798,#5799,#5800,#5801,#5802,#5803,#5804,#5805,#5806,#5807,#5808),(#5809,
#5810,#5811,#5812,#5813,#5814,#5815,#5816,#5817,#5818,#5819,#5820,#5821,
#5822,#5823,#5824),(#5825,#5826,#5827,#5828,#5829,#5830,#5831,#5832,#5833,
#5834,#5835,#5836,#5837,#5838,#5839,#5840),(#5841,#5842,#5843,#5844,#5845,
#5846,#5847,#5848,#5849,#5850,#5851,#5852,#5853,#5854,#5855,#5856)),
 .RULED_SURF.,.F.,.F.,.F.,(2,1,1,2),(4,3,2,2,2,3,4),(-0.200000000000007,
0.,1.,2.),(-0.00156275974392556,0.,0.00390689935981391,0.00781379871962783,
0.0117206980794417,0.0156275974392556,0.0171903571831812),.UNSPECIFIED.);
#119=B_SPLINE_SURFACE_WITH_KNOTS('',1,3,((#5940,#5941,#5942,#5943,#5944,
#5945,#5946,#5947,#5948,#5949),(#5950,#5951,#5952,#5953,#5954,#5955,#5956,
#5957,#5958,#5959),(#5960,#5961,#5962,#5963,#5964,#5965,#5966,#5967,#5968,
#5969),(#5970,#5971,#5972,#5973,#5974,#5975,#5976,#5977,#5978,#5979)),
 .RULED_SURF.,.F.,.F.,.F.,(2,1,1,2),(4,2,2,2,4),(-0.0355753442325965,-0.0293305587947485,
0.,1.),(0.,0.00264585572025085,0.0052917114405017,0.00793756716075255,0.0105834228810034),
 .UNSPECIFIED.);
#120=B_SPLINE_SURFACE_WITH_KNOTS('',1,3,((#6033,#6034,#6035,#6036,#6037,
#6038,#6039,#6040,#6041,#6042,#6043,#6044,#6045,#6046,#6047,#6048),(#6049,
#6050,#6051,#6052,#6053,#6054,#6055,#6056,#6057,#6058,#6059,#6060,#6061,
#6062,#6063,#6064),(#6065,#6066,#6067,#6068,#6069,#6070,#6071,#6072,#6073,
#6074,#6075,#6076,#6077,#6078,#6079,#6080)),.RULED_SURF.,.F.,.F.,.F.,(2,
1,2),(4,2,2,2,2,2,2,4),(0.,1.,2.),(0.,0.00333845625674179,0.00500768438511269,
0.00667691251348358,0.00834614064185448,0.0100153687702254,0.0116845968985963,
0.0133538250269672),.UNSPECIFIED.);
#121=B_SPLINE_SURFACE_WITH_KNOTS('',1,3,((#6204,#6205,#6206,#6207,#6208,
#6209,#6210,#6211,#6212,#6213,#6214,#6215,#6216,#6217),(#6218,#6219,#6220,
#6221,#6222,#6223,#6224,#6225,#6226,#6227,#6228,#6229,#6230,#6231),(#6232,
#6233,#6234,#6235,#6236,#6237,#6238,#6239,#6240,#6241,#6242,#6243,#6244,
#6245)),.RULED_SURF.,.F.,.F.,.F.,(2,1,2),(4,2,2,2,2,2,4),(0.,1.,2.00000000000006),
(0.,0.00454700905944533,0.006820513589168,0.00909401811889066,0.0113675226486133,
0.013641027178336,0.0181880362377813),.UNSPECIFIED.);
#122=B_SPLINE_SURFACE_WITH_KNOTS('',1,3,((#6252,#6253,#6254,#6255,#6256,
#6257,#6258,#6259,#6260,#6261,#6262,#6263,#6264,#6265,#6266,#6267,#6268,
#6269,#6270,#6271,#6272,#6273),(#6274,#6275,#6276,#6277,#6278,#6279,#6280,
#6281,#6282,#6283,#6284,#6285,#6286,#6287,#6288,#6289,#6290,#6291,#6292,
#6293,#6294,#6295),(#6296,#6297,#6298,#6299,#6300,#6301,#6302,#6303,#6304,
#6305,#6306,#6307,#6308,#6309,#6310,#6311,#6312,#6313,#6314,#6315,#6316,
#6317),(#6318,#6319,#6320,#6321,#6322,#6323,#6324,#6325,#6326,#6327,#6328,
#6329,#6330,#6331,#6332,#6333,#6334,#6335,#6336,#6337,#6338,#6339)),
 .RULED_SURF.,.F.,.F.,.F.,(2,1,1,2),(4,3,2,2,2,2,2,2,3,4),(-0.200000000000141,
0.,1.,2.),(-0.00133538250269674,0.,0.00333845625674185,0.00500768438511278,
0.0066769125134837,0.00834614064185463,0.0100153687702255,0.0116845968985965,
0.0133538250269674,0.0146892075296641),.UNSPECIFIED.);
#123=B_SPLINE_SURFACE_WITH_KNOTS('',1,3,((#6341,#6342,#6343,#6344,#6345,
#6346,#6347,#6348,#6349,#6350,#6351,#6352,#6353,#6354),(#6355,#6356,#6357,
#6358,#6359,#6360,#6361,#6362,#6363,#6364,#6365,#6366,#6367,#6368),(#6369,
#6370,#6371,#6372,#6373,#6374,#6375,#6376,#6377,#6378,#6379,#6380,#6381,
#6382)),.RULED_SURF.,.F.,.F.,.F.,(2,1,2),(4,2,2,2,2,2,4),(0.,1.,2.0000000000314),
(0.,0.00454700905944634,0.00682051358916952,0.00909401811889269,0.0113675226486159,
0.013641027178339,0.0181880362377854),.UNSPECIFIED.);
#124=CIRCLE('',#3193,0.0025);
#125=CIRCLE('',#3194,0.0025);
#126=CIRCLE('',#3197,0.0025);
#127=CIRCLE('',#3198,0.0025);
#128=CIRCLE('',#3201,0.0025);
#129=CIRCLE('',#3202,0.0025);
#130=CIRCLE('',#3205,0.0025);
#131=CIRCLE('',#3206,0.0025);
#132=CIRCLE('',#3208,0.0025);
#133=CIRCLE('',#3209,0.0025);
#134=CIRCLE('',#3216,0.0015);
#135=CIRCLE('',#3217,0.0015);
#136=CIRCLE('',#3223,0.0015);
#137=CIRCLE('',#3224,0.0015);
#138=CIRCLE('',#3231,0.0011);
#139=CIRCLE('',#3236,0.0011);
#140=CIRCLE('',#3240,0.0011);
#141=CIRCLE('',#3245,0.0011);
#142=CIRCLE('',#3249,0.0011);
#143=CIRCLE('',#3254,0.0011);
#144=CIRCLE('',#3262,0.0015);
#145=CIRCLE('',#3263,0.0015);
#146=CIRCLE('',#3276,0.0011);
#147=CIRCLE('',#3281,0.0011);
#148=CIRCLE('',#3289,0.0015);
#149=CIRCLE('',#3294,0.0015);
#150=CIRCLE('',#3298,0.0015);
#151=CIRCLE('',#3299,0.0015);
#152=CIRCLE('',#3307,0.0011);
#153=CIRCLE('',#3309,0.0011);
#154=CIRCLE('',#3333,0.0011);
#155=CIRCLE('',#3338,0.0011);
#156=CIRCLE('',#3341,0.0015);
#157=CIRCLE('',#3342,0.0015);
#158=CYLINDRICAL_SURFACE('',#3192,0.0025);
#159=CYLINDRICAL_SURFACE('',#3196,0.0025);
#160=CYLINDRICAL_SURFACE('',#3200,0.0025);
#161=CYLINDRICAL_SURFACE('',#3204,0.0025);
#162=CYLINDRICAL_SURFACE('',#3207,0.0025);
#163=CYLINDRICAL_SURFACE('',#3215,0.0015);
#164=CYLINDRICAL_SURFACE('',#3222,0.0015);
#165=CYLINDRICAL_SURFACE('',#3261,0.0015);
#166=CYLINDRICAL_SURFACE('',#3295,0.0015);
#167=CYLINDRICAL_SURFACE('',#3297,0.0015);
#168=CYLINDRICAL_SURFACE('',#3340,0.0015);
#169=ORIENTED_EDGE('',*,*,#1065,.F.);
#170=ORIENTED_EDGE('',*,*,#1066,.F.);
#171=ORIENTED_EDGE('',*,*,#1067,.F.);
#172=ORIENTED_EDGE('',*,*,#1068,.F.);
#173=ORIENTED_EDGE('',*,*,#1069,.T.);
#174=ORIENTED_EDGE('',*,*,#1070,.F.);
#175=ORIENTED_EDGE('',*,*,#1071,.T.);
#176=ORIENTED_EDGE('',*,*,#1072,.F.);
#177=ORIENTED_EDGE('',*,*,#1073,.T.);
#178=ORIENTED_EDGE('',*,*,#1074,.F.);
#179=ORIENTED_EDGE('',*,*,#1075,.F.);
#180=ORIENTED_EDGE('',*,*,#1076,.F.);
#181=ORIENTED_EDGE('',*,*,#1077,.F.);
#182=ORIENTED_EDGE('',*,*,#1078,.F.);
#183=ORIENTED_EDGE('',*,*,#1079,.T.);
#184=ORIENTED_EDGE('',*,*,#1080,.F.);
#185=ORIENTED_EDGE('',*,*,#1081,.T.);
#186=ORIENTED_EDGE('',*,*,#1082,.F.);
#187=ORIENTED_EDGE('',*,*,#1083,.T.);
#188=ORIENTED_EDGE('',*,*,#1084,.F.);
#189=ORIENTED_EDGE('',*,*,#1085,.F.);
#190=ORIENTED_EDGE('',*,*,#1086,.F.);
#191=ORIENTED_EDGE('',*,*,#1087,.F.);
#192=ORIENTED_EDGE('',*,*,#1088,.F.);
#193=ORIENTED_EDGE('',*,*,#1089,.T.);
#194=ORIENTED_EDGE('',*,*,#1090,.F.);
#195=ORIENTED_EDGE('',*,*,#1091,.T.);
#196=ORIENTED_EDGE('',*,*,#1092,.F.);
#197=ORIENTED_EDGE('',*,*,#1093,.F.);
#198=ORIENTED_EDGE('',*,*,#1094,.F.);
#199=ORIENTED_EDGE('',*,*,#1089,.F.);
#200=ORIENTED_EDGE('',*,*,#1095,.F.);
#201=ORIENTED_EDGE('',*,*,#1096,.T.);
#202=ORIENTED_EDGE('',*,*,#1097,.F.);
#203=ORIENTED_EDGE('',*,*,#1098,.F.);
#204=ORIENTED_EDGE('',*,*,#1099,.F.);
#205=ORIENTED_EDGE('',*,*,#1100,.T.);
#206=ORIENTED_EDGE('',*,*,#1101,.F.);
#207=ORIENTED_EDGE('',*,*,#1096,.F.);
#208=ORIENTED_EDGE('',*,*,#1102,.F.);
#209=ORIENTED_EDGE('',*,*,#1103,.F.);
#210=ORIENTED_EDGE('',*,*,#1085,.T.);
#211=ORIENTED_EDGE('',*,*,#1104,.F.);
#212=ORIENTED_EDGE('',*,*,#1105,.F.);
#213=ORIENTED_EDGE('',*,*,#1106,.F.);
#214=ORIENTED_EDGE('',*,*,#1081,.F.);
#215=ORIENTED_EDGE('',*,*,#1107,.F.);
#216=ORIENTED_EDGE('',*,*,#1101,.T.);
#217=ORIENTED_EDGE('',*,*,#1108,.F.);
#218=ORIENTED_EDGE('',*,*,#1095,.T.);
#219=ORIENTED_EDGE('',*,*,#1109,.F.);
#220=ORIENTED_EDGE('',*,*,#1110,.F.);
#221=ORIENTED_EDGE('',*,*,#1111,.F.);
#222=ORIENTED_EDGE('',*,*,#1067,.T.);
#223=ORIENTED_EDGE('',*,*,#1112,.F.);
#224=ORIENTED_EDGE('',*,*,#1071,.F.);
#225=ORIENTED_EDGE('',*,*,#1113,.T.);
#226=ORIENTED_EDGE('',*,*,#1075,.T.);
#227=ORIENTED_EDGE('',*,*,#1114,.T.);
#228=ORIENTED_EDGE('',*,*,#1079,.F.);
#229=ORIENTED_EDGE('',*,*,#1115,.T.);
#230=ORIENTED_EDGE('',*,*,#1116,.T.);
#231=ORIENTED_EDGE('',*,*,#1117,.T.);
#232=ORIENTED_EDGE('',*,*,#1097,.T.);
#233=ORIENTED_EDGE('',*,*,#1107,.T.);
#234=ORIENTED_EDGE('',*,*,#1092,.T.);
#235=ORIENTED_EDGE('',*,*,#1116,.F.);
#236=ORIENTED_EDGE('',*,*,#1098,.T.);
#237=ORIENTED_EDGE('',*,*,#1117,.F.);
#238=ORIENTED_EDGE('',*,*,#1091,.F.);
#239=ORIENTED_EDGE('',*,*,#1118,.F.);
#240=ORIENTED_EDGE('',*,*,#1086,.T.);
#241=ORIENTED_EDGE('',*,*,#1103,.T.);
#242=ORIENTED_EDGE('',*,*,#1084,.T.);
#243=ORIENTED_EDGE('',*,*,#1110,.T.);
#244=ORIENTED_EDGE('',*,*,#1087,.T.);
#245=ORIENTED_EDGE('',*,*,#1118,.T.);
#246=ORIENTED_EDGE('',*,*,#1083,.F.);
#247=ORIENTED_EDGE('',*,*,#1119,.F.);
#248=ORIENTED_EDGE('',*,*,#1072,.T.);
#249=ORIENTED_EDGE('',*,*,#1112,.T.);
#250=ORIENTED_EDGE('',*,*,#1066,.T.);
#251=ORIENTED_EDGE('',*,*,#1111,.T.);
#252=ORIENTED_EDGE('',*,*,#1082,.T.);
#253=ORIENTED_EDGE('',*,*,#1106,.T.);
#254=ORIENTED_EDGE('',*,*,#1120,.T.);
#255=ORIENTED_EDGE('',*,*,#1068,.T.);
#256=ORIENTED_EDGE('',*,*,#1104,.T.);
#257=ORIENTED_EDGE('',*,*,#1088,.T.);
#258=ORIENTED_EDGE('',*,*,#1109,.T.);
#259=ORIENTED_EDGE('',*,*,#1070,.T.);
#260=ORIENTED_EDGE('',*,*,#1121,.F.);
#261=ORIENTED_EDGE('',*,*,#1102,.T.);
#262=ORIENTED_EDGE('',*,*,#1099,.T.);
#263=ORIENTED_EDGE('',*,*,#1115,.F.);
#264=ORIENTED_EDGE('',*,*,#1078,.T.);
#265=ORIENTED_EDGE('',*,*,#1122,.F.);
#266=ORIENTED_EDGE('',*,*,#1123,.T.);
#267=ORIENTED_EDGE('',*,*,#1080,.T.);
#268=ORIENTED_EDGE('',*,*,#1114,.F.);
#269=ORIENTED_EDGE('',*,*,#1074,.T.);
#270=ORIENTED_EDGE('',*,*,#1113,.F.);
#271=ORIENTED_EDGE('',*,*,#1090,.T.);
#272=ORIENTED_EDGE('',*,*,#1094,.T.);
#273=ORIENTED_EDGE('',*,*,#1124,.T.);
#274=ORIENTED_EDGE('',*,*,#1076,.T.);
#275=ORIENTED_EDGE('',*,*,#1125,.T.);
#276=ORIENTED_EDGE('',*,*,#1126,.T.);
#277=ORIENTED_EDGE('',*,*,#1127,.F.);
#278=ORIENTED_EDGE('',*,*,#1128,.F.);
#279=ORIENTED_EDGE('',*,*,#1129,.T.);
#280=ORIENTED_EDGE('',*,*,#1130,.T.);
#281=ORIENTED_EDGE('',*,*,#1126,.F.);
#282=ORIENTED_EDGE('',*,*,#1131,.F.);
#283=ORIENTED_EDGE('',*,*,#1132,.T.);
#284=ORIENTED_EDGE('',*,*,#1133,.T.);
#285=ORIENTED_EDGE('',*,*,#1129,.F.);
#286=ORIENTED_EDGE('',*,*,#1134,.F.);
#287=ORIENTED_EDGE('',*,*,#1128,.T.);
#288=ORIENTED_EDGE('',*,*,#1135,.T.);
#289=ORIENTED_EDGE('',*,*,#1132,.F.);
#290=ORIENTED_EDGE('',*,*,#1136,.F.);
#291=ORIENTED_EDGE('',*,*,#1137,.T.);
#292=ORIENTED_EDGE('',*,*,#1138,.T.);
#293=ORIENTED_EDGE('',*,*,#1139,.F.);
#294=ORIENTED_EDGE('',*,*,#1140,.F.);
#295=ORIENTED_EDGE('',*,*,#1141,.T.);
#296=ORIENTED_EDGE('',*,*,#1142,.T.);
#297=ORIENTED_EDGE('',*,*,#1138,.F.);
#298=ORIENTED_EDGE('',*,*,#1143,.F.);
#299=ORIENTED_EDGE('',*,*,#1144,.T.);
#300=ORIENTED_EDGE('',*,*,#1145,.T.);
#301=ORIENTED_EDGE('',*,*,#1141,.F.);
#302=ORIENTED_EDGE('',*,*,#1146,.F.);
#303=ORIENTED_EDGE('',*,*,#1140,.T.);
#304=ORIENTED_EDGE('',*,*,#1147,.T.);
#305=ORIENTED_EDGE('',*,*,#1144,.F.);
#306=ORIENTED_EDGE('',*,*,#1148,.F.);
#307=ORIENTED_EDGE('',*,*,#1149,.F.);
#308=ORIENTED_EDGE('',*,*,#1150,.T.);
#309=ORIENTED_EDGE('',*,*,#1151,.T.);
#310=ORIENTED_EDGE('',*,*,#1152,.F.);
#311=ORIENTED_EDGE('',*,*,#1153,.T.);
#312=ORIENTED_EDGE('',*,*,#1154,.F.);
#313=ORIENTED_EDGE('',*,*,#1155,.F.);
#314=ORIENTED_EDGE('',*,*,#1156,.F.);
#315=ORIENTED_EDGE('',*,*,#1153,.F.);
#316=ORIENTED_EDGE('',*,*,#1157,.F.);
#317=ORIENTED_EDGE('',*,*,#1158,.F.);
#318=ORIENTED_EDGE('',*,*,#1159,.F.);
#319=ORIENTED_EDGE('',*,*,#1151,.F.);
#320=ORIENTED_EDGE('',*,*,#1160,.F.);
#321=ORIENTED_EDGE('',*,*,#1161,.T.);
#322=ORIENTED_EDGE('',*,*,#1162,.F.);
#323=ORIENTED_EDGE('',*,*,#1155,.T.);
#324=ORIENTED_EDGE('',*,*,#1163,.F.);
#325=ORIENTED_EDGE('',*,*,#1164,.T.);
#326=ORIENTED_EDGE('',*,*,#1165,.F.);
#327=ORIENTED_EDGE('',*,*,#1158,.T.);
#328=ORIENTED_EDGE('',*,*,#1166,.F.);
#329=ORIENTED_EDGE('',*,*,#1167,.F.);
#330=ORIENTED_EDGE('',*,*,#1168,.F.);
#331=ORIENTED_EDGE('',*,*,#1161,.F.);
#332=ORIENTED_EDGE('',*,*,#1169,.F.);
#333=ORIENTED_EDGE('',*,*,#1170,.F.);
#334=ORIENTED_EDGE('',*,*,#1171,.F.);
#335=ORIENTED_EDGE('',*,*,#1164,.F.);
#336=ORIENTED_EDGE('',*,*,#1172,.F.);
#337=ORIENTED_EDGE('',*,*,#1167,.T.);
#338=ORIENTED_EDGE('',*,*,#1173,.F.);
#339=ORIENTED_EDGE('',*,*,#1170,.T.);
#340=ORIENTED_EDGE('',*,*,#1174,.F.);
#341=ORIENTED_EDGE('',*,*,#1175,.F.);
#342=ORIENTED_EDGE('',*,*,#1176,.F.);
#343=ORIENTED_EDGE('',*,*,#1177,.F.);
#344=ORIENTED_EDGE('',*,*,#1178,.F.);
#345=ORIENTED_EDGE('',*,*,#1179,.F.);
#346=ORIENTED_EDGE('',*,*,#1180,.T.);
#347=ORIENTED_EDGE('',*,*,#1171,.T.);
#348=ORIENTED_EDGE('',*,*,#1181,.T.);
#349=ORIENTED_EDGE('',*,*,#1182,.F.);
#350=ORIENTED_EDGE('',*,*,#1183,.F.);
#351=ORIENTED_EDGE('',*,*,#1184,.T.);
#352=ORIENTED_EDGE('',*,*,#1185,.F.);
#353=ORIENTED_EDGE('',*,*,#1186,.F.);
#354=ORIENTED_EDGE('',*,*,#1187,.F.);
#355=ORIENTED_EDGE('',*,*,#1188,.F.);
#356=ORIENTED_EDGE('',*,*,#1189,.T.);
#357=ORIENTED_EDGE('',*,*,#1190,.T.);
#358=ORIENTED_EDGE('',*,*,#1191,.F.);
#359=ORIENTED_EDGE('',*,*,#1192,.F.);
#360=ORIENTED_EDGE('',*,*,#1193,.T.);
#361=ORIENTED_EDGE('',*,*,#1194,.T.);
#362=ORIENTED_EDGE('',*,*,#1195,.F.);
#363=ORIENTED_EDGE('',*,*,#1194,.F.);
#364=ORIENTED_EDGE('',*,*,#1196,.F.);
#365=ORIENTED_EDGE('',*,*,#1197,.T.);
#366=ORIENTED_EDGE('',*,*,#1198,.F.);
#367=ORIENTED_EDGE('',*,*,#1199,.F.);
#368=ORIENTED_EDGE('',*,*,#1200,.F.);
#369=ORIENTED_EDGE('',*,*,#1201,.F.);
#370=ORIENTED_EDGE('',*,*,#1202,.F.);
#371=ORIENTED_EDGE('',*,*,#1203,.F.);
#372=ORIENTED_EDGE('',*,*,#1204,.F.);
#373=ORIENTED_EDGE('',*,*,#1205,.F.);
#374=ORIENTED_EDGE('',*,*,#1206,.T.);
#375=ORIENTED_EDGE('',*,*,#1207,.T.);
#376=ORIENTED_EDGE('',*,*,#1159,.T.);
#377=ORIENTED_EDGE('',*,*,#1208,.T.);
#378=ORIENTED_EDGE('',*,*,#1209,.F.);
#379=ORIENTED_EDGE('',*,*,#1210,.T.);
#380=ORIENTED_EDGE('',*,*,#1211,.F.);
#381=ORIENTED_EDGE('',*,*,#1212,.T.);
#382=ORIENTED_EDGE('',*,*,#1213,.F.);
#383=ORIENTED_EDGE('',*,*,#1214,.F.);
#384=ORIENTED_EDGE('',*,*,#1215,.F.);
#385=ORIENTED_EDGE('',*,*,#1216,.T.);
#386=ORIENTED_EDGE('',*,*,#1217,.F.);
#387=ORIENTED_EDGE('',*,*,#1218,.F.);
#388=ORIENTED_EDGE('',*,*,#1219,.F.);
#389=ORIENTED_EDGE('',*,*,#1214,.T.);
#390=ORIENTED_EDGE('',*,*,#1220,.F.);
#391=ORIENTED_EDGE('',*,*,#1221,.F.);
#392=ORIENTED_EDGE('',*,*,#1222,.T.);
#393=ORIENTED_EDGE('',*,*,#1223,.T.);
#394=ORIENTED_EDGE('',*,*,#1224,.F.);
#395=ORIENTED_EDGE('',*,*,#1225,.T.);
#396=ORIENTED_EDGE('',*,*,#1226,.F.);
#397=ORIENTED_EDGE('',*,*,#1227,.T.);
#398=ORIENTED_EDGE('',*,*,#1228,.F.);
#399=ORIENTED_EDGE('',*,*,#1229,.T.);
#400=ORIENTED_EDGE('',*,*,#1230,.F.);
#401=ORIENTED_EDGE('',*,*,#1231,.F.);
#402=ORIENTED_EDGE('',*,*,#1232,.F.);
#403=ORIENTED_EDGE('',*,*,#1233,.T.);
#404=ORIENTED_EDGE('',*,*,#1234,.F.);
#405=ORIENTED_EDGE('',*,*,#1235,.F.);
#406=ORIENTED_EDGE('',*,*,#1236,.F.);
#407=ORIENTED_EDGE('',*,*,#1237,.F.);
#408=ORIENTED_EDGE('',*,*,#1238,.T.);
#409=ORIENTED_EDGE('',*,*,#1203,.T.);
#410=ORIENTED_EDGE('',*,*,#1239,.F.);
#411=ORIENTED_EDGE('',*,*,#1237,.T.);
#412=ORIENTED_EDGE('',*,*,#1240,.F.);
#413=ORIENTED_EDGE('',*,*,#1183,.T.);
#414=ORIENTED_EDGE('',*,*,#1241,.F.);
#415=ORIENTED_EDGE('',*,*,#1234,.T.);
#416=ORIENTED_EDGE('',*,*,#1242,.F.);
#417=ORIENTED_EDGE('',*,*,#1208,.F.);
#418=ORIENTED_EDGE('',*,*,#1165,.T.);
#419=ORIENTED_EDGE('',*,*,#1180,.F.);
#420=ORIENTED_EDGE('',*,*,#1243,.F.);
#421=ORIENTED_EDGE('',*,*,#1244,.T.);
#422=ORIENTED_EDGE('',*,*,#1245,.T.);
#423=ORIENTED_EDGE('',*,*,#1246,.T.);
#424=ORIENTED_EDGE('',*,*,#1247,.T.);
#425=ORIENTED_EDGE('',*,*,#1248,.T.);
#426=ORIENTED_EDGE('',*,*,#1210,.F.);
#427=ORIENTED_EDGE('',*,*,#1249,.F.);
#428=ORIENTED_EDGE('',*,*,#1201,.T.);
#429=ORIENTED_EDGE('',*,*,#1230,.T.);
#430=ORIENTED_EDGE('',*,*,#1250,.F.);
#431=ORIENTED_EDGE('',*,*,#1251,.T.);
#432=ORIENTED_EDGE('',*,*,#1252,.T.);
#433=ORIENTED_EDGE('',*,*,#1253,.T.);
#434=ORIENTED_EDGE('',*,*,#1254,.T.);
#435=ORIENTED_EDGE('',*,*,#1255,.T.);
#436=ORIENTED_EDGE('',*,*,#1256,.T.);
#437=ORIENTED_EDGE('',*,*,#1252,.F.);
#438=ORIENTED_EDGE('',*,*,#1257,.F.);
#439=ORIENTED_EDGE('',*,*,#1255,.F.);
#440=ORIENTED_EDGE('',*,*,#1258,.T.);
#441=ORIENTED_EDGE('',*,*,#1259,.F.);
#442=ORIENTED_EDGE('',*,*,#1260,.T.);
#443=ORIENTED_EDGE('',*,*,#1259,.T.);
#444=ORIENTED_EDGE('',*,*,#1261,.F.);
#445=ORIENTED_EDGE('',*,*,#1262,.F.);
#446=ORIENTED_EDGE('',*,*,#1263,.F.);
#447=ORIENTED_EDGE('',*,*,#1221,.T.);
#448=ORIENTED_EDGE('',*,*,#1264,.F.);
#449=ORIENTED_EDGE('',*,*,#1262,.T.);
#450=ORIENTED_EDGE('',*,*,#1265,.T.);
#451=ORIENTED_EDGE('',*,*,#1266,.F.);
#452=ORIENTED_EDGE('',*,*,#1267,.F.);
#453=ORIENTED_EDGE('',*,*,#1216,.F.);
#454=ORIENTED_EDGE('',*,*,#1211,.T.);
#455=ORIENTED_EDGE('',*,*,#1266,.T.);
#456=ORIENTED_EDGE('',*,*,#1248,.F.);
#457=ORIENTED_EDGE('',*,*,#1268,.T.);
#458=ORIENTED_EDGE('',*,*,#1269,.F.);
#459=ORIENTED_EDGE('',*,*,#1270,.F.);
#460=ORIENTED_EDGE('',*,*,#1271,.F.);
#461=ORIENTED_EDGE('',*,*,#1272,.F.);
#462=ORIENTED_EDGE('',*,*,#1268,.F.);
#463=ORIENTED_EDGE('',*,*,#1247,.F.);
#464=ORIENTED_EDGE('',*,*,#1273,.T.);
#465=ORIENTED_EDGE('',*,*,#1271,.T.);
#466=ORIENTED_EDGE('',*,*,#1274,.T.);
#467=ORIENTED_EDGE('',*,*,#1275,.T.);
#468=ORIENTED_EDGE('',*,*,#1276,.T.);
#469=ORIENTED_EDGE('',*,*,#1277,.F.);
#470=ORIENTED_EDGE('',*,*,#1276,.F.);
#471=ORIENTED_EDGE('',*,*,#1278,.F.);
#472=ORIENTED_EDGE('',*,*,#1279,.T.);
#473=ORIENTED_EDGE('',*,*,#1279,.F.);
#474=ORIENTED_EDGE('',*,*,#1280,.T.);
#475=ORIENTED_EDGE('',*,*,#1281,.F.);
#476=ORIENTED_EDGE('',*,*,#1282,.F.);
#477=ORIENTED_EDGE('',*,*,#1283,.T.);
#478=ORIENTED_EDGE('',*,*,#1281,.T.);
#479=ORIENTED_EDGE('',*,*,#1284,.F.);
#480=ORIENTED_EDGE('',*,*,#1285,.F.);
#481=ORIENTED_EDGE('',*,*,#1286,.F.);
#482=ORIENTED_EDGE('',*,*,#1287,.T.);
#483=ORIENTED_EDGE('',*,*,#1288,.F.);
#484=ORIENTED_EDGE('',*,*,#1285,.T.);
#485=ORIENTED_EDGE('',*,*,#1289,.T.);
#486=ORIENTED_EDGE('',*,*,#1290,.F.);
#487=ORIENTED_EDGE('',*,*,#1245,.F.);
#488=ORIENTED_EDGE('',*,*,#1291,.T.);
#489=ORIENTED_EDGE('',*,*,#1292,.T.);
#490=ORIENTED_EDGE('',*,*,#1287,.F.);
#491=ORIENTED_EDGE('',*,*,#1293,.T.);
#492=ORIENTED_EDGE('',*,*,#1294,.F.);
#493=ORIENTED_EDGE('',*,*,#1291,.F.);
#494=ORIENTED_EDGE('',*,*,#1244,.F.);
#495=ORIENTED_EDGE('',*,*,#1197,.F.);
#496=ORIENTED_EDGE('',*,*,#1295,.F.);
#497=ORIENTED_EDGE('',*,*,#1293,.F.);
#498=ORIENTED_EDGE('',*,*,#1200,.T.);
#499=ORIENTED_EDGE('',*,*,#1296,.F.);
#500=ORIENTED_EDGE('',*,*,#1192,.T.);
#501=ORIENTED_EDGE('',*,*,#1297,.F.);
#502=ORIENTED_EDGE('',*,*,#1298,.T.);
#503=ORIENTED_EDGE('',*,*,#1299,.T.);
#504=ORIENTED_EDGE('',*,*,#1300,.F.);
#505=ORIENTED_EDGE('',*,*,#1301,.F.);
#506=ORIENTED_EDGE('',*,*,#1302,.F.);
#507=ORIENTED_EDGE('',*,*,#1299,.F.);
#508=ORIENTED_EDGE('',*,*,#1303,.T.);
#509=ORIENTED_EDGE('',*,*,#1304,.F.);
#510=ORIENTED_EDGE('',*,*,#1301,.T.);
#511=ORIENTED_EDGE('',*,*,#1305,.T.);
#512=ORIENTED_EDGE('',*,*,#1306,.F.);
#513=ORIENTED_EDGE('',*,*,#1307,.F.);
#514=ORIENTED_EDGE('',*,*,#1308,.T.);
#515=ORIENTED_EDGE('',*,*,#1303,.F.);
#516=ORIENTED_EDGE('',*,*,#1309,.T.);
#517=ORIENTED_EDGE('',*,*,#1179,.T.);
#518=ORIENTED_EDGE('',*,*,#1310,.F.);
#519=ORIENTED_EDGE('',*,*,#1307,.T.);
#520=ORIENTED_EDGE('',*,*,#1311,.T.);
#521=ORIENTED_EDGE('',*,*,#1312,.F.);
#522=ORIENTED_EDGE('',*,*,#1188,.T.);
#523=ORIENTED_EDGE('',*,*,#1175,.T.);
#524=ORIENTED_EDGE('',*,*,#1309,.F.);
#525=ORIENTED_EDGE('',*,*,#1189,.F.);
#526=ORIENTED_EDGE('',*,*,#1313,.T.);
#527=ORIENTED_EDGE('',*,*,#1305,.F.);
#528=ORIENTED_EDGE('',*,*,#1314,.T.);
#529=ORIENTED_EDGE('',*,*,#1315,.F.);
#530=ORIENTED_EDGE('',*,*,#1297,.T.);
#531=ORIENTED_EDGE('',*,*,#1191,.T.);
#532=ORIENTED_EDGE('',*,*,#1190,.F.);
#533=ORIENTED_EDGE('',*,*,#1316,.F.);
#534=ORIENTED_EDGE('',*,*,#1225,.F.);
#535=ORIENTED_EDGE('',*,*,#1218,.T.);
#536=ORIENTED_EDGE('',*,*,#1263,.T.);
#537=ORIENTED_EDGE('',*,*,#1258,.F.);
#538=ORIENTED_EDGE('',*,*,#1317,.T.);
#539=ORIENTED_EDGE('',*,*,#1222,.F.);
#540=ORIENTED_EDGE('',*,*,#1318,.T.);
#541=ORIENTED_EDGE('',*,*,#1229,.F.);
#542=ORIENTED_EDGE('',*,*,#1223,.F.);
#543=ORIENTED_EDGE('',*,*,#1319,.F.);
#544=ORIENTED_EDGE('',*,*,#1250,.T.);
#545=ORIENTED_EDGE('',*,*,#1320,.T.);
#546=ORIENTED_EDGE('',*,*,#1321,.F.);
#547=ORIENTED_EDGE('',*,*,#1246,.F.);
#548=ORIENTED_EDGE('',*,*,#1322,.T.);
#549=ORIENTED_EDGE('',*,*,#1251,.F.);
#550=ORIENTED_EDGE('',*,*,#1319,.T.);
#551=ORIENTED_EDGE('',*,*,#1317,.F.);
#552=ORIENTED_EDGE('',*,*,#1254,.F.);
#553=ORIENTED_EDGE('',*,*,#1318,.F.);
#554=ORIENTED_EDGE('',*,*,#1316,.T.);
#555=ORIENTED_EDGE('',*,*,#1265,.F.);
#556=ORIENTED_EDGE('',*,*,#1261,.T.);
#557=ORIENTED_EDGE('',*,*,#1323,.F.);
#558=ORIENTED_EDGE('',*,*,#1274,.F.);
#559=ORIENTED_EDGE('',*,*,#1270,.T.);
#560=ORIENTED_EDGE('',*,*,#1321,.T.);
#561=ORIENTED_EDGE('',*,*,#1275,.F.);
#562=ORIENTED_EDGE('',*,*,#1323,.T.);
#563=ORIENTED_EDGE('',*,*,#1324,.F.);
#564=ORIENTED_EDGE('',*,*,#1278,.T.);
#565=ORIENTED_EDGE('',*,*,#1280,.F.);
#566=ORIENTED_EDGE('',*,*,#1324,.T.);
#567=ORIENTED_EDGE('',*,*,#1320,.F.);
#568=ORIENTED_EDGE('',*,*,#1325,.T.);
#569=ORIENTED_EDGE('',*,*,#1325,.F.);
#570=ORIENTED_EDGE('',*,*,#1326,.T.);
#571=ORIENTED_EDGE('',*,*,#1289,.F.);
#572=ORIENTED_EDGE('',*,*,#1284,.T.);
#573=ORIENTED_EDGE('',*,*,#1326,.F.);
#574=ORIENTED_EDGE('',*,*,#1322,.F.);
#575=ORIENTED_EDGE('',*,*,#1290,.T.);
#576=ORIENTED_EDGE('',*,*,#1286,.T.);
#577=ORIENTED_EDGE('',*,*,#1298,.F.);
#578=ORIENTED_EDGE('',*,*,#1315,.T.);
#579=ORIENTED_EDGE('',*,*,#1314,.F.);
#580=ORIENTED_EDGE('',*,*,#1300,.T.);
#581=ORIENTED_EDGE('',*,*,#1313,.F.);
#582=ORIENTED_EDGE('',*,*,#1312,.T.);
#583=ORIENTED_EDGE('',*,*,#1311,.F.);
#584=ORIENTED_EDGE('',*,*,#1306,.T.);
#585=ORIENTED_EDGE('',*,*,#1327,.F.);
#586=ORIENTED_EDGE('',*,*,#1328,.F.);
#587=ORIENTED_EDGE('',*,*,#1329,.F.);
#588=ORIENTED_EDGE('',*,*,#1330,.T.);
#589=ORIENTED_EDGE('',*,*,#1331,.F.);
#590=ORIENTED_EDGE('',*,*,#1332,.F.);
#591=ORIENTED_EDGE('',*,*,#1333,.T.);
#592=ORIENTED_EDGE('',*,*,#1334,.F.);
#593=ORIENTED_EDGE('',*,*,#1335,.F.);
#594=ORIENTED_EDGE('',*,*,#1336,.F.);
#595=ORIENTED_EDGE('',*,*,#1177,.T.);
#596=ORIENTED_EDGE('',*,*,#1337,.F.);
#597=ORIENTED_EDGE('',*,*,#1338,.F.);
#598=ORIENTED_EDGE('',*,*,#1339,.F.);
#599=ORIENTED_EDGE('',*,*,#1340,.T.);
#600=ORIENTED_EDGE('',*,*,#1335,.T.);
#601=ORIENTED_EDGE('',*,*,#1341,.F.);
#602=ORIENTED_EDGE('',*,*,#1342,.T.);
#603=ORIENTED_EDGE('',*,*,#1339,.T.);
#604=ORIENTED_EDGE('',*,*,#1343,.F.);
#605=ORIENTED_EDGE('',*,*,#1344,.T.);
#606=ORIENTED_EDGE('',*,*,#1345,.T.);
#607=ORIENTED_EDGE('',*,*,#1346,.F.);
#608=ORIENTED_EDGE('',*,*,#1347,.F.);
#609=ORIENTED_EDGE('',*,*,#1348,.F.);
#610=ORIENTED_EDGE('',*,*,#1345,.F.);
#611=ORIENTED_EDGE('',*,*,#1349,.F.);
#612=ORIENTED_EDGE('',*,*,#1347,.T.);
#613=ORIENTED_EDGE('',*,*,#1350,.T.);
#614=ORIENTED_EDGE('',*,*,#1351,.T.);
#615=ORIENTED_EDGE('',*,*,#1352,.F.);
#616=ORIENTED_EDGE('',*,*,#1353,.F.);
#617=ORIENTED_EDGE('',*,*,#1354,.T.);
#618=ORIENTED_EDGE('',*,*,#1351,.F.);
#619=ORIENTED_EDGE('',*,*,#1355,.T.);
#620=ORIENTED_EDGE('',*,*,#1356,.T.);
#621=ORIENTED_EDGE('',*,*,#1357,.T.);
#622=ORIENTED_EDGE('',*,*,#1353,.T.);
#623=ORIENTED_EDGE('',*,*,#1358,.T.);
#624=ORIENTED_EDGE('',*,*,#1359,.F.);
#625=ORIENTED_EDGE('',*,*,#1360,.F.);
#626=ORIENTED_EDGE('',*,*,#1361,.F.);
#627=ORIENTED_EDGE('',*,*,#1362,.F.);
#628=ORIENTED_EDGE('',*,*,#1356,.F.);
#629=ORIENTED_EDGE('',*,*,#1363,.T.);
#630=ORIENTED_EDGE('',*,*,#1364,.F.);
#631=ORIENTED_EDGE('',*,*,#1361,.T.);
#632=ORIENTED_EDGE('',*,*,#1365,.F.);
#633=ORIENTED_EDGE('',*,*,#1366,.F.);
#634=ORIENTED_EDGE('',*,*,#1367,.F.);
#635=ORIENTED_EDGE('',*,*,#1363,.F.);
#636=ORIENTED_EDGE('',*,*,#1368,.T.);
#637=ORIENTED_EDGE('',*,*,#1369,.T.);
#638=ORIENTED_EDGE('',*,*,#1169,.T.);
#639=ORIENTED_EDGE('',*,*,#1370,.T.);
#640=ORIENTED_EDGE('',*,*,#1371,.F.);
#641=ORIENTED_EDGE('',*,*,#1181,.F.);
#642=ORIENTED_EDGE('',*,*,#1173,.T.);
#643=ORIENTED_EDGE('',*,*,#1369,.F.);
#644=ORIENTED_EDGE('',*,*,#1372,.F.);
#645=ORIENTED_EDGE('',*,*,#1332,.T.);
#646=ORIENTED_EDGE('',*,*,#1373,.F.);
#647=ORIENTED_EDGE('',*,*,#1185,.T.);
#648=ORIENTED_EDGE('',*,*,#1374,.F.);
#649=ORIENTED_EDGE('',*,*,#1375,.F.);
#650=ORIENTED_EDGE('',*,*,#1368,.F.);
#651=ORIENTED_EDGE('',*,*,#1376,.F.);
#652=ORIENTED_EDGE('',*,*,#1377,.F.);
#653=ORIENTED_EDGE('',*,*,#1337,.T.);
#654=ORIENTED_EDGE('',*,*,#1176,.T.);
#655=ORIENTED_EDGE('',*,*,#1187,.T.);
#656=ORIENTED_EDGE('',*,*,#1195,.T.);
#657=ORIENTED_EDGE('',*,*,#1198,.T.);
#658=ORIENTED_EDGE('',*,*,#1199,.T.);
#659=ORIENTED_EDGE('',*,*,#1378,.F.);
#660=ORIENTED_EDGE('',*,*,#1376,.T.);
#661=ORIENTED_EDGE('',*,*,#1365,.T.);
#662=ORIENTED_EDGE('',*,*,#1360,.T.);
#663=ORIENTED_EDGE('',*,*,#1379,.T.);
#664=ORIENTED_EDGE('',*,*,#1341,.T.);
#665=ORIENTED_EDGE('',*,*,#1327,.T.);
#666=ORIENTED_EDGE('',*,*,#1380,.F.);
#667=ORIENTED_EDGE('',*,*,#1205,.T.);
#668=ORIENTED_EDGE('',*,*,#1381,.F.);
#669=ORIENTED_EDGE('',*,*,#1382,.F.);
#670=ORIENTED_EDGE('',*,*,#1343,.T.);
#671=ORIENTED_EDGE('',*,*,#1338,.T.);
#672=ORIENTED_EDGE('',*,*,#1383,.F.);
#673=ORIENTED_EDGE('',*,*,#1344,.F.);
#674=ORIENTED_EDGE('',*,*,#1382,.T.);
#675=ORIENTED_EDGE('',*,*,#1384,.F.);
#676=ORIENTED_EDGE('',*,*,#1346,.T.);
#677=ORIENTED_EDGE('',*,*,#1350,.F.);
#678=ORIENTED_EDGE('',*,*,#1384,.T.);
#679=ORIENTED_EDGE('',*,*,#1385,.F.);
#680=ORIENTED_EDGE('',*,*,#1386,.T.);
#681=ORIENTED_EDGE('',*,*,#1386,.F.);
#682=ORIENTED_EDGE('',*,*,#1387,.T.);
#683=ORIENTED_EDGE('',*,*,#1358,.F.);
#684=ORIENTED_EDGE('',*,*,#1352,.T.);
#685=ORIENTED_EDGE('',*,*,#1387,.F.);
#686=ORIENTED_EDGE('',*,*,#1388,.T.);
#687=ORIENTED_EDGE('',*,*,#1359,.T.);
#688=ORIENTED_EDGE('',*,*,#1355,.F.);
#689=ORIENTED_EDGE('',*,*,#1385,.T.);
#690=ORIENTED_EDGE('',*,*,#1383,.T.);
#691=ORIENTED_EDGE('',*,*,#1379,.F.);
#692=ORIENTED_EDGE('',*,*,#1388,.F.);
#693=ORIENTED_EDGE('',*,*,#1389,.T.);
#694=ORIENTED_EDGE('',*,*,#1390,.T.);
#695=ORIENTED_EDGE('',*,*,#1334,.T.);
#696=ORIENTED_EDGE('',*,*,#1391,.F.);
#697=ORIENTED_EDGE('',*,*,#1392,.F.);
#698=ORIENTED_EDGE('',*,*,#1393,.F.);
#699=ORIENTED_EDGE('',*,*,#1394,.T.);
#700=ORIENTED_EDGE('',*,*,#1395,.F.);
#701=ORIENTED_EDGE('',*,*,#1394,.F.);
#702=ORIENTED_EDGE('',*,*,#1396,.T.);
#703=ORIENTED_EDGE('',*,*,#1397,.F.);
#704=ORIENTED_EDGE('',*,*,#1398,.T.);
#705=ORIENTED_EDGE('',*,*,#1399,.F.);
#706=ORIENTED_EDGE('',*,*,#1400,.F.);
#707=ORIENTED_EDGE('',*,*,#1401,.F.);
#708=ORIENTED_EDGE('',*,*,#1397,.T.);
#709=ORIENTED_EDGE('',*,*,#1402,.T.);
#710=ORIENTED_EDGE('',*,*,#1157,.T.);
#711=ORIENTED_EDGE('',*,*,#1403,.T.);
#712=ORIENTED_EDGE('',*,*,#1404,.F.);
#713=ORIENTED_EDGE('',*,*,#1403,.F.);
#714=ORIENTED_EDGE('',*,*,#1152,.T.);
#715=ORIENTED_EDGE('',*,*,#1207,.F.);
#716=ORIENTED_EDGE('',*,*,#1405,.T.);
#717=ORIENTED_EDGE('',*,*,#1406,.F.);
#718=ORIENTED_EDGE('',*,*,#1407,.F.);
#719=ORIENTED_EDGE('',*,*,#1408,.F.);
#720=ORIENTED_EDGE('',*,*,#1409,.F.);
#721=ORIENTED_EDGE('',*,*,#1410,.T.);
#722=ORIENTED_EDGE('',*,*,#1212,.F.);
#723=ORIENTED_EDGE('',*,*,#1215,.T.);
#724=ORIENTED_EDGE('',*,*,#1219,.T.);
#725=ORIENTED_EDGE('',*,*,#1224,.T.);
#726=ORIENTED_EDGE('',*,*,#1228,.T.);
#727=ORIENTED_EDGE('',*,*,#1411,.T.);
#728=ORIENTED_EDGE('',*,*,#1412,.T.);
#729=ORIENTED_EDGE('',*,*,#1392,.T.);
#730=ORIENTED_EDGE('',*,*,#1413,.T.);
#731=ORIENTED_EDGE('',*,*,#1414,.T.);
#732=ORIENTED_EDGE('',*,*,#1406,.T.);
#733=ORIENTED_EDGE('',*,*,#1415,.T.);
#734=ORIENTED_EDGE('',*,*,#1416,.F.);
#735=ORIENTED_EDGE('',*,*,#1232,.T.);
#736=ORIENTED_EDGE('',*,*,#1417,.F.);
#737=ORIENTED_EDGE('',*,*,#1415,.F.);
#738=ORIENTED_EDGE('',*,*,#1418,.F.);
#739=ORIENTED_EDGE('',*,*,#1419,.F.);
#740=ORIENTED_EDGE('',*,*,#1420,.F.);
#741=ORIENTED_EDGE('',*,*,#1421,.T.);
#742=ORIENTED_EDGE('',*,*,#1422,.F.);
#743=ORIENTED_EDGE('',*,*,#1235,.T.);
#744=ORIENTED_EDGE('',*,*,#1423,.F.);
#745=ORIENTED_EDGE('',*,*,#1424,.F.);
#746=ORIENTED_EDGE('',*,*,#1421,.F.);
#747=ORIENTED_EDGE('',*,*,#1425,.T.);
#748=ORIENTED_EDGE('',*,*,#1426,.F.);
#749=ORIENTED_EDGE('',*,*,#1427,.T.);
#750=ORIENTED_EDGE('',*,*,#1428,.T.);
#751=ORIENTED_EDGE('',*,*,#1429,.T.);
#752=ORIENTED_EDGE('',*,*,#1430,.T.);
#753=ORIENTED_EDGE('',*,*,#1431,.T.);
#754=ORIENTED_EDGE('',*,*,#1432,.T.);
#755=ORIENTED_EDGE('',*,*,#1433,.T.);
#756=ORIENTED_EDGE('',*,*,#1434,.T.);
#757=ORIENTED_EDGE('',*,*,#1435,.F.);
#758=ORIENTED_EDGE('',*,*,#1436,.T.);
#759=ORIENTED_EDGE('',*,*,#1396,.F.);
#760=ORIENTED_EDGE('',*,*,#1437,.T.);
#761=ORIENTED_EDGE('',*,*,#1432,.F.);
#762=ORIENTED_EDGE('',*,*,#1438,.F.);
#763=ORIENTED_EDGE('',*,*,#1438,.T.);
#764=ORIENTED_EDGE('',*,*,#1436,.F.);
#765=ORIENTED_EDGE('',*,*,#1439,.F.);
#766=ORIENTED_EDGE('',*,*,#1399,.T.);
#767=ORIENTED_EDGE('',*,*,#1440,.F.);
#768=ORIENTED_EDGE('',*,*,#1431,.F.);
#769=ORIENTED_EDGE('',*,*,#1441,.F.);
#770=ORIENTED_EDGE('',*,*,#1401,.T.);
#771=ORIENTED_EDGE('',*,*,#1430,.F.);
#772=ORIENTED_EDGE('',*,*,#1442,.T.);
#773=ORIENTED_EDGE('',*,*,#1398,.F.);
#774=ORIENTED_EDGE('',*,*,#1441,.T.);
#775=ORIENTED_EDGE('',*,*,#1443,.T.);
#776=ORIENTED_EDGE('',*,*,#1434,.F.);
#777=ORIENTED_EDGE('',*,*,#1444,.T.);
#778=ORIENTED_EDGE('',*,*,#1412,.F.);
#779=ORIENTED_EDGE('',*,*,#1445,.F.);
#780=ORIENTED_EDGE('',*,*,#1444,.F.);
#781=ORIENTED_EDGE('',*,*,#1433,.F.);
#782=ORIENTED_EDGE('',*,*,#1437,.F.);
#783=ORIENTED_EDGE('',*,*,#1393,.T.);
#784=ORIENTED_EDGE('',*,*,#1442,.F.);
#785=ORIENTED_EDGE('',*,*,#1429,.F.);
#786=ORIENTED_EDGE('',*,*,#1446,.T.);
#787=ORIENTED_EDGE('',*,*,#1395,.T.);
#788=ORIENTED_EDGE('',*,*,#1446,.F.);
#789=ORIENTED_EDGE('',*,*,#1428,.F.);
#790=ORIENTED_EDGE('',*,*,#1447,.T.);
#791=ORIENTED_EDGE('',*,*,#1448,.F.);
#792=ORIENTED_EDGE('',*,*,#1413,.F.);
#793=ORIENTED_EDGE('',*,*,#1445,.T.);
#794=ORIENTED_EDGE('',*,*,#1411,.F.);
#795=ORIENTED_EDGE('',*,*,#1227,.F.);
#796=ORIENTED_EDGE('',*,*,#1449,.F.);
#797=ORIENTED_EDGE('',*,*,#1448,.T.);
#798=ORIENTED_EDGE('',*,*,#1450,.F.);
#799=ORIENTED_EDGE('',*,*,#1451,.T.);
#800=ORIENTED_EDGE('',*,*,#1414,.F.);
#801=ORIENTED_EDGE('',*,*,#1451,.F.);
#802=ORIENTED_EDGE('',*,*,#1452,.F.);
#803=ORIENTED_EDGE('',*,*,#1453,.F.);
#804=ORIENTED_EDGE('',*,*,#1407,.T.);
#805=ORIENTED_EDGE('',*,*,#1381,.T.);
#806=ORIENTED_EDGE('',*,*,#1204,.T.);
#807=ORIENTED_EDGE('',*,*,#1240,.T.);
#808=ORIENTED_EDGE('',*,*,#1236,.T.);
#809=ORIENTED_EDGE('',*,*,#1422,.T.);
#810=ORIENTED_EDGE('',*,*,#1424,.T.);
#811=ORIENTED_EDGE('',*,*,#1454,.T.);
#812=ORIENTED_EDGE('',*,*,#1455,.T.);
#813=ORIENTED_EDGE('',*,*,#1456,.T.);
#814=ORIENTED_EDGE('',*,*,#1457,.T.);
#815=ORIENTED_EDGE('',*,*,#1328,.T.);
#816=ORIENTED_EDGE('',*,*,#1366,.T.);
#817=ORIENTED_EDGE('',*,*,#1458,.F.);
#818=ORIENTED_EDGE('',*,*,#1459,.F.);
#819=ORIENTED_EDGE('',*,*,#1460,.F.);
#820=ORIENTED_EDGE('',*,*,#1453,.T.);
#821=ORIENTED_EDGE('',*,*,#1461,.F.);
#822=ORIENTED_EDGE('',*,*,#1462,.T.);
#823=ORIENTED_EDGE('',*,*,#1463,.F.);
#824=ORIENTED_EDGE('',*,*,#1329,.T.);
#825=ORIENTED_EDGE('',*,*,#1457,.F.);
#826=ORIENTED_EDGE('',*,*,#1464,.T.);
#827=ORIENTED_EDGE('',*,*,#1465,.F.);
#828=ORIENTED_EDGE('',*,*,#1426,.T.);
#829=ORIENTED_EDGE('',*,*,#1466,.F.);
#830=ORIENTED_EDGE('',*,*,#1467,.T.);
#831=ORIENTED_EDGE('',*,*,#1454,.F.);
#832=ORIENTED_EDGE('',*,*,#1468,.F.);
#833=ORIENTED_EDGE('',*,*,#1389,.F.);
#834=ORIENTED_EDGE('',*,*,#1469,.T.);
#835=ORIENTED_EDGE('',*,*,#1470,.F.);
#836=ORIENTED_EDGE('',*,*,#1419,.T.);
#837=ORIENTED_EDGE('',*,*,#1471,.F.);
#838=ORIENTED_EDGE('',*,*,#1472,.T.);
#839=ORIENTED_EDGE('',*,*,#1473,.F.);
#840=ORIENTED_EDGE('',*,*,#1423,.T.);
#841=ORIENTED_EDGE('',*,*,#1238,.F.);
#842=ORIENTED_EDGE('',*,*,#1239,.T.);
#843=ORIENTED_EDGE('',*,*,#1206,.F.);
#844=ORIENTED_EDGE('',*,*,#1380,.T.);
#845=ORIENTED_EDGE('',*,*,#1330,.F.);
#846=ORIENTED_EDGE('',*,*,#1465,.T.);
#847=ORIENTED_EDGE('',*,*,#1474,.T.);
#848=ORIENTED_EDGE('',*,*,#1475,.F.);
#849=ORIENTED_EDGE('',*,*,#1466,.T.);
#850=ORIENTED_EDGE('',*,*,#1425,.F.);
#851=ORIENTED_EDGE('',*,*,#1469,.F.);
#852=ORIENTED_EDGE('',*,*,#1391,.T.);
#853=ORIENTED_EDGE('',*,*,#1333,.F.);
#854=ORIENTED_EDGE('',*,*,#1374,.T.);
#855=ORIENTED_EDGE('',*,*,#1184,.F.);
#856=ORIENTED_EDGE('',*,*,#1242,.T.);
#857=ORIENTED_EDGE('',*,*,#1233,.F.);
#858=ORIENTED_EDGE('',*,*,#1416,.T.);
#859=ORIENTED_EDGE('',*,*,#1420,.T.);
#860=ORIENTED_EDGE('',*,*,#1473,.T.);
#861=ORIENTED_EDGE('',*,*,#1476,.T.);
#862=ORIENTED_EDGE('',*,*,#1477,.T.);
#863=ORIENTED_EDGE('',*,*,#1408,.T.);
#864=ORIENTED_EDGE('',*,*,#1463,.T.);
#865=ORIENTED_EDGE('',*,*,#1478,.T.);
#866=ORIENTED_EDGE('',*,*,#1479,.T.);
#867=ORIENTED_EDGE('',*,*,#1480,.T.);
#868=ORIENTED_EDGE('',*,*,#1458,.T.);
#869=ORIENTED_EDGE('',*,*,#1375,.T.);
#870=ORIENTED_EDGE('',*,*,#1404,.T.);
#871=ORIENTED_EDGE('',*,*,#1405,.F.);
#872=ORIENTED_EDGE('',*,*,#1209,.T.);
#873=ORIENTED_EDGE('',*,*,#1243,.T.);
#874=ORIENTED_EDGE('',*,*,#1182,.T.);
#875=ORIENTED_EDGE('',*,*,#1372,.T.);
#876=ORIENTED_EDGE('',*,*,#1371,.T.);
#877=ORIENTED_EDGE('',*,*,#1481,.F.);
#878=ORIENTED_EDGE('',*,*,#1213,.T.);
#879=ORIENTED_EDGE('',*,*,#1410,.F.);
#880=ORIENTED_EDGE('',*,*,#1409,.T.);
#881=ORIENTED_EDGE('',*,*,#1477,.F.);
#882=ORIENTED_EDGE('',*,*,#1377,.T.);
#883=ORIENTED_EDGE('',*,*,#1378,.T.);
#884=ORIENTED_EDGE('',*,*,#1202,.T.);
#885=ORIENTED_EDGE('',*,*,#1249,.T.);
#886=ORIENTED_EDGE('',*,*,#1370,.F.);
#887=ORIENTED_EDGE('',*,*,#1163,.T.);
#888=ORIENTED_EDGE('',*,*,#1402,.F.);
#889=ORIENTED_EDGE('',*,*,#1481,.T.);
#890=ORIENTED_EDGE('',*,*,#1130,.F.);
#891=ORIENTED_EDGE('',*,*,#1133,.F.);
#892=ORIENTED_EDGE('',*,*,#1135,.F.);
#893=ORIENTED_EDGE('',*,*,#1127,.T.);
#894=ORIENTED_EDGE('',*,*,#1150,.F.);
#895=ORIENTED_EDGE('',*,*,#1142,.F.);
#896=ORIENTED_EDGE('',*,*,#1145,.F.);
#897=ORIENTED_EDGE('',*,*,#1147,.F.);
#898=ORIENTED_EDGE('',*,*,#1139,.T.);
#899=ORIENTED_EDGE('',*,*,#1417,.T.);
#900=ORIENTED_EDGE('',*,*,#1231,.T.);
#901=ORIENTED_EDGE('',*,*,#1241,.T.);
#902=ORIENTED_EDGE('',*,*,#1186,.T.);
#903=ORIENTED_EDGE('',*,*,#1373,.T.);
#904=ORIENTED_EDGE('',*,*,#1331,.T.);
#905=ORIENTED_EDGE('',*,*,#1390,.F.);
#906=ORIENTED_EDGE('',*,*,#1468,.T.);
#907=ORIENTED_EDGE('',*,*,#1482,.T.);
#908=ORIENTED_EDGE('',*,*,#1471,.T.);
#909=ORIENTED_EDGE('',*,*,#1418,.T.);
#910=ORIENTED_EDGE('',*,*,#1160,.T.);
#911=ORIENTED_EDGE('',*,*,#1154,.T.);
#912=ORIENTED_EDGE('',*,*,#1156,.T.);
#913=ORIENTED_EDGE('',*,*,#1162,.T.);
#914=ORIENTED_EDGE('',*,*,#1168,.T.);
#915=ORIENTED_EDGE('',*,*,#1174,.T.);
#916=ORIENTED_EDGE('',*,*,#1172,.T.);
#917=ORIENTED_EDGE('',*,*,#1166,.T.);
#918=ORIENTED_EDGE('',*,*,#1483,.F.);
#919=ORIENTED_EDGE('',*,*,#1484,.F.);
#920=ORIENTED_EDGE('',*,*,#1485,.F.);
#921=ORIENTED_EDGE('',*,*,#1459,.T.);
#922=ORIENTED_EDGE('',*,*,#1480,.F.);
#923=ORIENTED_EDGE('',*,*,#1486,.F.);
#924=ORIENTED_EDGE('',*,*,#1484,.T.);
#925=ORIENTED_EDGE('',*,*,#1487,.F.);
#926=ORIENTED_EDGE('',*,*,#1488,.T.);
#927=ORIENTED_EDGE('',*,*,#1489,.T.);
#928=ORIENTED_EDGE('',*,*,#1490,.F.);
#929=ORIENTED_EDGE('',*,*,#1491,.F.);
#930=ORIENTED_EDGE('',*,*,#1492,.F.);
#931=ORIENTED_EDGE('',*,*,#1489,.F.);
#932=ORIENTED_EDGE('',*,*,#1493,.T.);
#933=ORIENTED_EDGE('',*,*,#1494,.F.);
#934=ORIENTED_EDGE('',*,*,#1491,.T.);
#935=ORIENTED_EDGE('',*,*,#1495,.T.);
#936=ORIENTED_EDGE('',*,*,#1496,.F.);
#937=ORIENTED_EDGE('',*,*,#1497,.F.);
#938=ORIENTED_EDGE('',*,*,#1498,.T.);
#939=ORIENTED_EDGE('',*,*,#1493,.F.);
#940=ORIENTED_EDGE('',*,*,#1499,.T.);
#941=ORIENTED_EDGE('',*,*,#1500,.T.);
#942=ORIENTED_EDGE('',*,*,#1501,.T.);
#943=ORIENTED_EDGE('',*,*,#1497,.T.);
#944=ORIENTED_EDGE('',*,*,#1502,.T.);
#945=ORIENTED_EDGE('',*,*,#1503,.F.);
#946=ORIENTED_EDGE('',*,*,#1478,.F.);
#947=ORIENTED_EDGE('',*,*,#1462,.F.);
#948=ORIENTED_EDGE('',*,*,#1504,.T.);
#949=ORIENTED_EDGE('',*,*,#1500,.F.);
#950=ORIENTED_EDGE('',*,*,#1472,.F.);
#951=ORIENTED_EDGE('',*,*,#1482,.F.);
#952=ORIENTED_EDGE('',*,*,#1470,.T.);
#953=ORIENTED_EDGE('',*,*,#1476,.F.);
#954=ORIENTED_EDGE('',*,*,#1479,.F.);
#955=ORIENTED_EDGE('',*,*,#1505,.F.);
#956=ORIENTED_EDGE('',*,*,#1506,.T.);
#957=ORIENTED_EDGE('',*,*,#1507,.T.);
#958=ORIENTED_EDGE('',*,*,#1455,.F.);
#959=ORIENTED_EDGE('',*,*,#1467,.F.);
#960=ORIENTED_EDGE('',*,*,#1475,.T.);
#961=ORIENTED_EDGE('',*,*,#1508,.T.);
#962=ORIENTED_EDGE('',*,*,#1508,.F.);
#963=ORIENTED_EDGE('',*,*,#1474,.F.);
#964=ORIENTED_EDGE('',*,*,#1464,.F.);
#965=ORIENTED_EDGE('',*,*,#1456,.F.);
#966=ORIENTED_EDGE('',*,*,#1509,.F.);
#967=ORIENTED_EDGE('',*,*,#1487,.T.);
#968=ORIENTED_EDGE('',*,*,#1483,.T.);
#969=ORIENTED_EDGE('',*,*,#1507,.F.);
#970=ORIENTED_EDGE('',*,*,#1488,.F.);
#971=ORIENTED_EDGE('',*,*,#1509,.T.);
#972=ORIENTED_EDGE('',*,*,#1510,.F.);
#973=ORIENTED_EDGE('',*,*,#1490,.T.);
#974=ORIENTED_EDGE('',*,*,#1506,.F.);
#975=ORIENTED_EDGE('',*,*,#1511,.T.);
#976=ORIENTED_EDGE('',*,*,#1495,.F.);
#977=ORIENTED_EDGE('',*,*,#1510,.T.);
#978=ORIENTED_EDGE('',*,*,#1511,.F.);
#979=ORIENTED_EDGE('',*,*,#1512,.T.);
#980=ORIENTED_EDGE('',*,*,#1502,.F.);
#981=ORIENTED_EDGE('',*,*,#1496,.T.);
#982=ORIENTED_EDGE('',*,*,#1512,.F.);
#983=ORIENTED_EDGE('',*,*,#1505,.T.);
#984=ORIENTED_EDGE('',*,*,#1503,.T.);
#985=ORIENTED_EDGE('',*,*,#1499,.F.);
#986=ORIENTED_EDGE('',*,*,#1120,.F.);
#987=ORIENTED_EDGE('',*,*,#1105,.T.);
#988=ORIENTED_EDGE('',*,*,#1121,.T.);
#989=ORIENTED_EDGE('',*,*,#1069,.F.);
#990=ORIENTED_EDGE('',*,*,#1119,.T.);
#991=ORIENTED_EDGE('',*,*,#1065,.T.);
#992=ORIENTED_EDGE('',*,*,#1124,.F.);
#993=ORIENTED_EDGE('',*,*,#1093,.T.);
#994=ORIENTED_EDGE('',*,*,#1108,.T.);
#995=ORIENTED_EDGE('',*,*,#1100,.F.);
#996=ORIENTED_EDGE('',*,*,#1122,.T.);
#997=ORIENTED_EDGE('',*,*,#1077,.T.);
#998=ORIENTED_EDGE('',*,*,#1123,.F.);
#999=ORIENTED_EDGE('',*,*,#1073,.F.);
#1000=ORIENTED_EDGE('',*,*,#1136,.T.);
#1001=ORIENTED_EDGE('',*,*,#1134,.T.);
#1002=ORIENTED_EDGE('',*,*,#1131,.T.);
#1003=ORIENTED_EDGE('',*,*,#1125,.F.);
#1004=ORIENTED_EDGE('',*,*,#1149,.T.);
#1005=ORIENTED_EDGE('',*,*,#1148,.T.);
#1006=ORIENTED_EDGE('',*,*,#1146,.T.);
#1007=ORIENTED_EDGE('',*,*,#1143,.T.);
#1008=ORIENTED_EDGE('',*,*,#1137,.F.);
#1009=ORIENTED_EDGE('',*,*,#1449,.T.);
#1010=ORIENTED_EDGE('',*,*,#1226,.T.);
#1011=ORIENTED_EDGE('',*,*,#1253,.F.);
#1012=ORIENTED_EDGE('',*,*,#1256,.F.);
#1013=ORIENTED_EDGE('',*,*,#1257,.T.);
#1014=ORIENTED_EDGE('',*,*,#1260,.F.);
#1015=ORIENTED_EDGE('',*,*,#1264,.T.);
#1016=ORIENTED_EDGE('',*,*,#1220,.T.);
#1017=ORIENTED_EDGE('',*,*,#1217,.T.);
#1018=ORIENTED_EDGE('',*,*,#1267,.T.);
#1019=ORIENTED_EDGE('',*,*,#1269,.T.);
#1020=ORIENTED_EDGE('',*,*,#1272,.T.);
#1021=ORIENTED_EDGE('',*,*,#1273,.F.);
#1022=ORIENTED_EDGE('',*,*,#1277,.T.);
#1023=ORIENTED_EDGE('',*,*,#1282,.T.);
#1024=ORIENTED_EDGE('',*,*,#1283,.F.);
#1025=ORIENTED_EDGE('',*,*,#1288,.T.);
#1026=ORIENTED_EDGE('',*,*,#1292,.F.);
#1027=ORIENTED_EDGE('',*,*,#1294,.T.);
#1028=ORIENTED_EDGE('',*,*,#1295,.T.);
#1029=ORIENTED_EDGE('',*,*,#1196,.T.);
#1030=ORIENTED_EDGE('',*,*,#1193,.F.);
#1031=ORIENTED_EDGE('',*,*,#1296,.T.);
#1032=ORIENTED_EDGE('',*,*,#1302,.T.);
#1033=ORIENTED_EDGE('',*,*,#1304,.T.);
#1034=ORIENTED_EDGE('',*,*,#1308,.F.);
#1035=ORIENTED_EDGE('',*,*,#1310,.T.);
#1036=ORIENTED_EDGE('',*,*,#1178,.T.);
#1037=ORIENTED_EDGE('',*,*,#1336,.T.);
#1038=ORIENTED_EDGE('',*,*,#1340,.F.);
#1039=ORIENTED_EDGE('',*,*,#1342,.F.);
#1040=ORIENTED_EDGE('',*,*,#1348,.T.);
#1041=ORIENTED_EDGE('',*,*,#1349,.T.);
#1042=ORIENTED_EDGE('',*,*,#1354,.F.);
#1043=ORIENTED_EDGE('',*,*,#1357,.F.);
#1044=ORIENTED_EDGE('',*,*,#1362,.T.);
#1045=ORIENTED_EDGE('',*,*,#1364,.T.);
#1046=ORIENTED_EDGE('',*,*,#1367,.T.);
#1047=ORIENTED_EDGE('',*,*,#1460,.T.);
#1048=ORIENTED_EDGE('',*,*,#1485,.T.);
#1049=ORIENTED_EDGE('',*,*,#1486,.T.);
#1050=ORIENTED_EDGE('',*,*,#1492,.T.);
#1051=ORIENTED_EDGE('',*,*,#1494,.T.);
#1052=ORIENTED_EDGE('',*,*,#1498,.F.);
#1053=ORIENTED_EDGE('',*,*,#1501,.F.);
#1054=ORIENTED_EDGE('',*,*,#1504,.F.);
#1055=ORIENTED_EDGE('',*,*,#1461,.T.);
#1056=ORIENTED_EDGE('',*,*,#1452,.T.);
#1057=ORIENTED_EDGE('',*,*,#1450,.T.);
#1058=ORIENTED_EDGE('',*,*,#1447,.F.);
#1059=ORIENTED_EDGE('',*,*,#1427,.F.);
#1060=ORIENTED_EDGE('',*,*,#1440,.T.);
#1061=ORIENTED_EDGE('',*,*,#1400,.T.);
#1062=ORIENTED_EDGE('',*,*,#1439,.T.);
#1063=ORIENTED_EDGE('',*,*,#1435,.T.);
#1064=ORIENTED_EDGE('',*,*,#1443,.F.);
#1065=EDGE_CURVE('',#1513,#1514,#1793,.T.);
#1066=EDGE_CURVE('',#1515,#1513,#1794,.T.);
#1067=EDGE_CURVE('',#1516,#1515,#1795,.T.);
#1068=EDGE_CURVE('',#1514,#1516,#1796,.T.);
#1069=EDGE_CURVE('',#1517,#1518,#1797,.T.);
#1070=EDGE_CURVE('',#1519,#1518,#1798,.T.);
#1071=EDGE_CURVE('',#1519,#1520,#1799,.T.);
#1072=EDGE_CURVE('',#1517,#1520,#1800,.T.);
#1073=EDGE_CURVE('',#1521,#1522,#1801,.T.);
#1074=EDGE_CURVE('',#1523,#1522,#1802,.T.);
#1075=EDGE_CURVE('',#1524,#1523,#1803,.T.);
#1076=EDGE_CURVE('',#1521,#1524,#1804,.T.);
#1077=EDGE_CURVE('',#1525,#1526,#1805,.T.);
#1078=EDGE_CURVE('',#1527,#1525,#1806,.T.);
#1079=EDGE_CURVE('',#1527,#1528,#1807,.T.);
#1080=EDGE_CURVE('',#1526,#1528,#1808,.T.);
#1081=EDGE_CURVE('',#1529,#1530,#1809,.T.);
#1082=EDGE_CURVE('',#1531,#1530,#1810,.T.);
#1083=EDGE_CURVE('',#1531,#1532,#1811,.T.);
#1084=EDGE_CURVE('',#1529,#1532,#1812,.T.);
#1085=EDGE_CURVE('',#1533,#1534,#1813,.T.);
#1086=EDGE_CURVE('',#1535,#1533,#1814,.T.);
#1087=EDGE_CURVE('',#1536,#1535,#1815,.T.);
#1088=EDGE_CURVE('',#1534,#1536,#1816,.T.);
#1089=EDGE_CURVE('',#1537,#1538,#1817,.T.);
#1090=EDGE_CURVE('',#1539,#1538,#1818,.T.);
#1091=EDGE_CURVE('',#1539,#1540,#1819,.T.);
#1092=EDGE_CURVE('',#1537,#1540,#1820,.T.);
#1093=EDGE_CURVE('',#1541,#1542,#1821,.T.);
#1094=EDGE_CURVE('',#1538,#1541,#1822,.T.);
#1095=EDGE_CURVE('',#1542,#1537,#1823,.T.);
#1096=EDGE_CURVE('',#1543,#1544,#1824,.T.);
#1097=EDGE_CURVE('',#1545,#1544,#1825,.T.);
#1098=EDGE_CURVE('',#1546,#1545,#1826,.T.);
#1099=EDGE_CURVE('',#1543,#1546,#1827,.T.);
#1100=EDGE_CURVE('',#1547,#1548,#1828,.T.);
#1101=EDGE_CURVE('',#1544,#1548,#1829,.T.);
#1102=EDGE_CURVE('',#1547,#1543,#1830,.T.);
#1103=EDGE_CURVE('',#1533,#1529,#1831,.T.);
#1104=EDGE_CURVE('',#1549,#1534,#1832,.T.);
#1105=EDGE_CURVE('',#1550,#1549,#1833,.T.);
#1106=EDGE_CURVE('',#1530,#1550,#1834,.T.);
#1107=EDGE_CURVE('',#1544,#1537,#1835,.T.);
#1108=EDGE_CURVE('',#1542,#1548,#1836,.T.);
#1109=EDGE_CURVE('',#1536,#1519,#1837,.T.);
#1110=EDGE_CURVE('',#1531,#1536,#1838,.T.);
#1111=EDGE_CURVE('',#1516,#1531,#1839,.T.);
#1112=EDGE_CURVE('',#1520,#1515,#1840,.T.);
#1113=EDGE_CURVE('',#1539,#1524,#1841,.T.);
#1114=EDGE_CURVE('',#1523,#1528,#1842,.T.);
#1115=EDGE_CURVE('',#1527,#1546,#1843,.T.);
#1116=EDGE_CURVE('',#1546,#1539,#1844,.T.);
#1117=EDGE_CURVE('',#1540,#1545,#1845,.T.);
#1118=EDGE_CURVE('',#1535,#1532,#1846,.T.);
#1119=EDGE_CURVE('',#1517,#1513,#1847,.T.);
#1120=EDGE_CURVE('',#1550,#1514,#1848,.T.);
#1121=EDGE_CURVE('',#1549,#1518,#1849,.T.);
#1122=EDGE_CURVE('',#1547,#1525,#1850,.T.);
#1123=EDGE_CURVE('',#1522,#1526,#1851,.T.);
#1124=EDGE_CURVE('',#1541,#1521,#1852,.T.);
#1125=EDGE_CURVE('',#1551,#1552,#1853,.T.);
#1126=EDGE_CURVE('',#1552,#1553,#1854,.T.);
#1127=EDGE_CURVE('',#1554,#1553,#1855,.T.);
#1128=EDGE_CURVE('',#1551,#1554,#1856,.T.);
#1129=EDGE_CURVE('',#1555,#1556,#1857,.T.);
#1130=EDGE_CURVE('',#1556,#1553,#124,.T.);
#1131=EDGE_CURVE('',#1555,#1552,#125,.T.);
#1132=EDGE_CURVE('',#1557,#1558,#1858,.T.);
#1133=EDGE_CURVE('',#1558,#1556,#1859,.T.);
#1134=EDGE_CURVE('',#1557,#1555,#1860,.T.);
#1135=EDGE_CURVE('',#1554,#1558,#126,.T.);
#1136=EDGE_CURVE('',#1551,#1557,#127,.T.);
#1137=EDGE_CURVE('',#1559,#1560,#1861,.T.);
#1138=EDGE_CURVE('',#1560,#1561,#1862,.T.);
#1139=EDGE_CURVE('',#1562,#1561,#1863,.T.);
#1140=EDGE_CURVE('',#1559,#1562,#1864,.T.);
#1141=EDGE_CURVE('',#1563,#1564,#1865,.T.);
#1142=EDGE_CURVE('',#1564,#1561,#128,.T.);
#1143=EDGE_CURVE('',#1563,#1560,#129,.T.);
#1144=EDGE_CURVE('',#1565,#1566,#1866,.T.);
#1145=EDGE_CURVE('',#1566,#1564,#1867,.T.);
#1146=EDGE_CURVE('',#1565,#1563,#1868,.T.);
#1147=EDGE_CURVE('',#1562,#1566,#130,.T.);
#1148=EDGE_CURVE('',#1559,#1565,#131,.T.);
#1149=EDGE_CURVE('',#1567,#1567,#132,.T.);
#1150=EDGE_CURVE('',#1568,#1568,#133,.T.);
#1151=EDGE_CURVE('',#1569,#1570,#1869,.T.);
#1152=EDGE_CURVE('',#1571,#1570,#1870,.T.);
#1153=EDGE_CURVE('',#1571,#1572,#1871,.T.);
#1154=EDGE_CURVE('',#1569,#1572,#1872,.T.);
#1155=EDGE_CURVE('',#1573,#1574,#1873,.T.);
#1156=EDGE_CURVE('',#1572,#1573,#24,.T.);
#1157=EDGE_CURVE('',#1574,#1571,#25,.T.);
#1158=EDGE_CURVE('',#1575,#1576,#1874,.T.);
#1159=EDGE_CURVE('',#1570,#1575,#26,.T.);
#1160=EDGE_CURVE('',#1576,#1569,#27,.T.);
#1161=EDGE_CURVE('',#1577,#1578,#1875,.T.);
#1162=EDGE_CURVE('',#1573,#1578,#1876,.T.);
#1163=EDGE_CURVE('',#1577,#1574,#1877,.T.);
#1164=EDGE_CURVE('',#1579,#1580,#1878,.T.);
#1165=EDGE_CURVE('',#1575,#1580,#1879,.T.);
#1166=EDGE_CURVE('',#1579,#1576,#1880,.T.);
#1167=EDGE_CURVE('',#1581,#1582,#1881,.T.);
#1168=EDGE_CURVE('',#1578,#1581,#28,.T.);
#1169=EDGE_CURVE('',#1582,#1577,#29,.T.);
#1170=EDGE_CURVE('',#1583,#1584,#1882,.T.);
#1171=EDGE_CURVE('',#1580,#1583,#30,.T.);
#1172=EDGE_CURVE('',#1584,#1579,#31,.T.);
#1173=EDGE_CURVE('',#1583,#1582,#1883,.T.);
#1174=EDGE_CURVE('',#1581,#1584,#1884,.T.);
#1175=EDGE_CURVE('',#1585,#1586,#32,.T.);
#1176=EDGE_CURVE('',#1587,#1585,#1885,.T.);
#1177=EDGE_CURVE('',#1588,#1587,#1886,.T.);
#1178=EDGE_CURVE('',#1589,#1588,#1887,.T.);
#1179=EDGE_CURVE('',#1586,#1589,#1888,.T.);
#1180=EDGE_CURVE('',#1590,#1580,#1889,.T.);
#1181=EDGE_CURVE('',#1583,#1591,#1890,.T.);
#1182=EDGE_CURVE('',#1590,#1591,#33,.T.);
#1183=EDGE_CURVE('',#1592,#1593,#1891,.T.);
#1184=EDGE_CURVE('',#1592,#1594,#34,.T.);
#1185=EDGE_CURVE('',#1595,#1594,#1892,.T.);
#1186=EDGE_CURVE('',#1593,#1595,#35,.T.);
#1187=EDGE_CURVE('',#1585,#1596,#1893,.T.);
#1188=EDGE_CURVE('',#1597,#1585,#134,.T.);
#1189=EDGE_CURVE('',#1597,#1598,#1894,.T.);
#1190=EDGE_CURVE('',#1598,#1596,#135,.T.);
#1191=EDGE_CURVE('',#1599,#1596,#36,.T.);
#1192=EDGE_CURVE('',#1600,#1599,#1895,.T.);
#1193=EDGE_CURVE('',#1600,#1601,#1896,.T.);
#1194=EDGE_CURVE('',#1601,#1602,#1897,.T.);
#1195=EDGE_CURVE('',#1596,#1602,#1898,.T.);
#1196=EDGE_CURVE('',#1603,#1601,#1899,.T.);
#1197=EDGE_CURVE('',#1603,#1604,#1900,.T.);
#1198=EDGE_CURVE('',#1602,#1604,#1901,.T.);
#1199=EDGE_CURVE('',#1604,#1605,#1902,.T.);
#1200=EDGE_CURVE('',#1606,#1604,#37,.T.);
#1201=EDGE_CURVE('',#1607,#1606,#1903,.T.);
#1202=EDGE_CURVE('',#1605,#1607,#38,.T.);
#1203=EDGE_CURVE('',#1608,#1609,#1904,.T.);
#1204=EDGE_CURVE('',#1610,#1608,#39,.T.);
#1205=EDGE_CURVE('',#1611,#1610,#1905,.T.);
#1206=EDGE_CURVE('',#1611,#1609,#40,.T.);
#1207=EDGE_CURVE('',#1612,#1570,#1906,.T.);
#1208=EDGE_CURVE('',#1575,#1613,#1907,.T.);
#1209=EDGE_CURVE('',#1612,#1613,#41,.T.);
#1210=EDGE_CURVE('',#1614,#1615,#1908,.T.);
#1211=EDGE_CURVE('',#1616,#1615,#42,.T.);
#1212=EDGE_CURVE('',#1616,#1617,#1909,.T.);
#1213=EDGE_CURVE('',#1614,#1617,#43,.T.);
#1214=EDGE_CURVE('',#1618,#1619,#1910,.T.);
#1215=EDGE_CURVE('',#1616,#1618,#1911,.T.);
#1216=EDGE_CURVE('',#1616,#1620,#1912,.T.);
#1217=EDGE_CURVE('',#1619,#1620,#1913,.T.);
#1218=EDGE_CURVE('',#1621,#1622,#44,.T.);
#1219=EDGE_CURVE('',#1618,#1621,#1914,.T.);
#1220=EDGE_CURVE('',#1623,#1619,#1915,.T.);
#1221=EDGE_CURVE('',#1622,#1623,#1916,.T.);
#1222=EDGE_CURVE('',#1624,#1625,#1917,.T.);
#1223=EDGE_CURVE('',#1625,#1626,#136,.T.);
#1224=EDGE_CURVE('',#1621,#1626,#1918,.T.);
#1225=EDGE_CURVE('',#1621,#1624,#137,.T.);
#1226=EDGE_CURVE('',#1627,#1628,#1919,.T.);
#1227=EDGE_CURVE('',#1627,#1629,#1920,.T.);
#1228=EDGE_CURVE('',#1626,#1629,#1921,.T.);
#1229=EDGE_CURVE('',#1626,#1630,#45,.T.);
#1230=EDGE_CURVE('',#1628,#1630,#1922,.T.);
#1231=EDGE_CURVE('',#1631,#1632,#46,.T.);
#1232=EDGE_CURVE('',#1633,#1631,#1923,.T.);
#1233=EDGE_CURVE('',#1633,#1634,#47,.T.);
#1234=EDGE_CURVE('',#1632,#1634,#1924,.T.);
#1235=EDGE_CURVE('',#1635,#1636,#1925,.T.);
#1236=EDGE_CURVE('',#1637,#1635,#48,.T.);
#1237=EDGE_CURVE('',#1638,#1637,#1926,.T.);
#1238=EDGE_CURVE('',#1638,#1636,#49,.T.);
#1239=EDGE_CURVE('',#1638,#1609,#1927,.T.);
#1240=EDGE_CURVE('',#1608,#1637,#1928,.T.);
#1241=EDGE_CURVE('',#1632,#1593,#1929,.T.);
#1242=EDGE_CURVE('',#1592,#1634,#1930,.T.);
#1243=EDGE_CURVE('',#1613,#1590,#1931,.T.);
#1244=EDGE_CURVE('',#1606,#1639,#1932,.T.);
#1245=EDGE_CURVE('',#1639,#1640,#1933,.T.);
#1246=EDGE_CURVE('',#1640,#1641,#1934,.T.);
#1247=EDGE_CURVE('',#1641,#1642,#1935,.T.);
#1248=EDGE_CURVE('',#1642,#1615,#1936,.T.);
#1249=EDGE_CURVE('',#1607,#1614,#1937,.T.);
#1250=EDGE_CURVE('',#1643,#1630,#138,.T.);
#1251=EDGE_CURVE('',#1643,#1644,#1938,.T.);
#1252=EDGE_CURVE('',#1644,#1645,#1939,.T.);
#1253=EDGE_CURVE('',#1645,#1628,#1940,.T.);
#1254=EDGE_CURVE('',#1644,#1646,#1941,.T.);
#1255=EDGE_CURVE('',#1646,#1647,#1942,.T.);
#1256=EDGE_CURVE('',#1647,#1645,#1943,.T.);
#1257=EDGE_CURVE('',#1647,#1648,#1944,.T.);
#1258=EDGE_CURVE('',#1646,#1649,#1945,.T.);
#1259=EDGE_CURVE('',#1648,#1649,#1946,.T.);
#1260=EDGE_CURVE('',#1650,#1648,#1947,.T.);
#1261=EDGE_CURVE('',#1651,#1649,#1948,.T.);
#1262=EDGE_CURVE('',#1650,#1651,#1949,.T.);
#1263=EDGE_CURVE('',#1622,#1652,#139,.T.);
#1264=EDGE_CURVE('',#1650,#1623,#1950,.T.);
#1265=EDGE_CURVE('',#1651,#1652,#1951,.T.);
#1266=EDGE_CURVE('',#1653,#1615,#1952,.T.);
#1267=EDGE_CURVE('',#1620,#1653,#50,.T.);
#1268=EDGE_CURVE('',#1642,#1654,#1953,.T.);
#1269=EDGE_CURVE('',#1653,#1654,#1954,.T.);
#1270=EDGE_CURVE('',#1655,#1641,#51,.T.);
#1271=EDGE_CURVE('',#1656,#1655,#1955,.T.);
#1272=EDGE_CURVE('',#1654,#1656,#1956,.T.);
#1273=EDGE_CURVE('',#1657,#1656,#1957,.T.);
#1274=EDGE_CURVE('',#1655,#1658,#140,.T.);
#1275=EDGE_CURVE('',#1658,#1659,#1958,.T.);
#1276=EDGE_CURVE('',#1659,#1657,#1959,.T.);
#1277=EDGE_CURVE('',#1657,#1660,#1960,.T.);
#1278=EDGE_CURVE('',#1661,#1659,#1961,.T.);
#1279=EDGE_CURVE('',#1661,#1660,#1962,.T.);
#1280=EDGE_CURVE('',#1661,#1662,#1963,.T.);
#1281=EDGE_CURVE('',#1663,#1662,#1964,.T.);
#1282=EDGE_CURVE('',#1660,#1663,#1965,.T.);
#1283=EDGE_CURVE('',#1664,#1663,#1966,.T.);
#1284=EDGE_CURVE('',#1665,#1662,#1967,.T.);
#1285=EDGE_CURVE('',#1664,#1665,#1968,.T.);
#1286=EDGE_CURVE('',#1666,#1667,#141,.T.);
#1287=EDGE_CURVE('',#1666,#1668,#1969,.T.);
#1288=EDGE_CURVE('',#1664,#1668,#1970,.T.);
#1289=EDGE_CURVE('',#1665,#1667,#1971,.T.);
#1290=EDGE_CURVE('',#1640,#1666,#52,.T.);
#1291=EDGE_CURVE('',#1639,#1669,#1972,.T.);
#1292=EDGE_CURVE('',#1669,#1668,#1973,.T.);
#1293=EDGE_CURVE('',#1606,#1670,#1974,.T.);
#1294=EDGE_CURVE('',#1669,#1670,#1975,.T.);
#1295=EDGE_CURVE('',#1670,#1603,#53,.T.);
#1296=EDGE_CURVE('',#1600,#1671,#1976,.T.);
#1297=EDGE_CURVE('',#1672,#1599,#142,.T.);
#1298=EDGE_CURVE('',#1672,#1673,#1977,.T.);
#1299=EDGE_CURVE('',#1673,#1671,#1978,.T.);
#1300=EDGE_CURVE('',#1674,#1673,#1979,.T.);
#1301=EDGE_CURVE('',#1675,#1674,#1980,.T.);
#1302=EDGE_CURVE('',#1671,#1675,#1981,.T.);
#1303=EDGE_CURVE('',#1676,#1677,#1982,.T.);
#1304=EDGE_CURVE('',#1675,#1677,#1983,.T.);
#1305=EDGE_CURVE('',#1674,#1676,#1984,.T.);
#1306=EDGE_CURVE('',#1678,#1676,#1985,.T.);
#1307=EDGE_CURVE('',#1679,#1678,#1986,.T.);
#1308=EDGE_CURVE('',#1679,#1677,#1987,.T.);
#1309=EDGE_CURVE('',#1680,#1586,#143,.T.);
#1310=EDGE_CURVE('',#1679,#1589,#1988,.T.);
#1311=EDGE_CURVE('',#1678,#1680,#1989,.T.);
#1312=EDGE_CURVE('',#1597,#1680,#54,.T.);
#1313=EDGE_CURVE('',#1597,#1676,#1990,.T.);
#1314=EDGE_CURVE('',#1674,#1598,#1991,.T.);
#1315=EDGE_CURVE('',#1672,#1598,#55,.T.);
#1316=EDGE_CURVE('',#1624,#1652,#56,.T.);
#1317=EDGE_CURVE('',#1646,#1625,#1992,.T.);
#1318=EDGE_CURVE('',#1624,#1649,#1993,.T.);
#1319=EDGE_CURVE('',#1643,#1625,#57,.T.);
#1320=EDGE_CURVE('',#1681,#1682,#1994,.T.);
#1321=EDGE_CURVE('',#1641,#1682,#144,.T.);
#1322=EDGE_CURVE('',#1640,#1681,#145,.T.);
#1323=EDGE_CURVE('',#1658,#1682,#58,.T.);
#1324=EDGE_CURVE('',#1661,#1682,#1995,.T.);
#1325=EDGE_CURVE('',#1681,#1662,#1996,.T.);
#1326=EDGE_CURVE('',#1681,#1667,#59,.T.);
#1327=EDGE_CURVE('',#1683,#1684,#1997,.T.);
#1328=EDGE_CURVE('',#1685,#1683,#60,.T.);
#1329=EDGE_CURVE('',#1686,#1685,#1998,.T.);
#1330=EDGE_CURVE('',#1686,#1684,#61,.T.);
#1331=EDGE_CURVE('',#1687,#1688,#62,.T.);
#1332=EDGE_CURVE('',#1689,#1687,#1999,.T.);
#1333=EDGE_CURVE('',#1689,#1690,#63,.T.);
#1334=EDGE_CURVE('',#1688,#1690,#2000,.T.);
#1335=EDGE_CURVE('',#1691,#1692,#2001,.T.);
#1336=EDGE_CURVE('',#1588,#1691,#2002,.T.);
#1337=EDGE_CURVE('',#1692,#1587,#2003,.T.);
#1338=EDGE_CURVE('',#1693,#1694,#64,.T.);
#1339=EDGE_CURVE('',#1695,#1693,#2004,.T.);
#1340=EDGE_CURVE('',#1695,#1691,#2005,.T.);
#1341=EDGE_CURVE('',#1694,#1692,#2006,.T.);
#1342=EDGE_CURVE('',#1696,#1695,#2007,.T.);
#1343=EDGE_CURVE('',#1697,#1693,#146,.T.);
#1344=EDGE_CURVE('',#1697,#1698,#2008,.T.);
#1345=EDGE_CURVE('',#1698,#1696,#2009,.T.);
#1346=EDGE_CURVE('',#1699,#1698,#2010,.T.);
#1347=EDGE_CURVE('',#1700,#1699,#2011,.T.);
#1348=EDGE_CURVE('',#1696,#1700,#2012,.T.);
#1349=EDGE_CURVE('',#1700,#1701,#2013,.T.);
#1350=EDGE_CURVE('',#1699,#1702,#2014,.T.);
#1351=EDGE_CURVE('',#1702,#1701,#2015,.T.);
#1352=EDGE_CURVE('',#1703,#1702,#2016,.T.);
#1353=EDGE_CURVE('',#1704,#1703,#2017,.T.);
#1354=EDGE_CURVE('',#1704,#1701,#2018,.T.);
#1355=EDGE_CURVE('',#1705,#1706,#147,.T.);
#1356=EDGE_CURVE('',#1706,#1707,#2019,.T.);
#1357=EDGE_CURVE('',#1707,#1704,#2020,.T.);
#1358=EDGE_CURVE('',#1703,#1705,#2021,.T.);
#1359=EDGE_CURVE('',#1708,#1706,#65,.T.);
#1360=EDGE_CURVE('',#1709,#1708,#2022,.T.);
#1361=EDGE_CURVE('',#1710,#1709,#2023,.T.);
#1362=EDGE_CURVE('',#1707,#1710,#2024,.T.);
#1363=EDGE_CURVE('',#1711,#1712,#2025,.T.);
#1364=EDGE_CURVE('',#1710,#1712,#2026,.T.);
#1365=EDGE_CURVE('',#1711,#1709,#2027,.T.);
#1366=EDGE_CURVE('',#1713,#1714,#2028,.T.);
#1367=EDGE_CURVE('',#1712,#1713,#66,.T.);
#1368=EDGE_CURVE('',#1711,#1714,#67,.T.);
#1369=EDGE_CURVE('',#1715,#1582,#2029,.T.);
#1370=EDGE_CURVE('',#1577,#1716,#2030,.T.);
#1371=EDGE_CURVE('',#1715,#1716,#68,.T.);
#1372=EDGE_CURVE('',#1591,#1715,#2031,.T.);
#1373=EDGE_CURVE('',#1595,#1687,#2032,.T.);
#1374=EDGE_CURVE('',#1689,#1594,#2033,.T.);
#1375=EDGE_CURVE('',#1714,#1717,#2034,.T.);
#1376=EDGE_CURVE('',#1718,#1711,#2035,.T.);
#1377=EDGE_CURVE('',#1717,#1718,#69,.T.);
#1378=EDGE_CURVE('',#1718,#1605,#2036,.T.);
#1379=EDGE_CURVE('',#1708,#1694,#2037,.T.);
#1380=EDGE_CURVE('',#1611,#1684,#2038,.T.);
#1381=EDGE_CURVE('',#1683,#1610,#2039,.T.);
#1382=EDGE_CURVE('',#1697,#1719,#70,.T.);
#1383=EDGE_CURVE('',#1719,#1694,#148,.T.);
#1384=EDGE_CURVE('',#1699,#1719,#2040,.T.);
#1385=EDGE_CURVE('',#1720,#1719,#2041,.T.);
#1386=EDGE_CURVE('',#1720,#1702,#2042,.T.);
#1387=EDGE_CURVE('',#1720,#1705,#71,.T.);
#1388=EDGE_CURVE('',#1720,#1708,#149,.T.);
#1389=EDGE_CURVE('',#1721,#1722,#2043,.T.);
#1390=EDGE_CURVE('',#1722,#1688,#2044,.T.);
#1391=EDGE_CURVE('',#1721,#1690,#2045,.T.);
#1392=EDGE_CURVE('',#1723,#1724,#2046,.T.);
#1393=EDGE_CURVE('',#1725,#1723,#150,.T.);
#1394=EDGE_CURVE('',#1725,#1726,#2047,.T.);
#1395=EDGE_CURVE('',#1724,#1726,#151,.T.);
#1396=EDGE_CURVE('',#1725,#1727,#2048,.T.);
#1397=EDGE_CURVE('',#1728,#1727,#2049,.T.);
#1398=EDGE_CURVE('',#1728,#1726,#2050,.T.);
#1399=EDGE_CURVE('',#1729,#1727,#2051,.T.);
#1400=EDGE_CURVE('',#1730,#1729,#2052,.T.);
#1401=EDGE_CURVE('',#1728,#1730,#2053,.T.);
#1402=EDGE_CURVE('',#1731,#1574,#2054,.T.);
#1403=EDGE_CURVE('',#1571,#1732,#2055,.T.);
#1404=EDGE_CURVE('',#1731,#1732,#72,.T.);
#1405=EDGE_CURVE('',#1612,#1732,#2056,.T.);
#1406=EDGE_CURVE('',#1733,#1734,#2057,.T.);
#1407=EDGE_CURVE('',#1735,#1733,#73,.T.);
#1408=EDGE_CURVE('',#1736,#1735,#2058,.T.);
#1409=EDGE_CURVE('',#1734,#1736,#74,.T.);
#1410=EDGE_CURVE('',#1734,#1617,#2059,.T.);
#1411=EDGE_CURVE('',#1629,#1737,#2060,.T.);
#1412=EDGE_CURVE('',#1737,#1723,#2061,.T.);
#1413=EDGE_CURVE('',#1724,#1738,#2062,.T.);
#1414=EDGE_CURVE('',#1738,#1733,#2063,.T.);
#1415=EDGE_CURVE('',#1739,#1740,#2064,.T.);
#1416=EDGE_CURVE('',#1633,#1740,#2065,.T.);
#1417=EDGE_CURVE('',#1739,#1631,#2066,.T.);
#1418=EDGE_CURVE('',#1741,#1739,#75,.T.);
#1419=EDGE_CURVE('',#1742,#1741,#2067,.T.);
#1420=EDGE_CURVE('',#1740,#1742,#76,.T.);
#1421=EDGE_CURVE('',#1743,#1744,#2068,.T.);
#1422=EDGE_CURVE('',#1635,#1744,#2069,.T.);
#1423=EDGE_CURVE('',#1743,#1636,#2070,.T.);
#1424=EDGE_CURVE('',#1744,#1745,#77,.T.);
#1425=EDGE_CURVE('',#1743,#1746,#78,.T.);
#1426=EDGE_CURVE('',#1745,#1746,#2071,.T.);
#1427=EDGE_CURVE('',#1747,#1748,#2072,.T.);
#1428=EDGE_CURVE('',#1748,#1749,#2073,.T.);
#1429=EDGE_CURVE('',#1749,#1750,#152,.T.);
#1430=EDGE_CURVE('',#1750,#1751,#2074,.T.);
#1431=EDGE_CURVE('',#1751,#1747,#2075,.T.);
#1432=EDGE_CURVE('',#1752,#1753,#2076,.T.);
#1433=EDGE_CURVE('',#1753,#1754,#153,.T.);
#1434=EDGE_CURVE('',#1754,#1755,#2077,.T.);
#1435=EDGE_CURVE('',#1756,#1755,#2078,.T.);
#1436=EDGE_CURVE('',#1756,#1752,#2079,.T.);
#1437=EDGE_CURVE('',#1725,#1753,#79,.T.);
#1438=EDGE_CURVE('',#1727,#1752,#2080,.T.);
#1439=EDGE_CURVE('',#1729,#1756,#2081,.T.);
#1440=EDGE_CURVE('',#1747,#1730,#2082,.T.);
#1441=EDGE_CURVE('',#1728,#1751,#2083,.T.);
#1442=EDGE_CURVE('',#1750,#1726,#80,.T.);
#1443=EDGE_CURVE('',#1757,#1755,#2084,.T.);
#1444=EDGE_CURVE('',#1754,#1723,#81,.T.);
#1445=EDGE_CURVE('',#1757,#1737,#2085,.T.);
#1446=EDGE_CURVE('',#1749,#1724,#82,.T.);
#1447=EDGE_CURVE('',#1748,#1758,#2086,.T.);
#1448=EDGE_CURVE('',#1738,#1758,#2087,.T.);
#1449=EDGE_CURVE('',#1757,#1627,#2088,.T.);
#1450=EDGE_CURVE('',#1759,#1758,#2089,.T.);
#1451=EDGE_CURVE('',#1759,#1733,#2090,.T.);
#1452=EDGE_CURVE('',#1760,#1759,#83,.T.);
#1453=EDGE_CURVE('',#1735,#1760,#2091,.T.);
#1454=EDGE_CURVE('',#1745,#1761,#2092,.T.);
#1455=EDGE_CURVE('',#1761,#1762,#84,.T.);
#1456=EDGE_CURVE('',#1762,#1763,#85,.T.);
#1457=EDGE_CURVE('',#1763,#1685,#2093,.T.);
#1458=EDGE_CURVE('',#1764,#1714,#2094,.T.);
#1459=EDGE_CURVE('',#1765,#1764,#2095,.T.);
#1460=EDGE_CURVE('',#1713,#1765,#2096,.T.);
#1461=EDGE_CURVE('',#1766,#1760,#2097,.T.);
#1462=EDGE_CURVE('',#1766,#1767,#2098,.T.);
#1463=EDGE_CURVE('',#1735,#1767,#2099,.T.);
#1464=EDGE_CURVE('',#1763,#1768,#2100,.T.);
#1465=EDGE_CURVE('',#1686,#1768,#2101,.T.);
#1466=EDGE_CURVE('',#1769,#1746,#2102,.T.);
#1467=EDGE_CURVE('',#1769,#1761,#2103,.T.);
#1468=EDGE_CURVE('',#1722,#1770,#86,.T.);
#1469=EDGE_CURVE('',#1721,#1771,#87,.T.);
#1470=EDGE_CURVE('',#1770,#1771,#2104,.T.);
#1471=EDGE_CURVE('',#1772,#1741,#2105,.T.);
#1472=EDGE_CURVE('',#1772,#1773,#2106,.T.);
#1473=EDGE_CURVE('',#1742,#1773,#2107,.T.);
#1474=EDGE_CURVE('',#1768,#1774,#88,.T.);
#1475=EDGE_CURVE('',#1769,#1774,#89,.T.);
#1476=EDGE_CURVE('',#1773,#1771,#90,.T.);
#1477=EDGE_CURVE('',#1717,#1736,#2108,.T.);
#1478=EDGE_CURVE('',#1767,#1775,#2109,.T.);
#1479=EDGE_CURVE('',#1775,#1776,#2110,.T.);
#1480=EDGE_CURVE('',#1776,#1764,#2111,.T.);
#1481=EDGE_CURVE('',#1731,#1716,#2112,.T.);
#1482=EDGE_CURVE('',#1770,#1772,#91,.T.);
#1483=EDGE_CURVE('',#1777,#1776,#92,.T.);
#1484=EDGE_CURVE('',#1778,#1777,#2113,.T.);
#1485=EDGE_CURVE('',#1765,#1778,#2114,.T.);
#1486=EDGE_CURVE('',#1778,#1779,#2115,.T.);
#1487=EDGE_CURVE('',#1780,#1777,#154,.T.);
#1488=EDGE_CURVE('',#1780,#1781,#2116,.T.);
#1489=EDGE_CURVE('',#1781,#1779,#2117,.T.);
#1490=EDGE_CURVE('',#1782,#1781,#2118,.T.);
#1491=EDGE_CURVE('',#1783,#1782,#2119,.T.);
#1492=EDGE_CURVE('',#1779,#1783,#2120,.T.);
#1493=EDGE_CURVE('',#1784,#1785,#2121,.T.);
#1494=EDGE_CURVE('',#1783,#1785,#2122,.T.);
#1495=EDGE_CURVE('',#1782,#1784,#2123,.T.);
#1496=EDGE_CURVE('',#1786,#1784,#2124,.T.);
#1497=EDGE_CURVE('',#1787,#1786,#2125,.T.);
#1498=EDGE_CURVE('',#1787,#1785,#2126,.T.);
#1499=EDGE_CURVE('',#1788,#1789,#155,.T.);
#1500=EDGE_CURVE('',#1789,#1790,#2127,.T.);
#1501=EDGE_CURVE('',#1790,#1787,#2128,.T.);
#1502=EDGE_CURVE('',#1786,#1788,#2129,.T.);
#1503=EDGE_CURVE('',#1775,#1789,#93,.T.);
#1504=EDGE_CURVE('',#1766,#1790,#2130,.T.);
#1505=EDGE_CURVE('',#1791,#1775,#156,.T.);
#1506=EDGE_CURVE('',#1791,#1792,#2131,.T.);
#1507=EDGE_CURVE('',#1792,#1776,#157,.T.);
#1508=EDGE_CURVE('',#1774,#1762,#2132,.T.);
#1509=EDGE_CURVE('',#1780,#1792,#94,.T.);
#1510=EDGE_CURVE('',#1782,#1792,#2133,.T.);
#1511=EDGE_CURVE('',#1791,#1784,#2134,.T.);
#1512=EDGE_CURVE('',#1791,#1788,#95,.T.);
#1513=VERTEX_POINT('',#4060);
#1514=VERTEX_POINT('',#4061);
#1515=VERTEX_POINT('',#4063);
#1516=VERTEX_POINT('',#4065);
#1517=VERTEX_POINT('',#4069);
#1518=VERTEX_POINT('',#4070);
#1519=VERTEX_POINT('',#4072);
#1520=VERTEX_POINT('',#4074);
#1521=VERTEX_POINT('',#4078);
#1522=VERTEX_POINT('',#4079);
#1523=VERTEX_POINT('',#4081);
#1524=VERTEX_POINT('',#4083);
#1525=VERTEX_POINT('',#4087);
#1526=VERTEX_POINT('',#4088);
#1527=VERTEX_POINT('',#4090);
#1528=VERTEX_POINT('',#4092);
#1529=VERTEX_POINT('',#4096);
#1530=VERTEX_POINT('',#4097);
#1531=VERTEX_POINT('',#4099);
#1532=VERTEX_POINT('',#4101);
#1533=VERTEX_POINT('',#4105);
#1534=VERTEX_POINT('',#4106);
#1535=VERTEX_POINT('',#4108);
#1536=VERTEX_POINT('',#4110);
#1537=VERTEX_POINT('',#4114);
#1538=VERTEX_POINT('',#4115);
#1539=VERTEX_POINT('',#4117);
#1540=VERTEX_POINT('',#4119);
#1541=VERTEX_POINT('',#4123);
#1542=VERTEX_POINT('',#4124);
#1543=VERTEX_POINT('',#4129);
#1544=VERTEX_POINT('',#4130);
#1545=VERTEX_POINT('',#4132);
#1546=VERTEX_POINT('',#4134);
#1547=VERTEX_POINT('',#4138);
#1548=VERTEX_POINT('',#4139);
#1549=VERTEX_POINT('',#4145);
#1550=VERTEX_POINT('',#4147);
#1551=VERTEX_POINT('',#4182);
#1552=VERTEX_POINT('',#4183);
#1553=VERTEX_POINT('',#4185);
#1554=VERTEX_POINT('',#4187);
#1555=VERTEX_POINT('',#4191);
#1556=VERTEX_POINT('',#4192);
#1557=VERTEX_POINT('',#4197);
#1558=VERTEX_POINT('',#4198);
#1559=VERTEX_POINT('',#4206);
#1560=VERTEX_POINT('',#4207);
#1561=VERTEX_POINT('',#4209);
#1562=VERTEX_POINT('',#4211);
#1563=VERTEX_POINT('',#4215);
#1564=VERTEX_POINT('',#4216);
#1565=VERTEX_POINT('',#4221);
#1566=VERTEX_POINT('',#4222);
#1567=VERTEX_POINT('',#4230);
#1568=VERTEX_POINT('',#4232);
#1569=VERTEX_POINT('',#4235);
#1570=VERTEX_POINT('',#4236);
#1571=VERTEX_POINT('',#4238);
#1572=VERTEX_POINT('',#4240);
#1573=VERTEX_POINT('',#4285);
#1574=VERTEX_POINT('',#4286);
#1575=VERTEX_POINT('',#4348);
#1576=VERTEX_POINT('',#4349);
#1577=VERTEX_POINT('',#4370);
#1578=VERTEX_POINT('',#4371);
#1579=VERTEX_POINT('',#4376);
#1580=VERTEX_POINT('',#4377);
#1581=VERTEX_POINT('',#4423);
#1582=VERTEX_POINT('',#4424);
#1583=VERTEX_POINT('',#4486);
#1584=VERTEX_POINT('',#4487);
#1585=VERTEX_POINT('',#4514);
#1586=VERTEX_POINT('',#4515);
#1587=VERTEX_POINT('',#4517);
#1588=VERTEX_POINT('',#4519);
#1589=VERTEX_POINT('',#4521);
#1590=VERTEX_POINT('',#4532);
#1591=VERTEX_POINT('',#4534);
#1592=VERTEX_POINT('',#4582);
#1593=VERTEX_POINT('',#4583);
#1594=VERTEX_POINT('',#4594);
#1595=VERTEX_POINT('',#4596);
#1596=VERTEX_POINT('',#4608);
#1597=VERTEX_POINT('',#4610);
#1598=VERTEX_POINT('',#4612);
#1599=VERTEX_POINT('',#4619);
#1600=VERTEX_POINT('',#4621);
#1601=VERTEX_POINT('',#4623);
#1602=VERTEX_POINT('',#4625);
#1603=VERTEX_POINT('',#4629);
#1604=VERTEX_POINT('',#4631);
#1605=VERTEX_POINT('',#4644);
#1606=VERTEX_POINT('',#4654);
#1607=VERTEX_POINT('',#4656);
#1608=VERTEX_POINT('',#4729);
#1609=VERTEX_POINT('',#4730);
#1610=VERTEX_POINT('',#4740);
#1611=VERTEX_POINT('',#4742);
#1612=VERTEX_POINT('',#4761);
#1613=VERTEX_POINT('',#4763);
#1614=VERTEX_POINT('',#4779);
#1615=VERTEX_POINT('',#4780);
#1616=VERTEX_POINT('',#4790);
#1617=VERTEX_POINT('',#4792);
#1618=VERTEX_POINT('',#4802);
#1619=VERTEX_POINT('',#4803);
#1620=VERTEX_POINT('',#4806);
#1621=VERTEX_POINT('',#4813);
#1622=VERTEX_POINT('',#4814);
#1623=VERTEX_POINT('',#4817);
#1624=VERTEX_POINT('',#4821);
#1625=VERTEX_POINT('',#4822);
#1626=VERTEX_POINT('',#4824);
#1627=VERTEX_POINT('',#4829);
#1628=VERTEX_POINT('',#4830);
#1629=VERTEX_POINT('',#4832);
#1630=VERTEX_POINT('',#4838);
#1631=VERTEX_POINT('',#4891);
#1632=VERTEX_POINT('',#4892);
#1633=VERTEX_POINT('',#4894);
#1634=VERTEX_POINT('',#4905);
#1635=VERTEX_POINT('',#4972);
#1636=VERTEX_POINT('',#4973);
#1637=VERTEX_POINT('',#4983);
#1638=VERTEX_POINT('',#4985);
#1639=VERTEX_POINT('',#5005);
#1640=VERTEX_POINT('',#5007);
#1641=VERTEX_POINT('',#5009);
#1642=VERTEX_POINT('',#5011);
#1643=VERTEX_POINT('',#5016);
#1644=VERTEX_POINT('',#5018);
#1645=VERTEX_POINT('',#5020);
#1646=VERTEX_POINT('',#5024);
#1647=VERTEX_POINT('',#5026);
#1648=VERTEX_POINT('',#5030);
#1649=VERTEX_POINT('',#5032);
#1650=VERTEX_POINT('',#5036);
#1651=VERTEX_POINT('',#5038);
#1652=VERTEX_POINT('',#5042);
#1653=VERTEX_POINT('',#5086);
#1654=VERTEX_POINT('',#5096);
#1655=VERTEX_POINT('',#5103);
#1656=VERTEX_POINT('',#5105);
#1657=VERTEX_POINT('',#5109);
#1658=VERTEX_POINT('',#5111);
#1659=VERTEX_POINT('',#5113);
#1660=VERTEX_POINT('',#5117);
#1661=VERTEX_POINT('',#5119);
#1662=VERTEX_POINT('',#5123);
#1663=VERTEX_POINT('',#5125);
#1664=VERTEX_POINT('',#5129);
#1665=VERTEX_POINT('',#5131);
#1666=VERTEX_POINT('',#5135);
#1667=VERTEX_POINT('',#5136);
#1668=VERTEX_POINT('',#5138);
#1669=VERTEX_POINT('',#5147);
#1670=VERTEX_POINT('',#5151);
#1671=VERTEX_POINT('',#5202);
#1672=VERTEX_POINT('',#5204);
#1673=VERTEX_POINT('',#5206);
#1674=VERTEX_POINT('',#5210);
#1675=VERTEX_POINT('',#5212);
#1676=VERTEX_POINT('',#5216);
#1677=VERTEX_POINT('',#5217);
#1678=VERTEX_POINT('',#5222);
#1679=VERTEX_POINT('',#5224);
#1680=VERTEX_POINT('',#5228);
#1681=VERTEX_POINT('',#5259);
#1682=VERTEX_POINT('',#5260);
#1683=VERTEX_POINT('',#5347);
#1684=VERTEX_POINT('',#5348);
#1685=VERTEX_POINT('',#5358);
#1686=VERTEX_POINT('',#5360);
#1687=VERTEX_POINT('',#5421);
#1688=VERTEX_POINT('',#5422);
#1689=VERTEX_POINT('',#5424);
#1690=VERTEX_POINT('',#5435);
#1691=VERTEX_POINT('',#5439);
#1692=VERTEX_POINT('',#5440);
#1693=VERTEX_POINT('',#5448);
#1694=VERTEX_POINT('',#5449);
#1695=VERTEX_POINT('',#5451);
#1696=VERTEX_POINT('',#5456);
#1697=VERTEX_POINT('',#5458);
#1698=VERTEX_POINT('',#5460);
#1699=VERTEX_POINT('',#5464);
#1700=VERTEX_POINT('',#5466);
#1701=VERTEX_POINT('',#5470);
#1702=VERTEX_POINT('',#5472);
#1703=VERTEX_POINT('',#5476);
#1704=VERTEX_POINT('',#5478);
#1705=VERTEX_POINT('',#5482);
#1706=VERTEX_POINT('',#5483);
#1707=VERTEX_POINT('',#5485);
#1708=VERTEX_POINT('',#5493);
#1709=VERTEX_POINT('',#5495);
#1710=VERTEX_POINT('',#5497);
#1711=VERTEX_POINT('',#5501);
#1712=VERTEX_POINT('',#5502);
#1713=VERTEX_POINT('',#5546);
#1714=VERTEX_POINT('',#5547);
#1715=VERTEX_POINT('',#5573);
#1716=VERTEX_POINT('',#5575);
#1717=VERTEX_POINT('',#5596);
#1718=VERTEX_POINT('',#5598);
#1719=VERTEX_POINT('',#5617);
#1720=VERTEX_POINT('',#5623);
#1721=VERTEX_POINT('',#5635);
#1722=VERTEX_POINT('',#5636);
#1723=VERTEX_POINT('',#5641);
#1724=VERTEX_POINT('',#5642);
#1725=VERTEX_POINT('',#5644);
#1726=VERTEX_POINT('',#5646);
#1727=VERTEX_POINT('',#5650);
#1728=VERTEX_POINT('',#5652);
#1729=VERTEX_POINT('',#5656);
#1730=VERTEX_POINT('',#5658);
#1731=VERTEX_POINT('',#5669);
#1732=VERTEX_POINT('',#5671);
#1733=VERTEX_POINT('',#5689);
#1734=VERTEX_POINT('',#5690);
#1735=VERTEX_POINT('',#5700);
#1736=VERTEX_POINT('',#5702);
#1737=VERTEX_POINT('',#5713);
#1738=VERTEX_POINT('',#5716);
#1739=VERTEX_POINT('',#5720);
#1740=VERTEX_POINT('',#5721);
#1741=VERTEX_POINT('',#5775);
#1742=VERTEX_POINT('',#5777);
#1743=VERTEX_POINT('',#5789);
#1744=VERTEX_POINT('',#5790);
#1745=VERTEX_POINT('',#5866);
#1746=VERTEX_POINT('',#5876);
#1747=VERTEX_POINT('',#5880);
#1748=VERTEX_POINT('',#5881);
#1749=VERTEX_POINT('',#5883);
#1750=VERTEX_POINT('',#5885);
#1751=VERTEX_POINT('',#5887);
#1752=VERTEX_POINT('',#5891);
#1753=VERTEX_POINT('',#5892);
#1754=VERTEX_POINT('',#5894);
#1755=VERTEX_POINT('',#5896);
#1756=VERTEX_POINT('',#5898);
#1757=VERTEX_POINT('',#5918);
#1758=VERTEX_POINT('',#5932);
#1759=VERTEX_POINT('',#5938);
#1760=VERTEX_POINT('',#5987);
#1761=VERTEX_POINT('',#5991);
#1762=VERTEX_POINT('',#6001);
#1763=VERTEX_POINT('',#6011);
#1764=VERTEX_POINT('',#6015);
#1765=VERTEX_POINT('',#6017);
#1766=VERTEX_POINT('',#6021);
#1767=VERTEX_POINT('',#6023);
#1768=VERTEX_POINT('',#6027);
#1769=VERTEX_POINT('',#6031);
#1770=VERTEX_POINT('',#6090);
#1771=VERTEX_POINT('',#6099);
#1772=VERTEX_POINT('',#6103);
#1773=VERTEX_POINT('',#6105);
#1774=VERTEX_POINT('',#6117);
#1775=VERTEX_POINT('',#6138);
#1776=VERTEX_POINT('',#6140);
#1777=VERTEX_POINT('',#6160);
#1778=VERTEX_POINT('',#6162);
#1779=VERTEX_POINT('',#6166);
#1780=VERTEX_POINT('',#6168);
#1781=VERTEX_POINT('',#6170);
#1782=VERTEX_POINT('',#6174);
#1783=VERTEX_POINT('',#6176);
#1784=VERTEX_POINT('',#6180);
#1785=VERTEX_POINT('',#6181);
#1786=VERTEX_POINT('',#6186);
#1787=VERTEX_POINT('',#6188);
#1788=VERTEX_POINT('',#6192);
#1789=VERTEX_POINT('',#6193);
#1790=VERTEX_POINT('',#6195);
#1791=VERTEX_POINT('',#6248);
#1792=VERTEX_POINT('',#6250);
#1793=LINE('',#4059,#2135);
#1794=LINE('',#4062,#2136);
#1795=LINE('',#4064,#2137);
#1796=LINE('',#4066,#2138);
#1797=LINE('',#4068,#2139);
#1798=LINE('',#4071,#2140);
#1799=LINE('',#4073,#2141);
#1800=LINE('',#4075,#2142);
#1801=LINE('',#4077,#2143);
#1802=LINE('',#4080,#2144);
#1803=LINE('',#4082,#2145);
#1804=LINE('',#4084,#2146);
#1805=LINE('',#4086,#2147);
#1806=LINE('',#4089,#2148);
#1807=LINE('',#4091,#2149);
#1808=LINE('',#4093,#2150);
#1809=LINE('',#4095,#2151);
#1810=LINE('',#4098,#2152);
#1811=LINE('',#4100,#2153);
#1812=LINE('',#4102,#2154);
#1813=LINE('',#4104,#2155);
#1814=LINE('',#4107,#2156);
#1815=LINE('',#4109,#2157);
#1816=LINE('',#4111,#2158);
#1817=LINE('',#4113,#2159);
#1818=LINE('',#4116,#2160);
#1819=LINE('',#4118,#2161);
#1820=LINE('',#4120,#2162);
#1821=LINE('',#4122,#2163);
#1822=LINE('',#4125,#2164);
#1823=LINE('',#4126,#2165);
#1824=LINE('',#4128,#2166);
#1825=LINE('',#4131,#2167);
#1826=LINE('',#4133,#2168);
#1827=LINE('',#4135,#2169);
#1828=LINE('',#4137,#2170);
#1829=LINE('',#4140,#2171);
#1830=LINE('',#4141,#2172);
#1831=LINE('',#4143,#2173);
#1832=LINE('',#4144,#2174);
#1833=LINE('',#4146,#2175);
#1834=LINE('',#4148,#2176);
#1835=LINE('',#4150,#2177);
#1836=LINE('',#4151,#2178);
#1837=LINE('',#4153,#2179);
#1838=LINE('',#4154,#2180);
#1839=LINE('',#4155,#2181);
#1840=LINE('',#4156,#2182);
#1841=LINE('',#4158,#2183);
#1842=LINE('',#4159,#2184);
#1843=LINE('',#4160,#2185);
#1844=LINE('',#4161,#2186);
#1845=LINE('',#4163,#2187);
#1846=LINE('',#4166,#2188);
#1847=LINE('',#4169,#2189);
#1848=LINE('',#4171,#2190);
#1849=LINE('',#4173,#2191);
#1850=LINE('',#4175,#2192);
#1851=LINE('',#4177,#2193);
#1852=LINE('',#4179,#2194);
#1853=LINE('',#4181,#2195);
#1854=LINE('',#4184,#2196);
#1855=LINE('',#4186,#2197);
#1856=LINE('',#4188,#2198);
#1857=LINE('',#4190,#2199);
#1858=LINE('',#4196,#2200);
#1859=LINE('',#4199,#2201);
#1860=LINE('',#4200,#2202);
#1861=LINE('',#4205,#2203);
#1862=LINE('',#4208,#2204);
#1863=LINE('',#4210,#2205);
#1864=LINE('',#4212,#2206);
#1865=LINE('',#4214,#2207);
#1866=LINE('',#4220,#2208);
#1867=LINE('',#4223,#2209);
#1868=LINE('',#4224,#2210);
#1869=LINE('',#4234,#2211);
#1870=LINE('',#4237,#2212);
#1871=LINE('',#4239,#2213);
#1872=LINE('',#4241,#2214);
#1873=LINE('',#4284,#2215);
#1874=LINE('',#4347,#2216);
#1875=LINE('',#4369,#2217);
#1876=LINE('',#4372,#2218);
#1877=LINE('',#4373,#2219);
#1878=LINE('',#4375,#2220);
#1879=LINE('',#4378,#2221);
#1880=LINE('',#4379,#2222);
#1881=LINE('',#4422,#2223);
#1882=LINE('',#4485,#2224);
#1883=LINE('',#4507,#2225);
#1884=LINE('',#4508,#2226);
#1885=LINE('',#4516,#2227);
#1886=LINE('',#4518,#2228);
#1887=LINE('',#4520,#2229);
#1888=LINE('',#4522,#2230);
#1889=LINE('',#4531,#2231);
#1890=LINE('',#4533,#2232);
#1891=LINE('',#4581,#2233);
#1892=LINE('',#4595,#2234);
#1893=LINE('',#4607,#2235);
#1894=LINE('',#4611,#2236);
#1895=LINE('',#4620,#2237);
#1896=LINE('',#4622,#2238);
#1897=LINE('',#4624,#2239);
#1898=LINE('',#4626,#2240);
#1899=LINE('',#4628,#2241);
#1900=LINE('',#4630,#2242);
#1901=LINE('',#4632,#2243);
#1902=LINE('',#4643,#2244);
#1903=LINE('',#4655,#2245);
#1904=LINE('',#4728,#2246);
#1905=LINE('',#4741,#2247);
#1906=LINE('',#4760,#2248);
#1907=LINE('',#4762,#2249);
#1908=LINE('',#4778,#2250);
#1909=LINE('',#4791,#2251);
#1910=LINE('',#4801,#2252);
#1911=LINE('',#4804,#2253);
#1912=LINE('',#4805,#2254);
#1913=LINE('',#4807,#2255);
#1914=LINE('',#4815,#2256);
#1915=LINE('',#4816,#2257);
#1916=LINE('',#4818,#2258);
#1917=LINE('',#4820,#2259);
#1918=LINE('',#4825,#2260);
#1919=LINE('',#4828,#2261);
#1920=LINE('',#4831,#2262);
#1921=LINE('',#4833,#2263);
#1922=LINE('',#4839,#2264);
#1923=LINE('',#4893,#2265);
#1924=LINE('',#4906,#2266);
#1925=LINE('',#4971,#2267);
#1926=LINE('',#4984,#2268);
#1927=LINE('',#4996,#2269);
#1928=LINE('',#4997,#2270);
#1929=LINE('',#4999,#2271);
#1930=LINE('',#5000,#2272);
#1931=LINE('',#5002,#2273);
#1932=LINE('',#5004,#2274);
#1933=LINE('',#5006,#2275);
#1934=LINE('',#5008,#2276);
#1935=LINE('',#5010,#2277);
#1936=LINE('',#5012,#2278);
#1937=LINE('',#5013,#2279);
#1938=LINE('',#5017,#2280);
#1939=LINE('',#5019,#2281);
#1940=LINE('',#5021,#2282);
#1941=LINE('',#5023,#2283);
#1942=LINE('',#5025,#2284);
#1943=LINE('',#5027,#2285);
#1944=LINE('',#5029,#2286);
#1945=LINE('',#5031,#2287);
#1946=LINE('',#5033,#2288);
#1947=LINE('',#5035,#2289);
#1948=LINE('',#5037,#2290);
#1949=LINE('',#5039,#2291);
#1950=LINE('',#5043,#2292);
#1951=LINE('',#5044,#2293);
#1952=LINE('',#5085,#2294);
#1953=LINE('',#5095,#2295);
#1954=LINE('',#5097,#2296);
#1955=LINE('',#5104,#2297);
#1956=LINE('',#5106,#2298);
#1957=LINE('',#5108,#2299);
#1958=LINE('',#5112,#2300);
#1959=LINE('',#5114,#2301);
#1960=LINE('',#5116,#2302);
#1961=LINE('',#5118,#2303);
#1962=LINE('',#5120,#2304);
#1963=LINE('',#5122,#2305);
#1964=LINE('',#5124,#2306);
#1965=LINE('',#5126,#2307);
#1966=LINE('',#5128,#2308);
#1967=LINE('',#5130,#2309);
#1968=LINE('',#5132,#2310);
#1969=LINE('',#5137,#2311);
#1970=LINE('',#5139,#2312);
#1971=LINE('',#5140,#2313);
#1972=LINE('',#5146,#2314);
#1973=LINE('',#5148,#2315);
#1974=LINE('',#5150,#2316);
#1975=LINE('',#5152,#2317);
#1976=LINE('',#5201,#2318);
#1977=LINE('',#5205,#2319);
#1978=LINE('',#5207,#2320);
#1979=LINE('',#5209,#2321);
#1980=LINE('',#5211,#2322);
#1981=LINE('',#5213,#2323);
#1982=LINE('',#5215,#2324);
#1983=LINE('',#5218,#2325);
#1984=LINE('',#5219,#2326);
#1985=LINE('',#5221,#2327);
#1986=LINE('',#5223,#2328);
#1987=LINE('',#5225,#2329);
#1988=LINE('',#5229,#2330);
#1989=LINE('',#5230,#2331);
#1990=LINE('',#5237,#2332);
#1991=LINE('',#5238,#2333);
#1992=LINE('',#5250,#2334);
#1993=LINE('',#5251,#2335);
#1994=LINE('',#5258,#2336);
#1995=LINE('',#5271,#2337);
#1996=LINE('',#5273,#2338);
#1997=LINE('',#5346,#2339);
#1998=LINE('',#5359,#2340);
#1999=LINE('',#5423,#2341);
#2000=LINE('',#5436,#2342);
#2001=LINE('',#5438,#2343);
#2002=LINE('',#5441,#2344);
#2003=LINE('',#5442,#2345);
#2004=LINE('',#5450,#2346);
#2005=LINE('',#5452,#2347);
#2006=LINE('',#5453,#2348);
#2007=LINE('',#5455,#2349);
#2008=LINE('',#5459,#2350);
#2009=LINE('',#5461,#2351);
#2010=LINE('',#5463,#2352);
#2011=LINE('',#5465,#2353);
#2012=LINE('',#5467,#2354);
#2013=LINE('',#5469,#2355);
#2014=LINE('',#5471,#2356);
#2015=LINE('',#5473,#2357);
#2016=LINE('',#5475,#2358);
#2017=LINE('',#5477,#2359);
#2018=LINE('',#5479,#2360);
#2019=LINE('',#5484,#2361);
#2020=LINE('',#5486,#2362);
#2021=LINE('',#5487,#2363);
#2022=LINE('',#5494,#2364);
#2023=LINE('',#5496,#2365);
#2024=LINE('',#5498,#2366);
#2025=LINE('',#5500,#2367);
#2026=LINE('',#5503,#2368);
#2027=LINE('',#5504,#2369);
#2028=LINE('',#5545,#2370);
#2029=LINE('',#5572,#2371);
#2030=LINE('',#5574,#2372);
#2031=LINE('',#5581,#2373);
#2032=LINE('',#5583,#2374);
#2033=LINE('',#5584,#2375);
#2034=LINE('',#5595,#2376);
#2035=LINE('',#5597,#2377);
#2036=LINE('',#5607,#2378);
#2037=LINE('',#5608,#2379);
#2038=LINE('',#5610,#2380);
#2039=LINE('',#5611,#2381);
#2040=LINE('',#5620,#2382);
#2041=LINE('',#5622,#2383);
#2042=LINE('',#5624,#2384);
#2043=LINE('',#5634,#2385);
#2044=LINE('',#5637,#2386);
#2045=LINE('',#5638,#2387);
#2046=LINE('',#5640,#2388);
#2047=LINE('',#5645,#2389);
#2048=LINE('',#5649,#2390);
#2049=LINE('',#5651,#2391);
#2050=LINE('',#5653,#2392);
#2051=LINE('',#5655,#2393);
#2052=LINE('',#5657,#2394);
#2053=LINE('',#5659,#2395);
#2054=LINE('',#5668,#2396);
#2055=LINE('',#5670,#2397);
#2056=LINE('',#5677,#2398);
#2057=LINE('',#5688,#2399);
#2058=LINE('',#5701,#2400);
#2059=LINE('',#5711,#2401);
#2060=LINE('',#5712,#2402);
#2061=LINE('',#5714,#2403);
#2062=LINE('',#5715,#2404);
#2063=LINE('',#5717,#2405);
#2064=LINE('',#5719,#2406);
#2065=LINE('',#5722,#2407);
#2066=LINE('',#5723,#2408);
#2067=LINE('',#5776,#2409);
#2068=LINE('',#5788,#2410);
#2069=LINE('',#5791,#2411);
#2070=LINE('',#5792,#2412);
#2071=LINE('',#5877,#2413);
#2072=LINE('',#5879,#2414);
#2073=LINE('',#5882,#2415);
#2074=LINE('',#5886,#2416);
#2075=LINE('',#5888,#2417);
#2076=LINE('',#5890,#2418);
#2077=LINE('',#5895,#2419);
#2078=LINE('',#5897,#2420);
#2079=LINE('',#5899,#2421);
#2080=LINE('',#5905,#2422);
#2081=LINE('',#5907,#2423);
#2082=LINE('',#5909,#2424);
#2083=LINE('',#5910,#2425);
#2084=LINE('',#5917,#2426);
#2085=LINE('',#5923,#2427);
#2086=LINE('',#5931,#2428);
#2087=LINE('',#5933,#2429);
#2088=LINE('',#5935,#2430);
#2089=LINE('',#5937,#2431);
#2090=LINE('',#5939,#2432);
#2091=LINE('',#5988,#2433);
#2092=LINE('',#5990,#2434);
#2093=LINE('',#6012,#2435);
#2094=LINE('',#6014,#2436);
#2095=LINE('',#6016,#2437);
#2096=LINE('',#6018,#2438);
#2097=LINE('',#6020,#2439);
#2098=LINE('',#6022,#2440);
#2099=LINE('',#6024,#2441);
#2100=LINE('',#6026,#2442);
#2101=LINE('',#6028,#2443);
#2102=LINE('',#6030,#2444);
#2103=LINE('',#6032,#2445);
#2104=LINE('',#6100,#2446);
#2105=LINE('',#6102,#2447);
#2106=LINE('',#6104,#2448);
#2107=LINE('',#6106,#2449);
#2108=LINE('',#6136,#2450);
#2109=LINE('',#6137,#2451);
#2110=LINE('',#6139,#2452);
#2111=LINE('',#6141,#2453);
#2112=LINE('',#6143,#2454);
#2113=LINE('',#6161,#2455);
#2114=LINE('',#6163,#2456);
#2115=LINE('',#6165,#2457);
#2116=LINE('',#6169,#2458);
#2117=LINE('',#6171,#2459);
#2118=LINE('',#6173,#2460);
#2119=LINE('',#6175,#2461);
#2120=LINE('',#6177,#2462);
#2121=LINE('',#6179,#2463);
#2122=LINE('',#6182,#2464);
#2123=LINE('',#6183,#2465);
#2124=LINE('',#6185,#2466);
#2125=LINE('',#6187,#2467);
#2126=LINE('',#6189,#2468);
#2127=LINE('',#6194,#2469);
#2128=LINE('',#6196,#2470);
#2129=LINE('',#6197,#2471);
#2130=LINE('',#6203,#2472);
#2131=LINE('',#6249,#2473);
#2132=LINE('',#6340,#2474);
#2133=LINE('',#6389,#2475);
#2134=LINE('',#6391,#2476);
#2135=VECTOR('',#3353,1.);
#2136=VECTOR('',#3354,1.);
#2137=VECTOR('',#3355,1.);
#2138=VECTOR('',#3356,1.);
#2139=VECTOR('',#3359,1.);
#2140=VECTOR('',#3360,1.);
#2141=VECTOR('',#3361,1.);
#2142=VECTOR('',#3362,1.);
#2143=VECTOR('',#3365,1.);
#2144=VECTOR('',#3366,1.);
#2145=VECTOR('',#3367,1.);
#2146=VECTOR('',#3368,1.);
#2147=VECTOR('',#3371,1.);
#2148=VECTOR('',#3372,1.);
#2149=VECTOR('',#3373,1.);
#2150=VECTOR('',#3374,1.);
#2151=VECTOR('',#3377,1.);
#2152=VECTOR('',#3378,1.);
#2153=VECTOR('',#3379,1.);
#2154=VECTOR('',#3380,1.);
#2155=VECTOR('',#3383,1.);
#2156=VECTOR('',#3384,1.);
#2157=VECTOR('',#3385,1.);
#2158=VECTOR('',#3386,1.);
#2159=VECTOR('',#3389,1.);
#2160=VECTOR('',#3390,1.);
#2161=VECTOR('',#3391,1.);
#2162=VECTOR('',#3392,1.);
#2163=VECTOR('',#3395,1.);
#2164=VECTOR('',#3396,1.);
#2165=VECTOR('',#3397,1.);
#2166=VECTOR('',#3400,1.);
#2167=VECTOR('',#3401,1.);
#2168=VECTOR('',#3402,1.);
#2169=VECTOR('',#3403,1.);
#2170=VECTOR('',#3406,1.);
#2171=VECTOR('',#3407,1.);
#2172=VECTOR('',#3408,1.);
#2173=VECTOR('',#3411,1.);
#2174=VECTOR('',#3412,1.);
#2175=VECTOR('',#3413,1.);
#2176=VECTOR('',#3414,1.);
#2177=VECTOR('',#3417,1.);
#2178=VECTOR('',#3418,1.);
#2179=VECTOR('',#3421,1.);
#2180=VECTOR('',#3422,1.);
#2181=VECTOR('',#3423,1.);
#2182=VECTOR('',#3424,1.);
#2183=VECTOR('',#3427,1.);
#2184=VECTOR('',#3428,1.);
#2185=VECTOR('',#3429,1.);
#2186=VECTOR('',#3430,1.);
#2187=VECTOR('',#3433,1.);
#2188=VECTOR('',#3438,1.);
#2189=VECTOR('',#3443,1.);
#2190=VECTOR('',#3446,1.);
#2191=VECTOR('',#3449,1.);
#2192=VECTOR('',#3452,1.);
#2193=VECTOR('',#3455,1.);
#2194=VECTOR('',#3458,1.);
#2195=VECTOR('',#3461,1.);
#2196=VECTOR('',#3462,1.);
#2197=VECTOR('',#3463,1.);
#2198=VECTOR('',#3464,1.);
#2199=VECTOR('',#3467,1.);
#2200=VECTOR('',#3474,1.);
#2201=VECTOR('',#3475,1.);
#2202=VECTOR('',#3476,1.);
#2203=VECTOR('',#3485,1.);
#2204=VECTOR('',#3486,1.);
#2205=VECTOR('',#3487,1.);
#2206=VECTOR('',#3488,1.);
#2207=VECTOR('',#3491,1.);
#2208=VECTOR('',#3498,1.);
#2209=VECTOR('',#3499,1.);
#2210=VECTOR('',#3500,1.);
#2211=VECTOR('',#3515,1.);
#2212=VECTOR('',#3516,1.);
#2213=VECTOR('',#3517,1.);
#2214=VECTOR('',#3518,1.);
#2215=VECTOR('',#3519,1.);
#2216=VECTOR('',#3520,1.);
#2217=VECTOR('',#3523,1.);
#2218=VECTOR('',#3524,1.);
#2219=VECTOR('',#3525,1.);
#2220=VECTOR('',#3528,1.);
#2221=VECTOR('',#3529,1.);
#2222=VECTOR('',#3530,1.);
#2223=VECTOR('',#3531,1.);
#2224=VECTOR('',#3532,1.);
#2225=VECTOR('',#3535,1.);
#2226=VECTOR('',#3536,1.);
#2227=VECTOR('',#3539,1.);
#2228=VECTOR('',#3540,1.);
#2229=VECTOR('',#3541,1.);
#2230=VECTOR('',#3542,1.);
#2231=VECTOR('',#3543,1.);
#2232=VECTOR('',#3544,1.);
#2233=VECTOR('',#3545,1.);
#2234=VECTOR('',#3546,1.);
#2235=VECTOR('',#3549,1.);
#2236=VECTOR('',#3552,1.);
#2237=VECTOR('',#3557,1.);
#2238=VECTOR('',#3558,1.);
#2239=VECTOR('',#3559,1.);
#2240=VECTOR('',#3560,1.);
#2241=VECTOR('',#3563,1.);
#2242=VECTOR('',#3564,1.);
#2243=VECTOR('',#3565,1.);
#2244=VECTOR('',#3566,1.);
#2245=VECTOR('',#3567,1.);
#2246=VECTOR('',#3568,1.);
#2247=VECTOR('',#3569,1.);
#2248=VECTOR('',#3570,1.);
#2249=VECTOR('',#3571,1.);
#2250=VECTOR('',#3572,1.);
#2251=VECTOR('',#3573,1.);
#2252=VECTOR('',#3576,1.);
#2253=VECTOR('',#3577,1.);
#2254=VECTOR('',#3578,1.);
#2255=VECTOR('',#3579,1.);
#2256=VECTOR('',#3582,1.);
#2257=VECTOR('',#3583,1.);
#2258=VECTOR('',#3584,1.);
#2259=VECTOR('',#3587,1.);
#2260=VECTOR('',#3590,1.);
#2261=VECTOR('',#3595,1.);
#2262=VECTOR('',#3596,1.);
#2263=VECTOR('',#3597,1.);
#2264=VECTOR('',#3598,1.);
#2265=VECTOR('',#3599,1.);
#2266=VECTOR('',#3600,1.);
#2267=VECTOR('',#3601,1.);
#2268=VECTOR('',#3602,1.);
#2269=VECTOR('',#3605,1.);
#2270=VECTOR('',#3606,1.);
#2271=VECTOR('',#3609,1.);
#2272=VECTOR('',#3610,1.);
#2273=VECTOR('',#3613,1.);
#2274=VECTOR('',#3616,1.);
#2275=VECTOR('',#3617,1.);
#2276=VECTOR('',#3618,1.);
#2277=VECTOR('',#3619,1.);
#2278=VECTOR('',#3620,1.);
#2279=VECTOR('',#3621,1.);
#2280=VECTOR('',#3626,1.);
#2281=VECTOR('',#3627,1.);
#2282=VECTOR('',#3628,1.);
#2283=VECTOR('',#3631,1.);
#2284=VECTOR('',#3632,1.);
#2285=VECTOR('',#3633,1.);
#2286=VECTOR('',#3636,1.);
#2287=VECTOR('',#3637,1.);
#2288=VECTOR('',#3638,1.);
#2289=VECTOR('',#3641,1.);
#2290=VECTOR('',#3642,1.);
#2291=VECTOR('',#3643,1.);
#2292=VECTOR('',#3648,1.);
#2293=VECTOR('',#3649,1.);
#2294=VECTOR('',#3650,1.);
#2295=VECTOR('',#3653,1.);
#2296=VECTOR('',#3654,1.);
#2297=VECTOR('',#3657,1.);
#2298=VECTOR('',#3658,1.);
#2299=VECTOR('',#3661,1.);
#2300=VECTOR('',#3664,1.);
#2301=VECTOR('',#3665,1.);
#2302=VECTOR('',#3668,1.);
#2303=VECTOR('',#3669,1.);
#2304=VECTOR('',#3670,1.);
#2305=VECTOR('',#3673,1.);
#2306=VECTOR('',#3674,1.);
#2307=VECTOR('',#3675,1.);
#2308=VECTOR('',#3678,1.);
#2309=VECTOR('',#3679,1.);
#2310=VECTOR('',#3680,1.);
#2311=VECTOR('',#3685,1.);
#2312=VECTOR('',#3686,1.);
#2313=VECTOR('',#3687,1.);
#2314=VECTOR('',#3690,1.);
#2315=VECTOR('',#3691,1.);
#2316=VECTOR('',#3694,1.);
#2317=VECTOR('',#3695,1.);
#2318=VECTOR('',#3698,1.);
#2319=VECTOR('',#3701,1.);
#2320=VECTOR('',#3702,1.);
#2321=VECTOR('',#3705,1.);
#2322=VECTOR('',#3706,1.);
#2323=VECTOR('',#3707,1.);
#2324=VECTOR('',#3710,1.);
#2325=VECTOR('',#3711,1.);
#2326=VECTOR('',#3712,1.);
#2327=VECTOR('',#3715,1.);
#2328=VECTOR('',#3716,1.);
#2329=VECTOR('',#3717,1.);
#2330=VECTOR('',#3722,1.);
#2331=VECTOR('',#3723,1.);
#2332=VECTOR('',#3728,1.);
#2333=VECTOR('',#3729,1.);
#2334=VECTOR('',#3736,1.);
#2335=VECTOR('',#3737,1.);
#2336=VECTOR('',#3742,1.);
#2337=VECTOR('',#3755,1.);
#2338=VECTOR('',#3758,1.);
#2339=VECTOR('',#3767,1.);
#2340=VECTOR('',#3768,1.);
#2341=VECTOR('',#3769,1.);
#2342=VECTOR('',#3770,1.);
#2343=VECTOR('',#3773,1.);
#2344=VECTOR('',#3774,1.);
#2345=VECTOR('',#3775,1.);
#2346=VECTOR('',#3778,1.);
#2347=VECTOR('',#3779,1.);
#2348=VECTOR('',#3780,1.);
#2349=VECTOR('',#3783,1.);
#2350=VECTOR('',#3786,1.);
#2351=VECTOR('',#3787,1.);
#2352=VECTOR('',#3790,1.);
#2353=VECTOR('',#3791,1.);
#2354=VECTOR('',#3792,1.);
#2355=VECTOR('',#3795,1.);
#2356=VECTOR('',#3796,1.);
#2357=VECTOR('',#3797,1.);
#2358=VECTOR('',#3800,1.);
#2359=VECTOR('',#3801,1.);
#2360=VECTOR('',#3802,1.);
#2361=VECTOR('',#3807,1.);
#2362=VECTOR('',#3808,1.);
#2363=VECTOR('',#3809,1.);
#2364=VECTOR('',#3812,1.);
#2365=VECTOR('',#3813,1.);
#2366=VECTOR('',#3814,1.);
#2367=VECTOR('',#3817,1.);
#2368=VECTOR('',#3818,1.);
#2369=VECTOR('',#3819,1.);
#2370=VECTOR('',#3820,1.);
#2371=VECTOR('',#3821,1.);
#2372=VECTOR('',#3822,1.);
#2373=VECTOR('',#3825,1.);
#2374=VECTOR('',#3828,1.);
#2375=VECTOR('',#3829,1.);
#2376=VECTOR('',#3830,1.);
#2377=VECTOR('',#3831,1.);
#2378=VECTOR('',#3834,1.);
#2379=VECTOR('',#3835,1.);
#2380=VECTOR('',#3838,1.);
#2381=VECTOR('',#3839,1.);
#2382=VECTOR('',#3846,1.);
#2383=VECTOR('',#3849,1.);
#2384=VECTOR('',#3850,1.);
#2385=VECTOR('',#3861,1.);
#2386=VECTOR('',#3862,1.);
#2387=VECTOR('',#3863,1.);
#2388=VECTOR('',#3866,1.);
#2389=VECTOR('',#3869,1.);
#2390=VECTOR('',#3874,1.);
#2391=VECTOR('',#3875,1.);
#2392=VECTOR('',#3876,1.);
#2393=VECTOR('',#3879,1.);
#2394=VECTOR('',#3880,1.);
#2395=VECTOR('',#3881,1.);
#2396=VECTOR('',#3882,1.);
#2397=VECTOR('',#3883,1.);
#2398=VECTOR('',#3886,1.);
#2399=VECTOR('',#3887,1.);
#2400=VECTOR('',#3888,1.);
#2401=VECTOR('',#3891,1.);
#2402=VECTOR('',#3892,1.);
#2403=VECTOR('',#3893,1.);
#2404=VECTOR('',#3894,1.);
#2405=VECTOR('',#3895,1.);
#2406=VECTOR('',#3898,1.);
#2407=VECTOR('',#3899,1.);
#2408=VECTOR('',#3900,1.);
#2409=VECTOR('',#3901,1.);
#2410=VECTOR('',#3904,1.);
#2411=VECTOR('',#3905,1.);
#2412=VECTOR('',#3906,1.);
#2413=VECTOR('',#3907,1.);
#2414=VECTOR('',#3910,1.);
#2415=VECTOR('',#3911,1.);
#2416=VECTOR('',#3914,1.);
#2417=VECTOR('',#3915,1.);
#2418=VECTOR('',#3918,1.);
#2419=VECTOR('',#3921,1.);
#2420=VECTOR('',#3922,1.);
#2421=VECTOR('',#3923,1.);
#2422=VECTOR('',#3926,1.);
#2423=VECTOR('',#3929,1.);
#2424=VECTOR('',#3932,1.);
#2425=VECTOR('',#3933,1.);
#2426=VECTOR('',#3938,1.);
#2427=VECTOR('',#3939,1.);
#2428=VECTOR('',#3946,1.);
#2429=VECTOR('',#3947,1.);
#2430=VECTOR('',#3950,1.);
#2431=VECTOR('',#3953,1.);
#2432=VECTOR('',#3954,1.);
#2433=VECTOR('',#3955,1.);
#2434=VECTOR('',#3958,1.);
#2435=VECTOR('',#3959,1.);
#2436=VECTOR('',#3962,1.);
#2437=VECTOR('',#3963,1.);
#2438=VECTOR('',#3964,1.);
#2439=VECTOR('',#3967,1.);
#2440=VECTOR('',#3968,1.);
#2441=VECTOR('',#3969,1.);
#2442=VECTOR('',#3972,1.);
#2443=VECTOR('',#3973,1.);
#2444=VECTOR('',#3976,1.);
#2445=VECTOR('',#3977,1.);
#2446=VECTOR('',#3978,1.);
#2447=VECTOR('',#3981,1.);
#2448=VECTOR('',#3982,1.);
#2449=VECTOR('',#3983,1.);
#2450=VECTOR('',#3988,1.);
#2451=VECTOR('',#3989,1.);
#2452=VECTOR('',#3990,1.);
#2453=VECTOR('',#3991,1.);
#2454=VECTOR('',#3994,1.);
#2455=VECTOR('',#4001,1.);
#2456=VECTOR('',#4002,1.);
#2457=VECTOR('',#4005,1.);
#2458=VECTOR('',#4008,1.);
#2459=VECTOR('',#4009,1.);
#2460=VECTOR('',#4012,1.);
#2461=VECTOR('',#4013,1.);
#2462=VECTOR('',#4014,1.);
#2463=VECTOR('',#4017,1.);
#2464=VECTOR('',#4018,1.);
#2465=VECTOR('',#4019,1.);
#2466=VECTOR('',#4022,1.);
#2467=VECTOR('',#4023,1.);
#2468=VECTOR('',#4024,1.);
#2469=VECTOR('',#4029,1.);
#2470=VECTOR('',#4030,1.);
#2471=VECTOR('',#4031,1.);
#2472=VECTOR('',#4034,1.);
#2473=VECTOR('',#4039,1.);
#2474=VECTOR('',#4042,1.);
#2475=VECTOR('',#4047,1.);
#2476=VECTOR('',#4050,1.);
#2477=EDGE_LOOP('',(#169,#170,#171,#172));
#2478=EDGE_LOOP('',(#173,#174,#175,#176));
#2479=EDGE_LOOP('',(#177,#178,#179,#180));
#2480=EDGE_LOOP('',(#181,#182,#183,#184));
#2481=EDGE_LOOP('',(#185,#186,#187,#188));
#2482=EDGE_LOOP('',(#189,#190,#191,#192));
#2483=EDGE_LOOP('',(#193,#194,#195,#196));
#2484=EDGE_LOOP('',(#197,#198,#199,#200));
#2485=EDGE_LOOP('',(#201,#202,#203,#204));
#2486=EDGE_LOOP('',(#205,#206,#207,#208));
#2487=EDGE_LOOP('',(#209,#210,#211,#212,#213,#214));
#2488=EDGE_LOOP('',(#215,#216,#217,#218));
#2489=EDGE_LOOP('',(#219,#220,#221,#222,#223,#224));
#2490=EDGE_LOOP('',(#225,#226,#227,#228,#229,#230));
#2491=EDGE_LOOP('',(#231,#232,#233,#234));
#2492=EDGE_LOOP('',(#235,#236,#237,#238));
#2493=EDGE_LOOP('',(#239,#240,#241,#242));
#2494=EDGE_LOOP('',(#243,#244,#245,#246));
#2495=EDGE_LOOP('',(#247,#248,#249,#250));
#2496=EDGE_LOOP('',(#251,#252,#253,#254,#255));
#2497=EDGE_LOOP('',(#256,#257,#258,#259,#260));
#2498=EDGE_LOOP('',(#261,#262,#263,#264,#265));
#2499=EDGE_LOOP('',(#266,#267,#268,#269));
#2500=EDGE_LOOP('',(#270,#271,#272,#273,#274));
#2501=EDGE_LOOP('',(#275,#276,#277,#278));
#2502=EDGE_LOOP('',(#279,#280,#281,#282));
#2503=EDGE_LOOP('',(#283,#284,#285,#286));
#2504=EDGE_LOOP('',(#287,#288,#289,#290));
#2505=EDGE_LOOP('',(#291,#292,#293,#294));
#2506=EDGE_LOOP('',(#295,#296,#297,#298));
#2507=EDGE_LOOP('',(#299,#300,#301,#302));
#2508=EDGE_LOOP('',(#303,#304,#305,#306));
#2509=EDGE_LOOP('',(#307));
#2510=EDGE_LOOP('',(#308));
#2511=EDGE_LOOP('',(#309,#310,#311,#312));
#2512=EDGE_LOOP('',(#313,#314,#315,#316));
#2513=EDGE_LOOP('',(#317,#318,#319,#320));
#2514=EDGE_LOOP('',(#321,#322,#323,#324));
#2515=EDGE_LOOP('',(#325,#326,#327,#328));
#2516=EDGE_LOOP('',(#329,#330,#331,#332));
#2517=EDGE_LOOP('',(#333,#334,#335,#336));
#2518=EDGE_LOOP('',(#337,#338,#339,#340));
#2519=EDGE_LOOP('',(#341,#342,#343,#344,#345));
#2520=EDGE_LOOP('',(#346,#347,#348,#349));
#2521=EDGE_LOOP('',(#350,#351,#352,#353));
#2522=EDGE_LOOP('',(#354,#355,#356,#357));
#2523=EDGE_LOOP('',(#358,#359,#360,#361,#362));
#2524=EDGE_LOOP('',(#363,#364,#365,#366));
#2525=EDGE_LOOP('',(#367,#368,#369,#370));
#2526=EDGE_LOOP('',(#371,#372,#373,#374));
#2527=EDGE_LOOP('',(#375,#376,#377,#378));
#2528=EDGE_LOOP('',(#379,#380,#381,#382));
#2529=EDGE_LOOP('',(#383,#384,#385,#386));
#2530=EDGE_LOOP('',(#387,#388,#389,#390,#391));
#2531=EDGE_LOOP('',(#392,#393,#394,#395));
#2532=EDGE_LOOP('',(#396,#397,#398,#399,#400));
#2533=EDGE_LOOP('',(#401,#402,#403,#404));
#2534=EDGE_LOOP('',(#405,#406,#407,#408));
#2535=EDGE_LOOP('',(#409,#410,#411,#412));
#2536=EDGE_LOOP('',(#413,#414,#415,#416));
#2537=EDGE_LOOP('',(#417,#418,#419,#420));
#2538=EDGE_LOOP('',(#421,#422,#423,#424,#425,#426,#427,#428));
#2539=EDGE_LOOP('',(#429,#430,#431,#432,#433));
#2540=EDGE_LOOP('',(#434,#435,#436,#437));
#2541=EDGE_LOOP('',(#438,#439,#440,#441));
#2542=EDGE_LOOP('',(#442,#443,#444,#445));
#2543=EDGE_LOOP('',(#446,#447,#448,#449,#450));
#2544=EDGE_LOOP('',(#451,#452,#453,#454));
#2545=EDGE_LOOP('',(#455,#456,#457,#458));
#2546=EDGE_LOOP('',(#459,#460,#461,#462,#463));
#2547=EDGE_LOOP('',(#464,#465,#466,#467,#468));
#2548=EDGE_LOOP('',(#469,#470,#471,#472));
#2549=EDGE_LOOP('',(#473,#474,#475,#476));
#2550=EDGE_LOOP('',(#477,#478,#479,#480));
#2551=EDGE_LOOP('',(#481,#482,#483,#484,#485));
#2552=EDGE_LOOP('',(#486,#487,#488,#489,#490));
#2553=EDGE_LOOP('',(#491,#492,#493,#494));
#2554=EDGE_LOOP('',(#495,#496,#497,#498));
#2555=EDGE_LOOP('',(#499,#500,#501,#502,#503));
#2556=EDGE_LOOP('',(#504,#505,#506,#507));
#2557=EDGE_LOOP('',(#508,#509,#510,#511));
#2558=EDGE_LOOP('',(#512,#513,#514,#515));
#2559=EDGE_LOOP('',(#516,#517,#518,#519,#520));
#2560=EDGE_LOOP('',(#521,#522,#523,#524));
#2561=EDGE_LOOP('',(#525,#526,#527,#528));
#2562=EDGE_LOOP('',(#529,#530,#531,#532));
#2563=EDGE_LOOP('',(#533,#534,#535,#536));
#2564=EDGE_LOOP('',(#537,#538,#539,#540));
#2565=EDGE_LOOP('',(#541,#542,#543,#544));
#2566=EDGE_LOOP('',(#545,#546,#547,#548));
#2567=EDGE_LOOP('',(#549,#550,#551,#552));
#2568=EDGE_LOOP('',(#553,#554,#555,#556));
#2569=EDGE_LOOP('',(#557,#558,#559,#560));
#2570=EDGE_LOOP('',(#561,#562,#563,#564));
#2571=EDGE_LOOP('',(#565,#566,#567,#568));
#2572=EDGE_LOOP('',(#569,#570,#571,#572));
#2573=EDGE_LOOP('',(#573,#574,#575,#576));
#2574=EDGE_LOOP('',(#577,#578,#579,#580));
#2575=EDGE_LOOP('',(#581,#582,#583,#584));
#2576=EDGE_LOOP('',(#585,#586,#587,#588));
#2577=EDGE_LOOP('',(#589,#590,#591,#592));
#2578=EDGE_LOOP('',(#593,#594,#595,#596));
#2579=EDGE_LOOP('',(#597,#598,#599,#600,#601));
#2580=EDGE_LOOP('',(#602,#603,#604,#605,#606));
#2581=EDGE_LOOP('',(#607,#608,#609,#610));
#2582=EDGE_LOOP('',(#611,#612,#613,#614));
#2583=EDGE_LOOP('',(#615,#616,#617,#618));
#2584=EDGE_LOOP('',(#619,#620,#621,#622,#623));
#2585=EDGE_LOOP('',(#624,#625,#626,#627,#628));
#2586=EDGE_LOOP('',(#629,#630,#631,#632));
#2587=EDGE_LOOP('',(#633,#634,#635,#636));
#2588=EDGE_LOOP('',(#637,#638,#639,#640));
#2589=EDGE_LOOP('',(#641,#642,#643,#644));
#2590=EDGE_LOOP('',(#645,#646,#647,#648));
#2591=EDGE_LOOP('',(#649,#650,#651,#652));
#2592=EDGE_LOOP('',(#653,#654,#655,#656,#657,#658,#659,#660,#661,#662,#663,
#664));
#2593=EDGE_LOOP('',(#665,#666,#667,#668));
#2594=EDGE_LOOP('',(#669,#670,#671,#672));
#2595=EDGE_LOOP('',(#673,#674,#675,#676));
#2596=EDGE_LOOP('',(#677,#678,#679,#680));
#2597=EDGE_LOOP('',(#681,#682,#683,#684));
#2598=EDGE_LOOP('',(#685,#686,#687,#688));
#2599=EDGE_LOOP('',(#689,#690,#691,#692));
#2600=EDGE_LOOP('',(#693,#694,#695,#696));
#2601=EDGE_LOOP('',(#697,#698,#699,#700));
#2602=EDGE_LOOP('',(#701,#702,#703,#704));
#2603=EDGE_LOOP('',(#705,#706,#707,#708));
#2604=EDGE_LOOP('',(#709,#710,#711,#712));
#2605=EDGE_LOOP('',(#713,#714,#715,#716));
#2606=EDGE_LOOP('',(#717,#718,#719,#720));
#2607=EDGE_LOOP('',(#721,#722,#723,#724,#725,#726,#727,#728,#729,#730,#731,
#732));
#2608=EDGE_LOOP('',(#733,#734,#735,#736));
#2609=EDGE_LOOP('',(#737,#738,#739,#740));
#2610=EDGE_LOOP('',(#741,#742,#743,#744));
#2611=EDGE_LOOP('',(#745,#746,#747,#748));
#2612=EDGE_LOOP('',(#749,#750,#751,#752,#753));
#2613=EDGE_LOOP('',(#754,#755,#756,#757,#758));
#2614=EDGE_LOOP('',(#759,#760,#761,#762));
#2615=EDGE_LOOP('',(#763,#764,#765,#766));
#2616=EDGE_LOOP('',(#767,#768,#769,#770));
#2617=EDGE_LOOP('',(#771,#772,#773,#774));
#2618=EDGE_LOOP('',(#775,#776,#777,#778,#779));
#2619=EDGE_LOOP('',(#780,#781,#782,#783));
#2620=EDGE_LOOP('',(#784,#785,#786,#787));
#2621=EDGE_LOOP('',(#788,#789,#790,#791,#792));
#2622=EDGE_LOOP('',(#793,#794,#795,#796));
#2623=EDGE_LOOP('',(#797,#798,#799,#800));
#2624=EDGE_LOOP('',(#801,#802,#803,#804));
#2625=EDGE_LOOP('',(#805,#806,#807,#808,#809,#810,#811,#812,#813,#814,#815));
#2626=EDGE_LOOP('',(#816,#817,#818,#819));
#2627=EDGE_LOOP('',(#820,#821,#822,#823));
#2628=EDGE_LOOP('',(#824,#825,#826,#827));
#2629=EDGE_LOOP('',(#828,#829,#830,#831));
#2630=EDGE_LOOP('',(#832,#833,#834,#835));
#2631=EDGE_LOOP('',(#836,#837,#838,#839));
#2632=EDGE_LOOP('',(#840,#841,#842,#843,#844,#845,#846,#847,#848,#849,#850));
#2633=EDGE_LOOP('',(#851,#852,#853,#854,#855,#856,#857,#858,#859,#860,#861));
#2634=EDGE_LOOP('',(#862,#863,#864,#865,#866,#867,#868,#869));
#2635=EDGE_LOOP('',(#870,#871,#872,#873,#874,#875,#876,#877));
#2636=EDGE_LOOP('',(#878,#879,#880,#881,#882,#883,#884,#885));
#2637=EDGE_LOOP('',(#886,#887,#888,#889));
#2638=EDGE_LOOP('',(#890,#891,#892,#893));
#2639=EDGE_LOOP('',(#894));
#2640=EDGE_LOOP('',(#895,#896,#897,#898));
#2641=EDGE_LOOP('',(#899,#900,#901,#902,#903,#904,#905,#906,#907,#908,#909));
#2642=EDGE_LOOP('',(#910,#911,#912,#913,#914,#915,#916,#917));
#2643=EDGE_LOOP('',(#918,#919,#920,#921,#922));
#2644=EDGE_LOOP('',(#923,#924,#925,#926,#927));
#2645=EDGE_LOOP('',(#928,#929,#930,#931));
#2646=EDGE_LOOP('',(#932,#933,#934,#935));
#2647=EDGE_LOOP('',(#936,#937,#938,#939));
#2648=EDGE_LOOP('',(#940,#941,#942,#943,#944));
#2649=EDGE_LOOP('',(#945,#946,#947,#948,#949));
#2650=EDGE_LOOP('',(#950,#951,#952,#953));
#2651=EDGE_LOOP('',(#954,#955,#956,#957));
#2652=EDGE_LOOP('',(#958,#959,#960,#961));
#2653=EDGE_LOOP('',(#962,#963,#964,#965));
#2654=EDGE_LOOP('',(#966,#967,#968,#969));
#2655=EDGE_LOOP('',(#970,#971,#972,#973));
#2656=EDGE_LOOP('',(#974,#975,#976,#977));
#2657=EDGE_LOOP('',(#978,#979,#980,#981));
#2658=EDGE_LOOP('',(#982,#983,#984,#985));
#2659=EDGE_LOOP('',(#986,#987,#988,#989,#990,#991));
#2660=EDGE_LOOP('',(#992,#993,#994,#995,#996,#997,#998,#999));
#2661=EDGE_LOOP('',(#1000,#1001,#1002,#1003));
#2662=EDGE_LOOP('',(#1004));
#2663=EDGE_LOOP('',(#1005,#1006,#1007,#1008));
#2664=EDGE_LOOP('',(#1009,#1010,#1011,#1012,#1013,#1014,#1015,#1016,#1017,
#1018,#1019,#1020,#1021,#1022,#1023,#1024,#1025,#1026,#1027,#1028,#1029,
#1030,#1031,#1032,#1033,#1034,#1035,#1036,#1037,#1038,#1039,#1040,#1041,
#1042,#1043,#1044,#1045,#1046,#1047,#1048,#1049,#1050,#1051,#1052,#1053,
#1054,#1055,#1056,#1057,#1058,#1059,#1060,#1061,#1062,#1063,#1064));
#2665=FACE_BOUND('',#2477,.T.);
#2666=FACE_BOUND('',#2478,.T.);
#2667=FACE_BOUND('',#2479,.T.);
#2668=FACE_BOUND('',#2480,.T.);
#2669=FACE_BOUND('',#2481,.T.);
#2670=FACE_BOUND('',#2482,.T.);
#2671=FACE_BOUND('',#2483,.T.);
#2672=FACE_BOUND('',#2484,.T.);
#2673=FACE_BOUND('',#2485,.T.);
#2674=FACE_BOUND('',#2486,.T.);
#2675=FACE_BOUND('',#2487,.T.);
#2676=FACE_BOUND('',#2488,.T.);
#2677=FACE_BOUND('',#2489,.T.);
#2678=FACE_BOUND('',#2490,.T.);
#2679=FACE_BOUND('',#2491,.T.);
#2680=FACE_BOUND('',#2492,.T.);
#2681=FACE_BOUND('',#2493,.T.);
#2682=FACE_BOUND('',#2494,.T.);
#2683=FACE_BOUND('',#2495,.T.);
#2684=FACE_BOUND('',#2496,.T.);
#2685=FACE_BOUND('',#2497,.T.);
#2686=FACE_BOUND('',#2498,.T.);
#2687=FACE_BOUND('',#2499,.T.);
#2688=FACE_BOUND('',#2500,.T.);
#2689=FACE_BOUND('',#2501,.T.);
#2690=FACE_BOUND('',#2502,.T.);
#2691=FACE_BOUND('',#2503,.T.);
#2692=FACE_BOUND('',#2504,.T.);
#2693=FACE_BOUND('',#2505,.T.);
#2694=FACE_BOUND('',#2506,.T.);
#2695=FACE_BOUND('',#2507,.T.);
#2696=FACE_BOUND('',#2508,.T.);
#2697=FACE_BOUND('',#2509,.T.);
#2698=FACE_BOUND('',#2510,.T.);
#2699=FACE_BOUND('',#2511,.T.);
#2700=FACE_BOUND('',#2512,.T.);
#2701=FACE_BOUND('',#2513,.T.);
#2702=FACE_BOUND('',#2514,.T.);
#2703=FACE_BOUND('',#2515,.T.);
#2704=FACE_BOUND('',#2516,.T.);
#2705=FACE_BOUND('',#2517,.T.);
#2706=FACE_BOUND('',#2518,.T.);
#2707=FACE_BOUND('',#2519,.T.);
#2708=FACE_BOUND('',#2520,.T.);
#2709=FACE_BOUND('',#2521,.T.);
#2710=FACE_BOUND('',#2522,.T.);
#2711=FACE_BOUND('',#2523,.T.);
#2712=FACE_BOUND('',#2524,.T.);
#2713=FACE_BOUND('',#2525,.T.);
#2714=FACE_BOUND('',#2526,.T.);
#2715=FACE_BOUND('',#2527,.T.);
#2716=FACE_BOUND('',#2528,.T.);
#2717=FACE_BOUND('',#2529,.T.);
#2718=FACE_BOUND('',#2530,.T.);
#2719=FACE_BOUND('',#2531,.T.);
#2720=FACE_BOUND('',#2532,.T.);
#2721=FACE_BOUND('',#2533,.T.);
#2722=FACE_BOUND('',#2534,.T.);
#2723=FACE_BOUND('',#2535,.T.);
#2724=FACE_BOUND('',#2536,.T.);
#2725=FACE_BOUND('',#2537,.T.);
#2726=FACE_BOUND('',#2538,.T.);
#2727=FACE_BOUND('',#2539,.T.);
#2728=FACE_BOUND('',#2540,.T.);
#2729=FACE_BOUND('',#2541,.T.);
#2730=FACE_BOUND('',#2542,.T.);
#2731=FACE_BOUND('',#2543,.T.);
#2732=FACE_BOUND('',#2544,.T.);
#2733=FACE_BOUND('',#2545,.T.);
#2734=FACE_BOUND('',#2546,.T.);
#2735=FACE_BOUND('',#2547,.T.);
#2736=FACE_BOUND('',#2548,.T.);
#2737=FACE_BOUND('',#2549,.T.);
#2738=FACE_BOUND('',#2550,.T.);
#2739=FACE_BOUND('',#2551,.T.);
#2740=FACE_BOUND('',#2552,.T.);
#2741=FACE_BOUND('',#2553,.T.);
#2742=FACE_BOUND('',#2554,.T.);
#2743=FACE_BOUND('',#2555,.T.);
#2744=FACE_BOUND('',#2556,.T.);
#2745=FACE_BOUND('',#2557,.T.);
#2746=FACE_BOUND('',#2558,.T.);
#2747=FACE_BOUND('',#2559,.T.);
#2748=FACE_BOUND('',#2560,.T.);
#2749=FACE_BOUND('',#2561,.T.);
#2750=FACE_BOUND('',#2562,.T.);
#2751=FACE_BOUND('',#2563,.T.);
#2752=FACE_BOUND('',#2564,.T.);
#2753=FACE_BOUND('',#2565,.T.);
#2754=FACE_BOUND('',#2566,.T.);
#2755=FACE_BOUND('',#2567,.T.);
#2756=FACE_BOUND('',#2568,.T.);
#2757=FACE_BOUND('',#2569,.T.);
#2758=FACE_BOUND('',#2570,.T.);
#2759=FACE_BOUND('',#2571,.T.);
#2760=FACE_BOUND('',#2572,.T.);
#2761=FACE_BOUND('',#2573,.T.);
#2762=FACE_BOUND('',#2574,.T.);
#2763=FACE_BOUND('',#2575,.T.);
#2764=FACE_BOUND('',#2576,.T.);
#2765=FACE_BOUND('',#2577,.T.);
#2766=FACE_BOUND('',#2578,.T.);
#2767=FACE_BOUND('',#2579,.T.);
#2768=FACE_BOUND('',#2580,.T.);
#2769=FACE_BOUND('',#2581,.T.);
#2770=FACE_BOUND('',#2582,.T.);
#2771=FACE_BOUND('',#2583,.T.);
#2772=FACE_BOUND('',#2584,.T.);
#2773=FACE_BOUND('',#2585,.T.);
#2774=FACE_BOUND('',#2586,.T.);
#2775=FACE_BOUND('',#2587,.T.);
#2776=FACE_BOUND('',#2588,.T.);
#2777=FACE_BOUND('',#2589,.T.);
#2778=FACE_BOUND('',#2590,.T.);
#2779=FACE_BOUND('',#2591,.T.);
#2780=FACE_BOUND('',#2592,.T.);
#2781=FACE_BOUND('',#2593,.T.);
#2782=FACE_BOUND('',#2594,.T.);
#2783=FACE_BOUND('',#2595,.T.);
#2784=FACE_BOUND('',#2596,.T.);
#2785=FACE_BOUND('',#2597,.T.);
#2786=FACE_BOUND('',#2598,.T.);
#2787=FACE_BOUND('',#2599,.T.);
#2788=FACE_BOUND('',#2600,.T.);
#2789=FACE_BOUND('',#2601,.T.);
#2790=FACE_BOUND('',#2602,.T.);
#2791=FACE_BOUND('',#2603,.T.);
#2792=FACE_BOUND('',#2604,.T.);
#2793=FACE_BOUND('',#2605,.T.);
#2794=FACE_BOUND('',#2606,.T.);
#2795=FACE_BOUND('',#2607,.T.);
#2796=FACE_BOUND('',#2608,.T.);
#2797=FACE_BOUND('',#2609,.T.);
#2798=FACE_BOUND('',#2610,.T.);
#2799=FACE_BOUND('',#2611,.T.);
#2800=FACE_BOUND('',#2612,.T.);
#2801=FACE_BOUND('',#2613,.T.);
#2802=FACE_BOUND('',#2614,.T.);
#2803=FACE_BOUND('',#2615,.T.);
#2804=FACE_BOUND('',#2616,.T.);
#2805=FACE_BOUND('',#2617,.T.);
#2806=FACE_BOUND('',#2618,.T.);
#2807=FACE_BOUND('',#2619,.T.);
#2808=FACE_BOUND('',#2620,.T.);
#2809=FACE_BOUND('',#2621,.T.);
#2810=FACE_BOUND('',#2622,.T.);
#2811=FACE_BOUND('',#2623,.T.);
#2812=FACE_BOUND('',#2624,.T.);
#2813=FACE_BOUND('',#2625,.T.);
#2814=FACE_BOUND('',#2626,.T.);
#2815=FACE_BOUND('',#2627,.T.);
#2816=FACE_BOUND('',#2628,.T.);
#2817=FACE_BOUND('',#2629,.T.);
#2818=FACE_BOUND('',#2630,.T.);
#2819=FACE_BOUND('',#2631,.T.);
#2820=FACE_BOUND('',#2632,.T.);
#2821=FACE_BOUND('',#2633,.T.);
#2822=FACE_BOUND('',#2634,.T.);
#2823=FACE_BOUND('',#2635,.T.);
#2824=FACE_BOUND('',#2636,.T.);
#2825=FACE_BOUND('',#2637,.T.);
#2826=FACE_BOUND('',#2638,.T.);
#2827=FACE_BOUND('',#2639,.T.);
#2828=FACE_BOUND('',#2640,.T.);
#2829=FACE_BOUND('',#2641,.T.);
#2830=FACE_BOUND('',#2642,.T.);
#2831=FACE_BOUND('',#2643,.T.);
#2832=FACE_BOUND('',#2644,.T.);
#2833=FACE_BOUND('',#2645,.T.);
#2834=FACE_BOUND('',#2646,.T.);
#2835=FACE_BOUND('',#2647,.T.);
#2836=FACE_BOUND('',#2648,.T.);
#2837=FACE_BOUND('',#2649,.T.);
#2838=FACE_BOUND('',#2650,.T.);
#2839=FACE_BOUND('',#2651,.T.);
#2840=FACE_BOUND('',#2652,.T.);
#2841=FACE_BOUND('',#2653,.T.);
#2842=FACE_BOUND('',#2654,.T.);
#2843=FACE_BOUND('',#2655,.T.);
#2844=FACE_BOUND('',#2656,.T.);
#2845=FACE_BOUND('',#2657,.T.);
#2846=FACE_BOUND('',#2658,.T.);
#2847=FACE_BOUND('',#2659,.T.);
#2848=FACE_BOUND('',#2660,.T.);
#2849=FACE_BOUND('',#2661,.T.);
#2850=FACE_BOUND('',#2662,.T.);
#2851=FACE_BOUND('',#2663,.T.);
#2852=FACE_BOUND('',#2664,.T.);
#2853=PLANE('',#3167);
#2854=PLANE('',#3168);
#2855=PLANE('',#3169);
#2856=PLANE('',#3170);
#2857=PLANE('',#3171);
#2858=PLANE('',#3172);
#2859=PLANE('',#3173);
#2860=PLANE('',#3174);
#2861=PLANE('',#3175);
#2862=PLANE('',#3176);
#2863=PLANE('',#3177);
#2864=PLANE('',#3178);
#2865=PLANE('',#3179);
#2866=PLANE('',#3180);
#2867=PLANE('',#3181);
#2868=PLANE('',#3182);
#2869=PLANE('',#3183);
#2870=PLANE('',#3184);
#2871=PLANE('',#3185);
#2872=PLANE('',#3186);
#2873=PLANE('',#3187);
#2874=PLANE('',#3188);
#2875=PLANE('',#3189);
#2876=PLANE('',#3190);
#2877=PLANE('',#3191);
#2878=PLANE('',#3195);
#2879=PLANE('',#3199);
#2880=PLANE('',#3203);
#2881=PLANE('',#3210);
#2882=PLANE('',#3211);
#2883=PLANE('',#3212);
#2884=PLANE('',#3213);
#2885=PLANE('',#3214);
#2886=PLANE('',#3218);
#2887=PLANE('',#3219);
#2888=PLANE('',#3220);
#2889=PLANE('',#3221);
#2890=PLANE('',#3225);
#2891=PLANE('',#3226);
#2892=PLANE('',#3227);
#2893=PLANE('',#3228);
#2894=PLANE('',#3229);
#2895=PLANE('',#3230);
#2896=PLANE('',#3232);
#2897=PLANE('',#3233);
#2898=PLANE('',#3234);
#2899=PLANE('',#3235);
#2900=PLANE('',#3237);
#2901=PLANE('',#3238);
#2902=PLANE('',#3239);
#2903=PLANE('',#3241);
#2904=PLANE('',#3242);
#2905=PLANE('',#3243);
#2906=PLANE('',#3244);
#2907=PLANE('',#3246);
#2908=PLANE('',#3247);
#2909=PLANE('',#3248);
#2910=PLANE('',#3250);
#2911=PLANE('',#3251);
#2912=PLANE('',#3252);
#2913=PLANE('',#3253);
#2914=PLANE('',#3256);
#2915=PLANE('',#3259);
#2916=PLANE('',#3264);
#2917=PLANE('',#3265);
#2918=PLANE('',#3267);
#2919=PLANE('',#3268);
#2920=PLANE('',#3269);
#2921=PLANE('',#3271);
#2922=PLANE('',#3272);
#2923=PLANE('',#3273);
#2924=PLANE('',#3274);
#2925=PLANE('',#3275);
#2926=PLANE('',#3277);
#2927=PLANE('',#3278);
#2928=PLANE('',#3279);
#2929=PLANE('',#3280);
#2930=PLANE('',#3282);
#2931=PLANE('',#3283);
#2932=PLANE('',#3284);
#2933=PLANE('',#3285);
#2934=PLANE('',#3286);
#2935=PLANE('',#3287);
#2936=PLANE('',#3290);
#2937=PLANE('',#3291);
#2938=PLANE('',#3292);
#2939=PLANE('',#3296);
#2940=PLANE('',#3300);
#2941=PLANE('',#3301);
#2942=PLANE('',#3302);
#2943=PLANE('',#3303);
#2944=PLANE('',#3304);
#2945=PLANE('',#3305);
#2946=PLANE('',#3306);
#2947=PLANE('',#3308);
#2948=PLANE('',#3310);
#2949=PLANE('',#3311);
#2950=PLANE('',#3312);
#2951=PLANE('',#3313);
#2952=PLANE('',#3314);
#2953=PLANE('',#3317);
#2954=PLANE('',#3318);
#2955=PLANE('',#3319);
#2956=PLANE('',#3320);
#2957=PLANE('',#3321);
#2958=PLANE('',#3322);
#2959=PLANE('',#3323);
#2960=PLANE('',#3324);
#2961=PLANE('',#3325);
#2962=PLANE('',#3326);
#2963=PLANE('',#3327);
#2964=PLANE('',#3328);
#2965=PLANE('',#3329);
#2966=PLANE('',#3330);
#2967=PLANE('',#3331);
#2968=PLANE('',#3332);
#2969=PLANE('',#3334);
#2970=PLANE('',#3335);
#2971=PLANE('',#3336);
#2972=PLANE('',#3337);
#2973=PLANE('',#3339);
#2974=PLANE('',#3344);
#2975=PLANE('',#3345);
#2976=PLANE('',#3346);
#2977=PLANE('',#3348);
#2978=ADVANCED_FACE('',(#2665),#2853,.T.);
#2979=ADVANCED_FACE('',(#2666),#2854,.F.);
#2980=ADVANCED_FACE('',(#2667),#2855,.F.);
#2981=ADVANCED_FACE('',(#2668),#2856,.T.);
#2982=ADVANCED_FACE('',(#2669),#2857,.F.);
#2983=ADVANCED_FACE('',(#2670),#2858,.T.);
#2984=ADVANCED_FACE('',(#2671),#2859,.F.);
#2985=ADVANCED_FACE('',(#2672),#2860,.T.);
#2986=ADVANCED_FACE('',(#2673),#2861,.T.);
#2987=ADVANCED_FACE('',(#2674),#2862,.F.);
#2988=ADVANCED_FACE('',(#2675),#2863,.F.);
#2989=ADVANCED_FACE('',(#2676),#2864,.F.);
#2990=ADVANCED_FACE('',(#2677),#2865,.T.);
#2991=ADVANCED_FACE('',(#2678),#2866,.F.);
#2992=ADVANCED_FACE('',(#2679),#2867,.T.);
#2993=ADVANCED_FACE('',(#2680),#2868,.F.);
#2994=ADVANCED_FACE('',(#2681),#2869,.T.);
#2995=ADVANCED_FACE('',(#2682),#2870,.T.);
#2996=ADVANCED_FACE('',(#2683),#2871,.F.);
#2997=ADVANCED_FACE('',(#2684),#2872,.T.);
#2998=ADVANCED_FACE('',(#2685),#2873,.F.);
#2999=ADVANCED_FACE('',(#2686),#2874,.F.);
#3000=ADVANCED_FACE('',(#2687),#2875,.T.);
#3001=ADVANCED_FACE('',(#2688),#2876,.T.);
#3002=ADVANCED_FACE('',(#2689),#2877,.T.);
#3003=ADVANCED_FACE('',(#2690),#158,.F.);
#3004=ADVANCED_FACE('',(#2691),#2878,.F.);
#3005=ADVANCED_FACE('',(#2692),#159,.F.);
#3006=ADVANCED_FACE('',(#2693),#2879,.T.);
#3007=ADVANCED_FACE('',(#2694),#160,.F.);
#3008=ADVANCED_FACE('',(#2695),#2880,.F.);
#3009=ADVANCED_FACE('',(#2696),#161,.F.);
#3010=ADVANCED_FACE('',(#2697,#2698),#162,.F.);
#3011=ADVANCED_FACE('',(#2699),#2881,.F.);
#3012=ADVANCED_FACE('',(#2700),#96,.T.);
#3013=ADVANCED_FACE('',(#2701),#97,.T.);
#3014=ADVANCED_FACE('',(#2702),#2882,.F.);
#3015=ADVANCED_FACE('',(#2703),#2883,.T.);
#3016=ADVANCED_FACE('',(#2704),#98,.T.);
#3017=ADVANCED_FACE('',(#2705),#99,.T.);
#3018=ADVANCED_FACE('',(#2706),#2884,.T.);
#3019=ADVANCED_FACE('',(#2707),#2885,.T.);
#3020=ADVANCED_FACE('',(#2708),#100,.T.);
#3021=ADVANCED_FACE('',(#2709),#101,.T.);
#3022=ADVANCED_FACE('',(#2710),#163,.T.);
#3023=ADVANCED_FACE('',(#2711),#2886,.F.);
#3024=ADVANCED_FACE('',(#2712),#2887,.F.);
#3025=ADVANCED_FACE('',(#2713),#102,.T.);
#3026=ADVANCED_FACE('',(#2714),#103,.T.);
#3027=ADVANCED_FACE('',(#2715),#104,.T.);
#3028=ADVANCED_FACE('',(#2716),#105,.T.);
#3029=ADVANCED_FACE('',(#2717),#2888,.T.);
#3030=ADVANCED_FACE('',(#2718),#2889,.T.);
#3031=ADVANCED_FACE('',(#2719),#164,.T.);
#3032=ADVANCED_FACE('',(#2720),#2890,.T.);
#3033=ADVANCED_FACE('',(#2721),#106,.T.);
#3034=ADVANCED_FACE('',(#2722),#107,.T.);
#3035=ADVANCED_FACE('',(#2723),#2891,.T.);
#3036=ADVANCED_FACE('',(#2724),#2892,.F.);
#3037=ADVANCED_FACE('',(#2725),#2893,.F.);
#3038=ADVANCED_FACE('',(#2726),#2894,.F.);
#3039=ADVANCED_FACE('',(#2727),#2895,.T.);
#3040=ADVANCED_FACE('',(#2728),#2896,.F.);
#3041=ADVANCED_FACE('',(#2729),#2897,.F.);
#3042=ADVANCED_FACE('',(#2730),#2898,.F.);
#3043=ADVANCED_FACE('',(#2731),#2899,.F.);
#3044=ADVANCED_FACE('',(#2732),#108,.T.);
#3045=ADVANCED_FACE('',(#2733),#2900,.F.);
#3046=ADVANCED_FACE('',(#2734),#2901,.T.);
#3047=ADVANCED_FACE('',(#2735),#2902,.T.);
#3048=ADVANCED_FACE('',(#2736),#2903,.T.);
#3049=ADVANCED_FACE('',(#2737),#2904,.F.);
#3050=ADVANCED_FACE('',(#2738),#2905,.F.);
#3051=ADVANCED_FACE('',(#2739),#2906,.F.);
#3052=ADVANCED_FACE('',(#2740),#2907,.F.);
#3053=ADVANCED_FACE('',(#2741),#2908,.F.);
#3054=ADVANCED_FACE('',(#2742),#109,.T.);
#3055=ADVANCED_FACE('',(#2743),#2909,.F.);
#3056=ADVANCED_FACE('',(#2744),#2910,.T.);
#3057=ADVANCED_FACE('',(#2745),#2911,.T.);
#3058=ADVANCED_FACE('',(#2746),#2912,.F.);
#3059=ADVANCED_FACE('',(#2747),#2913,.T.);
#3060=ADVANCED_FACE('',(#2748),#12,.T.);
#3061=ADVANCED_FACE('',(#2749),#2914,.T.);
#3062=ADVANCED_FACE('',(#2750),#13,.T.);
#3063=ADVANCED_FACE('',(#2751),#14,.T.);
#3064=ADVANCED_FACE('',(#2752),#2915,.T.);
#3065=ADVANCED_FACE('',(#2753),#15,.T.);
#3066=ADVANCED_FACE('',(#2754),#165,.T.);
#3067=ADVANCED_FACE('',(#2755),#2916,.F.);
#3068=ADVANCED_FACE('',(#2756),#2917,.T.);
#3069=ADVANCED_FACE('',(#2757),#16,.T.);
#3070=ADVANCED_FACE('',(#2758),#2918,.F.);
#3071=ADVANCED_FACE('',(#2759),#2919,.T.);
#3072=ADVANCED_FACE('',(#2760),#2920,.T.);
#3073=ADVANCED_FACE('',(#2761),#17,.T.);
#3074=ADVANCED_FACE('',(#2762),#2921,.T.);
#3075=ADVANCED_FACE('',(#2763),#2922,.F.);
#3076=ADVANCED_FACE('',(#2764),#110,.T.);
#3077=ADVANCED_FACE('',(#2765),#111,.T.);
#3078=ADVANCED_FACE('',(#2766),#2923,.F.);
#3079=ADVANCED_FACE('',(#2767),#2924,.F.);
#3080=ADVANCED_FACE('',(#2768),#2925,.F.);
#3081=ADVANCED_FACE('',(#2769),#2926,.T.);
#3082=ADVANCED_FACE('',(#2770),#2927,.T.);
#3083=ADVANCED_FACE('',(#2771),#2928,.F.);
#3084=ADVANCED_FACE('',(#2772),#2929,.T.);
#3085=ADVANCED_FACE('',(#2773),#2930,.T.);
#3086=ADVANCED_FACE('',(#2774),#2931,.F.);
#3087=ADVANCED_FACE('',(#2775),#112,.T.);
#3088=ADVANCED_FACE('',(#2776),#113,.T.);
#3089=ADVANCED_FACE('',(#2777),#2932,.F.);
#3090=ADVANCED_FACE('',(#2778),#2933,.T.);
#3091=ADVANCED_FACE('',(#2779),#114,.T.);
#3092=ADVANCED_FACE('',(#2780),#2934,.F.);
#3093=ADVANCED_FACE('',(#2781),#2935,.T.);
#3094=ADVANCED_FACE('',(#2782),#18,.T.);
#3095=ADVANCED_FACE('',(#2783),#2936,.T.);
#3096=ADVANCED_FACE('',(#2784),#2937,.T.);
#3097=ADVANCED_FACE('',(#2785),#2938,.F.);
#3098=ADVANCED_FACE('',(#2786),#19,.T.);
#3099=ADVANCED_FACE('',(#2787),#166,.T.);
#3100=ADVANCED_FACE('',(#2788),#2939,.F.);
#3101=ADVANCED_FACE('',(#2789),#167,.T.);
#3102=ADVANCED_FACE('',(#2790),#2940,.T.);
#3103=ADVANCED_FACE('',(#2791),#2941,.F.);
#3104=ADVANCED_FACE('',(#2792),#115,.T.);
#3105=ADVANCED_FACE('',(#2793),#2942,.T.);
#3106=ADVANCED_FACE('',(#2794),#116,.T.);
#3107=ADVANCED_FACE('',(#2795),#2943,.T.);
#3108=ADVANCED_FACE('',(#2796),#2944,.T.);
#3109=ADVANCED_FACE('',(#2797),#117,.T.);
#3110=ADVANCED_FACE('',(#2798),#2945,.T.);
#3111=ADVANCED_FACE('',(#2799),#118,.T.);
#3112=ADVANCED_FACE('',(#2800),#2946,.T.);
#3113=ADVANCED_FACE('',(#2801),#2947,.F.);
#3114=ADVANCED_FACE('',(#2802),#2948,.T.);
#3115=ADVANCED_FACE('',(#2803),#2949,.T.);
#3116=ADVANCED_FACE('',(#2804),#2950,.T.);
#3117=ADVANCED_FACE('',(#2805),#2951,.F.);
#3118=ADVANCED_FACE('',(#2806),#2952,.F.);
#3119=ADVANCED_FACE('',(#2807),#20,.T.);
#3120=ADVANCED_FACE('',(#2808),#21,.T.);
#3121=ADVANCED_FACE('',(#2809),#2953,.F.);
#3122=ADVANCED_FACE('',(#2810),#2954,.T.);
#3123=ADVANCED_FACE('',(#2811),#2955,.T.);
#3124=ADVANCED_FACE('',(#2812),#119,.T.);
#3125=ADVANCED_FACE('',(#2813),#2956,.T.);
#3126=ADVANCED_FACE('',(#2814),#2957,.T.);
#3127=ADVANCED_FACE('',(#2815),#2958,.T.);
#3128=ADVANCED_FACE('',(#2816),#2959,.F.);
#3129=ADVANCED_FACE('',(#2817),#2960,.T.);
#3130=ADVANCED_FACE('',(#2818),#120,.T.);
#3131=ADVANCED_FACE('',(#2819),#2961,.F.);
#3132=ADVANCED_FACE('',(#2820,#2821),#2962,.T.);
#3133=ADVANCED_FACE('',(#2822),#2963,.T.);
#3134=ADVANCED_FACE('',(#2823,#2824),#2964,.F.);
#3135=ADVANCED_FACE('',(#2825),#2965,.T.);
#3136=ADVANCED_FACE('',(#2826,#2827,#2828,#2829,#2830),#2966,.T.);
#3137=ADVANCED_FACE('',(#2831),#2967,.T.);
#3138=ADVANCED_FACE('',(#2832),#2968,.F.);
#3139=ADVANCED_FACE('',(#2833),#2969,.T.);
#3140=ADVANCED_FACE('',(#2834),#2970,.T.);
#3141=ADVANCED_FACE('',(#2835),#2971,.F.);
#3142=ADVANCED_FACE('',(#2836),#2972,.T.);
#3143=ADVANCED_FACE('',(#2837),#2973,.F.);
#3144=ADVANCED_FACE('',(#2838),#121,.T.);
#3145=ADVANCED_FACE('',(#2839),#168,.T.);
#3146=ADVANCED_FACE('',(#2840),#122,.T.);
#3147=ADVANCED_FACE('',(#2841),#123,.T.);
#3148=ADVANCED_FACE('',(#2842),#22,.T.);
#3149=ADVANCED_FACE('',(#2843),#2974,.T.);
#3150=ADVANCED_FACE('',(#2844),#2975,.T.);
#3151=ADVANCED_FACE('',(#2845),#2976,.F.);
#3152=ADVANCED_FACE('',(#2846),#23,.T.);
#3153=ADVANCED_FACE('',(#2847,#2848,#2849,#2850,#2851,#2852),#2977,.F.);
#3154=CLOSED_SHELL('',(#2978,#2979,#2980,#2981,#2982,#2983,#2984,#2985,
#2986,#2987,#2988,#2989,#2990,#2991,#2992,#2993,#2994,#2995,#2996,#2997,
#2998,#2999,#3000,#3001,#3002,#3003,#3004,#3005,#3006,#3007,#3008,#3009,
#3010,#3011,#3012,#3013,#3014,#3015,#3016,#3017,#3018,#3019,#3020,#3021,
#3022,#3023,#3024,#3025,#3026,#3027,#3028,#3029,#3030,#3031,#3032,#3033,
#3034,#3035,#3036,#3037,#3038,#3039,#3040,#3041,#3042,#3043,#3044,#3045,
#3046,#3047,#3048,#3049,#3050,#3051,#3052,#3053,#3054,#3055,#3056,#3057,
#3058,#3059,#3060,#3061,#3062,#3063,#3064,#3065,#3066,#3067,#3068,#3069,
#3070,#3071,#3072,#3073,#3074,#3075,#3076,#3077,#3078,#3079,#3080,#3081,
#3082,#3083,#3084,#3085,#3086,#3087,#3088,#3089,#3090,#3091,#3092,#3093,
#3094,#3095,#3096,#3097,#3098,#3099,#3100,#3101,#3102,#3103,#3104,#3105,
#3106,#3107,#3108,#3109,#3110,#3111,#3112,#3113,#3114,#3115,#3116,#3117,
#3118,#3119,#3120,#3121,#3122,#3123,#3124,#3125,#3126,#3127,#3128,#3129,
#3130,#3131,#3132,#3133,#3134,#3135,#3136,#3137,#3138,#3139,#3140,#3141,
#3142,#3143,#3144,#3145,#3146,#3147,#3148,#3149,#3150,#3151,#3152,#3153));
#3155=STYLED_ITEM('',(#3156),#3163);
#3156=PRESENTATION_STYLE_ASSIGNMENT((#3157));
#3157=SURFACE_STYLE_USAGE(.BOTH.,#3158);
#3158=SURFACE_SIDE_STYLE('',(#3159));
#3159=SURFACE_STYLE_FILL_AREA(#3160);
#3160=FILL_AREA_STYLE('',(#3161));
#3161=FILL_AREA_STYLE_COLOUR('',#3162);
#3162=COLOUR_RGB('',0.349019607843138,0.376470588235294,0.4);
#3163=MANIFOLD_SOLID_BREP('Front_Cover',#3154);
#3164=SHAPE_DEFINITION_REPRESENTATION(#6405,#3165);
#3165=SHAPE_REPRESENTATION('Front_Cover',(#3166),#6400);
#3166=AXIS2_PLACEMENT_3D('',#4057,#3349,#3350);
#3167=AXIS2_PLACEMENT_3D('',#4058,#3351,#3352);
#3168=AXIS2_PLACEMENT_3D('',#4067,#3357,#3358);
#3169=AXIS2_PLACEMENT_3D('',#4076,#3363,#3364);
#3170=AXIS2_PLACEMENT_3D('',#4085,#3369,#3370);
#3171=AXIS2_PLACEMENT_3D('',#4094,#3375,#3376);
#3172=AXIS2_PLACEMENT_3D('',#4103,#3381,#3382);
#3173=AXIS2_PLACEMENT_3D('',#4112,#3387,#3388);
#3174=AXIS2_PLACEMENT_3D('',#4121,#3393,#3394);
#3175=AXIS2_PLACEMENT_3D('',#4127,#3398,#3399);
#3176=AXIS2_PLACEMENT_3D('',#4136,#3404,#3405);
#3177=AXIS2_PLACEMENT_3D('',#4142,#3409,#3410);
#3178=AXIS2_PLACEMENT_3D('',#4149,#3415,#3416);
#3179=AXIS2_PLACEMENT_3D('',#4152,#3419,#3420);
#3180=AXIS2_PLACEMENT_3D('',#4157,#3425,#3426);
#3181=AXIS2_PLACEMENT_3D('',#4162,#3431,#3432);
#3182=AXIS2_PLACEMENT_3D('',#4164,#3434,#3435);
#3183=AXIS2_PLACEMENT_3D('',#4165,#3436,#3437);
#3184=AXIS2_PLACEMENT_3D('',#4167,#3439,#3440);
#3185=AXIS2_PLACEMENT_3D('',#4168,#3441,#3442);
#3186=AXIS2_PLACEMENT_3D('',#4170,#3444,#3445);
#3187=AXIS2_PLACEMENT_3D('',#4172,#3447,#3448);
#3188=AXIS2_PLACEMENT_3D('',#4174,#3450,#3451);
#3189=AXIS2_PLACEMENT_3D('',#4176,#3453,#3454);
#3190=AXIS2_PLACEMENT_3D('',#4178,#3456,#3457);
#3191=AXIS2_PLACEMENT_3D('',#4180,#3459,#3460);
#3192=AXIS2_PLACEMENT_3D('',#4189,#3465,#3466);
#3193=AXIS2_PLACEMENT_3D('',#4193,#3468,#3469);
#3194=AXIS2_PLACEMENT_3D('',#4194,#3470,#3471);
#3195=AXIS2_PLACEMENT_3D('',#4195,#3472,#3473);
#3196=AXIS2_PLACEMENT_3D('',#4201,#3477,#3478);
#3197=AXIS2_PLACEMENT_3D('',#4202,#3479,#3480);
#3198=AXIS2_PLACEMENT_3D('',#4203,#3481,#3482);
#3199=AXIS2_PLACEMENT_3D('',#4204,#3483,#3484);
#3200=AXIS2_PLACEMENT_3D('',#4213,#3489,#3490);
#3201=AXIS2_PLACEMENT_3D('',#4217,#3492,#3493);
#3202=AXIS2_PLACEMENT_3D('',#4218,#3494,#3495);
#3203=AXIS2_PLACEMENT_3D('',#4219,#3496,#3497);
#3204=AXIS2_PLACEMENT_3D('',#4225,#3501,#3502);
#3205=AXIS2_PLACEMENT_3D('',#4226,#3503,#3504);
#3206=AXIS2_PLACEMENT_3D('',#4227,#3505,#3506);
#3207=AXIS2_PLACEMENT_3D('',#4228,#3507,#3508);
#3208=AXIS2_PLACEMENT_3D('',#4229,#3509,#3510);
#3209=AXIS2_PLACEMENT_3D('',#4231,#3511,#3512);
#3210=AXIS2_PLACEMENT_3D('',#4233,#3513,#3514);
#3211=AXIS2_PLACEMENT_3D('',#4368,#3521,#3522);
#3212=AXIS2_PLACEMENT_3D('',#4374,#3526,#3527);
#3213=AXIS2_PLACEMENT_3D('',#4506,#3533,#3534);
#3214=AXIS2_PLACEMENT_3D('',#4509,#3537,#3538);
#3215=AXIS2_PLACEMENT_3D('',#4606,#3547,#3548);
#3216=AXIS2_PLACEMENT_3D('',#4609,#3550,#3551);
#3217=AXIS2_PLACEMENT_3D('',#4613,#3553,#3554);
#3218=AXIS2_PLACEMENT_3D('',#4614,#3555,#3556);
#3219=AXIS2_PLACEMENT_3D('',#4627,#3561,#3562);
#3220=AXIS2_PLACEMENT_3D('',#4800,#3574,#3575);
#3221=AXIS2_PLACEMENT_3D('',#4808,#3580,#3581);
#3222=AXIS2_PLACEMENT_3D('',#4819,#3585,#3586);
#3223=AXIS2_PLACEMENT_3D('',#4823,#3588,#3589);
#3224=AXIS2_PLACEMENT_3D('',#4826,#3591,#3592);
#3225=AXIS2_PLACEMENT_3D('',#4827,#3593,#3594);
#3226=AXIS2_PLACEMENT_3D('',#4995,#3603,#3604);
#3227=AXIS2_PLACEMENT_3D('',#4998,#3607,#3608);
#3228=AXIS2_PLACEMENT_3D('',#5001,#3611,#3612);
#3229=AXIS2_PLACEMENT_3D('',#5003,#3614,#3615);
#3230=AXIS2_PLACEMENT_3D('',#5014,#3622,#3623);
#3231=AXIS2_PLACEMENT_3D('',#5015,#3624,#3625);
#3232=AXIS2_PLACEMENT_3D('',#5022,#3629,#3630);
#3233=AXIS2_PLACEMENT_3D('',#5028,#3634,#3635);
#3234=AXIS2_PLACEMENT_3D('',#5034,#3639,#3640);
#3235=AXIS2_PLACEMENT_3D('',#5040,#3644,#3645);
#3236=AXIS2_PLACEMENT_3D('',#5041,#3646,#3647);
#3237=AXIS2_PLACEMENT_3D('',#5094,#3651,#3652);
#3238=AXIS2_PLACEMENT_3D('',#5098,#3655,#3656);
#3239=AXIS2_PLACEMENT_3D('',#5107,#3659,#3660);
#3240=AXIS2_PLACEMENT_3D('',#5110,#3662,#3663);
#3241=AXIS2_PLACEMENT_3D('',#5115,#3666,#3667);
#3242=AXIS2_PLACEMENT_3D('',#5121,#3671,#3672);
#3243=AXIS2_PLACEMENT_3D('',#5127,#3676,#3677);
#3244=AXIS2_PLACEMENT_3D('',#5133,#3681,#3682);
#3245=AXIS2_PLACEMENT_3D('',#5134,#3683,#3684);
#3246=AXIS2_PLACEMENT_3D('',#5141,#3688,#3689);
#3247=AXIS2_PLACEMENT_3D('',#5149,#3692,#3693);
#3248=AXIS2_PLACEMENT_3D('',#5200,#3696,#3697);
#3249=AXIS2_PLACEMENT_3D('',#5203,#3699,#3700);
#3250=AXIS2_PLACEMENT_3D('',#5208,#3703,#3704);
#3251=AXIS2_PLACEMENT_3D('',#5214,#3708,#3709);
#3252=AXIS2_PLACEMENT_3D('',#5220,#3713,#3714);
#3253=AXIS2_PLACEMENT_3D('',#5226,#3718,#3719);
#3254=AXIS2_PLACEMENT_3D('',#5227,#3720,#3721);
#3255=AXIS2_PLACEMENT_3D('',#5231,#3724,#3725);
#3256=AXIS2_PLACEMENT_3D('',#5236,#3726,#3727);
#3257=AXIS2_PLACEMENT_3D('',#5239,#3730,#3731);
#3258=AXIS2_PLACEMENT_3D('',#5244,#3732,#3733);
#3259=AXIS2_PLACEMENT_3D('',#5249,#3734,#3735);
#3260=AXIS2_PLACEMENT_3D('',#5252,#3738,#3739);
#3261=AXIS2_PLACEMENT_3D('',#5257,#3740,#3741);
#3262=AXIS2_PLACEMENT_3D('',#5261,#3743,#3744);
#3263=AXIS2_PLACEMENT_3D('',#5262,#3745,#3746);
#3264=AXIS2_PLACEMENT_3D('',#5263,#3747,#3748);
#3265=AXIS2_PLACEMENT_3D('',#5264,#3749,#3750);
#3266=AXIS2_PLACEMENT_3D('',#5265,#3751,#3752);
#3267=AXIS2_PLACEMENT_3D('',#5270,#3753,#3754);
#3268=AXIS2_PLACEMENT_3D('',#5272,#3756,#3757);
#3269=AXIS2_PLACEMENT_3D('',#5274,#3759,#3760);
#3270=AXIS2_PLACEMENT_3D('',#5279,#3761,#3762);
#3271=AXIS2_PLACEMENT_3D('',#5280,#3763,#3764);
#3272=AXIS2_PLACEMENT_3D('',#5281,#3765,#3766);
#3273=AXIS2_PLACEMENT_3D('',#5437,#3771,#3772);
#3274=AXIS2_PLACEMENT_3D('',#5443,#3776,#3777);
#3275=AXIS2_PLACEMENT_3D('',#5454,#3781,#3782);
#3276=AXIS2_PLACEMENT_3D('',#5457,#3784,#3785);
#3277=AXIS2_PLACEMENT_3D('',#5462,#3788,#3789);
#3278=AXIS2_PLACEMENT_3D('',#5468,#3793,#3794);
#3279=AXIS2_PLACEMENT_3D('',#5474,#3798,#3799);
#3280=AXIS2_PLACEMENT_3D('',#5480,#3803,#3804);
#3281=AXIS2_PLACEMENT_3D('',#5481,#3805,#3806);
#3282=AXIS2_PLACEMENT_3D('',#5488,#3810,#3811);
#3283=AXIS2_PLACEMENT_3D('',#5499,#3815,#3816);
#3284=AXIS2_PLACEMENT_3D('',#5580,#3823,#3824);
#3285=AXIS2_PLACEMENT_3D('',#5582,#3826,#3827);
#3286=AXIS2_PLACEMENT_3D('',#5606,#3832,#3833);
#3287=AXIS2_PLACEMENT_3D('',#5609,#3836,#3837);
#3288=AXIS2_PLACEMENT_3D('',#5612,#3840,#3841);
#3289=AXIS2_PLACEMENT_3D('',#5618,#3842,#3843);
#3290=AXIS2_PLACEMENT_3D('',#5619,#3844,#3845);
#3291=AXIS2_PLACEMENT_3D('',#5621,#3847,#3848);
#3292=AXIS2_PLACEMENT_3D('',#5625,#3851,#3852);
#3293=AXIS2_PLACEMENT_3D('',#5630,#3853,#3854);
#3294=AXIS2_PLACEMENT_3D('',#5631,#3855,#3856);
#3295=AXIS2_PLACEMENT_3D('',#5632,#3857,#3858);
#3296=AXIS2_PLACEMENT_3D('',#5633,#3859,#3860);
#3297=AXIS2_PLACEMENT_3D('',#5639,#3864,#3865);
#3298=AXIS2_PLACEMENT_3D('',#5643,#3867,#3868);
#3299=AXIS2_PLACEMENT_3D('',#5647,#3870,#3871);
#3300=AXIS2_PLACEMENT_3D('',#5648,#3872,#3873);
#3301=AXIS2_PLACEMENT_3D('',#5654,#3877,#3878);
#3302=AXIS2_PLACEMENT_3D('',#5676,#3884,#3885);
#3303=AXIS2_PLACEMENT_3D('',#5710,#3889,#3890);
#3304=AXIS2_PLACEMENT_3D('',#5718,#3896,#3897);
#3305=AXIS2_PLACEMENT_3D('',#5787,#3902,#3903);
#3306=AXIS2_PLACEMENT_3D('',#5878,#3908,#3909);
#3307=AXIS2_PLACEMENT_3D('',#5884,#3912,#3913);
#3308=AXIS2_PLACEMENT_3D('',#5889,#3916,#3917);
#3309=AXIS2_PLACEMENT_3D('',#5893,#3919,#3920);
#3310=AXIS2_PLACEMENT_3D('',#5900,#3924,#3925);
#3311=AXIS2_PLACEMENT_3D('',#5906,#3927,#3928);
#3312=AXIS2_PLACEMENT_3D('',#5908,#3930,#3931);
#3313=AXIS2_PLACEMENT_3D('',#5911,#3934,#3935);
#3314=AXIS2_PLACEMENT_3D('',#5916,#3936,#3937);
#3315=AXIS2_PLACEMENT_3D('',#5924,#3940,#3941);
#3316=AXIS2_PLACEMENT_3D('',#5925,#3942,#3943);
#3317=AXIS2_PLACEMENT_3D('',#5930,#3944,#3945);
#3318=AXIS2_PLACEMENT_3D('',#5934,#3948,#3949);
#3319=AXIS2_PLACEMENT_3D('',#5936,#3951,#3952);
#3320=AXIS2_PLACEMENT_3D('',#5989,#3956,#3957);
#3321=AXIS2_PLACEMENT_3D('',#6013,#3960,#3961);
#3322=AXIS2_PLACEMENT_3D('',#6019,#3965,#3966);
#3323=AXIS2_PLACEMENT_3D('',#6025,#3970,#3971);
#3324=AXIS2_PLACEMENT_3D('',#6029,#3974,#3975);
#3325=AXIS2_PLACEMENT_3D('',#6101,#3979,#3980);
#3326=AXIS2_PLACEMENT_3D('',#6107,#3984,#3985);
#3327=AXIS2_PLACEMENT_3D('',#6135,#3986,#3987);
#3328=AXIS2_PLACEMENT_3D('',#6142,#3992,#3993);
#3329=AXIS2_PLACEMENT_3D('',#6144,#3995,#3996);
#3330=AXIS2_PLACEMENT_3D('',#6145,#3997,#3998);
#3331=AXIS2_PLACEMENT_3D('',#6155,#3999,#4000);
#3332=AXIS2_PLACEMENT_3D('',#6164,#4003,#4004);
#3333=AXIS2_PLACEMENT_3D('',#6167,#4006,#4007);
#3334=AXIS2_PLACEMENT_3D('',#6172,#4010,#4011);
#3335=AXIS2_PLACEMENT_3D('',#6178,#4015,#4016);
#3336=AXIS2_PLACEMENT_3D('',#6184,#4020,#4021);
#3337=AXIS2_PLACEMENT_3D('',#6190,#4025,#4026);
#3338=AXIS2_PLACEMENT_3D('',#6191,#4027,#4028);
#3339=AXIS2_PLACEMENT_3D('',#6198,#4032,#4033);
#3340=AXIS2_PLACEMENT_3D('',#6246,#4035,#4036);
#3341=AXIS2_PLACEMENT_3D('',#6247,#4037,#4038);
#3342=AXIS2_PLACEMENT_3D('',#6251,#4040,#4041);
#3343=AXIS2_PLACEMENT_3D('',#6383,#4043,#4044);
#3344=AXIS2_PLACEMENT_3D('',#6388,#4045,#4046);
#3345=AXIS2_PLACEMENT_3D('',#6390,#4048,#4049);
#3346=AXIS2_PLACEMENT_3D('',#6392,#4051,#4052);
#3347=AXIS2_PLACEMENT_3D('',#6397,#4053,#4054);
#3348=AXIS2_PLACEMENT_3D('',#6398,#4055,#4056);
#3349=DIRECTION('',(0.,0.,1.));
#3350=DIRECTION('',(1.,0.,0.));
#3351=DIRECTION('',(0.,-0.316227766016846,-0.948683298050511));
#3352=DIRECTION('',(1.,0.,0.));
#3353=DIRECTION('',(0.,0.948683298050511,-0.316227766016846));
#3354=DIRECTION('',(1.,0.,0.));
#3355=DIRECTION('',(-0.577350269189622,-0.774596669241484,0.258198889747168));
#3356=DIRECTION('',(-1.,0.,0.));
#3357=DIRECTION('',(0.,0.94868329805051,-0.316227766016849));
#3358=DIRECTION('',(-1.,0.,0.));
#3359=DIRECTION('',(0.,0.316227766016849,0.94868329805051));
#3360=DIRECTION('',(1.,0.,0.));
#3361=DIRECTION('',(-0.577350269189629,-0.258198889747169,-0.774596669241478));
#3362=DIRECTION('',(-1.,0.,0.));
#3363=DIRECTION('',(0.,-0.948683298050511,-0.316227766016846));
#3364=DIRECTION('',(-1.,0.,0.));
#3365=DIRECTION('',(0.,0.316227766016846,-0.948683298050511));
#3366=DIRECTION('',(1.,0.,0.));
#3367=DIRECTION('',(-0.577350269189637,0.258198889747165,-0.774596669241474));
#3368=DIRECTION('',(-1.,0.,0.));
#3369=DIRECTION('',(0.,0.316227766016846,-0.948683298050511));
#3370=DIRECTION('',(1.,0.,0.));
#3371=DIRECTION('',(0.,0.948683298050511,0.316227766016846));
#3372=DIRECTION('',(1.,0.,0.));
#3373=DIRECTION('',(-0.57735026918963,0.774596669241478,0.258198889747166));
#3374=DIRECTION('',(-1.,0.,0.));
#3375=DIRECTION('',(0.707106781186547,-0.316227766016838,0.632455532033676));
#3376=DIRECTION('',(0.,-0.894427190999916,-0.447213595499958));
#3377=DIRECTION('',(0.577350269189626,0.774596669241483,-0.258198889747161));
#3378=DIRECTION('',(0.,0.894427190999916,0.447213595499958));
#3379=DIRECTION('',(-0.707106781186548,-0.316227766016838,0.632455532033676));
#3380=DIRECTION('',(0.,-0.894427190999916,-0.447213595499958));
#3381=DIRECTION('',(-0.707106781186542,-0.31622776601684,0.632455532033681));
#3382=DIRECTION('',(0.,0.894427190999916,0.447213595499958));
#3383=DIRECTION('',(0.577350269189628,0.258198889747168,0.774596669241479));
#3384=DIRECTION('',(0.,0.894427190999916,0.447213595499958));
#3385=DIRECTION('',(-0.707106781186554,0.316227766016835,-0.632455532033671));
#3386=DIRECTION('',(0.,-0.894427190999916,-0.447213595499958));
#3387=DIRECTION('',(0.70710678118655,-0.316227766016837,-0.632455532033674));
#3388=DIRECTION('',(0.,0.894427190999916,-0.447213595499958));
#3389=DIRECTION('',(0.67859834454584,0.554888148509183,0.481251939657074));
#3390=DIRECTION('',(0.,-0.894427190999916,0.447213595499958));
#3391=DIRECTION('',(-0.707106781186545,-0.316227766016839,-0.632455532033678));
#3392=DIRECTION('',(0.,0.894427190999916,-0.447213595499958));
#3393=DIRECTION('',(-0.5,-0.130985829483111,0.856062329783657));
#3394=DIRECTION('',(-0.707106781186547,0.632455532033677,-0.316227766016838));
#3395=DIRECTION('',(0.,-0.988495633087384,-0.151249407824201));
#3396=DIRECTION('',(0.707106781186547,-0.632455532033677,0.316227766016838));
#3397=DIRECTION('',(-0.707106781186547,0.632455532033677,-0.316227766016838));
#3398=DIRECTION('',(-0.70710678118655,-0.316227766016837,-0.632455532033674));
#3399=DIRECTION('',(0.,-0.894427190999916,0.447213595499958));
#3400=DIRECTION('',(-0.67859834454584,0.0520686626201526,0.732661682601591));
#3401=DIRECTION('',(0.,-0.894427190999916,0.447213595499958));
#3402=DIRECTION('',(-0.707106781186545,0.316227766016839,0.632455532033678));
#3403=DIRECTION('',(0.,0.894427190999916,-0.447213595499958));
#3404=DIRECTION('',(0.5,0.763441361516793,0.408848734283704));
#3405=DIRECTION('',(-0.707106781186547,0.632455532033677,-0.316227766016838));
#3406=DIRECTION('',(0.,-0.472097853593068,0.881546151164429));
#3407=DIRECTION('',(0.707106781186547,-0.632455532033677,0.316227766016838));
#3408=DIRECTION('',(-0.707106781186547,0.632455532033677,-0.316227766016838));
#3409=DIRECTION('',(0.707106781186548,-0.632455532033676,-0.316227766016837));
#3410=DIRECTION('',(0.,0.447213595499957,-0.894427190999917));
#3411=DIRECTION('',(0.,0.447213595499957,-0.894427190999917));
#3412=DIRECTION('',(-0.707106781186547,-0.632455532033676,-0.316227766016838));
#3413=DIRECTION('',(0.,-0.447213595499957,0.894427190999917));
#3414=DIRECTION('',(0.707106781186547,0.632455532033676,0.316227766016838));
#3415=DIRECTION('',(0.707106781186549,0.632455532033675,-0.316227766016837));
#3416=DIRECTION('',(0.,0.447213595499957,0.894427190999916));
#3417=DIRECTION('',(0.,0.447213595499957,0.894427190999916));
#3418=DIRECTION('',(0.,-0.447213595499957,-0.894427190999916));
#3419=DIRECTION('',(0.707106781186549,-0.632455532033675,-0.316227766016837));
#3420=DIRECTION('',(0.,-0.447213595499958,0.894427190999916));
#3421=DIRECTION('',(0.707106781186547,0.632455532033677,0.316227766016838));
#3422=DIRECTION('',(-7.85046229341887E-17,-0.447213595499958,0.894427190999916));
#3423=DIRECTION('',(-0.707106781186547,-0.632455532033677,-0.316227766016838));
#3424=DIRECTION('',(0.,0.447213595499958,-0.894427190999916));
#3425=DIRECTION('',(-0.707106781186541,-0.632455532033682,0.316227766016841));
#3426=DIRECTION('',(0.,-0.447213595499959,-0.894427190999916));
#3427=DIRECTION('',(0.707106781186555,-0.63245553203367,0.316227766016835));
#3428=DIRECTION('',(0.,-0.447213595499958,-0.894427190999916));
#3429=DIRECTION('',(-0.707106781186555,0.63245553203367,-0.316227766016835));
#3430=DIRECTION('',(0.,0.447213595499958,0.894427190999916));
#3431=DIRECTION('',(-1.,0.,0.));
#3432=DIRECTION('',(0.,-1.,0.));
#3433=DIRECTION('',(0.,-0.447213595499959,-0.894427190999916));
#3434=DIRECTION('',(0.,-0.894427190999916,0.447213595499958));
#3435=DIRECTION('',(0.,-0.447213595499959,-0.894427190999916));
#3436=DIRECTION('',(-1.,0.,0.));
#3437=DIRECTION('',(0.,-1.,0.));
#3438=DIRECTION('',(0.,0.447213595499958,-0.894427190999916));
#3439=DIRECTION('',(0.,-0.894427190999916,-0.447213595499958));
#3440=DIRECTION('',(0.,0.447213595499958,-0.894427190999916));
#3441=DIRECTION('',(0.,0.894427190999916,0.447213595499958));
#3442=DIRECTION('',(0.,-0.447213595499958,0.894427190999916));
#3443=DIRECTION('',(0.,0.447213595499958,-0.894427190999916));
#3444=DIRECTION('',(0.,0.447213595499958,-0.894427190999916));
#3445=DIRECTION('',(0.,0.894427190999916,0.447213595499958));
#3446=DIRECTION('',(0.,-0.894427190999916,-0.447213595499958));
#3447=DIRECTION('',(0.,0.447213595499958,-0.894427190999916));
#3448=DIRECTION('',(0.,0.894427190999916,0.447213595499958));
#3449=DIRECTION('',(0.,-0.894427190999916,-0.447213595499958));
#3450=DIRECTION('',(0.,0.447213595499958,0.894427190999916));
#3451=DIRECTION('',(0.,-0.894427190999916,0.447213595499958));
#3452=DIRECTION('',(0.,0.894427190999916,-0.447213595499958));
#3453=DIRECTION('',(0.,0.894427190999916,-0.447213595499958));
#3454=DIRECTION('',(0.,0.447213595499958,0.894427190999916));
#3455=DIRECTION('',(0.,-0.447213595499958,-0.894427190999916));
#3456=DIRECTION('',(0.,0.447213595499958,0.894427190999916));
#3457=DIRECTION('',(0.,-0.894427190999916,0.447213595499958));
#3458=DIRECTION('',(0.,0.894427190999916,-0.447213595499958));
#3459=DIRECTION('',(0.,-0.894427190999916,0.447213595499958));
#3460=DIRECTION('',(0.,-0.447213595499958,-0.894427190999916));
#3461=DIRECTION('',(0.,-0.447213595499958,-0.894427190999916));
#3462=DIRECTION('',(1.,0.,0.));
#3463=DIRECTION('',(0.,-0.447213595499958,-0.894427190999916));
#3464=DIRECTION('',(1.,0.,0.));
#3465=DIRECTION('',(1.,0.,0.));
#3466=DIRECTION('',(0.,0.,-1.));
#3467=DIRECTION('',(1.,0.,0.));
#3468=DIRECTION('',(1.,0.,0.));
#3469=DIRECTION('',(0.,0.,-1.));
#3470=DIRECTION('',(1.,0.,0.));
#3471=DIRECTION('',(0.,0.,-1.));
#3472=DIRECTION('',(0.,-0.894427190999916,0.447213595499958));
#3473=DIRECTION('',(0.,-0.447213595499958,-0.894427190999916));
#3474=DIRECTION('',(1.,0.,0.));
#3475=DIRECTION('',(0.,-0.447213595499958,-0.894427190999916));
#3476=DIRECTION('',(0.,-0.447213595499958,-0.894427190999916));
#3477=DIRECTION('',(1.,0.,0.));
#3478=DIRECTION('',(0.,0.,-1.));
#3479=DIRECTION('',(1.,0.,0.));
#3480=DIRECTION('',(0.,0.,-1.));
#3481=DIRECTION('',(1.,0.,0.));
#3482=DIRECTION('',(0.,0.,-1.));
#3483=DIRECTION('',(0.,-0.894427190999916,0.447213595499958));
#3484=DIRECTION('',(0.,-0.447213595499958,-0.894427190999916));
#3485=DIRECTION('',(0.,-0.447213595499958,-0.894427190999916));
#3486=DIRECTION('',(1.,0.,0.));
#3487=DIRECTION('',(0.,-0.447213595499958,-0.894427190999916));
#3488=DIRECTION('',(1.,0.,0.));
#3489=DIRECTION('',(1.,0.,0.));
#3490=DIRECTION('',(0.,0.,-1.));
#3491=DIRECTION('',(1.,0.,0.));
#3492=DIRECTION('',(1.,0.,0.));
#3493=DIRECTION('',(0.,0.,-1.));
#3494=DIRECTION('',(1.,0.,0.));
#3495=DIRECTION('',(0.,0.,-1.));
#3496=DIRECTION('',(0.,-0.894427190999916,0.447213595499958));
#3497=DIRECTION('',(0.,-0.447213595499958,-0.894427190999916));
#3498=DIRECTION('',(1.,0.,0.));
#3499=DIRECTION('',(0.,-0.447213595499958,-0.894427190999916));
#3500=DIRECTION('',(0.,-0.447213595499958,-0.894427190999916));
#3501=DIRECTION('',(1.,0.,0.));
#3502=DIRECTION('',(0.,0.,-1.));
#3503=DIRECTION('',(1.,0.,0.));
#3504=DIRECTION('',(0.,0.,-1.));
#3505=DIRECTION('',(1.,0.,0.));
#3506=DIRECTION('',(0.,0.,-1.));
#3507=DIRECTION('',(1.,0.,0.));
#3508=DIRECTION('',(0.,0.,-1.));
#3509=DIRECTION('',(1.,0.,0.));
#3510=DIRECTION('',(0.,0.,-1.));
#3511=DIRECTION('',(1.,0.,0.));
#3512=DIRECTION('',(0.,0.,-1.));
#3513=DIRECTION('',(-0.707106781186548,0.707106781186548,0.));
#3514=DIRECTION('',(0.,0.,-1.));
#3515=DIRECTION('',(-0.707106781186534,-0.707106781186561,0.));
#3516=DIRECTION('',(0.,0.,1.));
#3517=DIRECTION('',(0.707106781186552,0.707106781186543,0.));
#3518=DIRECTION('',(0.,0.,-1.));
#3519=DIRECTION('',(-0.707106781186534,0.,-0.707106781186561));
#3520=DIRECTION('',(0.707106781187343,0.,-0.707106781185752));
#3521=DIRECTION('',(-0.707106781186548,0.,0.707106781186548));
#3522=DIRECTION('',(0.,1.,0.));
#3523=DIRECTION('',(0.707106781186534,0.,0.707106781186561));
#3524=DIRECTION('',(0.,1.,0.));
#3525=DIRECTION('',(0.,-1.,0.));
#3526=DIRECTION('',(0.707106781186548,0.,0.707106781186548));
#3527=DIRECTION('',(0.,-1.,0.));
#3528=DIRECTION('',(-0.707106781187343,0.,0.707106781185752));
#3529=DIRECTION('',(0.,1.,0.));
#3530=DIRECTION('',(0.,-1.,0.));
#3531=DIRECTION('',(-0.707106781186534,0.707106781186561,0.));
#3532=DIRECTION('',(0.707106781186534,-0.707106781186561,0.));
#3533=DIRECTION('',(0.707106781186548,0.707106781186548,0.));
#3534=DIRECTION('',(0.,0.,1.));
#3535=DIRECTION('',(0.,0.,-1.));
#3536=DIRECTION('',(0.,0.,1.));
#3537=DIRECTION('',(0.,0.707106781186548,-0.707106781186548));
#3538=DIRECTION('',(-1.,0.,0.));
#3539=DIRECTION('',(-1.,0.,0.));
#3540=DIRECTION('',(0.577350269189626,0.577350269189626,0.577350269189626));
#3541=DIRECTION('',(0.,0.707106781186548,0.707106781186548));
#3542=DIRECTION('',(1.,0.,0.));
#3543=DIRECTION('',(1.,0.,0.));
#3544=DIRECTION('',(-1.,0.,0.));
#3545=DIRECTION('',(0.707106781186548,0.,0.707106781186548));
#3546=DIRECTION('',(-0.707106781186548,-0.707106781186548,0.));
#3547=DIRECTION('',(0.,0.,1.));
#3548=DIRECTION('',(0.,-1.,0.));
#3549=DIRECTION('',(0.,-2.89120579329468E-16,1.));
#3550=DIRECTION('',(0.,0.,-1.));
#3551=DIRECTION('',(1.,0.,0.));
#3552=DIRECTION('',(0.,-2.89120579329468E-16,1.));
#3553=DIRECTION('',(0.,0.,-1.));
#3554=DIRECTION('',(1.,0.,0.));
#3555=DIRECTION('',(0.,-0.707106781186548,-0.707106781186548));
#3556=DIRECTION('',(1.,0.,0.));
#3557=DIRECTION('',(-1.,0.,0.));
#3558=DIRECTION('',(0.,0.707106781186548,-0.707106781186548));
#3559=DIRECTION('',(0.577350269189626,0.577350269189626,-0.577350269189626));
#3560=DIRECTION('',(1.,0.,0.));
#3561=DIRECTION('',(0.707106781186548,-0.707106781186548,0.));
#3562=DIRECTION('',(0.,0.,-1.));
#3563=DIRECTION('',(0.,0.,-1.));
#3564=DIRECTION('',(0.707106781186548,0.707106781186548,0.));
#3565=DIRECTION('',(0.,0.,1.));
#3566=DIRECTION('',(1.,0.,0.));
#3567=DIRECTION('',(-1.,0.,0.));
#3568=DIRECTION('',(-0.707106781186548,0.,0.707106781186548));
#3569=DIRECTION('',(0.707106781186548,-0.707106781186548,0.));
#3570=DIRECTION('',(1.,0.,0.));
#3571=DIRECTION('',(-1.,0.,0.));
#3572=DIRECTION('',(-1.,0.,0.));
#3573=DIRECTION('',(1.,0.,0.));
#3574=DIRECTION('',(-0.707106781186548,-0.707106781186548,0.));
#3575=DIRECTION('',(0.,0.,1.));
#3576=DIRECTION('',(-0.577350269189633,0.577350269189633,0.577350269189612));
#3577=DIRECTION('',(0.,0.,-1.));
#3578=DIRECTION('',(-0.707106781186548,0.707106781186548,0.));
#3579=DIRECTION('',(0.,0.,1.));
#3580=DIRECTION('',(0.,-0.707106781186548,0.707106781186548));
#3581=DIRECTION('',(-1.,0.,0.));
#3582=DIRECTION('',(-1.,0.,0.));
#3583=DIRECTION('',(0.,-0.70710678118656,-0.707106781186535));
#3584=DIRECTION('',(1.,0.,0.));
#3585=DIRECTION('',(0.,0.,-1.));
#3586=DIRECTION('',(1.,0.,0.));
#3587=DIRECTION('',(0.,0.,-1.));
#3588=DIRECTION('',(0.,0.,1.));
#3589=DIRECTION('',(-1.,0.,0.));
#3590=DIRECTION('',(0.,0.,-1.));
#3591=DIRECTION('',(0.,0.,-1.));
#3592=DIRECTION('',(1.,0.,0.));
#3593=DIRECTION('',(0.,-0.707106781186548,-0.707106781186548));
#3594=DIRECTION('',(1.,0.,0.));
#3595=DIRECTION('',(0.,0.707106781186535,-0.70710678118656));
#3596=DIRECTION('',(0.577350269189592,-0.577350269189633,0.577350269189653));
#3597=DIRECTION('',(1.,0.,0.));
#3598=DIRECTION('',(-1.,0.,0.));
#3599=DIRECTION('',(0.707106781186548,-0.707106781186548,0.));
#3600=DIRECTION('',(-0.707106781186548,0.,-0.707106781186548));
#3601=DIRECTION('',(-0.707106781186548,-0.707106781186548,0.));
#3602=DIRECTION('',(0.707106781186548,0.,-0.707106781186548));
#3603=DIRECTION('',(0.707106781186548,0.,0.707106781186548));
#3604=DIRECTION('',(0.,-1.,0.));
#3605=DIRECTION('',(0.,1.,0.));
#3606=DIRECTION('',(0.,-1.,0.));
#3607=DIRECTION('',(-0.707106781186548,0.,0.707106781186548));
#3608=DIRECTION('',(0.,1.,0.));
#3609=DIRECTION('',(0.,1.,0.));
#3610=DIRECTION('',(0.,-1.,0.));
#3611=DIRECTION('',(0.,0.,-1.));
#3612=DIRECTION('',(1.,0.,0.));
#3613=DIRECTION('',(0.,1.,0.));
#3614=DIRECTION('',(0.,0.,-1.));
#3615=DIRECTION('',(0.,1.,0.));
#3616=DIRECTION('',(0.,-1.,-1.20676415720126E-16));
#3617=DIRECTION('',(-1.,0.,0.));
#3618=DIRECTION('',(0.,-1.,7.2280144832367E-17));
#3619=DIRECTION('',(1.,0.,0.));
#3620=DIRECTION('',(0.,-1.,-1.20676415720126E-16));
#3621=DIRECTION('',(0.,-1.,-1.20676415720126E-16));
#3622=DIRECTION('',(0.,0.,-1.));
#3623=DIRECTION('',(1.,0.,0.));
#3624=DIRECTION('',(0.,0.,1.));
#3625=DIRECTION('',(-1.,0.,0.));
#3626=DIRECTION('',(0.,1.,0.));
#3627=DIRECTION('',(0.707106781186548,0.707106781186548,0.));
#3628=DIRECTION('',(0.,-1.,0.));
#3629=DIRECTION('',(0.5,-0.5,0.707106781186546));
#3630=DIRECTION('',(0.707106781186548,0.707106781186548,0.));
#3631=DIRECTION('',(-0.67859834454585,0.281084637714805,0.67859834454585));
#3632=DIRECTION('',(0.707106781186548,0.707106781186548,0.));
#3633=DIRECTION('',(0.,-0.816496580927721,-0.577350269189633));
#3634=DIRECTION('',(0.707106781186548,-0.707106781186548,0.));
#3635=DIRECTION('',(0.,0.,-1.));
#3636=DIRECTION('',(0.,0.,1.));
#3637=DIRECTION('',(0.,0.,1.));
#3638=DIRECTION('',(-0.707106781186548,-0.707106781186548,0.));
#3639=DIRECTION('',(0.500000000000007,-0.500000000000007,-0.707106781186537));
#3640=DIRECTION('',(-0.707106781186548,-0.707106781186548,0.));
#3641=DIRECTION('',(0.,0.816496580927718,-0.577350269189637));
#3642=DIRECTION('',(-0.678598344545852,0.281084637714795,-0.678598344545852));
#3643=DIRECTION('',(-0.707106781186548,-0.707106781186548,0.));
#3644=DIRECTION('',(0.,0.,-1.));
#3645=DIRECTION('',(0.,1.,0.));
#3646=DIRECTION('',(0.,0.,-1.));
#3647=DIRECTION('',(1.,0.,0.));
#3648=DIRECTION('',(0.,-1.,0.));
#3649=DIRECTION('',(0.,-1.,0.));
#3650=DIRECTION('',(0.707106781186548,0.,0.707106781186548));
#3651=DIRECTION('',(0.707106781186548,8.53311118849876E-17,-0.707106781186548));
#3652=DIRECTION('',(0.,-1.,-1.20676415720126E-16));
#3653=DIRECTION('',(-0.577350269189625,-0.577350269189628,-0.577350269189625));
#3654=DIRECTION('',(0.,1.,1.20676415720126E-16));
#3655=DIRECTION('',(0.,-0.707106781186548,0.707106781186548));
#3656=DIRECTION('',(-1.,0.,0.));
#3657=DIRECTION('',(-1.,0.,0.));
#3658=DIRECTION('',(0.,-0.707106781186549,-0.707106781186546));
#3659=DIRECTION('',(0.,-1.,7.2280144832367E-17));
#3660=DIRECTION('',(0.,-7.2280144832367E-17,-1.));
#3661=DIRECTION('',(0.,7.2280144832367E-17,1.));
#3662=DIRECTION('',(0.,-1.,7.2280144832367E-17));
#3663=DIRECTION('',(0.,7.2280144832367E-17,1.));
#3664=DIRECTION('',(0.,-7.2280144832367E-17,-1.));
#3665=DIRECTION('',(0.707106781186547,-5.11097805561125E-17,-0.707106781186548));
#3666=DIRECTION('',(-0.5,-0.707106781186546,-0.5));
#3667=DIRECTION('',(-0.707106781186547,5.11097805561125E-17,0.707106781186548));
#3668=DIRECTION('',(0.,0.57735026918963,-0.816496580927723));
#3669=DIRECTION('',(0.678598344545848,-0.67859834454585,0.281084637714811));
#3670=DIRECTION('',(0.707106781186547,-5.11097805561125E-17,-0.707106781186548));
#3671=DIRECTION('',(0.707106781186548,0.,0.707106781186548));
#3672=DIRECTION('',(0.,-1.,0.));
#3673=DIRECTION('',(0.,1.,0.));
#3674=DIRECTION('',(-0.707106781186547,0.,0.707106781186548));
#3675=DIRECTION('',(0.,1.,0.));
#3676=DIRECTION('',(0.5,-0.707106781186549,0.5));
#3677=DIRECTION('',(-0.707106781186547,0.,0.707106781186548));
#3678=DIRECTION('',(0.,-0.57735026918962,-0.81649658092773));
#3679=DIRECTION('',(-0.678598344545838,-0.678598344545847,-0.281084637714842));
#3680=DIRECTION('',(-0.707106781186547,0.,0.707106781186548));
#3681=DIRECTION('',(0.,-1.,0.));
#3682=DIRECTION('',(0.,0.,-1.));
#3683=DIRECTION('',(0.,-1.,0.));
#3684=DIRECTION('',(0.,0.,1.));
#3685=DIRECTION('',(1.,0.,0.));
#3686=DIRECTION('',(0.,0.,1.));
#3687=DIRECTION('',(0.,0.,1.));
#3688=DIRECTION('',(0.,-0.707106781186548,-0.707106781186548));
#3689=DIRECTION('',(1.,0.,0.));
#3690=DIRECTION('',(-0.577350269189625,0.577350269189628,-0.577350269189625));
#3691=DIRECTION('',(0.,0.70710678118655,-0.707106781186545));
#3692=DIRECTION('',(0.707106781186548,8.53311118849876E-17,-0.707106781186548));
#3693=DIRECTION('',(0.,-1.,-1.20676415720126E-16));
#3694=DIRECTION('',(-0.707106781186548,0.,-0.707106781186548));
#3695=DIRECTION('',(0.,1.,1.20676415720126E-16));
#3696=DIRECTION('',(0.,0.,-1.));
#3697=DIRECTION('',(0.,1.,0.));
#3698=DIRECTION('',(0.,-1.,-2.89120579329468E-16));
#3699=DIRECTION('',(0.,2.89120579329468E-16,-1.));
#3700=DIRECTION('',(0.,-1.,-2.89120579329468E-16));
#3701=DIRECTION('',(0.,-1.,-2.89120579329468E-16));
#3702=DIRECTION('',(0.707106781186548,-0.707106781186548,-2.0443912222445E-16));
#3703=DIRECTION('',(-0.500000000000007,-0.500000000000007,0.707106781186538));
#3704=DIRECTION('',(0.707106781186548,-0.707106781186548,-2.0443912222445E-16));
#3705=DIRECTION('',(0.678598344545855,0.281084637714792,0.678598344545851));
#3706=DIRECTION('',(-0.707106781186548,0.707106781186548,2.0443912222445E-16));
#3707=DIRECTION('',(0.,-0.816496580927719,-0.577350269189636));
#3708=DIRECTION('',(-0.707106781186548,-0.707106781186548,0.));
#3709=DIRECTION('',(0.,0.,1.));
#3710=DIRECTION('',(0.707106781186548,-0.707106781186548,0.));
#3711=DIRECTION('',(0.,0.,-1.));
#3712=DIRECTION('',(0.,0.,-1.));
#3713=DIRECTION('',(0.500000000000008,0.500000000000008,0.707106781186537));
#3714=DIRECTION('',(0.707106781186548,-0.707106781186548,0.));
#3715=DIRECTION('',(-0.678598344545853,-0.281084637714794,0.678598344545853));
#3716=DIRECTION('',(-0.707106781186548,0.707106781186548,0.));
#3717=DIRECTION('',(0.,-0.816496580927718,0.577350269189638));
#3718=DIRECTION('',(0.,0.,-1.));
#3719=DIRECTION('',(1.,0.,0.));
#3720=DIRECTION('',(0.,0.,-1.));
#3721=DIRECTION('',(1.,0.,0.));
#3722=DIRECTION('',(0.,1.,0.));
#3723=DIRECTION('',(0.,1.,0.));
#3724=DIRECTION('',(0.,0.,1.));
#3725=DIRECTION('',(-1.,0.,0.));
#3726=DIRECTION('',(-1.,0.,0.));
#3727=DIRECTION('',(0.,1.,0.));
#3728=DIRECTION('',(0.,-1.,0.));
#3729=DIRECTION('',(0.,1.,2.89120579329468E-16));
#3730=DIRECTION('',(0.,0.,-1.));
#3731=DIRECTION('',(1.,0.,0.));
#3732=DIRECTION('',(0.,0.,-1.));
#3733=DIRECTION('',(1.,0.,0.));
#3734=DIRECTION('',(-1.,0.,0.));
#3735=DIRECTION('',(0.,1.,0.));
#3736=DIRECTION('',(0.,-1.,0.));
#3737=DIRECTION('',(0.,1.,0.));
#3738=DIRECTION('',(0.,0.,1.));
#3739=DIRECTION('',(-1.,0.,0.));
#3740=DIRECTION('',(0.,-1.,7.2280144832367E-17));
#3741=DIRECTION('',(0.,-7.2280144832367E-17,-1.));
#3742=DIRECTION('',(0.,-1.,7.2280144832367E-17));
#3743=DIRECTION('',(0.,-1.,0.));
#3744=DIRECTION('',(0.,0.,1.));
#3745=DIRECTION('',(0.,-1.,0.));
#3746=DIRECTION('',(0.,0.,1.));
#3747=DIRECTION('',(0.707106781186548,0.,0.707106781186548));
#3748=DIRECTION('',(0.,-1.,0.));
#3749=DIRECTION('',(-0.707106781186548,0.,0.707106781186548));
#3750=DIRECTION('',(1.44560289664734E-16,1.,1.44560289664734E-16));
#3751=DIRECTION('',(0.,1.,0.));
#3752=DIRECTION('',(0.,0.,-1.));
#3753=DIRECTION('',(0.707106781186548,0.707106781186548,0.));
#3754=DIRECTION('',(-3.61400724161835E-17,3.61400724161835E-17,1.));
#3755=DIRECTION('',(0.,7.2280144832367E-17,1.));
#3756=DIRECTION('',(-1.,0.,0.));
#3757=DIRECTION('',(0.,1.,0.));
#3758=DIRECTION('',(0.,0.,-1.));
#3759=DIRECTION('',(-0.707106781186548,0.707106781186548,0.));
#3760=DIRECTION('',(0.,0.,-1.));
#3761=DIRECTION('',(0.,-1.,0.));
#3762=DIRECTION('',(0.,0.,1.));
#3763=DIRECTION('',(-0.707106781186548,0.,0.707106781186548));
#3764=DIRECTION('',(1.44560289664734E-16,1.,1.44560289664734E-16));
#3765=DIRECTION('',(0.707106781186548,0.,0.707106781186548));
#3766=DIRECTION('',(0.,-1.,0.));
#3767=DIRECTION('',(-0.707106781186548,0.707106781186548,0.));
#3768=DIRECTION('',(0.707106781186546,0.,0.707106781186549));
#3769=DIRECTION('',(0.707106781186542,0.707106781186554,0.));
#3770=DIRECTION('',(-0.707106781186546,0.,0.707106781186549));
#3771=DIRECTION('',(0.707106781186548,-0.707106781186548,0.));
#3772=DIRECTION('',(0.,0.,-1.));
#3773=DIRECTION('',(0.577350269189624,0.577350269189624,-0.577350269189629));
#3774=DIRECTION('',(0.,0.,-1.));
#3775=DIRECTION('',(0.,0.,1.));
#3776=DIRECTION('',(0.,-0.707106781186548,-0.707106781186548));
#3777=DIRECTION('',(1.,0.,0.));
#3778=DIRECTION('',(-1.,0.,0.));
#3779=DIRECTION('',(0.,0.707106781186545,-0.707106781186551));
#3780=DIRECTION('',(1.,0.,0.));
#3781=DIRECTION('',(0.,0.,-1.));
#3782=DIRECTION('',(1.,0.,0.));
#3783=DIRECTION('',(0.,1.,0.));
#3784=DIRECTION('',(0.,0.,-1.));
#3785=DIRECTION('',(1.,0.,0.));
#3786=DIRECTION('',(0.,-1.,0.));
#3787=DIRECTION('',(0.707106781186548,-0.707106781186548,0.));
#3788=DIRECTION('',(-0.500000000000007,-0.500000000000007,0.707106781186538));
#3789=DIRECTION('',(-0.707106781186548,0.707106781186548,0.));
#3790=DIRECTION('',(0.678598344545848,0.281084637714804,0.678598344545853));
#3791=DIRECTION('',(-0.707106781186548,0.707106781186548,0.));
#3792=DIRECTION('',(0.,-0.816496580927719,-0.577350269189636));
#3793=DIRECTION('',(-0.707106781186548,-0.707106781186548,0.));
#3794=DIRECTION('',(0.,0.,1.));
#3795=DIRECTION('',(0.,0.,-1.));
#3796=DIRECTION('',(0.,0.,-1.));
#3797=DIRECTION('',(0.707106781186548,-0.707106781186548,0.));
#3798=DIRECTION('',(0.5,0.5,0.707106781186546));
#3799=DIRECTION('',(-0.707106781186548,0.707106781186548,0.));
#3800=DIRECTION('',(-0.67859834454585,-0.281084637714805,0.67859834454585));
#3801=DIRECTION('',(-0.707106781186548,0.707106781186548,0.));
#3802=DIRECTION('',(0.,-0.816496580927721,0.577350269189633));
#3803=DIRECTION('',(0.,0.,-1.));
#3804=DIRECTION('',(1.,0.,0.));
#3805=DIRECTION('',(0.,0.,-1.));
#3806=DIRECTION('',(1.,0.,0.));
#3807=DIRECTION('',(1.,0.,0.));
#3808=DIRECTION('',(0.,-1.,0.));
#3809=DIRECTION('',(0.,1.,0.));
#3810=DIRECTION('',(0.,0.707106781186548,-0.707106781186548));
#3811=DIRECTION('',(-1.,0.,0.));
#3812=DIRECTION('',(-1.,0.,0.));
#3813=DIRECTION('',(0.577350269189626,0.577350269189626,0.577350269189626));
#3814=DIRECTION('',(0.,0.707106781186548,0.707106781186548));
#3815=DIRECTION('',(0.707106781186548,-0.707106781186548,0.));
#3816=DIRECTION('',(0.,0.,-1.));
#3817=DIRECTION('',(-0.707106781186548,-0.707106781186548,0.));
#3818=DIRECTION('',(0.,0.,-1.));
#3819=DIRECTION('',(0.,0.,1.));
#3820=DIRECTION('',(0.707106781186548,0.,-0.707106781186548));
#3821=DIRECTION('',(1.,0.,0.));
#3822=DIRECTION('',(-1.,0.,0.));
#3823=DIRECTION('',(0.,-1.,0.));
#3824=DIRECTION('',(0.,0.,-1.));
#3825=DIRECTION('',(0.,0.,-1.));
#3826=DIRECTION('',(0.707106781186548,-0.707106781186548,0.));
#3827=DIRECTION('',(0.,0.,-1.));
#3828=DIRECTION('',(0.,0.,-1.));
#3829=DIRECTION('',(0.,0.,1.));
#3830=DIRECTION('',(1.,0.,0.));
#3831=DIRECTION('',(-1.,0.,0.));
#3832=DIRECTION('',(0.,-1.,0.));
#3833=DIRECTION('',(0.,0.,-1.));
#3834=DIRECTION('',(0.,0.,1.));
#3835=DIRECTION('',(0.,-2.89120579329468E-16,1.));
#3836=DIRECTION('',(0.707106781186548,0.707106781186548,0.));
#3837=DIRECTION('',(0.,0.,-1.));
#3838=DIRECTION('',(0.,0.,-1.));
#3839=DIRECTION('',(0.,0.,1.));
#3840=DIRECTION('',(0.,0.,-1.));
#3841=DIRECTION('',(1.,0.,0.));
#3842=DIRECTION('',(0.,0.,-1.));
#3843=DIRECTION('',(1.,0.,0.));
#3844=DIRECTION('',(-0.707106781186548,0.,0.707106781186548));
#3845=DIRECTION('',(0.,1.,0.));
#3846=DIRECTION('',(0.,1.,0.));
#3847=DIRECTION('',(-1.,0.,0.));
#3848=DIRECTION('',(0.,1.,0.));
#3849=DIRECTION('',(0.,-2.89120579329468E-16,1.));
#3850=DIRECTION('',(0.,-1.,0.));
#3851=DIRECTION('',(0.707106781186548,0.,0.707106781186548));
#3852=DIRECTION('',(0.,-1.,0.));
#3853=DIRECTION('',(0.,0.,1.));
#3854=DIRECTION('',(-1.,0.,0.));
#3855=DIRECTION('',(0.,0.,-1.));
#3856=DIRECTION('',(1.,0.,0.));
#3857=DIRECTION('',(0.,0.,1.));
#3858=DIRECTION('',(0.,-1.,0.));
#3859=DIRECTION('',(-0.707106781186548,0.,-0.707106781186548));
#3860=DIRECTION('',(0.707106781186548,0.,-0.707106781186548));
#3861=DIRECTION('',(0.707106781186546,0.,-0.707106781186549));
#3862=DIRECTION('',(0.,1.,0.));
#3863=DIRECTION('',(0.,1.,0.));
#3864=DIRECTION('',(0.,0.,-1.));
#3865=DIRECTION('',(1.,0.,0.));
#3866=DIRECTION('',(0.,0.,-1.));
#3867=DIRECTION('',(0.,0.,1.));
#3868=DIRECTION('',(-1.,0.,0.));
#3869=DIRECTION('',(0.,0.,-1.));
#3870=DIRECTION('',(0.,0.,-1.));
#3871=DIRECTION('',(1.,0.,0.));
#3872=DIRECTION('',(-1.,0.,0.));
#3873=DIRECTION('',(0.,1.,0.));
#3874=DIRECTION('',(0.,1.,0.));
#3875=DIRECTION('',(0.,0.,1.));
#3876=DIRECTION('',(0.,-1.,0.));
#3877=DIRECTION('',(0.707106781186548,-0.707106781186548,0.));
#3878=DIRECTION('',(0.,0.,-1.));
#3879=DIRECTION('',(-0.707106781186548,-0.707106781186548,0.));
#3880=DIRECTION('',(0.,0.,1.));
#3881=DIRECTION('',(0.707106781186548,0.707106781186548,0.));
#3882=DIRECTION('',(1.,0.,0.));
#3883=DIRECTION('',(-1.,0.,0.));
#3884=DIRECTION('',(0.,-1.,0.));
#3885=DIRECTION('',(0.,0.,-1.));
#3886=DIRECTION('',(0.,0.,-1.));
#3887=DIRECTION('',(1.,0.,0.));
#3888=DIRECTION('',(-1.,0.,0.));
#3889=DIRECTION('',(0.,-1.,0.));
#3890=DIRECTION('',(0.,0.,-1.));
#3891=DIRECTION('',(0.,0.,1.));
#3892=DIRECTION('',(0.,0.,-1.));
#3893=DIRECTION('',(-1.,0.,0.));
#3894=DIRECTION('',(1.,0.,0.));
#3895=DIRECTION('',(0.,0.,-1.));
#3896=DIRECTION('',(0.707106781186548,0.707106781186548,0.));
#3897=DIRECTION('',(0.,0.,-1.));
#3898=DIRECTION('',(-0.707106781186548,0.707106781186548,0.));
#3899=DIRECTION('',(0.,0.,-1.));
#3900=DIRECTION('',(0.,0.,1.));
#3901=DIRECTION('',(0.707106781186548,0.,-0.707106781186548));
#3902=DIRECTION('',(0.707106781186548,-0.707106781186548,0.));
#3903=DIRECTION('',(0.,0.,-1.));
#3904=DIRECTION('',(0.707106781186542,0.707106781186554,0.));
#3905=DIRECTION('',(0.,0.,-1.));
#3906=DIRECTION('',(0.,0.,1.));
#3907=DIRECTION('',(-0.707106781186542,0.,-0.707106781186554));
#3908=DIRECTION('',(0.,0.,-1.));
#3909=DIRECTION('',(1.,0.,0.));
#3910=DIRECTION('',(0.,-1.,0.));
#3911=DIRECTION('',(-1.,0.,0.));
#3912=DIRECTION('',(0.,0.,-1.));
#3913=DIRECTION('',(1.,0.,0.));
#3914=DIRECTION('',(0.,1.,0.));
#3915=DIRECTION('',(0.707106781186548,0.707106781186548,0.));
#3916=DIRECTION('',(0.,0.,-1.));
#3917=DIRECTION('',(1.,0.,0.));
#3918=DIRECTION('',(0.,-1.,0.));
#3919=DIRECTION('',(0.,0.,1.));
#3920=DIRECTION('',(-1.,0.,0.));
#3921=DIRECTION('',(1.,0.,0.));
#3922=DIRECTION('',(0.,-1.,0.));
#3923=DIRECTION('',(-0.707106781186548,-0.707106781186548,0.));
#3924=DIRECTION('',(-0.707106781186548,0.,0.707106781186548));
#3925=DIRECTION('',(0.,1.,0.));
#3926=DIRECTION('',(0.678598344545849,-0.281084637714796,0.678598344545855));
#3927=DIRECTION('',(-0.500000000000009,0.500000000000009,0.707106781186535));
#3928=DIRECTION('',(-0.707106781186548,-0.707106781186548,0.));
#3929=DIRECTION('',(0.,-0.816496580927717,0.577350269189639));
#3930=DIRECTION('',(-0.500000000000007,0.500000000000007,-0.707106781186537));
#3931=DIRECTION('',(-0.707106781186548,-0.707106781186548,0.));
#3932=DIRECTION('',(0.,0.816496580927718,0.577350269189637));
#3933=DIRECTION('',(0.678598344545852,-0.281084637714795,-0.678598344545852));
#3934=DIRECTION('',(0.707106781186548,0.,0.707106781186548));
#3935=DIRECTION('',(0.,-1.,0.));
#3936=DIRECTION('',(0.,0.707106781186548,-0.707106781186548));
#3937=DIRECTION('',(-1.,0.,0.));
#3938=DIRECTION('',(0.,0.707106781186545,0.707106781186551));
#3939=DIRECTION('',(0.577350269189597,-0.577350269189637,-0.577350269189642));
#3940=DIRECTION('',(0.,0.,-1.));
#3941=DIRECTION('',(1.,0.,0.));
#3942=DIRECTION('',(0.,0.,1.));
#3943=DIRECTION('',(-1.,0.,0.));
#3944=DIRECTION('',(0.,0.707106781186548,0.707106781186548));
#3945=DIRECTION('',(1.,0.,0.));
#3946=DIRECTION('',(0.,-0.707106781186548,0.707106781186548));
#3947=DIRECTION('',(-0.577350269189626,0.577350269189626,-0.577350269189626));
#3948=DIRECTION('',(-0.707106781186548,-0.707106781186548,0.));
#3949=DIRECTION('',(0.,0.,1.));
#3950=DIRECTION('',(0.,0.,1.));
#3951=DIRECTION('',(-0.707106781186548,-0.707106781186548,0.));
#3952=DIRECTION('',(0.,0.,1.));
#3953=DIRECTION('',(0.,0.,1.));
#3954=DIRECTION('',(0.707106781186548,-0.707106781186548,0.));
#3955=DIRECTION('',(-0.707106781186548,0.,0.707106781186548));
#3956=DIRECTION('',(1.,0.,0.));
#3957=DIRECTION('',(0.,-1.,0.));
#3958=DIRECTION('',(0.,1.,0.));
#3959=DIRECTION('',(0.,1.,0.));
#3960=DIRECTION('',(-0.707106781186548,8.53311118849876E-17,-0.707106781186548));
#3961=DIRECTION('',(0.,1.,1.20676415720126E-16));
#3962=DIRECTION('',(0.,1.,1.20676415720126E-16));
#3963=DIRECTION('',(0.577350269189625,-0.577350269189628,-0.577350269189625));
#3964=DIRECTION('',(0.,-1.,-1.20676415720126E-16));
#3965=DIRECTION('',(-0.707106781186548,8.53311118849876E-17,-0.707106781186548));
#3966=DIRECTION('',(0.,1.,1.20676415720126E-16));
#3967=DIRECTION('',(0.,-1.,-1.20676415720126E-16));
#3968=DIRECTION('',(0.577350269189626,0.577350269189626,-0.577350269189626));
#3969=DIRECTION('',(0.,1.,1.20676415720126E-16));
#3970=DIRECTION('',(-0.707106781186548,0.,0.707106781186548));
#3971=DIRECTION('',(0.,1.,0.));
#3972=DIRECTION('',(-0.707106781186546,0.,-0.707106781186549));
#3973=DIRECTION('',(0.,-1.,0.));
#3974=DIRECTION('',(0.707106781186548,0.,-0.707106781186548));
#3975=DIRECTION('',(0.,-1.,0.));
#3976=DIRECTION('',(0.,-1.,0.));
#3977=DIRECTION('',(0.707106781186542,0.,0.707106781186554));
#3978=DIRECTION('',(-0.707106781186491,-0.700158640994704,0.0988831504379247));
#3979=DIRECTION('',(-0.707106781186548,0.,-0.707106781186548));
#3980=DIRECTION('',(0.,1.,0.));
#3981=DIRECTION('',(0.,-1.,0.));
#3982=DIRECTION('',(-0.707106781186548,0.,0.707106781186548));
#3983=DIRECTION('',(0.,1.,0.));
#3984=DIRECTION('',(1.,0.,0.));
#3985=DIRECTION('',(0.,1.,0.));
#3986=DIRECTION('',(0.,0.,-1.));
#3987=DIRECTION('',(0.,1.,0.));
#3988=DIRECTION('',(0.,-1.,-1.20676415720126E-16));
#3989=DIRECTION('',(-1.,0.,0.));
#3990=DIRECTION('',(0.,1.,-1.44560289664734E-16));
#3991=DIRECTION('',(1.,0.,0.));
#3992=DIRECTION('',(1.,0.,0.));
#3993=DIRECTION('',(0.,-1.,0.));
#3994=DIRECTION('',(0.,1.,0.));
#3995=DIRECTION('',(0.,0.,-1.));
#3996=DIRECTION('',(1.,0.,0.));
#3997=DIRECTION('',(1.,0.,0.));
#3998=DIRECTION('',(0.,-1.,0.));
#3999=DIRECTION('',(0.,0.707106781186548,-0.707106781186548));
#4000=DIRECTION('',(-1.,0.,0.));
#4001=DIRECTION('',(-1.,0.,0.));
#4002=DIRECTION('',(0.,0.707106781186549,0.707106781186546));
#4003=DIRECTION('',(0.,-1.,0.));
#4004=DIRECTION('',(0.,0.,-1.));
#4005=DIRECTION('',(0.,1.44560289664734E-16,1.));
#4006=DIRECTION('',(0.,-1.,1.44560289664734E-16));
#4007=DIRECTION('',(0.,1.44560289664734E-16,1.));
#4008=DIRECTION('',(0.,1.44560289664734E-16,1.));
#4009=DIRECTION('',(0.707106781186548,1.02219561112225E-16,0.707106781186547));
#4010=DIRECTION('',(-0.5,0.707106781186546,0.5));
#4011=DIRECTION('',(0.707106781186548,1.02219561112225E-16,0.707106781186547));
#4012=DIRECTION('',(0.678598344545847,0.678598344545851,-0.281084637714812));
#4013=DIRECTION('',(-0.707106781186548,-1.02219561112225E-16,-0.707106781186547));
#4014=DIRECTION('',(0.,-0.577350269189632,0.816496580927722));
#4015=DIRECTION('',(-0.707106781186548,0.,0.707106781186548));
#4016=DIRECTION('',(0.,1.,0.));
#4017=DIRECTION('',(0.707106781186548,5.11097805561124E-17,0.707106781186547));
#4018=DIRECTION('',(0.,-1.,0.));
#4019=DIRECTION('',(0.,-1.,0.));
#4020=DIRECTION('',(0.5,0.707106781186546,-0.5));
#4021=DIRECTION('',(-0.707106781186548,-5.11097805561124E-17,-0.707106781186547));
#4022=DIRECTION('',(-0.678598344545847,0.67859834454585,0.281084637714814));
#4023=DIRECTION('',(-0.707106781186548,-5.11097805561124E-17,-0.707106781186547));
#4024=DIRECTION('',(0.,0.577350269189631,0.816496580927722));
#4025=DIRECTION('',(0.,-1.,7.2280144832367E-17));
#4026=DIRECTION('',(0.,-7.2280144832367E-17,-1.));
#4027=DIRECTION('',(0.,-1.,7.2280144832367E-17));
#4028=DIRECTION('',(0.,7.2280144832367E-17,1.));
#4029=DIRECTION('',(1.,0.,0.));
#4030=DIRECTION('',(0.,7.2280144832367E-17,1.));
#4031=DIRECTION('',(0.,-7.2280144832367E-17,-1.));
#4032=DIRECTION('',(0.,0.707106781186548,0.707106781186548));
#4033=DIRECTION('',(1.,0.,0.));
#4034=DIRECTION('',(0.,-0.707106781186548,0.707106781186548));
#4035=DIRECTION('',(0.,1.,0.));
#4036=DIRECTION('',(0.,0.,1.));
#4037=DIRECTION('',(0.,-1.,0.));
#4038=DIRECTION('',(0.,0.,1.));
#4039=DIRECTION('',(0.,1.,-1.44560289664734E-16));
#4040=DIRECTION('',(0.,-1.,0.));
#4041=DIRECTION('',(0.,0.,1.));
#4042=DIRECTION('',(0.707106781186641,-0.700158640994674,0.0988831504370625));
#4043=DIRECTION('',(0.,-1.,0.));
#4044=DIRECTION('',(0.,0.,1.));
#4045=DIRECTION('',(-0.707106781186548,0.707106781186548,0.));
#4046=DIRECTION('',(0.,0.,-1.));
#4047=DIRECTION('',(0.,-1.44560289664734E-16,-1.));
#4048=DIRECTION('',(-1.,0.,0.));
#4049=DIRECTION('',(0.,1.,0.));
#4050=DIRECTION('',(0.,7.2280144832367E-17,1.));
#4051=DIRECTION('',(0.707106781186548,0.707106781186548,0.));
#4052=DIRECTION('',(-3.61400724161835E-17,3.61400724161835E-17,1.));
#4053=DIRECTION('',(0.,1.,0.));
#4054=DIRECTION('',(0.,0.,-1.));
#4055=DIRECTION('',(1.,0.,0.));
#4056=DIRECTION('',(0.,-1.,0.));
#4057=CARTESIAN_POINT('',(0.,0.,0.));
#4058=CARTESIAN_POINT('',(-0.012,0.0642476466535994,-0.0467733126311999));
#4059=CARTESIAN_POINT('',(-0.012,0.000342770875999895,-0.0254716873719995));
#4060=CARTESIAN_POINT('',(-0.012,0.0637109903389994,-0.0465944271929999));
#4061=CARTESIAN_POINT('',(-0.012,0.0642476466535994,-0.0467733126311999));
#4062=CARTESIAN_POINT('',(-0.012,0.0637109903389994,-0.0465944271929999));
#4063=CARTESIAN_POINT('',(-0.013,0.0637109903389994,-0.0465944271929999));
#4064=CARTESIAN_POINT('',(-0.0124,0.0645159748108993,-0.0468627553502999));
#4065=CARTESIAN_POINT('',(-0.0126,0.0642476466535994,-0.0467733126311999));
#4066=CARTESIAN_POINT('',(-0.013,0.0642476466535994,-0.0467733126311999));
#4067=CARTESIAN_POINT('',(-0.012,0.0604910524513997,-0.0401545514178005));
#4068=CARTESIAN_POINT('',(-0.012,0.0690383126316,-0.0145127708772007));
#4069=CARTESIAN_POINT('',(-0.012,0.0604910524513997,-0.0401545514178005));
#4070=CARTESIAN_POINT('',(-0.012,0.0606699378895997,-0.0396178951032006));
#4071=CARTESIAN_POINT('',(-0.012,0.0606699378895997,-0.0396178951032006));
#4072=CARTESIAN_POINT('',(-0.0126,0.0606699378895997,-0.0396178951032006));
#4073=CARTESIAN_POINT('',(-0.0126666666666667,0.0606401236498997,-0.0397073378223005));
#4074=CARTESIAN_POINT('',(-0.013,0.0604910524513997,-0.0401545514178005));
#4075=CARTESIAN_POINT('',(-0.012,0.0604910524513997,-0.0401545514178005));
#4076=CARTESIAN_POINT('',(-0.012,0.0467300621144003,-0.0396178951032006));
#4077=CARTESIAN_POINT('',(-0.012,0.0297216873719996,0.011407229124));
#4078=CARTESIAN_POINT('',(-0.012,0.0467300621144003,-0.0396178951032006));
#4079=CARTESIAN_POINT('',(-0.012,0.0469089475526003,-0.0401545514178005));
#4080=CARTESIAN_POINT('',(-0.012,0.0469089475526003,-0.0401545514178005));
#4081=CARTESIAN_POINT('',(-0.013,0.0469089475526003,-0.0401545514178005));
#4082=CARTESIAN_POINT('',(-0.0124,0.0466406193953003,-0.0393495669459006));
#4083=CARTESIAN_POINT('',(-0.0126,0.0467300621144003,-0.0396178951032006));
#4084=CARTESIAN_POINT('',(-0.012,0.0467300621144003,-0.0396178951032006));
#4085=CARTESIAN_POINT('',(-0.012,0.0436890096650006,-0.0465944271929999));
#4086=CARTESIAN_POINT('',(-0.012,0.0292972291244005,-0.0513916873732001));
#4087=CARTESIAN_POINT('',(-0.012,0.0431523533504007,-0.0467733126311999));
#4088=CARTESIAN_POINT('',(-0.012,0.0436890096650006,-0.0465944271929999));
#4089=CARTESIAN_POINT('',(-0.012,0.0431523533504007,-0.0467733126311999));
#4090=CARTESIAN_POINT('',(-0.0126,0.0431523533504007,-0.0467733126311999));
#4091=CARTESIAN_POINT('',(-0.0126666666666667,0.0432417960695006,-0.0467434983914999));
#4092=CARTESIAN_POINT('',(-0.013,0.0436890096650006,-0.0465944271929999));
#4093=CARTESIAN_POINT('',(-0.013,0.0436890096650006,-0.0465944271929999));
#4094=CARTESIAN_POINT('',(-0.0136,0.0644265320917993,-0.0462366563166));
#4095=CARTESIAN_POINT('',(-0.0139333333333333,0.0648737456872993,-0.0456403715226));
#4096=CARTESIAN_POINT('',(-0.0136,0.0653209592827993,-0.0457894427211));
#4097=CARTESIAN_POINT('',(-0.0132,0.0658576155973992,-0.0459683281593));
#4098=CARTESIAN_POINT('',(-0.0132,0.0644265320917993,-0.0466838699120999));
#4099=CARTESIAN_POINT('',(-0.0132,0.0637109903389994,-0.0470416407884999));
#4100=CARTESIAN_POINT('',(-0.0154,0.0627271204288995,-0.0450739009683001));
#4101=CARTESIAN_POINT('',(-0.0136,0.0635321049007994,-0.0466838699120999));
#4102=CARTESIAN_POINT('',(-0.0136,0.0644265320917993,-0.0462366563166));
#4103=CARTESIAN_POINT('',(-0.0132,0.0608488233277997,-0.0395284523841006));
#4104=CARTESIAN_POINT('',(-0.0137333333333333,0.0620413929157996,-0.0395284523841006));
#4105=CARTESIAN_POINT('',(-0.0136,0.0621010213951996,-0.0393495669459007));
#4106=CARTESIAN_POINT('',(-0.0132,0.0622799068333996,-0.0388129106313006));
#4107=CARTESIAN_POINT('',(-0.0136,0.0621010213951996,-0.0393495669459006));
#4108=CARTESIAN_POINT('',(-0.0136,0.0603121670131997,-0.0402439941369006));
#4109=CARTESIAN_POINT('',(-0.0154,0.0611171514850996,-0.0418539630807004));
#4110=CARTESIAN_POINT('',(-0.0132,0.0601332815749998,-0.0398862232605006));
#4111=CARTESIAN_POINT('',(-0.0132,0.0601332815749998,-0.0398862232605006));
#4112=CARTESIAN_POINT('',(-0.0136,0.0461934057998003,-0.0397967805414005));
#4113=CARTESIAN_POINT('',(-0.0131776530007458,0.0456443306809477,-0.0390500446817615));
#4114=CARTESIAN_POINT('',(-0.0136,0.0452989786088004,-0.0393495669459006));
#4115=CARTESIAN_POINT('',(-0.0132,0.0456260575962274,-0.0390658928441141));
#4116=CARTESIAN_POINT('',(-0.0132,0.0465511766762003,-0.0395284523841006));
#4117=CARTESIAN_POINT('',(-0.0132,0.0472667184290002,-0.0398862232605006));
#4118=CARTESIAN_POINT('',(-0.0136,0.0470878329908003,-0.0402439941369005));
#4119=CARTESIAN_POINT('',(-0.0136,0.0470878329908003,-0.0402439941369005));
#4120=CARTESIAN_POINT('',(-0.0136,0.0461934057998003,-0.0397967805414005));
#4121=CARTESIAN_POINT('',(-0.0131171572875254,0.0455519608216139,-0.0390288444568074));
#4122=CARTESIAN_POINT('',(-0.012,0.0177870327765916,-0.0426246497850612));
#4123=CARTESIAN_POINT('',(-0.012,0.0445527449670275,-0.0385292365295141));
#4124=CARTESIAN_POINT('',(-0.012,0.0438678951032005,-0.0386340251931006));
#4125=CARTESIAN_POINT('',(-0.0117171572875254,0.044299762754214,-0.0384027454231075));
#4126=CARTESIAN_POINT('',(-0.0136,0.0452989786088004,-0.0393495669459006));
#4127=CARTESIAN_POINT('',(-0.0132,0.0429734679122006,-0.0466838699120999));
#4128=CARTESIAN_POINT('',(-0.0131776530007457,0.0420466341531777,-0.0462454377373013));
#4129=CARTESIAN_POINT('',(-0.0132,0.0420483488322278,-0.0462213103721135));
#4130=CARTESIAN_POINT('',(-0.0136,0.0420790407212008,-0.0457894427211));
#4131=CARTESIAN_POINT('',(-0.0136,0.0420790407212007,-0.0457894427211));
#4132=CARTESIAN_POINT('',(-0.0136,0.0438678951032005,-0.0466838699120999));
#4133=CARTESIAN_POINT('',(-0.0132,0.0436890096650006,-0.0470416407884999));
#4134=CARTESIAN_POINT('',(-0.0132,0.0436890096650006,-0.0470416407884999));
#4135=CARTESIAN_POINT('',(-0.0132,0.0436890096650006,-0.0470416407884999));
#4136=CARTESIAN_POINT('',(-0.0131171572875254,0.0419742520576142,-0.0461842619848067));
#4137=CARTESIAN_POINT('',(-0.012,0.0130891314423128,0.00638656767427509));
#4138=CARTESIAN_POINT('',(-0.012,0.0409750362030279,-0.0456846540575135));
#4139=CARTESIAN_POINT('',(-0.012,0.0406479572156008,-0.0450739009683001));
#4140=CARTESIAN_POINT('',(-0.0136,0.0420790407212007,-0.0457894427211));
#4141=CARTESIAN_POINT('',(-0.0131171572875254,0.0419742520576142,-0.0461842619848067));
#4142=CARTESIAN_POINT('',(-0.0136,0.0646054175299993,-0.0443583592155002));
#4143=CARTESIAN_POINT('',(-0.0136,0.0629609903389994,-0.0410695048335003));
#4144=CARTESIAN_POINT('',(-0.0134,0.0621010213951996,-0.0389023533504006));
#4145=CARTESIAN_POINT('',(-0.012,0.0633532194625995,-0.0382762543167007));
#4146=CARTESIAN_POINT('',(-0.012,0.0354720738433994,0.0174860369216997));
#4147=CARTESIAN_POINT('',(-0.012,0.0669309282265991,-0.0454316718447));
#4148=CARTESIAN_POINT('',(-0.0136,0.0654998447209992,-0.0461472135975));
#4149=CARTESIAN_POINT('',(-0.0136,0.0445834368560005,-0.0407806504515004));
#4150=CARTESIAN_POINT('',(-0.0136,0.0444390096650005,-0.0410695048335003));
#4151=CARTESIAN_POINT('',(-0.012,0.0546479261598007,-0.0170739630799003));
#4152=CARTESIAN_POINT('',(-0.013,0.0621010213951996,-0.0433744893054002));
#4153=CARTESIAN_POINT('',(-0.013,0.0603121670131997,-0.0397967805414005));
#4154=CARTESIAN_POINT('',(-0.0132,0.0619221359569996,-0.0434639320245002));
#4155=CARTESIAN_POINT('',(-0.0122,0.0646054175299993,-0.0465944271929999));
#4156=CARTESIAN_POINT('',(-0.013,0.0613510213951996,-0.0418744893054002));
#4157=CARTESIAN_POINT('',(-0.0133,0.0455673067661004,-0.0435086533840502));
#4158=CARTESIAN_POINT('',(-0.0122,0.0463722912380003,-0.0394390096650006));
#4159=CARTESIAN_POINT('',(-0.013,0.0460489786088004,-0.0418744893054002));
#4160=CARTESIAN_POINT('',(-0.0133,0.0437784523841006,-0.0470863621480499));
#4161=CARTESIAN_POINT('',(-0.0132,0.0454778640470004,-0.0434639320245002));
#4162=CARTESIAN_POINT('',(-0.0136,0.0445834368560005,-0.0430167184290002));
#4163=CARTESIAN_POINT('',(-0.0136,0.0454778640470004,-0.0434639320245002));
#4164=CARTESIAN_POINT('',(-0.0136,0.0454778640470004,-0.0434639320245002));
#4165=CARTESIAN_POINT('',(-0.0136,0.0445834368560005,-0.0430167184290002));
#4166=CARTESIAN_POINT('',(-0.0136,0.0619221359569996,-0.0434639320245002));
#4167=CARTESIAN_POINT('',(-0.0136,0.0619221359569996,-0.0434639320245002));
#4168=CARTESIAN_POINT('',(-0.012,0.0621010213951996,-0.0433744893054002));
#4169=CARTESIAN_POINT('',(-0.012,0.0621010213951996,-0.0433744893054002));
#4170=CARTESIAN_POINT('',(-0.012,0.0644265320917993,-0.0466838699120999));
#4171=CARTESIAN_POINT('',(-0.012,0.0644265320917993,-0.0466838699120999));
#4172=CARTESIAN_POINT('',(-0.012,0.0608488233277997,-0.0395284523841006));
#4173=CARTESIAN_POINT('',(-0.012,0.0608488233277997,-0.0395284523841006));
#4174=CARTESIAN_POINT('',(-0.012,0.0429734679122006,-0.0466838699120999));
#4175=CARTESIAN_POINT('',(-0.012,0.0429734679122006,-0.0466838699120999));
#4176=CARTESIAN_POINT('',(-0.012,0.0452989786088004,-0.0433744893054002));
#4177=CARTESIAN_POINT('',(-0.012,0.0452989786088004,-0.0433744893054002));
#4178=CARTESIAN_POINT('',(-0.012,0.0465511766762003,-0.0395284523841006));
#4179=CARTESIAN_POINT('',(-0.012,0.0465511766762003,-0.0395284523841006));
#4180=CARTESIAN_POINT('',(-0.035,0.0562155764766873,-0.0537590169963749));
#4181=CARTESIAN_POINT('',(-0.012,0.0705760679798998,-0.0250380339899499));
#4182=CARTESIAN_POINT('',(-0.012,0.0596860679794998,-0.0468180339907499));
#4183=CARTESIAN_POINT('',(-0.012,0.0559360679794999,-0.0543180339907499));
#4184=CARTESIAN_POINT('',(-0.035,0.0559360679794998,-0.0543180339907499));
#4185=CARTESIAN_POINT('',(-0.01,0.0559360679794998,-0.0543180339907499));
#4186=CARTESIAN_POINT('',(-0.01,0.0562155764766873,-0.0537590169963749));
#4187=CARTESIAN_POINT('',(-0.01,0.0596860679794998,-0.0468180339907499));
#4188=CARTESIAN_POINT('',(-0.035,0.0596860679794998,-0.0468180339907499));
#4189=CARTESIAN_POINT('',(-0.035,0.0537000000020001,-0.053200000002));
#4190=CARTESIAN_POINT('',(-0.035,0.0514639320245002,-0.0520819660132501));
#4191=CARTESIAN_POINT('',(-0.012,0.0514639320245003,-0.0520819660132501));
#4192=CARTESIAN_POINT('',(-0.01,0.0514639320245002,-0.0520819660132501));
#4193=CARTESIAN_POINT('',(-0.01,0.0537000000020001,-0.053200000002));
#4194=CARTESIAN_POINT('',(-0.012,0.0537000000020001,-0.053200000002));
#4195=CARTESIAN_POINT('',(-0.035,0.0544569660132501,-0.0460958980357503));
#4196=CARTESIAN_POINT('',(-0.035,0.0552139320245002,-0.0445819660132501));
#4197=CARTESIAN_POINT('',(-0.012,0.0552139320245002,-0.0445819660132501));
#4198=CARTESIAN_POINT('',(-0.01,0.0552139320245002,-0.0445819660132501));
#4199=CARTESIAN_POINT('',(-0.01,0.0544569660132501,-0.0460958980357503));
#4200=CARTESIAN_POINT('',(-0.012,0.0661039320249002,-0.0228019660124501));
#4201=CARTESIAN_POINT('',(-0.035,0.057450000002,-0.045700000002));
#4202=CARTESIAN_POINT('',(-0.01,0.057450000002,-0.045700000002));
#4203=CARTESIAN_POINT('',(-0.012,0.057450000002,-0.045700000002));
#4204=CARTESIAN_POINT('',(-0.035,0.0513475424879374,-0.0484950849738747));
#4205=CARTESIAN_POINT('',(-0.012,0.0645760679798998,-0.0220380339899499));
#4206=CARTESIAN_POINT('',(-0.012,0.0559360679794998,-0.0393180339907499));
#4207=CARTESIAN_POINT('',(-0.012,0.0484360679794998,-0.0543180339907499));
#4208=CARTESIAN_POINT('',(-0.035,0.0484360679794998,-0.0543180339907499));
#4209=CARTESIAN_POINT('',(-0.01,0.0484360679794998,-0.0543180339907499));
#4210=CARTESIAN_POINT('',(-0.01,0.0513475424879374,-0.0484950849738747));
#4211=CARTESIAN_POINT('',(-0.01,0.0559360679794998,-0.0393180339907499));
#4212=CARTESIAN_POINT('',(-0.035,0.0559360679794998,-0.0393180339907499));
#4213=CARTESIAN_POINT('',(-0.035,0.046200000002,-0.053200000002));
#4214=CARTESIAN_POINT('',(-0.035,0.0439639320245001,-0.0520819660132501));
#4215=CARTESIAN_POINT('',(-0.012,0.0439639320245002,-0.0520819660132501));
#4216=CARTESIAN_POINT('',(-0.01,0.0439639320245001,-0.0520819660132501));
#4217=CARTESIAN_POINT('',(-0.01,0.046200000002,-0.053200000002));
#4218=CARTESIAN_POINT('',(-0.012,0.046200000002,-0.053200000002));
#4219=CARTESIAN_POINT('',(-0.035,0.0474344235273127,-0.045140983007625));
#4220=CARTESIAN_POINT('',(-0.035,0.0514639320245002,-0.0370819660132501));
#4221=CARTESIAN_POINT('',(-0.012,0.0514639320245002,-0.0370819660132501));
#4222=CARTESIAN_POINT('',(-0.01,0.0514639320245002,-0.0370819660132501));
#4223=CARTESIAN_POINT('',(-0.01,0.0474344235273127,-0.045140983007625));
#4224=CARTESIAN_POINT('',(-0.012,0.0601039320249002,-0.0198019660124501));
#4225=CARTESIAN_POINT('',(-0.035,0.053700000002,-0.038200000002));
#4226=CARTESIAN_POINT('',(-0.01,0.053700000002,-0.038200000002));
#4227=CARTESIAN_POINT('',(-0.012,0.053700000002,-0.038200000002));
#4228=CARTESIAN_POINT('',(-0.035,0.061200000002,-0.053200000002));
#4229=CARTESIAN_POINT('',(-0.012,0.061200000002,-0.053200000002));
#4230=CARTESIAN_POINT('',(-0.012,0.061200000002,-0.055700000002));
#4231=CARTESIAN_POINT('',(-0.01,0.061200000002,-0.053200000002));
#4232=CARTESIAN_POINT('',(-0.01,0.061200000002,-0.055700000002));
#4233=CARTESIAN_POINT('',(-0.01,-0.0573,0.005));
#4234=CARTESIAN_POINT('',(-0.0102,-0.0575,0.0932));
#4235=CARTESIAN_POINT('',(-0.01,-0.0573,0.0932));
#4236=CARTESIAN_POINT('',(-0.0104,-0.0577,0.0932));
#4237=CARTESIAN_POINT('',(-0.0104,-0.0577,-0.015));
#4238=CARTESIAN_POINT('',(-0.0104,-0.0577,-0.0532000000000016));
#4239=CARTESIAN_POINT('',(-0.0102,-0.0575,-0.0532));
#4240=CARTESIAN_POINT('',(-0.01,-0.0573,-0.0532));
#4241=CARTESIAN_POINT('',(-0.01,-0.0573,0.005));
#4242=CARTESIAN_POINT('',(-0.0104039844245628,-0.0477,-0.0632039844245628));
#4243=CARTESIAN_POINT('',(-0.0104039844245628,-0.0490278249166878,-0.0632018849100853));
#4244=CARTESIAN_POINT('',(-0.0104039844245628,-0.0503427843421333,-0.0630788229409048));
#4245=CARTESIAN_POINT('',(-0.0104039844245628,-0.05227819643117,-0.0625335608573882));
#4246=CARTESIAN_POINT('',(-0.0104039844245628,-0.0529269747967019,-0.0622798464182751));
#4247=CARTESIAN_POINT('',(-0.0104039844245628,-0.0541263181305288,-0.0616231317698275));
#4248=CARTESIAN_POINT('',(-0.0104039844245628,-0.0546926613162401,-0.0612092972662286));
#4249=CARTESIAN_POINT('',(-0.0104039844245628,-0.0556778880871339,-0.060231300385064));
#4250=CARTESIAN_POINT('',(-0.0104039844245628,-0.0560878688970776,-0.0596807227881014));
#4251=CARTESIAN_POINT('',(-0.0104039844245628,-0.0567621687935333,-0.0584684658146111));
#4252=CARTESIAN_POINT('',(-0.0104039844245628,-0.0570135179862168,-0.0578353132602087));
#4253=CARTESIAN_POINT('',(-0.0104039844245628,-0.0575724697353839,-0.0558905814921998));
#4254=CARTESIAN_POINT('',(-0.0104039844245628,-0.0577029094743146,-0.0545310872027517));
#4255=CARTESIAN_POINT('',(-0.0104039844245628,-0.0577039844245628,-0.0532));
#4256=CARTESIAN_POINT('',(-0.0104,-0.0477,-0.0632));
#4257=CARTESIAN_POINT('',(-0.0104,-0.0490275600486571,-0.0631979031954575));
#4258=CARTESIAN_POINT('',(-0.0104,-0.0503421766976645,-0.0630748565929692));
#4259=CARTESIAN_POINT('',(-0.0104,-0.0522768688563506,-0.0625297943590505));
#4260=CARTESIAN_POINT('',(-0.0104,-0.0529253599664804,-0.0622761884670411));
#4261=CARTESIAN_POINT('',(-0.0104,-0.0541241055249008,-0.0616198002081167));
#4262=CARTESIAN_POINT('',(-0.0104,-0.0546901332238812,-0.0612061929197083));
#4263=CARTESIAN_POINT('',(-0.0104,-0.0556748011110133,-0.0602287502145973));
#4264=CARTESIAN_POINT('',(-0.0104,-0.056084555932294,-0.059678481290074));
#4265=CARTESIAN_POINT('',(-0.0104,-0.0567585186897062,-0.0584668319762778));
#4266=CARTESIAN_POINT('',(-0.0104,-0.0570097595191506,-0.057833961890283));
#4267=CARTESIAN_POINT('',(-0.0104,-0.0575685048221302,-0.0558899603890237));
#4268=CARTESIAN_POINT('',(-0.0104,-0.0576989276283803,-0.054530822399978));
#4269=CARTESIAN_POINT('',(-0.0104,-0.0577,-0.0532));
#4270=CARTESIAN_POINT('',(-0.01,-0.0477,-0.0628));
#4271=CARTESIAN_POINT('',(-0.01,-0.0490009697065343,-0.0627981752482861));
#4272=CARTESIAN_POINT('',(-0.01,-0.0502811747176552,-0.0626766713219919));
#4273=CARTESIAN_POINT('',(-0.01,-0.0521435924147004,-0.062151672170682));
#4274=CARTESIAN_POINT('',(-0.01,-0.0527632456941636,-0.061908963420983));
#4275=CARTESIAN_POINT('',(-0.01,-0.0539019800366986,-0.0612853417026816));
#4276=CARTESIAN_POINT('',(-0.01,-0.0544363357362786,-0.0608945447535722));
#4277=CARTESIAN_POINT('',(-0.01,-0.0553648967750701,-0.0599727362857058));
#4278=CARTESIAN_POINT('',(-0.01,-0.0557519643892553,-0.0594534552676657));
#4279=CARTESIAN_POINT('',(-0.01,-0.0563920814519473,-0.0583028094623613));
#4280=CARTESIAN_POINT('',(-0.01,-0.0566324435974214,-0.0576982966363016));
#4281=CARTESIAN_POINT('',(-0.01,-0.0571704635801636,-0.0558276072771657));
#4282=CARTESIAN_POINT('',(-0.01,-0.0572991864992296,-0.054504238609064));
#4283=CARTESIAN_POINT('',(-0.01,-0.0573,-0.0532));
#4284=CARTESIAN_POINT('',(-0.0102,-0.0477,-0.063));
#4285=CARTESIAN_POINT('',(-0.01,-0.0477,-0.0628));
#4286=CARTESIAN_POINT('',(-0.0104,-0.0477000000000008,-0.0632));
#4287=CARTESIAN_POINT('',(-0.01,-0.0573,-0.0532));
#4288=CARTESIAN_POINT('',(-0.01,-0.0572991861640781,-0.0545047759379879));
#4289=CARTESIAN_POINT('',(-0.01,-0.0571174323192957,-0.0564541771620558));
#4290=CARTESIAN_POINT('',(-0.01,-0.0561590520379862,-0.0588987812605173));
#4291=CARTESIAN_POINT('',(-0.01,-0.0549849952203497,-0.0604876583020446));
#4292=CARTESIAN_POINT('',(-0.01,-0.0534011030195641,-0.0616563667585339));
#4293=CARTESIAN_POINT('',(-0.01,-0.0509721689373805,-0.0626138368509549));
#4294=CARTESIAN_POINT('',(-0.01,-0.0490053336326808,-0.0627981691274044));
#4295=CARTESIAN_POINT('',(-0.01,-0.0477,-0.0628));
#4296=CARTESIAN_POINT('',(-0.0104,-0.047700000000002,-0.0632));
#4297=CARTESIAN_POINT('',(-0.0104021441148292,-0.049057513840538,-0.0631999999999997));
#4298=CARTESIAN_POINT('',(-0.0103992564733877,-0.0510850379488058,-0.0630053446651235));
#4299=CARTESIAN_POINT('',(-0.0104001571237458,-0.0536230559127212,-0.0619951889272353));
#4300=CARTESIAN_POINT('',(-0.0103999345841081,-0.0552714513230628,-0.0607693146380433));
#4301=CARTESIAN_POINT('',(-0.0104000768792863,-0.0564914595663968,-0.0591272317457923));
#4302=CARTESIAN_POINT('',(-0.0103996225346524,-0.057501063012044,-0.0566046265149369));
#4303=CARTESIAN_POINT('',(-0.0104010947278661,-0.0576999999999998,-0.0545585666942442));
#4304=CARTESIAN_POINT('',(-0.0104,-0.0577,-0.0532000000000024));
#4305=CARTESIAN_POINT('',(-0.0104039844245628,-0.0577039844245628,0.0932));
#4306=CARTESIAN_POINT('',(-0.0104039844245628,-0.0577018849100854,0.0945278249166877));
#4307=CARTESIAN_POINT('',(-0.0104039844245628,-0.0575788229409049,0.0958427843421334));
#4308=CARTESIAN_POINT('',(-0.0104039844245628,-0.0570335608573882,0.09777819643117));
#4309=CARTESIAN_POINT('',(-0.0104039844245628,-0.0567798464182751,0.098426974796702));
#4310=CARTESIAN_POINT('',(-0.0104039844245628,-0.0561231317698275,0.0996263181305289));
#4311=CARTESIAN_POINT('',(-0.0104039844245628,-0.0557092972662285,0.10019266131624));
#4312=CARTESIAN_POINT('',(-0.0104039844245628,-0.0547313003850641,0.101177888087134));
#4313=CARTESIAN_POINT('',(-0.0104039844245628,-0.0541807227881014,0.101587868897078));
#4314=CARTESIAN_POINT('',(-0.0104039844245628,-0.0529684658146111,0.102262168793533));
#4315=CARTESIAN_POINT('',(-0.0104039844245628,-0.0523353132602086,0.102513517986217));
#4316=CARTESIAN_POINT('',(-0.0104039844245628,-0.0503905814921998,0.103072469735384));
#4317=CARTESIAN_POINT('',(-0.0104039844245628,-0.0490310872027517,0.103202909474314));
#4318=CARTESIAN_POINT('',(-0.0104039844245628,-0.0477,0.103203984424563));
#4319=CARTESIAN_POINT('',(-0.0104,-0.0577,0.0932));
#4320=CARTESIAN_POINT('',(-0.0104,-0.0576979031954575,0.094527560048657));
#4321=CARTESIAN_POINT('',(-0.0104,-0.0575748565929693,0.0958421766976646));
#4322=CARTESIAN_POINT('',(-0.0104,-0.0570297943590505,0.0977768688563506));
#4323=CARTESIAN_POINT('',(-0.0104,-0.0567761884670411,0.0984253599664804));
#4324=CARTESIAN_POINT('',(-0.0104,-0.0561198002081167,0.0996241055249008));
#4325=CARTESIAN_POINT('',(-0.0104,-0.0557061929197082,0.100190133223881));
#4326=CARTESIAN_POINT('',(-0.0104,-0.0547287502145973,0.101174801111013));
#4327=CARTESIAN_POINT('',(-0.0104,-0.054178481290074,0.101584555932294));
#4328=CARTESIAN_POINT('',(-0.0104,-0.0529668319762778,0.102258518689706));
#4329=CARTESIAN_POINT('',(-0.0104,-0.0523339618902829,0.102509759519151));
#4330=CARTESIAN_POINT('',(-0.0104,-0.0503899603890236,0.10306850482213));
#4331=CARTESIAN_POINT('',(-0.0104,-0.049030822399978,0.10319892762838));
#4332=CARTESIAN_POINT('',(-0.0104,-0.0477,0.1032));
#4333=CARTESIAN_POINT('',(-0.01,-0.0573,0.0932));
#4334=CARTESIAN_POINT('',(-0.01,-0.0572981752482862,0.0945009697065342));
#4335=CARTESIAN_POINT('',(-0.01,-0.057176671321992,0.0957811747176553));
#4336=CARTESIAN_POINT('',(-0.01,-0.0566516721706819,0.0976435924147004));
#4337=CARTESIAN_POINT('',(-0.01,-0.056408963420983,0.0982632456941636));
#4338=CARTESIAN_POINT('',(-0.01,-0.0557853417026816,0.0994019800366986));
#4339=CARTESIAN_POINT('',(-0.01,-0.0553945447535722,0.0999363357362787));
#4340=CARTESIAN_POINT('',(-0.01,-0.0544727362857057,0.10086489677507));
#4341=CARTESIAN_POINT('',(-0.01,-0.0539534552676657,0.101251964389255));
#4342=CARTESIAN_POINT('',(-0.01,-0.0528028094623613,0.101892081451947));
#4343=CARTESIAN_POINT('',(-0.01,-0.0521982966363016,0.102132443597421));
#4344=CARTESIAN_POINT('',(-0.01,-0.0503276072771657,0.102670463580164));
#4345=CARTESIAN_POINT('',(-0.01,-0.049004238609064,0.102799186499229));
#4346=CARTESIAN_POINT('',(-0.01,-0.0477,0.1028));
#4347=CARTESIAN_POINT('',(-0.0102,-0.0477,0.103));
#4348=CARTESIAN_POINT('',(-0.0104,-0.0477000000000016,0.1032));
#4349=CARTESIAN_POINT('',(-0.01,-0.0477,0.1028));
#4350=CARTESIAN_POINT('',(-0.0104,-0.0577,0.093200000000002));
#4351=CARTESIAN_POINT('',(-0.0104021441148292,-0.0576999999999997,0.0945575138405379));
#4352=CARTESIAN_POINT('',(-0.0103992564733877,-0.0575053446651233,0.0965850379488065));
#4353=CARTESIAN_POINT('',(-0.0104001571237457,-0.0564951889272351,0.0991230559127216));
#4354=CARTESIAN_POINT('',(-0.0103999345841084,-0.0552693146380431,0.100771451323063));
#4355=CARTESIAN_POINT('',(-0.0104000768792865,-0.053627231745792,0.101991459566397));
#4356=CARTESIAN_POINT('',(-0.0103996225346521,-0.0511046265149368,0.103001063012044));
#4357=CARTESIAN_POINT('',(-0.0104010947278664,-0.0490585666942442,0.1032));
#4358=CARTESIAN_POINT('',(-0.0104,-0.0477000000000024,0.1032));
#4359=CARTESIAN_POINT('',(-0.01,-0.0477,0.1028));
#4360=CARTESIAN_POINT('',(-0.01,-0.0490047589840899,0.102799186174652));
#4361=CARTESIAN_POINT('',(-0.01,-0.0509541477954741,0.102617432904744));
#4362=CARTESIAN_POINT('',(-0.01,-0.0533987221378291,0.101659083491517));
#4363=CARTESIAN_POINT('',(-0.01,-0.0549875988992004,0.100485044897417));
#4364=CARTESIAN_POINT('',(-0.01,-0.0561562947678411,0.0989012417712375));
#4365=CARTESIAN_POINT('',(-0.00999999999999999,-0.057113858715919,0.0964721570614472));
#4366=CARTESIAN_POINT('',(-0.01,-0.0572981691060587,0.0945053488513119));
#4367=CARTESIAN_POINT('',(-0.01,-0.0573,0.0932));
#4368=CARTESIAN_POINT('',(-0.01,0.0105,-0.0628));
#4369=CARTESIAN_POINT('',(-0.0102,0.0687,-0.063));
#4370=CARTESIAN_POINT('',(-0.0104,0.0687000000000016,-0.0632));
#4371=CARTESIAN_POINT('',(-0.01,0.0687,-0.0628));
#4372=CARTESIAN_POINT('',(-0.01,0.0105,-0.0628));
#4373=CARTESIAN_POINT('',(-0.0104,0.0105,-0.0632));
#4374=CARTESIAN_POINT('',(-0.0104,0.0121,0.1032));
#4375=CARTESIAN_POINT('',(-0.0102,0.0687,0.103));
#4376=CARTESIAN_POINT('',(-0.01,0.0687,0.1028));
#4377=CARTESIAN_POINT('',(-0.0104,0.0687000000000008,0.1032));
#4378=CARTESIAN_POINT('',(-0.0104,0.068700000002,0.1032));
#4379=CARTESIAN_POINT('',(-0.01,-0.047700000002,0.1028));
#4380=CARTESIAN_POINT('',(-0.0104039844245627,0.0787039844245628,-0.0532));
#4381=CARTESIAN_POINT('',(-0.0104039844245627,0.0787018849100853,-0.0545278249166877));
#4382=CARTESIAN_POINT('',(-0.0104039844245627,0.0785788229409047,-0.0558427843421333));
#4383=CARTESIAN_POINT('',(-0.0104039844245627,0.0780335608573881,-0.05777819643117));
#4384=CARTESIAN_POINT('',(-0.0104039844245627,0.077779846418275,-0.0584269747967019));
#4385=CARTESIAN_POINT('',(-0.0104039844245627,0.0771231317698274,-0.0596263181305288));
#4386=CARTESIAN_POINT('',(-0.0104039844245627,0.0767092972662285,-0.0601926613162402));
#4387=CARTESIAN_POINT('',(-0.0104039844245627,0.075731300385064,-0.0611778880871339));
#4388=CARTESIAN_POINT('',(-0.0104039844245627,0.0751807227881014,-0.0615878688970775));
#4389=CARTESIAN_POINT('',(-0.0104039844245627,0.0739684658146111,-0.0622621687935333));
#4390=CARTESIAN_POINT('',(-0.0104039844245627,0.0733353132602087,-0.0625135179862167));
#4391=CARTESIAN_POINT('',(-0.0104039844245627,0.0713905814921998,-0.0630724697353839));
#4392=CARTESIAN_POINT('',(-0.0104039844245627,0.0700310872027518,-0.0632029094743145));
#4393=CARTESIAN_POINT('',(-0.0104039844245627,0.0687,-0.0632039844245628));
#4394=CARTESIAN_POINT('',(-0.0104,0.0787,-0.0532));
#4395=CARTESIAN_POINT('',(-0.0104,0.0786979031954575,-0.054527560048657));
#4396=CARTESIAN_POINT('',(-0.0104,0.0785748565929692,-0.0558421766976645));
#4397=CARTESIAN_POINT('',(-0.0104,0.0780297943590505,-0.0577768688563506));
#4398=CARTESIAN_POINT('',(-0.0104,0.0777761884670411,-0.0584253599664804));
#4399=CARTESIAN_POINT('',(-0.0104,0.0771198002081167,-0.0596241055249008));
#4400=CARTESIAN_POINT('',(-0.0104,0.0767061929197083,-0.0601901332238813));
#4401=CARTESIAN_POINT('',(-0.0104,0.0757287502145973,-0.0611748011110133));
#4402=CARTESIAN_POINT('',(-0.0104,0.075178481290074,-0.0615845559322939));
#4403=CARTESIAN_POINT('',(-0.0104,0.0739668319762778,-0.0622585186897062));
#4404=CARTESIAN_POINT('',(-0.0104,0.073333961890283,-0.0625097595191506));
#4405=CARTESIAN_POINT('',(-0.0104,0.0713899603890237,-0.0630685048221302));
#4406=CARTESIAN_POINT('',(-0.0104,0.070030822399978,-0.0631989276283802));
#4407=CARTESIAN_POINT('',(-0.0104,0.0687,-0.0632));
#4408=CARTESIAN_POINT('',(-0.01,0.0783,-0.0532));
#4409=CARTESIAN_POINT('',(-0.01,0.0782981752482861,-0.0545009697065343));
#4410=CARTESIAN_POINT('',(-0.01,0.0781766713219919,-0.0557811747176552));
#4411=CARTESIAN_POINT('',(-0.01,0.077651672170682,-0.0576435924147004));
#4412=CARTESIAN_POINT('',(-0.01,0.0774089634209829,-0.0582632456941636));
#4413=CARTESIAN_POINT('',(-0.01,0.0767853417026816,-0.0594019800366986));
#4414=CARTESIAN_POINT('',(-0.01,0.0763945447535722,-0.0599363357362787));
#4415=CARTESIAN_POINT('',(-0.01,0.0754727362857057,-0.0608648967750701));
#4416=CARTESIAN_POINT('',(-0.01,0.0749534552676657,-0.0612519643892552));
#4417=CARTESIAN_POINT('',(-0.01,0.0738028094623613,-0.0618920814519472));
#4418=CARTESIAN_POINT('',(-0.01,0.0731982966363016,-0.0621324435974213));
#4419=CARTESIAN_POINT('',(-0.01,0.0713276072771657,-0.0626704635801636));
#4420=CARTESIAN_POINT('',(-0.01,0.070004238609064,-0.0627991864992295));
#4421=CARTESIAN_POINT('',(-0.01,0.0687,-0.0628));
#4422=CARTESIAN_POINT('',(-0.0102,0.0785,-0.0532));
#4423=CARTESIAN_POINT('',(-0.01,0.0783,-0.0532));
#4424=CARTESIAN_POINT('',(-0.0104,0.0787,-0.0532000000000008));
#4425=CARTESIAN_POINT('',(-0.01,0.0687,-0.0628));
#4426=CARTESIAN_POINT('',(-0.01,0.0700047759379879,-0.062799186164078));
#4427=CARTESIAN_POINT('',(-0.01,0.0719541771620558,-0.0626174323192957));
#4428=CARTESIAN_POINT('',(-0.01,0.0743987812605173,-0.0616590520379861));
#4429=CARTESIAN_POINT('',(-0.01,0.0759876583020447,-0.0604849952203496));
#4430=CARTESIAN_POINT('',(-0.01,0.0771563667585338,-0.058901103019564));
#4431=CARTESIAN_POINT('',(-0.01,0.078113836850955,-0.0564721689373806));
#4432=CARTESIAN_POINT('',(-0.01,0.0782981691274044,-0.0545053336326808));
#4433=CARTESIAN_POINT('',(-0.01,0.0783,-0.0532));
#4434=CARTESIAN_POINT('',(-0.0104,0.0787,-0.053200000000002));
#4435=CARTESIAN_POINT('',(-0.0104021441148292,0.0786999999999997,-0.054557513840538));
#4436=CARTESIAN_POINT('',(-0.0103992564733877,0.0785053446651234,-0.0565850379488057));
#4437=CARTESIAN_POINT('',(-0.0104001571237458,0.0774951889272353,-0.0591230559127211));
#4438=CARTESIAN_POINT('',(-0.0103999345841079,0.0762693146380433,-0.0607714513230627));
#4439=CARTESIAN_POINT('',(-0.0104000768792864,0.0746272317457922,-0.0619914595663967));
#4440=CARTESIAN_POINT('',(-0.0103996225346524,0.072104626514937,-0.063001063012044));
#4441=CARTESIAN_POINT('',(-0.0104010947278663,0.0700585666942443,-0.0631999999999998));
#4442=CARTESIAN_POINT('',(-0.0104,0.0687000000000024,-0.0632));
#4443=CARTESIAN_POINT('',(-0.0104039844245626,0.0687,0.103203984424563));
#4444=CARTESIAN_POINT('',(-0.0104039844245626,0.0700278249166878,0.103201884910085));
#4445=CARTESIAN_POINT('',(-0.0104039844245626,0.0713427843421333,0.103078822940904));
#4446=CARTESIAN_POINT('',(-0.0104039844245626,0.0732781964311699,0.102533560857387));
#4447=CARTESIAN_POINT('',(-0.0104039844245626,0.0739269747967018,0.102279846418275));
#4448=CARTESIAN_POINT('',(-0.0104039844245626,0.0751263181305288,0.101623131769828));
#4449=CARTESIAN_POINT('',(-0.0104039844245626,0.0756926613162401,0.101209297266228));
#4450=CARTESIAN_POINT('',(-0.0104039844245626,0.0766778880871338,0.100231300385064));
#4451=CARTESIAN_POINT('',(-0.0104039844245626,0.0770878688970775,0.0996807227881013));
#4452=CARTESIAN_POINT('',(-0.0104039844245626,0.0777621687935332,0.098468465814611));
#4453=CARTESIAN_POINT('',(-0.0104039844245626,0.0780135179862166,0.0978353132602085));
#4454=CARTESIAN_POINT('',(-0.0104039844245626,0.0785724697353839,0.0958905814921999));
#4455=CARTESIAN_POINT('',(-0.0104039844245626,0.0787029094743145,0.0945310872027517));
#4456=CARTESIAN_POINT('',(-0.0104039844245626,0.0787039844245626,0.0932));
#4457=CARTESIAN_POINT('',(-0.0104,0.0687,0.1032));
#4458=CARTESIAN_POINT('',(-0.0104,0.0700275600486571,0.103197903195457));
#4459=CARTESIAN_POINT('',(-0.0104,0.0713421766976645,0.103074856592969));
#4460=CARTESIAN_POINT('',(-0.0104,0.0732768688563506,0.10252979435905));
#4461=CARTESIAN_POINT('',(-0.0104,0.0739253599664804,0.102276188467041));
#4462=CARTESIAN_POINT('',(-0.0104,0.0751241055249009,0.101619800208117));
#4463=CARTESIAN_POINT('',(-0.0104,0.0756901332238813,0.101206192919708));
#4464=CARTESIAN_POINT('',(-0.0104,0.0766748011110133,0.100228750214597));
#4465=CARTESIAN_POINT('',(-0.0104,0.077084555932294,0.099678481290074));
#4466=CARTESIAN_POINT('',(-0.0104,0.0777585186897062,0.0984668319762778));
#4467=CARTESIAN_POINT('',(-0.0104,0.0780097595191506,0.0978339618902829));
#4468=CARTESIAN_POINT('',(-0.0104,0.0785685048221303,0.0958899603890238));
#4469=CARTESIAN_POINT('',(-0.0104,0.0786989276283803,0.094530822399978));
#4470=CARTESIAN_POINT('',(-0.0104,0.0787,0.0932));
#4471=CARTESIAN_POINT('',(-0.01,0.0687,0.1028));
#4472=CARTESIAN_POINT('',(-0.01,0.0700009697065343,0.102798175248286));
#4473=CARTESIAN_POINT('',(-0.01,0.0712811747176553,0.102676671321992));
#4474=CARTESIAN_POINT('',(-0.01,0.0731435924147004,0.102151672170682));
#4475=CARTESIAN_POINT('',(-0.01,0.0737632456941636,0.101908963420983));
#4476=CARTESIAN_POINT('',(-0.01,0.0749019800366986,0.101285341702682));
#4477=CARTESIAN_POINT('',(-0.01,0.0754363357362787,0.100894544753572));
#4478=CARTESIAN_POINT('',(-0.01,0.0763648967750701,0.0999727362857058));
#4479=CARTESIAN_POINT('',(-0.01,0.0767519643892552,0.0994534552676657));
#4480=CARTESIAN_POINT('',(-0.01,0.0773920814519473,0.0983028094623613));
#4481=CARTESIAN_POINT('',(-0.01,0.0776324435974214,0.0976982966363016));
#4482=CARTESIAN_POINT('',(-0.01,0.0781704635801636,0.0958276072771658));
#4483=CARTESIAN_POINT('',(-0.01,0.0782991864992295,0.094504238609064));
#4484=CARTESIAN_POINT('',(-0.01,0.0783,0.0932));
#4485=CARTESIAN_POINT('',(-0.0102,0.0785,0.0932));
#4486=CARTESIAN_POINT('',(-0.0104,0.0787,0.0932000000000016));
#4487=CARTESIAN_POINT('',(-0.01,0.0783,0.0932));
#4488=CARTESIAN_POINT('',(-0.0104,0.068700000000002,0.1032));
#4489=CARTESIAN_POINT('',(-0.0104021441148297,0.0700575138405379,0.1032));
#4490=CARTESIAN_POINT('',(-0.0103992564733884,0.0720850379488057,0.103005344665123));
#4491=CARTESIAN_POINT('',(-0.0104001571237454,0.0746230559127211,0.101995188927235));
#4492=CARTESIAN_POINT('',(-0.0103999345841084,0.0762714513230628,0.100769314638043));
#4493=CARTESIAN_POINT('',(-0.0104000768792861,0.0774914595663967,0.0991272317457922));
#4494=CARTESIAN_POINT('',(-0.0103996225346524,0.078501063012044,0.0966046265149369));
#4495=CARTESIAN_POINT('',(-0.0104010947278661,0.0786999999999998,0.0945585666942443));
#4496=CARTESIAN_POINT('',(-0.0104,0.0787,0.0932000000000024));
#4497=CARTESIAN_POINT('',(-0.01,0.0783,0.0932));
#4498=CARTESIAN_POINT('',(-0.01,0.0782991861746528,0.0945047589840899));
#4499=CARTESIAN_POINT('',(-0.01,0.0781174329047441,0.0964541477954741));
#4500=CARTESIAN_POINT('',(-0.01,0.0771590834915169,0.0988987221378292));
#4501=CARTESIAN_POINT('',(-0.00999999999999999,0.0759850448974173,0.1004875988992));
#4502=CARTESIAN_POINT('',(-0.01,0.074401241771238,0.101656294767841));
#4503=CARTESIAN_POINT('',(-0.01,0.0719721570614472,0.102613858715919));
#4504=CARTESIAN_POINT('',(-0.01,0.0700053488513119,0.102798169106058));
#4505=CARTESIAN_POINT('',(-0.01,0.0687,0.1028));
#4506=CARTESIAN_POINT('',(-0.0104,0.0787,-0.005));
#4507=CARTESIAN_POINT('',(-0.0104,0.0787,-0.053200000002));
#4508=CARTESIAN_POINT('',(-0.01,0.0783,0.093200000002));
#4509=CARTESIAN_POINT('',(-0.037,0.0749,0.079));
#4510=CARTESIAN_POINT('',(-0.0131252272915132,0.0753,0.0794));
#4511=CARTESIAN_POINT('',(-0.0132145293252746,0.0751635888901917,0.0792635888901917));
#4512=CARTESIAN_POINT('',(-0.013310487256969,0.0750296163959387,0.0791296163959387));
#4513=CARTESIAN_POINT('',(-0.0134183346173608,0.0749,0.079));
#4514=CARTESIAN_POINT('',(-0.0131252272915132,0.0753,0.0794));
#4515=CARTESIAN_POINT('',(-0.0134183346173608,0.0749,0.079));
#4516=CARTESIAN_POINT('',(-0.0131252272915132,0.0753,0.0794));
#4517=CARTESIAN_POINT('',(-0.0118,0.0753,0.0794));
#4518=CARTESIAN_POINT('',(-0.0267333333333333,0.0603666666666667,0.0644666666666667));
#4519=CARTESIAN_POINT('',(-0.012,0.0751,0.0792));
#4520=CARTESIAN_POINT('',(-0.012,0.02445,0.02855));
#4521=CARTESIAN_POINT('',(-0.012,0.0749,0.079));
#4522=CARTESIAN_POINT('',(-0.012,0.0749,0.079));
#4523=CARTESIAN_POINT('',(-0.0103955799534481,0.068700000000004,0.1032));
#4524=CARTESIAN_POINT('',(-0.0109999999,0.068700000000004,0.1032));
#4525=CARTESIAN_POINT('',(-0.0103955799534481,0.0753666666666672,0.103199999999999));
#4526=CARTESIAN_POINT('',(-0.0109999999,0.0753666666666672,0.103199999999999));
#4527=CARTESIAN_POINT('',(-0.0103955799534481,0.078699999999999,0.0998666666666662));
#4528=CARTESIAN_POINT('',(-0.0109999999,0.078699999999999,0.0998666666666662));
#4529=CARTESIAN_POINT('',(-0.0103955799534481,0.0787,0.0932000000000025));
#4530=CARTESIAN_POINT('',(-0.0109999999,0.0787,0.0932000000000025));
#4531=CARTESIAN_POINT('',(-0.0105,0.0687,0.1032));
#4532=CARTESIAN_POINT('',(-0.0109999999,0.068700000002,0.1032));
#4533=CARTESIAN_POINT('',(-0.0105,0.0787,0.0932));
#4534=CARTESIAN_POINT('',(-0.0109999999,0.0787,0.093200000002));
#4535=CARTESIAN_POINT('',(-0.011,0.0687,0.1032));
#4536=CARTESIAN_POINT('',(-0.011,0.0753666666666667,0.1032));
#4537=CARTESIAN_POINT('',(-0.011,0.0787,0.0998666666666667));
#4538=CARTESIAN_POINT('',(-0.011,0.0787,0.0932));
#4539=CARTESIAN_POINT('',(-0.01,0.0517,0.0886));
#4540=CARTESIAN_POINT('',(-0.01,0.0533786440127836,0.0885995723485931));
#4541=CARTESIAN_POINT('',(-0.01,0.0550794018534196,0.0884270907511751));
#4542=CARTESIAN_POINT('',(-0.01,0.0574757588371584,0.0877192962514717));
#4543=CARTESIAN_POINT('',(-0.01,0.0582621850394216,0.0873994121642982));
#4544=CARTESIAN_POINT('',(-0.01,0.0597275779828331,0.0865716942861695));
#4545=CARTESIAN_POINT('',(-0.01,0.0603958116005324,0.0860720134191751));
#4546=CARTESIAN_POINT('',(-0.01,0.06159250675863,0.0848709982322082));
#4547=CARTESIAN_POINT('',(-0.01,0.0620887203144422,0.0842028566778832));
#4548=CARTESIAN_POINT('',(-0.01,0.0629130546621179,0.0827323897952146));
#4549=CARTESIAN_POINT('',(-0.01,0.0632296015676288,0.0819470119447345));
#4550=CARTESIAN_POINT('',(-0.01,0.0639278352877778,0.0795646618625041));
#4551=CARTESIAN_POINT('',(-0.01,0.0640991050604714,0.0778805310205865));
#4552=CARTESIAN_POINT('',(-0.01,0.0641,0.0762));
#4553=CARTESIAN_POINT('',(-0.0104,0.0517,0.0882));
#4554=CARTESIAN_POINT('',(-0.0104,0.0533512269602999,0.088199794883194));
#4555=CARTESIAN_POINT('',(-0.0104,0.0550149270255551,0.0880292783295076));
#4556=CARTESIAN_POINT('',(-0.0104,0.0573373309931909,0.0873429865291586));
#4557=CARTESIAN_POINT('',(-0.0104,0.0580951750415006,0.0870343830460013));
#4558=CARTESIAN_POINT('',(-0.0104,0.0595012490775726,0.0862400997562574));
#4559=CARTESIAN_POINT('',(-0.0104,0.0601394302396871,0.085762612589453));
#4560=CARTESIAN_POINT('',(-0.0104,0.0612821838005529,0.0846157343694669));
#4561=CARTESIAN_POINT('',(-0.0104,0.0617563942008619,0.0839776034352018));
#4562=CARTESIAN_POINT('',(-0.0104,0.0625475182615167,0.0825665063465712));
#4563=CARTESIAN_POINT('',(-0.0104,0.0628529525735633,0.0818095577762181));
#4564=CARTESIAN_POINT('',(-0.0104,0.0635300398740694,0.0795004773210478));
#4565=CARTESIAN_POINT('',(-0.0104,0.0636993300087029,0.0778530564037506));
#4566=CARTESIAN_POINT('',(-0.0104,0.0637,0.0762));
#4567=CARTESIAN_POINT('',(-0.0108,0.0517,0.0878));
#4568=CARTESIAN_POINT('',(-0.0108,0.0533238099078162,0.0878000174177949));
#4569=CARTESIAN_POINT('',(-0.0108,0.0549504521976906,0.0876314659078401));
#4570=CARTESIAN_POINT('',(-0.0108,0.0571989031492234,0.0869666768068455));
#4571=CARTESIAN_POINT('',(-0.0108,0.0579281650435796,0.0866693539277044));
#4572=CARTESIAN_POINT('',(-0.0108,0.0592749201723121,0.0859085052263453));
#4573=CARTESIAN_POINT('',(-0.0108,0.0598830488788418,0.0854532117597309));
#4574=CARTESIAN_POINT('',(-0.0108,0.0609718608424758,0.0843604705067256));
#4575=CARTESIAN_POINT('',(-0.0108,0.0614240680872816,0.0837523501925204));
#4576=CARTESIAN_POINT('',(-0.0108,0.0621819818609155,0.0824006228979278));
#4577=CARTESIAN_POINT('',(-0.0108,0.0624763035794978,0.0816721036077017));
#4578=CARTESIAN_POINT('',(-0.0108,0.063132244460361,0.0794362927795915));
#4579=CARTESIAN_POINT('',(-0.0108,0.0632995549569344,0.0778255817869147));
#4580=CARTESIAN_POINT('',(-0.0108,0.0633,0.0762));
#4581=CARTESIAN_POINT('',(-0.0102,0.0517,0.0884));
#4582=CARTESIAN_POINT('',(-0.0108,0.0517,0.0878));
#4583=CARTESIAN_POINT('',(-0.01,0.0517,0.0886));
#4584=CARTESIAN_POINT('',(-0.0108,0.0517,0.0878));
#4585=CARTESIAN_POINT('',(-0.0108,0.0524876788157749,0.0878000084490358));
#4586=CARTESIAN_POINT('',(-0.0108,0.0540674214712685,0.0877201159113305));
#4587=CARTESIAN_POINT('',(-0.0108,0.0563679837484523,0.0872890266252267));
#4588=CARTESIAN_POINT('',(-0.0108,0.0585682608486658,0.0864248739967276));
#4589=CARTESIAN_POINT('',(-0.0108,0.060488423903272,0.0850129168335629));
#4590=CARTESIAN_POINT('',(-0.0108,0.0619111211799459,0.0830961302102486));
#4591=CARTESIAN_POINT('',(-0.0108,0.0630762027942885,0.0801451526143989));
#4592=CARTESIAN_POINT('',(-0.0108,0.0632995677483994,0.0777788591792824));
#4593=CARTESIAN_POINT('',(-0.0108,0.0633,0.0762));
#4594=CARTESIAN_POINT('',(-0.0108,0.0633,0.0762));
#4595=CARTESIAN_POINT('',(-0.0102,0.0639,0.0762));
#4596=CARTESIAN_POINT('',(-0.01,0.0641,0.0762));
#4597=CARTESIAN_POINT('',(-0.01,0.0517,0.0886));
#4598=CARTESIAN_POINT('',(-0.01,0.0533814447089083,0.0885995716350877));
#4599=CARTESIAN_POINT('',(-0.01,0.0558981768279936,0.0883529157802189));
#4600=CARTESIAN_POINT('',(-0.01,0.0590300827183066,0.08709042298668));
#4601=CARTESIAN_POINT('',(-0.01,0.0610643356406042,0.0855726412873585));
#4602=CARTESIAN_POINT('',(-0.01,0.0625836511302107,0.0835420311299474));
#4603=CARTESIAN_POINT('',(-0.01,0.0638515689413724,0.0804095618286372));
#4604=CARTESIAN_POINT('',(-0.01,0.0640991036658114,0.0778831499342315));
#4605=CARTESIAN_POINT('',(-0.01,0.0641,0.0762));
#4606=CARTESIAN_POINT('',(-0.0145,0.0747,0.029));
#4607=CARTESIAN_POINT('',(-0.0131252272915132,0.0753,0.029));
#4608=CARTESIAN_POINT('',(-0.0131252272915132,0.0753,0.0906));
#4609=CARTESIAN_POINT('',(-0.0145,0.0747,0.0794));
#4610=CARTESIAN_POINT('',(-0.0156,0.0757198039027186,0.0794));
#4611=CARTESIAN_POINT('',(-0.0156,0.0757198039027186,0.029));
#4612=CARTESIAN_POINT('',(-0.0156,0.0757198039027186,0.0906));
#4613=CARTESIAN_POINT('',(-0.0145,0.0747,0.0906));
#4614=CARTESIAN_POINT('',(-0.012,0.0753,0.0906));
#4615=CARTESIAN_POINT('',(-0.0134183346173608,0.0749,0.091));
#4616=CARTESIAN_POINT('',(-0.013310487256969,0.0750296163959387,0.0908703836040613));
#4617=CARTESIAN_POINT('',(-0.0132145293252746,0.0751635888901917,0.0907364111098083));
#4618=CARTESIAN_POINT('',(-0.0131252272915132,0.0753,0.0906));
#4619=CARTESIAN_POINT('',(-0.0134183346173608,0.0749,0.091));
#4620=CARTESIAN_POINT('',(-0.017,0.0749,0.091));
#4621=CARTESIAN_POINT('',(-0.012,0.0749,0.091));
#4622=CARTESIAN_POINT('',(-0.012,0.07445,0.09145));
#4623=CARTESIAN_POINT('',(-0.012,0.0751,0.0908));
#4624=CARTESIAN_POINT('',(0.0100666666666667,0.0971666666666667,0.0687333333333333));
#4625=CARTESIAN_POINT('',(-0.0118,0.0753,0.0906));
#4626=CARTESIAN_POINT('',(-0.012,0.0753,0.0906));
#4627=CARTESIAN_POINT('',(-0.012,0.0751,0.005));
#4628=CARTESIAN_POINT('',(-0.012,0.0751,0.035));
#4629=CARTESIAN_POINT('',(-0.012,0.0751,0.093));
#4630=CARTESIAN_POINT('',(-0.0119,0.0752,0.093));
#4631=CARTESIAN_POINT('',(-0.0117999999999898,0.0753,0.0930000000065941));
#4632=CARTESIAN_POINT('',(-0.0118,0.0753,0.025));
#4633=CARTESIAN_POINT('',(-0.0118050893020767,0.0753,0.093000000006686));
#4634=CARTESIAN_POINT('',(-0.011,0.0753,0.093000000006686));
#4635=CARTESIAN_POINT('',(-0.0118050893020767,0.0752999999989024,0.0953000000038198));
#4636=CARTESIAN_POINT('',(-0.011,0.0752999999989024,0.0953000000038198));
#4637=CARTESIAN_POINT('',(-0.0118050893020767,0.074167157285902,0.098667157287525));
#4638=CARTESIAN_POINT('',(-0.011,0.074167157285902,0.098667157287525));
#4639=CARTESIAN_POINT('',(-0.0118050893020767,0.0708000000010742,0.0997999999994511));
#4640=CARTESIAN_POINT('',(-0.011,0.0708000000010742,0.0997999999994511));
#4641=CARTESIAN_POINT('',(-0.0118050893020767,0.068500000003343,0.0998));
#4642=CARTESIAN_POINT('',(-0.011,0.068500000003343,0.0998));
#4643=CARTESIAN_POINT('',(-0.0114,0.0753,0.093));
#4644=CARTESIAN_POINT('',(-0.011,0.0753,0.093));
#4645=CARTESIAN_POINT('',(-0.01180000009375,0.068500000003343,0.09979999996875));
#4646=CARTESIAN_POINT('',(-0.0117992795530919,0.0694247248016766,0.0997999999683087));
#4647=CARTESIAN_POINT('',(-0.0117997758451278,0.0708120896902502,0.0996704486857821));
#4648=CARTESIAN_POINT('',(-0.0117953026966901,0.0725374739233796,0.0989881261103565));
#4649=CARTESIAN_POINT('',(-0.0118028419263961,0.073659318356094,0.0981541862944014));
#4650=CARTESIAN_POINT('',(-0.0117933786777183,0.0744893471764589,0.0970339700946656));
#4651=CARTESIAN_POINT('',(-0.0118011874271744,0.0751690694934003,0.0953165181760832));
#4652=CARTESIAN_POINT('',(-0.0117985749367546,0.0752999999991269,0.0939242830735453));
#4653=CARTESIAN_POINT('',(-0.0117999999999796,0.0753,0.0930000000132336));
#4654=CARTESIAN_POINT('',(-0.011800000125,0.0685,0.0998));
#4655=CARTESIAN_POINT('',(-0.0114000000000027,0.0685,0.0998));
#4656=CARTESIAN_POINT('',(-0.011,0.0685,0.0998));
#4657=CARTESIAN_POINT('',(-0.011,0.0753,0.093000000003343));
#4658=CARTESIAN_POINT('',(-0.011,0.0752999999995601,0.0939218044451542));
#4659=CARTESIAN_POINT('',(-0.011,0.0751470678467267,0.0957348325926998));
#4660=CARTESIAN_POINT('',(-0.011,0.0738191508370491,0.0983062401891193));
#4661=CARTESIAN_POINT('',(-0.011,0.0712845704436927,0.0996347502456287));
#4662=CARTESIAN_POINT('',(-0.011,0.069426931554892,0.0997999999997788));
#4663=CARTESIAN_POINT('',(-0.011,0.068500000003343,0.0998));
#4664=CARTESIAN_POINT('',(-0.00992,0.0612205214198307,0.0746456017188532));
#4665=CARTESIAN_POINT('',(-0.00992,0.0612203476132205,0.0751637344792355));
#4666=CARTESIAN_POINT('',(-0.00992,0.0612201738066102,0.0756818672396177));
#4667=CARTESIAN_POINT('',(-0.00992,0.06122,0.0762));
#4668=CARTESIAN_POINT('',(-0.00992,0.0612195654834745,0.0774953319009556));
#4669=CARTESIAN_POINT('',(-0.00992,0.0610897174327485,0.0788054121558261));
#4670=CARTESIAN_POINT('',(-0.00992,0.0603938148831672,0.0812521771006676));
#4671=CARTESIAN_POINT('',(-0.00992,0.0597803477505048,0.0824386889756189));
#4672=CARTESIAN_POINT('',(-0.00992,0.0579580713980024,0.0842652149044618));
#4673=CARTESIAN_POINT('',(-0.00992,0.0567754087062374,0.0848845191428296));
#4674=CARTESIAN_POINT('',(-0.00992,0.0543060743076364,0.0855921436883286));
#4675=CARTESIAN_POINT('',(-0.00992,0.0529978644119455,0.0857194055053486));
#4676=CARTESIAN_POINT('',(-0.00992,0.0517,0.08572));
#4677=CARTESIAN_POINT('',(-0.00992,0.0511808542352218,0.0857202377978606));
#4678=CARTESIAN_POINT('',(-0.00992,0.0506617084704436,0.0857204755957212));
#4679=CARTESIAN_POINT('',(-0.00992,0.0501425627056654,0.0857207133935817));
#4680=CARTESIAN_POINT('',(-0.01,0.0613005779315474,0.0746392439601759));
#4681=CARTESIAN_POINT('',(-0.01,0.0613003852876982,0.0751594959734506));
#4682=CARTESIAN_POINT('',(-0.01,0.0613001926438491,0.0756797479867253));
#4683=CARTESIAN_POINT('',(-0.01,0.0613,0.0762));
#4684=CARTESIAN_POINT('',(-0.01,0.0612995183903772,0.0775006300331867));
#4685=CARTESIAN_POINT('',(-0.01,0.0611692751298049,0.0788178718506718));
#4686=CARTESIAN_POINT('',(-0.01,0.0604680554544276,0.0812838319460864));
#4687=CARTESIAN_POINT('',(-0.01,0.0598482812313885,0.0824838608608282));
#4688=CARTESIAN_POINT('',(-0.01,0.0580034842747453,0.0843329704437903));
#4689=CARTESIAN_POINT('',(-0.01,0.0568072780500058,0.0849586766002889));
#4690=CARTESIAN_POINT('',(-0.01,0.054318509201421,0.085671729960936));
#4691=CARTESIAN_POINT('',(-0.01,0.0530031748008228,0.0857993562282038));
#4692=CARTESIAN_POINT('',(-0.01,0.0517,0.0858));
#4693=CARTESIAN_POINT('',(-0.01,0.0511787300796709,0.0858002575087185));
#4694=CARTESIAN_POINT('',(-0.01,0.0506574601593418,0.085800515017437));
#4695=CARTESIAN_POINT('',(-0.01,0.0501361902390126,0.0858007725261554));
#4696=CARTESIAN_POINT('',(-0.0104,0.0617008604901308,0.0746074551667895));
#4697=CARTESIAN_POINT('',(-0.0104,0.0617005736600872,0.0751383034445264));
#4698=CARTESIAN_POINT('',(-0.0104,0.0617002868300436,0.0756691517222632));
#4699=CARTESIAN_POINT('',(-0.0104,0.0617,0.0762));
#4700=CARTESIAN_POINT('',(-0.0104,0.061699282924891,0.077527120694342));
#4701=CARTESIAN_POINT('',(-0.0104,0.061567063615087,0.0788801703249002));
#4702=CARTESIAN_POINT('',(-0.0104,0.0608392583107295,0.0814421061731806));
#4703=CARTESIAN_POINT('',(-0.0104,0.0601879486358073,0.0827097202868749));
#4704=CARTESIAN_POINT('',(-0.0104,0.05823054865846,0.0846717481404331));
#4705=CARTESIAN_POINT('',(-0.0104,0.056966624768848,0.0853294638875855));
#4706=CARTESIAN_POINT('',(-0.0104,0.0543806836703441,0.0860696613239733));
#4707=CARTESIAN_POINT('',(-0.0104,0.0530297267452093,0.08619910984248));
#4708=CARTESIAN_POINT('',(-0.0104,0.0517,0.0862));
#4709=CARTESIAN_POINT('',(-0.0104,0.0511681093019163,0.086200356063008));
#4710=CARTESIAN_POINT('',(-0.0104,0.0506362186038326,0.086200712126016));
#4711=CARTESIAN_POINT('',(-0.0104,0.0501043279057488,0.086201068189024));
#4712=CARTESIAN_POINT('',(-0.0108,0.0621011430487142,0.0745756663734032));
#4713=CARTESIAN_POINT('',(-0.0108,0.0621007620324762,0.0751171109156021));
#4714=CARTESIAN_POINT('',(-0.0108,0.0621003810162381,0.0756585554578011));
#4715=CARTESIAN_POINT('',(-0.0108,0.0621,0.0762));
#4716=CARTESIAN_POINT('',(-0.0108,0.0620990474594048,0.0775536113554973));
#4717=CARTESIAN_POINT('',(-0.0108,0.0619648521003691,0.0789424687991286));
#4718=CARTESIAN_POINT('',(-0.0108,0.0612104611670314,0.0816003804002748));
#4719=CARTESIAN_POINT('',(-0.0108,0.0605276160402261,0.0829355797129216));
#4720=CARTESIAN_POINT('',(-0.0108,0.0584576130421747,0.0850105258370759));
#4721=CARTESIAN_POINT('',(-0.0108,0.0571259714876902,0.0857002511748821));
#4722=CARTESIAN_POINT('',(-0.0108,0.0544428581392672,0.0864675926870106));
#4723=CARTESIAN_POINT('',(-0.0108,0.0530562786895958,0.0865988634567562));
#4724=CARTESIAN_POINT('',(-0.0108,0.0517,0.0866));
#4725=CARTESIAN_POINT('',(-0.0108,0.0511574885241617,0.0866004546172975));
#4726=CARTESIAN_POINT('',(-0.0108,0.0506149770483233,0.086600909234595));
#4727=CARTESIAN_POINT('',(-0.0108,0.050072465572485,0.0866013638518925));
#4728=CARTESIAN_POINT('',(-0.0106,0.0517,0.0864));
#4729=CARTESIAN_POINT('',(-0.01,0.0517,0.0858));
#4730=CARTESIAN_POINT('',(-0.0108,0.0517,0.0866));
#4731=CARTESIAN_POINT('',(-0.01,0.0613,0.0762));
#4732=CARTESIAN_POINT('',(-0.01,0.0612995170888345,0.0775041449661396));
#4733=CARTESIAN_POINT('',(-0.01,0.0611152482624911,0.0794709880309643));
#4734=CARTESIAN_POINT('',(-0.01,0.0601589500335998,0.0818841985597216));
#4735=CARTESIAN_POINT('',(-0.01,0.0589972216827523,0.0834805674899725));
#4736=CARTESIAN_POINT('',(-0.01,0.0574018242090004,0.0846496729247949));
#4737=CARTESIAN_POINT('',(-0.01,0.0549620375530904,0.0856202395725408));
#4738=CARTESIAN_POINT('',(-0.01,0.0530058676136989,0.0857993548979471));
#4739=CARTESIAN_POINT('',(-0.01,0.0517,0.0858));
#4740=CARTESIAN_POINT('',(-0.01,0.0613,0.0762));
#4741=CARTESIAN_POINT('',(-0.0106,0.0619,0.0762));
#4742=CARTESIAN_POINT('',(-0.0108,0.0621,0.0762));
#4743=CARTESIAN_POINT('',(-0.0108,0.0621,0.0762));
#4744=CARTESIAN_POINT('',(-0.0108,0.062099008157871,0.0776094609462843));
#4745=CARTESIAN_POINT('',(-0.0108,0.0618920317170895,0.0797325375091943));
#4746=CARTESIAN_POINT('',(-0.0108,0.060830375837096,0.0823320106697953));
#4747=CARTESIAN_POINT('',(-0.0108,0.0595673006436494,0.0840477852940244));
#4748=CARTESIAN_POINT('',(-0.0108,0.0578514246355896,0.0853198594558567));
#4749=CARTESIAN_POINT('',(-0.0108000000000001,0.0552251887738929,0.0863968308310809));
#4750=CARTESIAN_POINT('',(-0.0107999999999998,0.0531114719627163,0.086598817205538));
#4751=CARTESIAN_POINT('',(-0.0107999999999998,0.0517,0.0866));
#4752=CARTESIAN_POINT('',(-0.0103955799534477,-0.0577,0.0932000000000041));
#4753=CARTESIAN_POINT('',(-0.0109999999,-0.0577,0.0932000000000041));
#4754=CARTESIAN_POINT('',(-0.0103955799534477,-0.0576999999999986,0.0998666666666672));
#4755=CARTESIAN_POINT('',(-0.0109999999,-0.0576999999999986,0.0998666666666672));
#4756=CARTESIAN_POINT('',(-0.0103955799534477,-0.0543666666666662,0.103199999999999));
#4757=CARTESIAN_POINT('',(-0.0109999999,-0.0543666666666662,0.103199999999999));
#4758=CARTESIAN_POINT('',(-0.0103955799534477,-0.0477000000000024,0.1032));
#4759=CARTESIAN_POINT('',(-0.0109999999,-0.0477000000000024,0.1032));
#4760=CARTESIAN_POINT('',(-0.0105,-0.0577,0.0932));
#4761=CARTESIAN_POINT('',(-0.0109999999,-0.0577,0.093200000002));
#4762=CARTESIAN_POINT('',(-0.0105,-0.0477,0.1032));
#4763=CARTESIAN_POINT('',(-0.0109999999,-0.047700000002,0.1032));
#4764=CARTESIAN_POINT('',(-0.011,-0.0577,0.0932));
#4765=CARTESIAN_POINT('',(-0.011,-0.0577,0.0998666666666667));
#4766=CARTESIAN_POINT('',(-0.011,-0.0543666666666667,0.1032));
#4767=CARTESIAN_POINT('',(-0.011,-0.0477,0.1032));
#4768=CARTESIAN_POINT('',(-0.0118050893020762,-0.0475000000033431,0.0998000000000001));
#4769=CARTESIAN_POINT('',(-0.011,-0.0475000000033431,0.0998000000000001));
#4770=CARTESIAN_POINT('',(-0.0118050893020762,-0.0498000000016315,0.0997999999994512));
#4771=CARTESIAN_POINT('',(-0.011,-0.0498000000016315,0.0997999999994512));
#4772=CARTESIAN_POINT('',(-0.0118050893020762,-0.0531671572869841,0.0986671572869841));
#4773=CARTESIAN_POINT('',(-0.011,-0.0531671572869841,0.0986671572869841));
#4774=CARTESIAN_POINT('',(-0.0118050893020762,-0.0542999999994511,0.0953000000016313));
#4775=CARTESIAN_POINT('',(-0.011,-0.0542999999994511,0.0953000000016313));
#4776=CARTESIAN_POINT('',(-0.0118050893020762,-0.0543,0.093000000003343));
#4777=CARTESIAN_POINT('',(-0.011,-0.0543,0.093000000003343));
#4778=CARTESIAN_POINT('',(-0.012,-0.0475,0.0998));
#4779=CARTESIAN_POINT('',(-0.011,-0.0475,0.0998));
#4780=CARTESIAN_POINT('',(-0.0118,-0.0475,0.0998));
#4781=CARTESIAN_POINT('',(-0.0118,-0.0543,0.0930000000034266));
#4782=CARTESIAN_POINT('',(-0.0117992794593119,-0.0542999999995476,0.0939247248050373));
#4783=CARTESIAN_POINT('',(-0.0117997758662873,-0.0541704486784034,0.0953120896927919));
#4784=CARTESIAN_POINT('',(-0.0117953026927054,-0.0534881261093416,0.0970374739280811));
#4785=CARTESIAN_POINT('',(-0.0118028419274547,-0.0526541862893578,0.098159318360996));
#4786=CARTESIAN_POINT('',(-0.0117933786774503,-0.0515339700872957,0.098989347180673));
#4787=CARTESIAN_POINT('',(-0.011801187427283,-0.0498165181655299,0.0996690694957697));
#4788=CARTESIAN_POINT('',(-0.0117985749369266,-0.0484242830613583,0.0997999999997846));
#4789=CARTESIAN_POINT('',(-0.0117999999999948,-0.0475,0.0998000000000052));
#4790=CARTESIAN_POINT('',(-0.0118,-0.0543,0.0930000000001671));
#4791=CARTESIAN_POINT('',(-0.011,-0.0543,0.093));
#4792=CARTESIAN_POINT('',(-0.011,-0.0543,0.093));
#4793=CARTESIAN_POINT('',(-0.011,-0.047500000003343,0.0998));
#4794=CARTESIAN_POINT('',(-0.011,-0.048421804445147,0.09979999999956));
#4795=CARTESIAN_POINT('',(-0.011,-0.0502348325926195,0.0996470678467372));
#4796=CARTESIAN_POINT('',(-0.011,-0.0528062401890827,0.098319150837096));
#4797=CARTESIAN_POINT('',(-0.011,-0.0541347502456297,0.0957845704437178));
#4798=CARTESIAN_POINT('',(-0.011,-0.0542999999997788,0.0939269315549008));
#4799=CARTESIAN_POINT('',(-0.011,-0.0543,0.093000000003343));
#4800=CARTESIAN_POINT('',(-0.0118,-0.0543,-0.015));
#4801=CARTESIAN_POINT('',(0.0066,-0.0727,0.0722000000000009));
#4802=CARTESIAN_POINT('',(-0.0118,-0.0543,0.0906));
#4803=CARTESIAN_POINT('',(-0.012,-0.0541,0.0908));
#4804=CARTESIAN_POINT('',(-0.0118,-0.0543,0.0906));
#4805=CARTESIAN_POINT('',(-0.0119,-0.0542,0.093));
#4806=CARTESIAN_POINT('',(-0.012,-0.0541,0.093));
#4807=CARTESIAN_POINT('',(-0.012,-0.0541,0.093));
#4808=CARTESIAN_POINT('',(-0.017,-0.0539,0.091));
#4809=CARTESIAN_POINT('',(-0.0131252272915132,-0.0543,0.0906));
#4810=CARTESIAN_POINT('',(-0.0132145293252746,-0.0541635888901917,0.0907364111098083));
#4811=CARTESIAN_POINT('',(-0.013310487256969,-0.0540296163959388,0.0908703836040613));
#4812=CARTESIAN_POINT('',(-0.0134183346173608,-0.0539,0.091));
#4813=CARTESIAN_POINT('',(-0.0131252272915132,-0.0543,0.0906));
#4814=CARTESIAN_POINT('',(-0.0134183346173608,-0.0539,0.091));
#4815=CARTESIAN_POINT('',(-0.0131252272915132,-0.0543,0.0906));
#4816=CARTESIAN_POINT('',(-0.012,-0.053449999999999,0.091450000000001));
#4817=CARTESIAN_POINT('',(-0.012,-0.0539,0.091));
#4818=CARTESIAN_POINT('',(-0.012,-0.0539,0.091));
#4819=CARTESIAN_POINT('',(-0.0145,-0.0537,0.041));
#4820=CARTESIAN_POINT('',(-0.0156,-0.0547198039027185,0.041));
#4821=CARTESIAN_POINT('',(-0.0156,-0.0547198039027185,0.0906));
#4822=CARTESIAN_POINT('',(-0.0156,-0.0547198039027185,0.0794));
#4823=CARTESIAN_POINT('',(-0.0145,-0.0537,0.0794));
#4824=CARTESIAN_POINT('',(-0.0131252272915132,-0.0543,0.0794));
#4825=CARTESIAN_POINT('',(-0.0131252272915132,-0.0543,0.041));
#4826=CARTESIAN_POINT('',(-0.0145,-0.0537,0.0906));
#4827=CARTESIAN_POINT('',(-0.037,-0.0539,0.079));
#4828=CARTESIAN_POINT('',(-0.012,-0.00345000000000096,0.0285499999999992));
#4829=CARTESIAN_POINT('',(-0.012,-0.0541,0.0792));
#4830=CARTESIAN_POINT('',(-0.012,-0.0539,0.079));
#4831=CARTESIAN_POINT('',(-0.0332666666666664,-0.0328333333333321,0.0579333333333314));
#4832=CARTESIAN_POINT('',(-0.0118,-0.0543,0.0794));
#4833=CARTESIAN_POINT('',(-0.012,-0.0543,0.0794));
#4834=CARTESIAN_POINT('',(-0.0131252272915132,-0.0543,0.0794));
#4835=CARTESIAN_POINT('',(-0.0132145293252746,-0.0541635888901917,0.0792635888901917));
#4836=CARTESIAN_POINT('',(-0.013310487256969,-0.0540296163959388,0.0791296163959388));
#4837=CARTESIAN_POINT('',(-0.0134183346173608,-0.0539,0.079));
#4838=CARTESIAN_POINT('',(-0.0134183346173608,-0.0539,0.079));
#4839=CARTESIAN_POINT('',(-0.0131252272915132,-0.0539,0.079));
#4840=CARTESIAN_POINT('',(-0.01,-0.0431,0.0762));
#4841=CARTESIAN_POINT('',(-0.01,-0.0430995723485931,0.0778786440127836));
#4842=CARTESIAN_POINT('',(-0.01,-0.0429270907511752,0.0795794018534196));
#4843=CARTESIAN_POINT('',(-0.01,-0.0422192962514717,0.0819757588371583));
#4844=CARTESIAN_POINT('',(-0.01,-0.0418994121642983,0.0827621850394215));
#4845=CARTESIAN_POINT('',(-0.01,-0.0410716942861694,0.084227577982833));
#4846=CARTESIAN_POINT('',(-0.01,-0.0405720134191751,0.0848958116005324));
#4847=CARTESIAN_POINT('',(-0.01,-0.0393709982322082,0.08609250675863));
#4848=CARTESIAN_POINT('',(-0.01,-0.0387028566778832,0.0865887203144422));
#4849=CARTESIAN_POINT('',(-0.01,-0.0372323897952146,0.0874130546621178));
#4850=CARTESIAN_POINT('',(-0.01,-0.0364470119447345,0.0877296015676288));
#4851=CARTESIAN_POINT('',(-0.01,-0.0340646618625041,0.0884278352877778));
#4852=CARTESIAN_POINT('',(-0.01,-0.0323805310205866,0.0885991050604714));
#4853=CARTESIAN_POINT('',(-0.01,-0.0307,0.0886));
#4854=CARTESIAN_POINT('',(-0.0104,-0.0427,0.0762));
#4855=CARTESIAN_POINT('',(-0.0104,-0.042699794883194,0.0778512269602998));
#4856=CARTESIAN_POINT('',(-0.0104,-0.0425292783295076,0.0795149270255551));
#4857=CARTESIAN_POINT('',(-0.0104,-0.0418429865291586,0.0818373309931909));
#4858=CARTESIAN_POINT('',(-0.0104,-0.0415343830460014,0.0825951750415005));
#4859=CARTESIAN_POINT('',(-0.0104,-0.0407400997562574,0.0840012490775726));
#4860=CARTESIAN_POINT('',(-0.0104,-0.040262612589453,0.0846394302396871));
#4861=CARTESIAN_POINT('',(-0.0104,-0.0391157343694669,0.0857821838005529));
#4862=CARTESIAN_POINT('',(-0.0104,-0.0384776034352018,0.0862563942008619));
#4863=CARTESIAN_POINT('',(-0.0104,-0.0370665063465712,0.0870475182615167));
#4864=CARTESIAN_POINT('',(-0.0104,-0.0363095577762181,0.0873529525735633));
#4865=CARTESIAN_POINT('',(-0.0104,-0.0340004773210478,0.0880300398740694));
#4866=CARTESIAN_POINT('',(-0.0104,-0.0323530564037507,0.0881993300087028));
#4867=CARTESIAN_POINT('',(-0.0104,-0.0307,0.0882));
#4868=CARTESIAN_POINT('',(-0.0108,-0.0423,0.0762));
#4869=CARTESIAN_POINT('',(-0.0108,-0.0423000174177949,0.077823809907816));
#4870=CARTESIAN_POINT('',(-0.0108,-0.04213146590784,0.0794504521976906));
#4871=CARTESIAN_POINT('',(-0.0108,-0.0414666768068455,0.0816989031492235));
#4872=CARTESIAN_POINT('',(-0.0108,-0.0411693539277045,0.0824281650435795));
#4873=CARTESIAN_POINT('',(-0.0108,-0.0404085052263454,0.0837749201723122));
#4874=CARTESIAN_POINT('',(-0.0108,-0.0399532117597309,0.0843830488788418));
#4875=CARTESIAN_POINT('',(-0.0108,-0.0388604705067256,0.0854718608424758));
#4876=CARTESIAN_POINT('',(-0.0108,-0.0382523501925204,0.0859240680872816));
#4877=CARTESIAN_POINT('',(-0.0108,-0.0369006228979278,0.0866819818609156));
#4878=CARTESIAN_POINT('',(-0.0108,-0.0361721036077017,0.0869763035794978));
#4879=CARTESIAN_POINT('',(-0.0108,-0.0339362927795915,0.087632244460361));
#4880=CARTESIAN_POINT('',(-0.0108,-0.0323255817869148,0.0877995549569342));
#4881=CARTESIAN_POINT('',(-0.0108,-0.0307,0.0878));
#4882=CARTESIAN_POINT('',(-0.01,-0.0431,0.0762));
#4883=CARTESIAN_POINT('',(-0.01,-0.0430995716350877,0.0778814447089083));
#4884=CARTESIAN_POINT('',(-0.01,-0.042852915780219,0.0803981768279936));
#4885=CARTESIAN_POINT('',(-0.01,-0.0415904229866799,0.0835300827183065));
#4886=CARTESIAN_POINT('',(-0.01,-0.0400726412873585,0.0855643356406043));
#4887=CARTESIAN_POINT('',(-0.01,-0.0380420311299472,0.0870836511302106));
#4888=CARTESIAN_POINT('',(-0.01,-0.0349095618286371,0.0883515689413725));
#4889=CARTESIAN_POINT('',(-0.01,-0.0323831499342314,0.0885991036658114));
#4890=CARTESIAN_POINT('',(-0.01,-0.0307,0.0886));
#4891=CARTESIAN_POINT('',(-0.01,-0.0431,0.0762));
#4892=CARTESIAN_POINT('',(-0.01,-0.0307,0.0886));
#4893=CARTESIAN_POINT('',(-0.0106,-0.0425,0.0762));
#4894=CARTESIAN_POINT('',(-0.0108,-0.0423,0.0762));
#4895=CARTESIAN_POINT('',(-0.0108,-0.0423,0.0762));
#4896=CARTESIAN_POINT('',(-0.0108,-0.0423000084490358,0.0769876788157749));
#4897=CARTESIAN_POINT('',(-0.0108,-0.0422201159113304,0.0785674214712686));
#4898=CARTESIAN_POINT('',(-0.0108,-0.0417890266252266,0.0808679837484524));
#4899=CARTESIAN_POINT('',(-0.0108,-0.0409248739967277,0.083068260848666));
#4900=CARTESIAN_POINT('',(-0.0108,-0.0395129168335628,0.084988423903272));
#4901=CARTESIAN_POINT('',(-0.0108,-0.0375961302102487,0.0864111211799459));
#4902=CARTESIAN_POINT('',(-0.0108,-0.0346451526143989,0.0875762027942885));
#4903=CARTESIAN_POINT('',(-0.0108,-0.0322788591792824,0.0877995677483992));
#4904=CARTESIAN_POINT('',(-0.0108,-0.0307,0.0878));
#4905=CARTESIAN_POINT('',(-0.0108,-0.0307,0.0878));
#4906=CARTESIAN_POINT('',(-0.0102,-0.0307,0.0884));
#4907=CARTESIAN_POINT('',(-0.00992,-0.0291456017188532,0.0857205214198309));
#4908=CARTESIAN_POINT('',(-0.00992,-0.0296637344792355,0.0857203476132206));
#4909=CARTESIAN_POINT('',(-0.00992,-0.0301818672396177,0.0857201738066103));
#4910=CARTESIAN_POINT('',(-0.00992,-0.0307,0.08572));
#4911=CARTESIAN_POINT('',(-0.00992,-0.0319953319009556,0.0857195654834744));
#4912=CARTESIAN_POINT('',(-0.00992,-0.0333054121558261,0.0855897174327484));
#4913=CARTESIAN_POINT('',(-0.00992,-0.0357521771006676,0.0848938148831673));
#4914=CARTESIAN_POINT('',(-0.00992,-0.0369386889756189,0.0842803477505048));
#4915=CARTESIAN_POINT('',(-0.00992,-0.0387652149044619,0.0824580713980023));
#4916=CARTESIAN_POINT('',(-0.00992,-0.0393845191428298,0.0812754087062374));
#4917=CARTESIAN_POINT('',(-0.00992,-0.0400921436883286,0.0788060743076363));
#4918=CARTESIAN_POINT('',(-0.00992,-0.0402194055053486,0.0774978644119455));
#4919=CARTESIAN_POINT('',(-0.00992,-0.04022,0.0762));
#4920=CARTESIAN_POINT('',(-0.00992,-0.0402202377978606,0.0756808542352218));
#4921=CARTESIAN_POINT('',(-0.00992,-0.0402204755957212,0.0751617084704436));
#4922=CARTESIAN_POINT('',(-0.00992,-0.0402207133935818,0.0746425627056654));
#4923=CARTESIAN_POINT('',(-0.01,-0.0291392439601759,0.0858005779315475));
#4924=CARTESIAN_POINT('',(-0.01,-0.0296594959734506,0.0858003852876983));
#4925=CARTESIAN_POINT('',(-0.01,-0.0301797479867253,0.0858001926438492));
#4926=CARTESIAN_POINT('',(-0.01,-0.0307,0.0858));
#4927=CARTESIAN_POINT('',(-0.01,-0.0320006300331867,0.0857995183903771));
#4928=CARTESIAN_POINT('',(-0.01,-0.0333178718506718,0.0856692751298048));
#4929=CARTESIAN_POINT('',(-0.01,-0.0357838319460864,0.0849680554544276));
#4930=CARTESIAN_POINT('',(-0.01,-0.0369838608608282,0.0843482812313885));
#4931=CARTESIAN_POINT('',(-0.01,-0.0388329704437904,0.0825034842747452));
#4932=CARTESIAN_POINT('',(-0.01,-0.039458676600289,0.0813072780500058));
#4933=CARTESIAN_POINT('',(-0.01,-0.040171729960936,0.0788185092014209));
#4934=CARTESIAN_POINT('',(-0.01,-0.0402993562282038,0.0775031748008228));
#4935=CARTESIAN_POINT('',(-0.01,-0.0403,0.0762));
#4936=CARTESIAN_POINT('',(-0.01,-0.0403002575087185,0.0756787300796709));
#4937=CARTESIAN_POINT('',(-0.01,-0.040300515017437,0.0751574601593417));
#4938=CARTESIAN_POINT('',(-0.01,-0.0403007725261554,0.0746361902390126));
#4939=CARTESIAN_POINT('',(-0.0104,-0.0291074551667896,0.0862008604901309));
#4940=CARTESIAN_POINT('',(-0.0104,-0.0296383034445264,0.0862005736600873));
#4941=CARTESIAN_POINT('',(-0.0104,-0.0301691517222632,0.0862002868300436));
#4942=CARTESIAN_POINT('',(-0.0104,-0.0307,0.0862));
#4943=CARTESIAN_POINT('',(-0.0104,-0.032027120694342,0.0861992829248909));
#4944=CARTESIAN_POINT('',(-0.0104,-0.0333801703249002,0.086067063615087));
#4945=CARTESIAN_POINT('',(-0.0104,-0.0359421061731806,0.0853392583107295));
#4946=CARTESIAN_POINT('',(-0.0104,-0.0372097202868749,0.0846879486358072));
#4947=CARTESIAN_POINT('',(-0.0104,-0.0391717481404332,0.08273054865846));
#4948=CARTESIAN_POINT('',(-0.0104,-0.0398294638875855,0.081466624768848));
#4949=CARTESIAN_POINT('',(-0.0104,-0.0405696613239733,0.0788806836703441));
#4950=CARTESIAN_POINT('',(-0.0104,-0.0406991098424801,0.0775297267452093));
#4951=CARTESIAN_POINT('',(-0.0104,-0.0407,0.0762));
#4952=CARTESIAN_POINT('',(-0.0104,-0.040700356063008,0.0756681093019163));
#4953=CARTESIAN_POINT('',(-0.0104,-0.0407007121260159,0.0751362186038326));
#4954=CARTESIAN_POINT('',(-0.0104,-0.0407010681890239,0.0746043279057488));
#4955=CARTESIAN_POINT('',(-0.0108,-0.0290756663734032,0.0866011430487144));
#4956=CARTESIAN_POINT('',(-0.0108,-0.0296171109156022,0.0866007620324762));
#4957=CARTESIAN_POINT('',(-0.0108,-0.0301585554578011,0.0866003810162381));
#4958=CARTESIAN_POINT('',(-0.0108,-0.0307,0.0866));
#4959=CARTESIAN_POINT('',(-0.0108,-0.0320536113554973,0.0865990474594047));
#4960=CARTESIAN_POINT('',(-0.0108,-0.0334424687991286,0.0864648521003692));
#4961=CARTESIAN_POINT('',(-0.0108,-0.0361003804002748,0.0857104611670314));
#4962=CARTESIAN_POINT('',(-0.0108,-0.0374355797129216,0.0850276160402259));
#4963=CARTESIAN_POINT('',(-0.0108,-0.039510525837076,0.0829576130421748));
#4964=CARTESIAN_POINT('',(-0.0108,-0.040200251174882,0.0816259714876902));
#4965=CARTESIAN_POINT('',(-0.0108,-0.0409675926870106,0.0789428581392673));
#4966=CARTESIAN_POINT('',(-0.0108,-0.0410988634567564,0.0775562786895958));
#4967=CARTESIAN_POINT('',(-0.0108,-0.0411,0.0762));
#4968=CARTESIAN_POINT('',(-0.0108,-0.0411004546172974,0.0756574885241617));
#4969=CARTESIAN_POINT('',(-0.0108,-0.0411009092345949,0.0751149770483234));
#4970=CARTESIAN_POINT('',(-0.0108,-0.0411013638518923,0.074572465572485));
#4971=CARTESIAN_POINT('',(-0.0102,-0.0405,0.0762));
#4972=CARTESIAN_POINT('',(-0.01,-0.0403,0.0762));
#4973=CARTESIAN_POINT('',(-0.0108,-0.0411,0.0762));
#4974=CARTESIAN_POINT('',(-0.01,-0.0307,0.0858));
#4975=CARTESIAN_POINT('',(-0.01,-0.0320041449661396,0.0857995170888344));
#4976=CARTESIAN_POINT('',(-0.01,-0.0339709880309643,0.085615248262491));
#4977=CARTESIAN_POINT('',(-0.01,-0.0363841985597216,0.0846589500335998));
#4978=CARTESIAN_POINT('',(-0.01,-0.0379805674899725,0.0834972216827523));
#4979=CARTESIAN_POINT('',(-0.01,-0.0391496729247949,0.0819018242090005));
#4980=CARTESIAN_POINT('',(-0.01,-0.0401202395725409,0.0794620375530904));
#4981=CARTESIAN_POINT('',(-0.01,-0.0402993548979471,0.0775058676136989));
#4982=CARTESIAN_POINT('',(-0.01,-0.0403,0.0762));
#4983=CARTESIAN_POINT('',(-0.01,-0.0307,0.0858));
#4984=CARTESIAN_POINT('',(-0.0106,-0.0307,0.0864));
#4985=CARTESIAN_POINT('',(-0.0108,-0.0307,0.0866));
#4986=CARTESIAN_POINT('',(-0.0108,-0.0307,0.0866));
#4987=CARTESIAN_POINT('',(-0.0108,-0.0321094609462843,0.0865990081578709));
#4988=CARTESIAN_POINT('',(-0.0108,-0.0342325375091943,0.0863920317170897));
#4989=CARTESIAN_POINT('',(-0.0108,-0.0368320106697953,0.0853303758370959));
#4990=CARTESIAN_POINT('',(-0.0108,-0.0385477852940245,0.0840673006436494));
#4991=CARTESIAN_POINT('',(-0.0108,-0.0398198594558567,0.0823514246355895));
#4992=CARTESIAN_POINT('',(-0.0108,-0.0408968308310808,0.0797251887738929));
#4993=CARTESIAN_POINT('',(-0.0108,-0.0410988172055383,0.0776114719627163));
#4994=CARTESIAN_POINT('',(-0.0108,-0.0411,0.0762));
#4995=CARTESIAN_POINT('',(-0.0104,0.03235,0.0862));
#4996=CARTESIAN_POINT('',(-0.0108,0.0105,0.0866));
#4997=CARTESIAN_POINT('',(-0.01,-0.0232,0.0858));
#4998=CARTESIAN_POINT('',(-0.01,0.0105,0.0886));
#4999=CARTESIAN_POINT('',(-0.01,0.0105,0.0886));
#5000=CARTESIAN_POINT('',(-0.0108,-0.0232,0.0878));
#5001=CARTESIAN_POINT('',(-0.01,0.0121,0.1032));
#5002=CARTESIAN_POINT('',(-0.011,0.0121,0.1032));
#5003=CARTESIAN_POINT('',(-0.012,0.0105,0.0998));
#5004=CARTESIAN_POINT('',(-0.0118,0.0105,0.0998));
#5005=CARTESIAN_POINT('',(-0.0118,0.0161,0.0998));
#5006=CARTESIAN_POINT('',(-0.012,0.0161,0.0998));
#5007=CARTESIAN_POINT('',(-0.0131252272915132,0.0161,0.0998));
#5008=CARTESIAN_POINT('',(-0.0131252272915132,0.0165,0.0998));
#5009=CARTESIAN_POINT('',(-0.0131252272915132,0.0049,0.0998));
#5010=CARTESIAN_POINT('',(-0.012,0.0049,0.0998));
#5011=CARTESIAN_POINT('',(-0.0118,0.0049,0.0998));
#5012=CARTESIAN_POINT('',(-0.0118,0.0105,0.0998));
#5013=CARTESIAN_POINT('',(-0.011,0.0105,0.0998));
#5014=CARTESIAN_POINT('',(-0.037,0.065762,0.079));
#5015=CARTESIAN_POINT('',(-0.0145,-0.0537,0.079));
#5016=CARTESIAN_POINT('',(-0.0152,-0.0545485281374239,0.079));
#5017=CARTESIAN_POINT('',(-0.0152,-0.0505,0.079));
#5018=CARTESIAN_POINT('',(-0.0152,-0.0506656854249492,0.079));
#5019=CARTESIAN_POINT('',(-0.0133171572875254,-0.0487828427124746,0.079));
#5020=CARTESIAN_POINT('',(-0.012,-0.0474656854249493,0.079));
#5021=CARTESIAN_POINT('',(-0.012,-0.0577445,0.079));
#5022=CARTESIAN_POINT('',(-0.0296394072875254,-0.0651050927124746,0.079));
#5023=CARTESIAN_POINT('',(-0.0138497616377864,-0.0512249724670145,0.0776497616377864));
#5024=CARTESIAN_POINT('',(-0.0156,-0.0505,0.0794));
#5025=CARTESIAN_POINT('',(-0.0156,-0.0505,0.0794));
#5026=CARTESIAN_POINT('',(-0.012,-0.0469,0.0794));
#5027=CARTESIAN_POINT('',(-0.012,-0.0345636940564557,0.0881230855874723));
#5028=CARTESIAN_POINT('',(-0.0136,-0.0485,0.035));
#5029=CARTESIAN_POINT('',(-0.012,-0.0469,0.035));
#5030=CARTESIAN_POINT('',(-0.012,-0.0469,0.0906));
#5031=CARTESIAN_POINT('',(-0.0156,-0.0505,0.035));
#5032=CARTESIAN_POINT('',(-0.0156,-0.0505,0.0906));
#5033=CARTESIAN_POINT('',(-0.012,-0.0469,0.0906));
#5034=CARTESIAN_POINT('',(-0.0180171572875254,-0.0534828427124746,0.091));
#5035=CARTESIAN_POINT('',(-0.012,0.0125767580226477,0.0485435810791933));
#5036=CARTESIAN_POINT('',(-0.012,-0.0474656854249492,0.091));
#5037=CARTESIAN_POINT('',(-0.0159599342165763,-0.050350910365932,0.0902400657834237));
#5038=CARTESIAN_POINT('',(-0.0152,-0.0506656854249492,0.091));
#5039=CARTESIAN_POINT('',(-0.0133171572875254,-0.0487828427124746,0.091));
#5040=CARTESIAN_POINT('',(-0.017,0.0605,0.091));
#5041=CARTESIAN_POINT('',(-0.0145,-0.0537,0.091));
#5042=CARTESIAN_POINT('',(-0.0152,-0.0545485281374239,0.091));
#5043=CARTESIAN_POINT('',(-0.012,-0.0545,0.091));
#5044=CARTESIAN_POINT('',(-0.0152,-0.0547198039027185,0.091));
#5045=CARTESIAN_POINT('',(-0.0117928849311563,-0.0475,0.0998071150688437));
#5046=CARTESIAN_POINT('',(-0.0117928849311563,-0.0484084057182663,0.0998057103294425));
#5047=CARTESIAN_POINT('',(-0.0117928849311563,-0.0493046049229723,0.0997223224804535));
#5048=CARTESIAN_POINT('',(-0.0117928849311563,-0.0510661222376313,0.0992307523073235));
#5049=CARTESIAN_POINT('',(-0.0117928849311563,-0.0519321325628279,0.0987891692369101));
#5050=CARTESIAN_POINT('',(-0.0117928849311563,-0.0532696504788155,0.0974633909336371));
#5051=CARTESIAN_POINT('',(-0.0117928849311563,-0.0537145326251453,0.0966070751942257));
#5052=CARTESIAN_POINT('',(-0.0117928849311563,-0.0542167912883464,0.0948401108025966));
#5053=CARTESIAN_POINT('',(-0.0117928849311563,-0.0543064009264964,0.0939109815520328));
#5054=CARTESIAN_POINT('',(-0.0117928849311563,-0.0543071150688437,0.093));
#5055=CARTESIAN_POINT('',(-0.011794133888241,-0.0475,0.099805866111759));
#5056=CARTESIAN_POINT('',(-0.011794133888241,-0.0484083233909485,0.0998044622287977));
#5057=CARTESIAN_POINT('',(-0.011794133888241,-0.0493044161214301,0.0997210794586247));
#5058=CARTESIAN_POINT('',(-0.011794133888241,-0.0510656341505174,0.0992295908755877));
#5059=CARTESIAN_POINT('',(-0.011794133888241,-0.0519314316084057,0.0987881055643635));
#5060=CARTESIAN_POINT('',(-0.011794133888241,-0.0532685918197152,0.0974626816607677));
#5061=CARTESIAN_POINT('',(-0.011794133888241,-0.0537133742023284,0.0966065786229828));
#5062=CARTESIAN_POINT('',(-0.011794133888241,-0.0542155490144151,0.0948399172794108));
#5063=CARTESIAN_POINT('',(-0.011794133888241,-0.0543051527901129,0.0939108992132387));
#5064=CARTESIAN_POINT('',(-0.011794133888241,-0.054305866111759,0.093));
#5065=CARTESIAN_POINT('',(-0.0118,-0.0475,0.0998));
#5066=CARTESIAN_POINT('',(-0.0118,-0.0484079367153347,0.0997986001395723));
#5067=CARTESIAN_POINT('',(-0.0118,-0.049303529356816,0.0997152412236235));
#5068=CARTESIAN_POINT('',(-0.0118,-0.0510633416990045,0.0992241358535967));
#5069=CARTESIAN_POINT('',(-0.0118,-0.0519281393599938,0.0987831096985244));
#5070=CARTESIAN_POINT('',(-0.0118,-0.0532636195010713,0.0974593503422053));
#5071=CARTESIAN_POINT('',(-0.0118,-0.0537079333126521,0.0966042463231442));
#5072=CARTESIAN_POINT('',(-0.0118,-0.0542097142921449,0.0948390083381433));
#5073=CARTESIAN_POINT('',(-0.0118,-0.0542992905330296,0.0939105124837233));
#5074=CARTESIAN_POINT('',(-0.0118,-0.0543,0.093));
#5075=CARTESIAN_POINT('',(-0.012,-0.0475,0.0996));
#5076=CARTESIAN_POINT('',(-0.012,-0.0483947533451674,0.0995987372843687));
#5077=CARTESIAN_POINT('',(-0.012,-0.0492732958852919,0.0995161916575355));
#5078=CARTESIAN_POINT('',(-0.012,-0.0509851825500796,0.099038151603206));
#5079=CARTESIAN_POINT('',(-0.012,-0.0518158930016836,0.0986127799794754));
#5080=CARTESIAN_POINT('',(-0.012,-0.05309409260325,0.0973457719209535));
#5081=CARTESIAN_POINT('',(-0.012,-0.0535224308912923,0.0965247285800657));
#5082=CARTESIAN_POINT('',(-0.012,-0.0540107844895804,0.094808018772827));
#5083=CARTESIAN_POINT('',(-0.012,-0.0540994219548583,0.0938973272758266));
#5084=CARTESIAN_POINT('',(-0.012,-0.0541,0.093));
#5085=CARTESIAN_POINT('',(-0.0119,-0.0475,0.0997));
#5086=CARTESIAN_POINT('',(-0.012,-0.0475,0.0996));
#5087=CARTESIAN_POINT('',(-0.012,-0.0541,0.093));
#5088=CARTESIAN_POINT('',(-0.012,-0.0540994213225572,0.0938983088272388));
#5089=CARTESIAN_POINT('',(-0.012,-0.053945212597621,0.095688482534244));
#5090=CARTESIAN_POINT('',(-0.012,-0.0526617907151119,0.0981722552265235));
#5091=CARTESIAN_POINT('',(-0.012,-0.0501940173662569,0.0994420382063592));
#5092=CARTESIAN_POINT('',(-0.012,-0.0483975279246429,0.099598733368759));
#5093=CARTESIAN_POINT('',(-0.012,-0.0475,0.0996));
#5094=CARTESIAN_POINT('',(-0.0118,0.0105,0.0998));
#5095=CARTESIAN_POINT('',(-0.0099333333333333,0.00676666666666669,0.101666666666667));
#5096=CARTESIAN_POINT('',(-0.012,0.0047,0.0996));
#5097=CARTESIAN_POINT('',(-0.012,0.0105,0.0996));
#5098=CARTESIAN_POINT('',(-0.012,0.0049,0.0998));
#5099=CARTESIAN_POINT('',(-0.0134183346173608,0.0045,0.0994));
#5100=CARTESIAN_POINT('',(-0.013310487256969,0.00462961639593875,0.0995296163959388));
#5101=CARTESIAN_POINT('',(-0.0132145293252746,0.00476358889019171,0.0996635888901917));
#5102=CARTESIAN_POINT('',(-0.0131252272915132,0.0049,0.0998));
#5103=CARTESIAN_POINT('',(-0.0134183346173608,0.0045,0.0994));
#5104=CARTESIAN_POINT('',(-0.0131252272915132,0.0045,0.0994));
#5105=CARTESIAN_POINT('',(-0.012,0.0045,0.0994));
#5106=CARTESIAN_POINT('',(-0.012,-0.0247,0.0702));
#5107=CARTESIAN_POINT('',(-0.017,0.0045,0.1));
#5108=CARTESIAN_POINT('',(-0.012,0.0045,0.1));
#5109=CARTESIAN_POINT('',(-0.012,0.0045,0.0929656854249493));
#5110=CARTESIAN_POINT('',(-0.0145,0.0045,0.0992));
#5111=CARTESIAN_POINT('',(-0.0152,0.0045,0.100048528137424));
#5112=CARTESIAN_POINT('',(-0.0152,0.0045,0.1));
#5113=CARTESIAN_POINT('',(-0.0152,0.0045,0.0961656854249492));
#5114=CARTESIAN_POINT('',(-0.0180171572875254,0.0045,0.0989828427124746));
#5115=CARTESIAN_POINT('',(-0.0180171572875254,0.0045,0.0989828427124746));
#5116=CARTESIAN_POINT('',(-0.012,0.0338252861600721,0.0514934680169039));
#5117=CARTESIAN_POINT('',(-0.012,0.00490000000000008,0.0924));
#5118=CARTESIAN_POINT('',(-0.0150604957132203,0.00436049571322035,0.0962234699925426));
#5119=CARTESIAN_POINT('',(-0.0156,0.0049,0.096));
#5120=CARTESIAN_POINT('',(-0.0136,0.0049,0.094));
#5121=CARTESIAN_POINT('',(-0.0136,0.0105,0.094));
#5122=CARTESIAN_POINT('',(-0.0156,0.0105,0.096));
#5123=CARTESIAN_POINT('',(-0.0156,0.0161,0.096));
#5124=CARTESIAN_POINT('',(-0.012,0.0161,0.0924));
#5125=CARTESIAN_POINT('',(-0.012,0.0161,0.0924));
#5126=CARTESIAN_POINT('',(-0.012,0.0105,0.0924));
#5127=CARTESIAN_POINT('',(-0.0180171572875254,0.0165,0.0989828427124746));
#5128=CARTESIAN_POINT('',(-0.012,-0.0128252861600717,0.0514934680169032));
#5129=CARTESIAN_POINT('',(-0.012,0.0165,0.0929656854249492));
#5130=CARTESIAN_POINT('',(-0.0159599342165761,0.0157400657834239,0.095850910365932));
#5131=CARTESIAN_POINT('',(-0.0152,0.0165,0.0961656854249492));
#5132=CARTESIAN_POINT('',(-0.0133171572875254,0.0165,0.0942828427124746));
#5133=CARTESIAN_POINT('',(-0.017,0.0165,0.1));
#5134=CARTESIAN_POINT('',(-0.0145,0.0165,0.0992));
#5135=CARTESIAN_POINT('',(-0.0134183346173608,0.0165,0.0994));
#5136=CARTESIAN_POINT('',(-0.0152,0.0165,0.100048528137424));
#5137=CARTESIAN_POINT('',(-0.017,0.0165,0.0994));
#5138=CARTESIAN_POINT('',(-0.012,0.0165,0.0994));
#5139=CARTESIAN_POINT('',(-0.012,0.0165,0.1));
#5140=CARTESIAN_POINT('',(-0.0152,0.0165,0.100219803902719));
#5141=CARTESIAN_POINT('',(-0.017,0.0165,0.0994));
#5142=CARTESIAN_POINT('',(-0.0131252272915132,0.0161,0.0998));
#5143=CARTESIAN_POINT('',(-0.0132145293252746,0.0162364111098083,0.0996635888901917));
#5144=CARTESIAN_POINT('',(-0.013310487256969,0.0163703836040613,0.0995296163959387));
#5145=CARTESIAN_POINT('',(-0.0134183346173608,0.0165,0.0994));
#5146=CARTESIAN_POINT('',(-0.0099333333333333,0.0142333333333333,0.101666666666667));
#5147=CARTESIAN_POINT('',(-0.012,0.0163,0.0996));
#5148=CARTESIAN_POINT('',(-0.012,0.0457,0.0702));
#5149=CARTESIAN_POINT('',(-0.0118,0.0105,0.0998));
#5150=CARTESIAN_POINT('',(-0.0119,0.0685,0.0997));
#5151=CARTESIAN_POINT('',(-0.012,0.0685,0.0996));
#5152=CARTESIAN_POINT('',(-0.012,0.0105,0.0996));
#5153=CARTESIAN_POINT('',(-0.0117928849311534,0.0753071150688466,0.093));
#5154=CARTESIAN_POINT('',(-0.0117928849311534,0.0753057103294456,0.0939084057182666));
#5155=CARTESIAN_POINT('',(-0.0117928849311534,0.0752223224804567,0.0948046049229729));
#5156=CARTESIAN_POINT('',(-0.0117928849311534,0.0747307523073264,0.0965661222376325));
#5157=CARTESIAN_POINT('',(-0.0117928849311534,0.0742891692369127,0.0974321325628296));
#5158=CARTESIAN_POINT('',(-0.0117928849311534,0.0729633909336388,0.0987696504788181));
#5159=CARTESIAN_POINT('',(-0.0117928849311534,0.0721070751942269,0.0992145326251482));
#5160=CARTESIAN_POINT('',(-0.0117928849311534,0.0703401108025971,0.0997167912883493));
#5161=CARTESIAN_POINT('',(-0.0117928849311534,0.0694109815520332,0.0998064009264995));
#5162=CARTESIAN_POINT('',(-0.0117928849311534,0.0685,0.0998071150688466));
#5163=CARTESIAN_POINT('',(-0.011794133888241,0.075305866111759,0.093));
#5164=CARTESIAN_POINT('',(-0.011794133888241,0.0753044622287977,0.0939083233909485));
#5165=CARTESIAN_POINT('',(-0.011794133888241,0.0752210794586248,0.0948044161214302));
#5166=CARTESIAN_POINT('',(-0.011794133888241,0.0747295908755877,0.0965656341505174));
#5167=CARTESIAN_POINT('',(-0.011794133888241,0.0742881055643635,0.0974314316084057));
#5168=CARTESIAN_POINT('',(-0.011794133888241,0.0729626816607676,0.0987685918197152));
#5169=CARTESIAN_POINT('',(-0.011794133888241,0.0721065786229828,0.0992133742023285));
#5170=CARTESIAN_POINT('',(-0.011794133888241,0.0703399172794108,0.0997155490144149));
#5171=CARTESIAN_POINT('',(-0.011794133888241,0.0694108992132388,0.099805152790113));
#5172=CARTESIAN_POINT('',(-0.011794133888241,0.0685,0.0998058661117589));
#5173=CARTESIAN_POINT('',(-0.0118,0.0753,0.093));
#5174=CARTESIAN_POINT('',(-0.0118,0.0752986001395723,0.0939079367153347));
#5175=CARTESIAN_POINT('',(-0.0118,0.0752152412236236,0.0948035293568161));
#5176=CARTESIAN_POINT('',(-0.0118,0.0747241358535967,0.0965633416990045));
#5177=CARTESIAN_POINT('',(-0.0118,0.0742831096985244,0.0974281393599938));
#5178=CARTESIAN_POINT('',(-0.0118,0.0729593503422053,0.0987636195010713));
#5179=CARTESIAN_POINT('',(-0.0118,0.0721042463231442,0.0992079333126522));
#5180=CARTESIAN_POINT('',(-0.0118,0.0703390083381433,0.0997097142921448));
#5181=CARTESIAN_POINT('',(-0.0118,0.0694105124837234,0.0997992905330297));
#5182=CARTESIAN_POINT('',(-0.0118,0.0685,0.0998));
#5183=CARTESIAN_POINT('',(-0.012,0.0751,0.093));
#5184=CARTESIAN_POINT('',(-0.012,0.0750987372843688,0.0938947533451674));
#5185=CARTESIAN_POINT('',(-0.012,0.0750161916575355,0.094773295885292));
#5186=CARTESIAN_POINT('',(-0.012,0.074538151603206,0.0964851825500797));
#5187=CARTESIAN_POINT('',(-0.012,0.0741127799794754,0.0973158930016836));
#5188=CARTESIAN_POINT('',(-0.012,0.0728457719209535,0.09859409260325));
#5189=CARTESIAN_POINT('',(-0.012,0.0720247285800657,0.0990224308912923));
#5190=CARTESIAN_POINT('',(-0.012,0.070308018772827,0.0995107844895804));
#5191=CARTESIAN_POINT('',(-0.012,0.0693973272758267,0.0995994219548583));
#5192=CARTESIAN_POINT('',(-0.012,0.0685,0.0996));
#5193=CARTESIAN_POINT('',(-0.012,0.0685,0.0996));
#5194=CARTESIAN_POINT('',(-0.012,0.0693983088272388,0.0995994213225572));
#5195=CARTESIAN_POINT('',(-0.012,0.0711884825342441,0.099445212597621));
#5196=CARTESIAN_POINT('',(-0.012,0.0736722552265236,0.0981617907151119));
#5197=CARTESIAN_POINT('',(-0.012,0.0749420382063592,0.0956940173662569));
#5198=CARTESIAN_POINT('',(-0.012,0.0750987333687591,0.0938975279246429));
#5199=CARTESIAN_POINT('',(-0.012,0.0751,0.093));
#5200=CARTESIAN_POINT('',(-0.017,0.0605,0.091));
#5201=CARTESIAN_POINT('',(-0.012,0.0755,0.091));
#5202=CARTESIAN_POINT('',(-0.012,0.0684656854249493,0.091));
#5203=CARTESIAN_POINT('',(-0.0145,0.0747,0.091));
#5204=CARTESIAN_POINT('',(-0.0152,0.0755485281374239,0.091));
#5205=CARTESIAN_POINT('',(-0.0152,0.0715,0.091));
#5206=CARTESIAN_POINT('',(-0.0152,0.0716656854249493,0.091));
#5207=CARTESIAN_POINT('',(-0.0133171572875254,0.0697828427124746,0.091));
#5208=CARTESIAN_POINT('',(-0.0156,0.0715,0.0906));
#5209=CARTESIAN_POINT('',(-0.0144686291501016,0.0719686291501015,0.0917313708498984));
#5210=CARTESIAN_POINT('',(-0.0156,0.0715,0.0906));
#5211=CARTESIAN_POINT('',(-0.0156,0.0715,0.0906));
#5212=CARTESIAN_POINT('',(-0.012,0.0679,0.0906));
#5213=CARTESIAN_POINT('',(-0.012,0.0084232419773523,0.0485435810791933));
#5214=CARTESIAN_POINT('',(-0.0156,0.0715,0.035));
#5215=CARTESIAN_POINT('',(-0.0156,0.0715,0.0794));
#5216=CARTESIAN_POINT('',(-0.0156,0.0715,0.0794));
#5217=CARTESIAN_POINT('',(-0.012,0.0679,0.0794));
#5218=CARTESIAN_POINT('',(-0.012,0.0679,0.079));
#5219=CARTESIAN_POINT('',(-0.0156,0.0715,0.029));
#5220=CARTESIAN_POINT('',(-0.0156,0.0715,0.0794));
#5221=CARTESIAN_POINT('',(-0.0258047809859333,0.0672730413145798,0.0896047809859333));
#5222=CARTESIAN_POINT('',(-0.0152,0.0716656854249492,0.079));
#5223=CARTESIAN_POINT('',(-0.0306481572875254,0.0871138427124746,0.079));
#5224=CARTESIAN_POINT('',(-0.012,0.0684656854249492,0.079));
#5225=CARTESIAN_POINT('',(-0.012,0.055563694056456,0.0881230855874721));
#5226=CARTESIAN_POINT('',(-0.037,0.065762,0.079));
#5227=CARTESIAN_POINT('',(-0.0145,0.0747,0.079));
#5228=CARTESIAN_POINT('',(-0.0152,0.0755485281374239,0.079));
#5229=CARTESIAN_POINT('',(-0.012,0.080762,0.079));
#5230=CARTESIAN_POINT('',(-0.0152,0.080762,0.079));
#5231=CARTESIAN_POINT('',(-0.0145,0.0747,0.0794));
#5232=CARTESIAN_POINT('',(-0.0156,0.0757198039027186,0.0794));
#5233=CARTESIAN_POINT('',(-0.0154657197524521,0.0756671348563696,0.0792657197524521));
#5234=CARTESIAN_POINT('',(-0.0153322128060208,0.0756108538518886,0.0791322128060208));
#5235=CARTESIAN_POINT('',(-0.0152,0.0755485281374239,0.079));
#5236=CARTESIAN_POINT('',(-0.0156,0.003,0.035));
#5237=CARTESIAN_POINT('',(-0.0156,0.018,0.0794));
#5238=CARTESIAN_POINT('',(-0.0156,0.0757198039027186,0.0906));
#5239=CARTESIAN_POINT('',(-0.0145,0.0747,0.0906));
#5240=CARTESIAN_POINT('',(-0.0152,0.0755485281374239,0.091));
#5241=CARTESIAN_POINT('',(-0.0153322128060208,0.0756108538518886,0.0908677871939792));
#5242=CARTESIAN_POINT('',(-0.0154657197524521,0.0756671348563696,0.0907342802475479));
#5243=CARTESIAN_POINT('',(-0.0156,0.0757198039027186,0.0906));
#5244=CARTESIAN_POINT('',(-0.0145,-0.0537,0.091));
#5245=CARTESIAN_POINT('',(-0.0156,-0.0547198039027186,0.0906));
#5246=CARTESIAN_POINT('',(-0.0154657197524521,-0.0546671348563696,0.0907342802475479));
#5247=CARTESIAN_POINT('',(-0.0153322128060208,-0.0546108538518886,0.0908677871939792));
#5248=CARTESIAN_POINT('',(-0.0152,-0.0545485281374239,0.091));
#5249=CARTESIAN_POINT('',(-0.0156,0.003,0.035));
#5250=CARTESIAN_POINT('',(-0.0156,-0.0547198039027185,0.0794));
#5251=CARTESIAN_POINT('',(-0.0156,-0.0505,0.0906));
#5252=CARTESIAN_POINT('',(-0.0145,-0.0537,0.079));
#5253=CARTESIAN_POINT('',(-0.0152,-0.0545485281374239,0.079));
#5254=CARTESIAN_POINT('',(-0.0153322128060208,-0.0546108538518886,0.0791322128060208));
#5255=CARTESIAN_POINT('',(-0.0154657197524521,-0.0546671348563696,0.0792657197524521));
#5256=CARTESIAN_POINT('',(-0.0156,-0.0547198039027186,0.0794));
#5257=CARTESIAN_POINT('',(-0.0145,0.0165,0.0992));
#5258=CARTESIAN_POINT('',(-0.0156,0.0165,0.100219803902719));
#5259=CARTESIAN_POINT('',(-0.0156,0.0161,0.100219803902719));
#5260=CARTESIAN_POINT('',(-0.0156,0.0049,0.100219803902719));
#5261=CARTESIAN_POINT('',(-0.0145,0.0049,0.0992));
#5262=CARTESIAN_POINT('',(-0.0145,0.0161,0.0992));
#5263=CARTESIAN_POINT('',(-0.0156,0.003,0.0794));
#5264=CARTESIAN_POINT('',(-0.0152,0.0605,0.091));
#5265=CARTESIAN_POINT('',(-0.0145,0.0049,0.0992));
#5266=CARTESIAN_POINT('',(-0.0152,0.0045,0.100048528137424));
#5267=CARTESIAN_POINT('',(-0.0153322128060208,0.00463221280602078,0.100110853851889));
#5268=CARTESIAN_POINT('',(-0.0154657197524521,0.00476571975245208,0.10016713485637));
#5269=CARTESIAN_POINT('',(-0.0156,0.0049,0.100219803902719));
#5270=CARTESIAN_POINT('',(-0.0156,0.0049,0.035));
#5271=CARTESIAN_POINT('',(-0.0156,0.0049,0.035));
#5272=CARTESIAN_POINT('',(-0.0156,0.003,0.035));
#5273=CARTESIAN_POINT('',(-0.0156,0.0161,0.096));
#5274=CARTESIAN_POINT('',(-0.0152,0.0165,0.1));
#5275=CARTESIAN_POINT('',(-0.0156,0.0161,0.100219803902719));
#5276=CARTESIAN_POINT('',(-0.0154657197524521,0.0162342802475479,0.10016713485637));
#5277=CARTESIAN_POINT('',(-0.0153322128060208,0.0163677871939792,0.100110853851889));
#5278=CARTESIAN_POINT('',(-0.0152,0.0165,0.100048528137424));
#5279=CARTESIAN_POINT('',(-0.0145,0.0165,0.0992));
#5280=CARTESIAN_POINT('',(-0.0152,0.0605,0.091));
#5281=CARTESIAN_POINT('',(-0.0156,0.003,0.0794));
#5282=CARTESIAN_POINT('',(-0.00992,0.0501456017188532,-0.0277205214198307));
#5283=CARTESIAN_POINT('',(-0.00992,0.0506637344792355,-0.0277203476132205));
#5284=CARTESIAN_POINT('',(-0.00992,0.0511818672396177,-0.0277201738066103));
#5285=CARTESIAN_POINT('',(-0.00992,0.0517,-0.02772));
#5286=CARTESIAN_POINT('',(-0.00992,0.0529953319009556,-0.0277195654834745));
#5287=CARTESIAN_POINT('',(-0.00992,0.0543054121558262,-0.0275897174327484));
#5288=CARTESIAN_POINT('',(-0.00992,0.0567521771006676,-0.0268938148831672));
#5289=CARTESIAN_POINT('',(-0.00992,0.057938688975619,-0.0262803477505048));
#5290=CARTESIAN_POINT('',(-0.00992,0.0597652149044619,-0.0244580713980023));
#5291=CARTESIAN_POINT('',(-0.00992,0.0603845191428297,-0.0232754087062373));
#5292=CARTESIAN_POINT('',(-0.00992,0.0610921436883286,-0.0208060743076363));
#5293=CARTESIAN_POINT('',(-0.00992,0.0612194055053486,-0.0194978644119456));
#5294=CARTESIAN_POINT('',(-0.00992,0.06122,-0.0182));
#5295=CARTESIAN_POINT('',(-0.00992,0.0612202377978606,-0.0176808542352218));
#5296=CARTESIAN_POINT('',(-0.00992,0.0612204755957212,-0.0171617084704435));
#5297=CARTESIAN_POINT('',(-0.00992,0.0612207133935818,-0.0166425627056653));
#5298=CARTESIAN_POINT('',(-0.01,0.050139243960176,-0.0278005779315474));
#5299=CARTESIAN_POINT('',(-0.01,0.0506594959734506,-0.0278003852876982));
#5300=CARTESIAN_POINT('',(-0.01,0.0511797479867253,-0.0278001926438491));
#5301=CARTESIAN_POINT('',(-0.01,0.0517,-0.0278));
#5302=CARTESIAN_POINT('',(-0.01,0.0530006300331867,-0.0277995183903772));
#5303=CARTESIAN_POINT('',(-0.01,0.0543178718506719,-0.0276692751298048));
#5304=CARTESIAN_POINT('',(-0.01,0.0567838319460864,-0.0269680554544276));
#5305=CARTESIAN_POINT('',(-0.01,0.0579838608608283,-0.0263482812313885));
#5306=CARTESIAN_POINT('',(-0.01,0.0598329704437904,-0.0245034842747453));
#5307=CARTESIAN_POINT('',(-0.01,0.060458676600289,-0.0233072780500058));
#5308=CARTESIAN_POINT('',(-0.01,0.061171729960936,-0.020818509201421));
#5309=CARTESIAN_POINT('',(-0.01,0.0612993562282038,-0.0195031748008228));
#5310=CARTESIAN_POINT('',(-0.01,0.0613,-0.0182));
#5311=CARTESIAN_POINT('',(-0.01,0.0613002575087185,-0.0176787300796708));
#5312=CARTESIAN_POINT('',(-0.01,0.061300515017437,-0.0171574601593417));
#5313=CARTESIAN_POINT('',(-0.01,0.0613007725261554,-0.0166361902390125));
#5314=CARTESIAN_POINT('',(-0.0104,0.0501074551667896,-0.0282008604901308));
#5315=CARTESIAN_POINT('',(-0.0104,0.0506383034445264,-0.0282005736600872));
#5316=CARTESIAN_POINT('',(-0.0104,0.0511691517222632,-0.0282002868300436));
#5317=CARTESIAN_POINT('',(-0.0104,0.0517,-0.0282));
#5318=CARTESIAN_POINT('',(-0.0104,0.053027120694342,-0.028199282924891));
#5319=CARTESIAN_POINT('',(-0.0104,0.0543801703249002,-0.028067063615087));
#5320=CARTESIAN_POINT('',(-0.0104,0.0569421061731806,-0.0273392583107295));
#5321=CARTESIAN_POINT('',(-0.0104,0.0582097202868749,-0.0266879486358073));
#5322=CARTESIAN_POINT('',(-0.0104,0.0601717481404332,-0.0247305486584599));
#5323=CARTESIAN_POINT('',(-0.0104,0.0608294638875855,-0.023466624768848));
#5324=CARTESIAN_POINT('',(-0.0104,0.0615696613239733,-0.0208806836703441));
#5325=CARTESIAN_POINT('',(-0.0104,0.0616991098424801,-0.0195297267452093));
#5326=CARTESIAN_POINT('',(-0.0104,0.0617,-0.0182));
#5327=CARTESIAN_POINT('',(-0.0104,0.061700356063008,-0.0176681093019163));
#5328=CARTESIAN_POINT('',(-0.0104,0.0617007121260159,-0.0171362186038325));
#5329=CARTESIAN_POINT('',(-0.0104,0.0617010681890239,-0.0166043279057488));
#5330=CARTESIAN_POINT('',(-0.0108,0.0500756663734032,-0.0286011430487142));
#5331=CARTESIAN_POINT('',(-0.0108,0.0506171109156022,-0.0286007620324762));
#5332=CARTESIAN_POINT('',(-0.0108,0.0511585554578011,-0.0286003810162381));
#5333=CARTESIAN_POINT('',(-0.0108,0.0517,-0.0286));
#5334=CARTESIAN_POINT('',(-0.0108,0.0530536113554973,-0.0285990474594048));
#5335=CARTESIAN_POINT('',(-0.0108,0.0544424687991285,-0.0284648521003692));
#5336=CARTESIAN_POINT('',(-0.0108,0.0571003804002748,-0.0277104611670314));
#5337=CARTESIAN_POINT('',(-0.0108,0.0584355797129215,-0.0270276160402261));
#5338=CARTESIAN_POINT('',(-0.0108,0.060510525837076,-0.0249576130421747));
#5339=CARTESIAN_POINT('',(-0.0108,0.061200251174882,-0.0236259714876902));
#5340=CARTESIAN_POINT('',(-0.0108,0.0619675926870106,-0.0209428581392671));
#5341=CARTESIAN_POINT('',(-0.0108,0.0620988634567564,-0.0195562786895958));
#5342=CARTESIAN_POINT('',(-0.0108,0.0621,-0.0182));
#5343=CARTESIAN_POINT('',(-0.0108,0.0621004546172974,-0.0176574885241617));
#5344=CARTESIAN_POINT('',(-0.0108,0.0621009092345949,-0.0171149770483233));
#5345=CARTESIAN_POINT('',(-0.0108,0.0621013638518923,-0.016572465572485));
#5346=CARTESIAN_POINT('',(-0.0102,0.0615,-0.0182));
#5347=CARTESIAN_POINT('',(-0.01,0.0613,-0.0182));
#5348=CARTESIAN_POINT('',(-0.0108,0.0621,-0.0182));
#5349=CARTESIAN_POINT('',(-0.01,0.0517,-0.0278));
#5350=CARTESIAN_POINT('',(-0.01,0.0530041449661396,-0.0277995170888345));
#5351=CARTESIAN_POINT('',(-0.01,0.0549709880309643,-0.027615248262491));
#5352=CARTESIAN_POINT('',(-0.01,0.0573841985597216,-0.0266589500335998));
#5353=CARTESIAN_POINT('',(-0.00999999999999998,0.0589805674899726,-0.0254972216827524));
#5354=CARTESIAN_POINT('',(-0.01,0.0601496729247949,-0.0239018242090005));
#5355=CARTESIAN_POINT('',(-0.01,0.0611202395725409,-0.0214620375530904));
#5356=CARTESIAN_POINT('',(-0.01,0.0612993548979471,-0.0195058676136989));
#5357=CARTESIAN_POINT('',(-0.01,0.0613,-0.0182));
#5358=CARTESIAN_POINT('',(-0.01,0.0517,-0.0278));
#5359=CARTESIAN_POINT('',(-0.0102,0.0517,-0.028));
#5360=CARTESIAN_POINT('',(-0.0108,0.0517,-0.0286));
#5361=CARTESIAN_POINT('',(-0.0108,0.0517,-0.0286));
#5362=CARTESIAN_POINT('',(-0.0108,0.0531094609462843,-0.028599008157871));
#5363=CARTESIAN_POINT('',(-0.0108,0.0552325375091943,-0.0283920317170896));
#5364=CARTESIAN_POINT('',(-0.0108,0.0578320106697953,-0.027330375837096));
#5365=CARTESIAN_POINT('',(-0.0108,0.0595477852940244,-0.0260673006436494));
#5366=CARTESIAN_POINT('',(-0.0108,0.0608198594558567,-0.0243514246355896));
#5367=CARTESIAN_POINT('',(-0.0108,0.0618968308310807,-0.0217251887738928));
#5368=CARTESIAN_POINT('',(-0.0107999999999998,0.0620988172055383,-0.0196114719627163));
#5369=CARTESIAN_POINT('',(-0.0107999999999998,0.0621,-0.0182));
#5370=CARTESIAN_POINT('',(-0.01,0.0641,-0.0182));
#5371=CARTESIAN_POINT('',(-0.01,0.0640995723485932,-0.0198786440127836));
#5372=CARTESIAN_POINT('',(-0.01,0.0639270907511752,-0.0215794018534196));
#5373=CARTESIAN_POINT('',(-0.01,0.0632192962514717,-0.0239757588371583));
#5374=CARTESIAN_POINT('',(-0.01,0.0628994121642983,-0.0247621850394215));
#5375=CARTESIAN_POINT('',(-0.01,0.0620716942861694,-0.026227577982833));
#5376=CARTESIAN_POINT('',(-0.01,0.0615720134191751,-0.0268958116005324));
#5377=CARTESIAN_POINT('',(-0.01,0.0603709982322082,-0.02809250675863));
#5378=CARTESIAN_POINT('',(-0.01,0.0597028566778832,-0.0285887203144422));
#5379=CARTESIAN_POINT('',(-0.01,0.0582323897952146,-0.0294130546621178));
#5380=CARTESIAN_POINT('',(-0.01,0.0574470119447345,-0.0297296015676288));
#5381=CARTESIAN_POINT('',(-0.01,0.0550646618625041,-0.0304278352877778));
#5382=CARTESIAN_POINT('',(-0.01,0.0533805310205866,-0.0305991050604714));
#5383=CARTESIAN_POINT('',(-0.01,0.0517,-0.0306));
#5384=CARTESIAN_POINT('',(-0.0104,0.0637,-0.0182));
#5385=CARTESIAN_POINT('',(-0.0104,0.0636997948831941,-0.0198512269602999));
#5386=CARTESIAN_POINT('',(-0.0104,0.0635292783295077,-0.0215149270255551));
#5387=CARTESIAN_POINT('',(-0.0104,0.0628429865291585,-0.0238373309931909));
#5388=CARTESIAN_POINT('',(-0.0104,0.0625343830460014,-0.0245951750415005));
#5389=CARTESIAN_POINT('',(-0.0104,0.0617400997562574,-0.0260012490775726));
#5390=CARTESIAN_POINT('',(-0.0104,0.061262612589453,-0.026639430239687));
#5391=CARTESIAN_POINT('',(-0.0104,0.060115734369467,-0.0277821838005529));
#5392=CARTESIAN_POINT('',(-0.0104,0.0594776034352018,-0.0282563942008619));
#5393=CARTESIAN_POINT('',(-0.0104,0.0580665063465713,-0.0290475182615167));
#5394=CARTESIAN_POINT('',(-0.0104,0.0573095577762182,-0.0293529525735633));
#5395=CARTESIAN_POINT('',(-0.0104,0.0550004773210478,-0.0300300398740694));
#5396=CARTESIAN_POINT('',(-0.0104,0.0533530564037507,-0.0301993300087028));
#5397=CARTESIAN_POINT('',(-0.0104,0.0517,-0.0302));
#5398=CARTESIAN_POINT('',(-0.0108,0.0633,-0.0182));
#5399=CARTESIAN_POINT('',(-0.0108,0.063300017417795,-0.0198238099078161));
#5400=CARTESIAN_POINT('',(-0.0108,0.0631314659078402,-0.0214504521976905));
#5401=CARTESIAN_POINT('',(-0.0108,0.0624666768068453,-0.0236989031492236));
#5402=CARTESIAN_POINT('',(-0.0108,0.0621693539277045,-0.0244281650435795));
#5403=CARTESIAN_POINT('',(-0.0108,0.0614085052263454,-0.0257749201723122));
#5404=CARTESIAN_POINT('',(-0.0108,0.0609532117597309,-0.0263830488788416));
#5405=CARTESIAN_POINT('',(-0.0108,0.0598604705067258,-0.0274718608424758));
#5406=CARTESIAN_POINT('',(-0.0108,0.0592523501925204,-0.0279240680872816));
#5407=CARTESIAN_POINT('',(-0.0108,0.057900622897928,-0.0286819818609156));
#5408=CARTESIAN_POINT('',(-0.0108,0.0571721036077019,-0.0289763035794978));
#5409=CARTESIAN_POINT('',(-0.0108,0.0549362927795915,-0.029632244460361));
#5410=CARTESIAN_POINT('',(-0.0108,0.0533255817869148,-0.0297995549569342));
#5411=CARTESIAN_POINT('',(-0.0108,0.0517,-0.0298));
#5412=CARTESIAN_POINT('',(-0.01,0.0641,-0.0182));
#5413=CARTESIAN_POINT('',(-0.01,0.0640995716350878,-0.0198814447089083));
#5414=CARTESIAN_POINT('',(-0.01,0.063852915780219,-0.0223981768279936));
#5415=CARTESIAN_POINT('',(-0.01,0.0625904229866799,-0.0255300827183066));
#5416=CARTESIAN_POINT('',(-0.01,0.0610726412873585,-0.0275643356406042));
#5417=CARTESIAN_POINT('',(-0.01,0.0590420311299473,-0.0290836511302106));
#5418=CARTESIAN_POINT('',(-0.01,0.0559095618286371,-0.0303515689413724));
#5419=CARTESIAN_POINT('',(-0.01,0.0533831499342315,-0.0305991036658114));
#5420=CARTESIAN_POINT('',(-0.01,0.0517,-0.0306));
#5421=CARTESIAN_POINT('',(-0.01,0.0641,-0.0182));
#5422=CARTESIAN_POINT('',(-0.01,0.0517,-0.0306));
#5423=CARTESIAN_POINT('',(-0.0106,0.0635,-0.0182));
#5424=CARTESIAN_POINT('',(-0.0108,0.0633,-0.0182));
#5425=CARTESIAN_POINT('',(-0.0108,0.0633,-0.0182));
#5426=CARTESIAN_POINT('',(-0.0108,0.0633000084490359,-0.0189876788157749));
#5427=CARTESIAN_POINT('',(-0.0108,0.0632201159113306,-0.0205674214712686));
#5428=CARTESIAN_POINT('',(-0.0108,0.0627890266252265,-0.0228679837484524));
#5429=CARTESIAN_POINT('',(-0.0108,0.0619248739967277,-0.0250682608486661));
#5430=CARTESIAN_POINT('',(-0.0108,0.0605129168335627,-0.0269884239032721));
#5431=CARTESIAN_POINT('',(-0.0108,0.0585961302102486,-0.028411121179946));
#5432=CARTESIAN_POINT('',(-0.0108,0.0556451526143989,-0.0295762027942886));
#5433=CARTESIAN_POINT('',(-0.0108,0.0532788591792824,-0.0297995677483992));
#5434=CARTESIAN_POINT('',(-0.0108,0.0517,-0.0298));
#5435=CARTESIAN_POINT('',(-0.0108,0.0517,-0.0298));
#5436=CARTESIAN_POINT('',(-0.0102,0.0517,-0.0304));
#5437=CARTESIAN_POINT('',(-0.012,0.0751,0.005));
#5438=CARTESIAN_POINT('',(-0.0267333333333334,0.0603666666666667,-0.0244666666666665));
#5439=CARTESIAN_POINT('',(-0.012,0.0751,-0.0392));
#5440=CARTESIAN_POINT('',(-0.0118,0.0753,-0.0394));
#5441=CARTESIAN_POINT('',(-0.012,0.0751,0.005));
#5442=CARTESIAN_POINT('',(-0.0118,0.0753,-0.005));
#5443=CARTESIAN_POINT('',(-0.012,0.0753,-0.0394));
#5444=CARTESIAN_POINT('',(-0.0134183346173608,0.0749,-0.039));
#5445=CARTESIAN_POINT('',(-0.013310487256969,0.0750296163959387,-0.0391296163959388));
#5446=CARTESIAN_POINT('',(-0.0132145293252746,0.0751635888901917,-0.0392635888901917));
#5447=CARTESIAN_POINT('',(-0.0131252272915132,0.0753,-0.0394));
#5448=CARTESIAN_POINT('',(-0.0134183346173608,0.0749,-0.039));
#5449=CARTESIAN_POINT('',(-0.0131252272915132,0.0753,-0.0394));
#5450=CARTESIAN_POINT('',(-0.037,0.0749,-0.039));
#5451=CARTESIAN_POINT('',(-0.012,0.0749,-0.039));
#5452=CARTESIAN_POINT('',(-0.012,0.02445,0.01145));
#5453=CARTESIAN_POINT('',(-0.012,0.0753,-0.0394));
#5454=CARTESIAN_POINT('',(-0.037,0.068646,-0.039));
#5455=CARTESIAN_POINT('',(-0.012,0.083646,-0.039));
#5456=CARTESIAN_POINT('',(-0.012,0.0684656854249492,-0.039));
#5457=CARTESIAN_POINT('',(-0.0145,0.0747,-0.039));
#5458=CARTESIAN_POINT('',(-0.0152,0.0755485281374239,-0.039));
#5459=CARTESIAN_POINT('',(-0.0152,0.0715,-0.039));
#5460=CARTESIAN_POINT('',(-0.0152,0.0716656854249493,-0.039));
#5461=CARTESIAN_POINT('',(-0.0133171572875254,0.0697828427124746,-0.039));
#5462=CARTESIAN_POINT('',(-0.0320901572875254,0.0885558427124746,-0.039));
#5463=CARTESIAN_POINT('',(-0.012914832030262,0.0726122329903153,-0.036714832030262));
#5464=CARTESIAN_POINT('',(-0.0156,0.0715,-0.0394));
#5465=CARTESIAN_POINT('',(-0.0156,0.0715,-0.0394));
#5466=CARTESIAN_POINT('',(-0.012,0.0679,-0.0394));
#5467=CARTESIAN_POINT('',(-0.012,0.0555636940564559,-0.0481230855874722));
#5468=CARTESIAN_POINT('',(-0.0156,0.0715,0.035));
#5469=CARTESIAN_POINT('',(-0.012,0.0679,-0.051));
#5470=CARTESIAN_POINT('',(-0.012,0.0679,-0.0506));
#5471=CARTESIAN_POINT('',(-0.0156,0.0715,-0.001));
#5472=CARTESIAN_POINT('',(-0.0156,0.0715,-0.0506));
#5473=CARTESIAN_POINT('',(-0.0156,0.0715,-0.0506));
#5474=CARTESIAN_POINT('',(-0.0180171572875254,0.0744828427124746,-0.051));
#5475=CARTESIAN_POINT('',(-0.0258047809859337,0.0672730413145794,-0.0403952190140663));
#5476=CARTESIAN_POINT('',(-0.0152,0.0716656854249492,-0.051));
#5477=CARTESIAN_POINT('',(-0.0180171572875254,0.0744828427124746,-0.051));
#5478=CARTESIAN_POINT('',(-0.012,0.0684656854249492,-0.051));
#5479=CARTESIAN_POINT('',(-0.012,0.0084232419773522,-0.00854358107919363));
#5480=CARTESIAN_POINT('',(-0.017,0.0605,-0.051));
#5481=CARTESIAN_POINT('',(-0.0145,0.0747,-0.051));
#5482=CARTESIAN_POINT('',(-0.0152,0.0755485281374239,-0.051));
#5483=CARTESIAN_POINT('',(-0.0134183346173608,0.0749,-0.051));
#5484=CARTESIAN_POINT('',(-0.012,0.0749,-0.051));
#5485=CARTESIAN_POINT('',(-0.012,0.0749,-0.051));
#5486=CARTESIAN_POINT('',(-0.012,0.0755,-0.051));
#5487=CARTESIAN_POINT('',(-0.0152,0.0755,-0.051));
#5488=CARTESIAN_POINT('',(-0.017,0.0749,-0.051));
#5489=CARTESIAN_POINT('',(-0.0131252272915132,0.0753,-0.0506));
#5490=CARTESIAN_POINT('',(-0.0132145293252746,0.0751635888901917,-0.0507364111098083));
#5491=CARTESIAN_POINT('',(-0.013310487256969,0.0750296163959387,-0.0508703836040612));
#5492=CARTESIAN_POINT('',(-0.0134183346173608,0.0749,-0.051));
#5493=CARTESIAN_POINT('',(-0.0131252272915132,0.0753,-0.0506));
#5494=CARTESIAN_POINT('',(-0.0131252272915132,0.0753,-0.0506));
#5495=CARTESIAN_POINT('',(-0.0118,0.0753,-0.0506));
#5496=CARTESIAN_POINT('',(0.0034,0.0905,-0.0354));
#5497=CARTESIAN_POINT('',(-0.012,0.0751,-0.0508));
#5498=CARTESIAN_POINT('',(-0.012,0.07445,-0.05145));
#5499=CARTESIAN_POINT('',(-0.012,0.0751,0.005));
#5500=CARTESIAN_POINT('',(-0.0119,0.0752,-0.053));
#5501=CARTESIAN_POINT('',(-0.011800000125,0.075299999875,-0.053));
#5502=CARTESIAN_POINT('',(-0.012,0.0751,-0.053));
#5503=CARTESIAN_POINT('',(-0.012,0.0751,0.005));
#5504=CARTESIAN_POINT('',(-0.0118,0.0753,-0.005));
#5505=CARTESIAN_POINT('',(-0.0117928849311534,0.0685,-0.0598071150688466));
#5506=CARTESIAN_POINT('',(-0.0117928849311534,0.0694084057182666,-0.0598057103294456));
#5507=CARTESIAN_POINT('',(-0.0117928849311534,0.0703046049229728,-0.0597223224804565));
#5508=CARTESIAN_POINT('',(-0.0117928849311534,0.0720661222376326,-0.0592307523073263));
#5509=CARTESIAN_POINT('',(-0.0117928849311534,0.0729321325628295,-0.0587891692369128));
#5510=CARTESIAN_POINT('',(-0.0117928849311534,0.074269650478818,-0.0574633909336388));
#5511=CARTESIAN_POINT('',(-0.0117928849311534,0.0747145326251481,-0.0566070751942269));
#5512=CARTESIAN_POINT('',(-0.0117928849311534,0.0752167912883493,-0.0548401108025971));
#5513=CARTESIAN_POINT('',(-0.0117928849311534,0.0753064009264995,-0.0539109815520331));
#5514=CARTESIAN_POINT('',(-0.0117928849311534,0.0753071150688466,-0.053));
#5515=CARTESIAN_POINT('',(-0.0117941338882411,0.0685,-0.059805866111759));
#5516=CARTESIAN_POINT('',(-0.0117941338882411,0.0694083233909485,-0.0598044622287977));
#5517=CARTESIAN_POINT('',(-0.0117941338882411,0.0703044161214301,-0.0597210794586247));
#5518=CARTESIAN_POINT('',(-0.0117941338882411,0.0720656341505175,-0.0592295908755877));
#5519=CARTESIAN_POINT('',(-0.0117941338882411,0.0729314316084057,-0.0587881055643635));
#5520=CARTESIAN_POINT('',(-0.0117941338882411,0.0742685918197151,-0.0574626816607677));
#5521=CARTESIAN_POINT('',(-0.0117941338882411,0.0747133742023285,-0.0566065786229828));
#5522=CARTESIAN_POINT('',(-0.0117941338882411,0.075215549014415,-0.0548399172794109));
#5523=CARTESIAN_POINT('',(-0.0117941338882411,0.075305152790113,-0.0539108992132389));
#5524=CARTESIAN_POINT('',(-0.0117941338882411,0.0753058661117589,-0.053));
#5525=CARTESIAN_POINT('',(-0.0118,0.0685,-0.0598));
#5526=CARTESIAN_POINT('',(-0.0118,0.0694079367153347,-0.0597986001395723));
#5527=CARTESIAN_POINT('',(-0.0118,0.070303529356816,-0.0597152412236235));
#5528=CARTESIAN_POINT('',(-0.0118,0.0720633416990046,-0.0592241358535967));
#5529=CARTESIAN_POINT('',(-0.0118,0.0729281393599938,-0.0587831096985244));
#5530=CARTESIAN_POINT('',(-0.0118,0.0742636195010713,-0.0574593503422053));
#5531=CARTESIAN_POINT('',(-0.0118,0.0747079333126522,-0.0566042463231442));
#5532=CARTESIAN_POINT('',(-0.0118,0.0752097142921449,-0.0548390083381433));
#5533=CARTESIAN_POINT('',(-0.0118,0.0752992905330297,-0.0539105124837234));
#5534=CARTESIAN_POINT('',(-0.0118,0.0753,-0.053));
#5535=CARTESIAN_POINT('',(-0.012,0.0685,-0.0596));
#5536=CARTESIAN_POINT('',(-0.012,0.0693947533451674,-0.0595987372843688));
#5537=CARTESIAN_POINT('',(-0.012,0.070273295885292,-0.0595161916575354));
#5538=CARTESIAN_POINT('',(-0.012,0.0719851825500797,-0.0590381516032059));
#5539=CARTESIAN_POINT('',(-0.012,0.0728158930016836,-0.0586127799794754));
#5540=CARTESIAN_POINT('',(-0.012,0.0740940926032501,-0.0573457719209535));
#5541=CARTESIAN_POINT('',(-0.012,0.0745224308912923,-0.0565247285800657));
#5542=CARTESIAN_POINT('',(-0.012,0.0750107844895805,-0.054808018772827));
#5543=CARTESIAN_POINT('',(-0.012,0.0750994219548583,-0.0538973272758266));
#5544=CARTESIAN_POINT('',(-0.012,0.0751,-0.053));
#5545=CARTESIAN_POINT('',(-0.0119,0.0685,-0.0597));
#5546=CARTESIAN_POINT('',(-0.012,0.0685,-0.0596));
#5547=CARTESIAN_POINT('',(-0.0118,0.0684999999999518,-0.0598));
#5548=CARTESIAN_POINT('',(-0.012,0.0751,-0.053));
#5549=CARTESIAN_POINT('',(-0.012,0.0750994213225572,-0.0538983088272385));
#5550=CARTESIAN_POINT('',(-0.012,0.0749452125976217,-0.0556884825342414));
#5551=CARTESIAN_POINT('',(-0.012,0.0736617907151124,-0.0581722552265238));
#5552=CARTESIAN_POINT('',(-0.012,0.0711940173662571,-0.0594420382063589));
#5553=CARTESIAN_POINT('',(-0.012,0.069397527924643,-0.0595987333687591));
#5554=CARTESIAN_POINT('',(-0.012,0.0685,-0.0596));
#5555=CARTESIAN_POINT('',(-0.011800000125,0.0752999999375,-0.0530000000033393));
#5556=CARTESIAN_POINT('',(-0.0117992795843807,0.0752999999370592,-0.0539247248005959));
#5557=CARTESIAN_POINT('',(-0.0117997758380871,0.0751704486925382,-0.0553120896935525));
#5558=CARTESIAN_POINT('',(-0.0117953026980196,0.0744881261067601,-0.0570374739277676));
#5559=CARTESIAN_POINT('',(-0.0118028419260335,0.0736541862901564,-0.0581593183609598));
#5560=CARTESIAN_POINT('',(-0.0117933786778212,0.0725339700871931,-0.0589893471806213));
#5561=CARTESIAN_POINT('',(-0.011801187427058,0.0708165181656926,-0.059669069495773));
#5562=CARTESIAN_POINT('',(-0.011798574936925,0.069424283061379,-0.0597999999997862));
#5563=CARTESIAN_POINT('',(-0.0117999999999949,0.0685,-0.0598000000000051));
#5564=CARTESIAN_POINT('',(-0.0103955799534477,0.0787,-0.0532000000000041));
#5565=CARTESIAN_POINT('',(-0.0109999999,0.0787,-0.0532000000000041));
#5566=CARTESIAN_POINT('',(-0.0103955799534477,0.0786999999999985,-0.0598666666666673));
#5567=CARTESIAN_POINT('',(-0.0109999999,0.0786999999999985,-0.0598666666666673));
#5568=CARTESIAN_POINT('',(-0.0103955799534477,0.0753666666666662,-0.0631999999999991));
#5569=CARTESIAN_POINT('',(-0.0109999999,0.0753666666666662,-0.0631999999999991));
#5570=CARTESIAN_POINT('',(-0.0103955799534477,0.0687000000000024,-0.0632));
#5571=CARTESIAN_POINT('',(-0.0109999999,0.0687000000000024,-0.0632));
#5572=CARTESIAN_POINT('',(-0.0105,0.0787,-0.0532));
#5573=CARTESIAN_POINT('',(-0.0109999999,0.0787,-0.053200000002));
#5574=CARTESIAN_POINT('',(-0.0105,0.0687,-0.0632));
#5575=CARTESIAN_POINT('',(-0.0109999999,0.068700000002,-0.0632));
#5576=CARTESIAN_POINT('',(-0.011,0.0787,-0.0532));
#5577=CARTESIAN_POINT('',(-0.011,0.0787,-0.0598666666666667));
#5578=CARTESIAN_POINT('',(-0.011,0.0753666666666667,-0.0632));
#5579=CARTESIAN_POINT('',(-0.011,0.0687,-0.0632));
#5580=CARTESIAN_POINT('',(-0.01,0.0787,-0.005));
#5581=CARTESIAN_POINT('',(-0.011,0.0787,-0.005));
#5582=CARTESIAN_POINT('',(-0.0104,0.0637,0.014));
#5583=CARTESIAN_POINT('',(-0.01,0.0641,-0.0182));
#5584=CARTESIAN_POINT('',(-0.0108,0.0633,0.005));
#5585=CARTESIAN_POINT('',(-0.0118050893020768,0.0685000000033189,-0.0598));
#5586=CARTESIAN_POINT('',(-0.011,0.0685000000033189,-0.0598));
#5587=CARTESIAN_POINT('',(-0.0118050893020768,0.0708000000016155,-0.0597999999994552));
#5588=CARTESIAN_POINT('',(-0.011,0.0708000000016155,-0.0597999999994552));
#5589=CARTESIAN_POINT('',(-0.0118050893020768,0.0741671572869801,-0.0586671572869919));
#5590=CARTESIAN_POINT('',(-0.011,0.0741671572869801,-0.0586671572869919));
#5591=CARTESIAN_POINT('',(-0.0118050893020768,0.0752999999994512,-0.0553000000016354));
#5592=CARTESIAN_POINT('',(-0.011,0.0752999999994512,-0.0553000000016354));
#5593=CARTESIAN_POINT('',(-0.0118050893020768,0.0753,-0.053000000003343));
#5594=CARTESIAN_POINT('',(-0.011,0.0753,-0.053000000003343));
#5595=CARTESIAN_POINT('',(-0.0114,0.0685,-0.0598));
#5596=CARTESIAN_POINT('',(-0.011,0.0685,-0.0598));
#5597=CARTESIAN_POINT('',(-0.0113999999999978,0.0753,-0.053));
#5598=CARTESIAN_POINT('',(-0.011,0.0753,-0.053));
#5599=CARTESIAN_POINT('',(-0.011,0.068500000003343,-0.0598));
#5600=CARTESIAN_POINT('',(-0.011,0.0694218044451542,-0.0597999999995601));
#5601=CARTESIAN_POINT('',(-0.011,0.0712348325926998,-0.0596470678467267));
#5602=CARTESIAN_POINT('',(-0.011,0.0738062401891192,-0.0583191508370489));
#5603=CARTESIAN_POINT('',(-0.011,0.0751347502456288,-0.0557845704436927));
#5604=CARTESIAN_POINT('',(-0.011,0.0752999999997788,-0.0539269315548919));
#5605=CARTESIAN_POINT('',(-0.011,0.0753,-0.053000000003343));
#5606=CARTESIAN_POINT('',(-0.012,0.0753,-0.005));
#5607=CARTESIAN_POINT('',(-0.011,0.0753,0.005));
#5608=CARTESIAN_POINT('',(-0.0131252272915132,0.0753,-0.001));
#5609=CARTESIAN_POINT('',(-0.0104,0.0617,0.014));
#5610=CARTESIAN_POINT('',(-0.0108,0.0621,-0.0182));
#5611=CARTESIAN_POINT('',(-0.01,0.0613,0.005));
#5612=CARTESIAN_POINT('',(-0.0145,0.0747,-0.039));
#5613=CARTESIAN_POINT('',(-0.0152,0.0755485281374239,-0.039));
#5614=CARTESIAN_POINT('',(-0.0153322128060208,0.0756108538518886,-0.0391322128060208));
#5615=CARTESIAN_POINT('',(-0.0154657197524521,0.0756671348563696,-0.0392657197524521));
#5616=CARTESIAN_POINT('',(-0.0156,0.0757198039027186,-0.0394));
#5617=CARTESIAN_POINT('',(-0.0156,0.0757198039027186,-0.0394));
#5618=CARTESIAN_POINT('',(-0.0145,0.0747,-0.0394));
#5619=CARTESIAN_POINT('',(-0.0152,0.068646,-0.039));
#5620=CARTESIAN_POINT('',(-0.0156,0.0757198039027186,-0.0394));
#5621=CARTESIAN_POINT('',(-0.0156,0.003,0.035));
#5622=CARTESIAN_POINT('',(-0.0156,0.0757198039027186,-0.001));
#5623=CARTESIAN_POINT('',(-0.0156,0.0757198039027186,-0.0506));
#5624=CARTESIAN_POINT('',(-0.0156,0.018,-0.0506));
#5625=CARTESIAN_POINT('',(-0.0156,0.003,-0.0506));
#5626=CARTESIAN_POINT('',(-0.0156,0.0757198039027186,-0.0506));
#5627=CARTESIAN_POINT('',(-0.0154657197524521,0.0756671348563696,-0.0507342802475479));
#5628=CARTESIAN_POINT('',(-0.0153322128060208,0.0756108538518886,-0.0508677871939792));
#5629=CARTESIAN_POINT('',(-0.0152,0.0755485281374239,-0.051));
#5630=CARTESIAN_POINT('',(-0.0145,0.0747,-0.051));
#5631=CARTESIAN_POINT('',(-0.0145,0.0747,-0.0506));
#5632=CARTESIAN_POINT('',(-0.0145,0.0747,0.029));
#5633=CARTESIAN_POINT('',(-0.0102,0.0431,-0.0304));
#5634=CARTESIAN_POINT('',(-0.0106,0.0432,-0.03));
#5635=CARTESIAN_POINT('',(-0.0108,0.0432,-0.0298));
#5636=CARTESIAN_POINT('',(-0.01,0.0432,-0.0306));
#5637=CARTESIAN_POINT('',(-0.01,0.0431,-0.0306));
#5638=CARTESIAN_POINT('',(-0.0108,0.0431,-0.0298));
#5639=CARTESIAN_POINT('',(-0.0145,-0.0537,0.041));
#5640=CARTESIAN_POINT('',(-0.0131252272915132,-0.0543,0.011));
#5641=CARTESIAN_POINT('',(-0.0131252272915132,-0.0543,-0.0394));
#5642=CARTESIAN_POINT('',(-0.0131252272915132,-0.0543,-0.0506));
#5643=CARTESIAN_POINT('',(-0.0145,-0.0537,-0.0394));
#5644=CARTESIAN_POINT('',(-0.0156,-0.0547198039027185,-0.0394));
#5645=CARTESIAN_POINT('',(-0.0156,-0.0547198039027185,0.011));
#5646=CARTESIAN_POINT('',(-0.0156,-0.0547198039027185,-0.0506));
#5647=CARTESIAN_POINT('',(-0.0145,-0.0537,-0.0506));
#5648=CARTESIAN_POINT('',(-0.0156,0.003,0.035));
#5649=CARTESIAN_POINT('',(-0.0156,0.003,-0.0394));
#5650=CARTESIAN_POINT('',(-0.0156,-0.0505,-0.0394));
#5651=CARTESIAN_POINT('',(-0.0156,-0.0505,0.005));
#5652=CARTESIAN_POINT('',(-0.0156,-0.0505,-0.0506));
#5653=CARTESIAN_POINT('',(-0.0156,0.003,-0.0506));
#5654=CARTESIAN_POINT('',(-0.0136,-0.0485,0.035));
#5655=CARTESIAN_POINT('',(-0.0136,-0.0485,-0.0394));
#5656=CARTESIAN_POINT('',(-0.012,-0.0469,-0.0394));
#5657=CARTESIAN_POINT('',(-0.012,-0.0469,0.005));
#5658=CARTESIAN_POINT('',(-0.012,-0.0469,-0.0506));
#5659=CARTESIAN_POINT('',(-0.0136,-0.0485,-0.0506));
#5660=CARTESIAN_POINT('',(-0.0103955799534477,-0.047700000000004,-0.0632));
#5661=CARTESIAN_POINT('',(-0.0109999999,-0.047700000000004,-0.0632));
#5662=CARTESIAN_POINT('',(-0.0103955799534477,-0.0543666666666672,-0.0631999999999986));
#5663=CARTESIAN_POINT('',(-0.0109999999,-0.0543666666666672,-0.0631999999999986));
#5664=CARTESIAN_POINT('',(-0.0103955799534477,-0.0576999999999991,-0.0598666666666663));
#5665=CARTESIAN_POINT('',(-0.0109999999,-0.0576999999999991,-0.0598666666666663));
#5666=CARTESIAN_POINT('',(-0.0103955799534477,-0.0577,-0.0532000000000025));
#5667=CARTESIAN_POINT('',(-0.0109999999,-0.0577,-0.0532000000000025));
#5668=CARTESIAN_POINT('',(-0.0105,-0.0477,-0.0632));
#5669=CARTESIAN_POINT('',(-0.0109999999,-0.047700000002,-0.0632));
#5670=CARTESIAN_POINT('',(-0.0105,-0.0577,-0.0532));
#5671=CARTESIAN_POINT('',(-0.0109999999,-0.0577,-0.053200000002));
#5672=CARTESIAN_POINT('',(-0.011,-0.0477,-0.0632));
#5673=CARTESIAN_POINT('',(-0.011,-0.0543666666666667,-0.0632));
#5674=CARTESIAN_POINT('',(-0.011,-0.0577,-0.0598666666666667));
#5675=CARTESIAN_POINT('',(-0.011,-0.0577,-0.0532));
#5676=CARTESIAN_POINT('',(-0.01,-0.0577,-0.015));
#5677=CARTESIAN_POINT('',(-0.011,-0.0577,-0.015));
#5678=CARTESIAN_POINT('',(-0.0118050893020768,-0.0543,-0.053000000006686));
#5679=CARTESIAN_POINT('',(-0.011,-0.0543,-0.053000000006686));
#5680=CARTESIAN_POINT('',(-0.0118050893020768,-0.0542999999989023,-0.0553000000038199));
#5681=CARTESIAN_POINT('',(-0.011,-0.0542999999989023,-0.0553000000038199));
#5682=CARTESIAN_POINT('',(-0.0118050893020768,-0.0531671572859019,-0.058667157287525));
#5683=CARTESIAN_POINT('',(-0.011,-0.0531671572859019,-0.058667157287525));
#5684=CARTESIAN_POINT('',(-0.0118050893020768,-0.0498000000010741,-0.0597999999994513));
#5685=CARTESIAN_POINT('',(-0.011,-0.0498000000010741,-0.0597999999994513));
#5686=CARTESIAN_POINT('',(-0.0118050893020768,-0.047500000003343,-0.0598));
#5687=CARTESIAN_POINT('',(-0.011,-0.047500000003343,-0.0598));
#5688=CARTESIAN_POINT('',(-0.0114,-0.0543,-0.053));
#5689=CARTESIAN_POINT('',(-0.011800000125,-0.0543,-0.053));
#5690=CARTESIAN_POINT('',(-0.011,-0.0543,-0.053));
#5691=CARTESIAN_POINT('',(-0.0118,-0.0475000000033187,-0.0598));
#5692=CARTESIAN_POINT('',(-0.0117992794592983,-0.0484247248040348,-0.0597999999995619));
#5693=CARTESIAN_POINT('',(-0.0117997758662793,-0.0498120896903913,-0.0596704486786631));
#5694=CARTESIAN_POINT('',(-0.0117953026927072,-0.0515374739243742,-0.0589881261112217));
#5695=CARTESIAN_POINT('',(-0.0118028419274611,-0.0526593183570284,-0.0581541862931324));
#5696=CARTESIAN_POINT('',(-0.011793378677438,-0.0534893471772809,-0.0570339700933149));
#5697=CARTESIAN_POINT('',(-0.0118011874273404,-0.0541690694938433,-0.0553165181740052));
#5698=CARTESIAN_POINT('',(-0.0117985749367463,-0.0542999999992943,-0.0539242830712099));
#5699=CARTESIAN_POINT('',(-0.0117999999999835,-0.0543,-0.0530000000106965));
#5700=CARTESIAN_POINT('',(-0.0118,-0.0474999999999513,-0.0598));
#5701=CARTESIAN_POINT('',(-0.0113999999999951,-0.0475,-0.0598));
#5702=CARTESIAN_POINT('',(-0.011,-0.0475,-0.0598));
#5703=CARTESIAN_POINT('',(-0.011,-0.0543,-0.053000000003343));
#5704=CARTESIAN_POINT('',(-0.011,-0.05429999999956,-0.0539218044451542));
#5705=CARTESIAN_POINT('',(-0.011,-0.0541470678467266,-0.0557348325926999));
#5706=CARTESIAN_POINT('',(-0.011,-0.0528191508370489,-0.0583062401891192));
#5707=CARTESIAN_POINT('',(-0.011,-0.0502845704436927,-0.0596347502456287));
#5708=CARTESIAN_POINT('',(-0.011,-0.0484269315548919,-0.0597999999997788));
#5709=CARTESIAN_POINT('',(-0.011,-0.047500000003343,-0.0598));
#5710=CARTESIAN_POINT('',(-0.012,-0.0543,-0.015));
#5711=CARTESIAN_POINT('',(-0.011,-0.0543,0.005));
#5712=CARTESIAN_POINT('',(-0.0118,-0.0543,-0.0394));
#5713=CARTESIAN_POINT('',(-0.0118,-0.0543,-0.0394));
#5714=CARTESIAN_POINT('',(-0.012,-0.0543,-0.0394));
#5715=CARTESIAN_POINT('',(-0.012,-0.0543,-0.0506));
#5716=CARTESIAN_POINT('',(-0.0118,-0.0543,-0.0506));
#5717=CARTESIAN_POINT('',(-0.0118,-0.0543,-0.053));
#5718=CARTESIAN_POINT('',(-0.0104,-0.0427,0.005));
#5719=CARTESIAN_POINT('',(-0.0102,-0.0429,-0.0362));
#5720=CARTESIAN_POINT('',(-0.01,-0.0431,-0.0362));
#5721=CARTESIAN_POINT('',(-0.0108,-0.0423,-0.0362));
#5722=CARTESIAN_POINT('',(-0.0108,-0.0423,-0.0362));
#5723=CARTESIAN_POINT('',(-0.01,-0.0431,0.005));
#5724=CARTESIAN_POINT('',(-0.01,-0.0307,-0.0486));
#5725=CARTESIAN_POINT('',(-0.01,-0.0323786440127836,-0.0485995723485931));
#5726=CARTESIAN_POINT('',(-0.01,-0.0340794018534196,-0.0484270907511752));
#5727=CARTESIAN_POINT('',(-0.01,-0.0364757588371584,-0.0477192962514717));
#5728=CARTESIAN_POINT('',(-0.01,-0.0372621850394216,-0.0473994121642983));
#5729=CARTESIAN_POINT('',(-0.01,-0.0387275779828331,-0.0465716942861694));
#5730=CARTESIAN_POINT('',(-0.01,-0.0393958116005324,-0.0460720134191751));
#5731=CARTESIAN_POINT('',(-0.01,-0.04059250675863,-0.0448709982322082));
#5732=CARTESIAN_POINT('',(-0.01,-0.0410887203144422,-0.0442028566778832));
#5733=CARTESIAN_POINT('',(-0.01,-0.0419130546621178,-0.0427323897952146));
#5734=CARTESIAN_POINT('',(-0.01,-0.0422296015676288,-0.0419470119447345));
#5735=CARTESIAN_POINT('',(-0.01,-0.0429278352877777,-0.0395646618625041));
#5736=CARTESIAN_POINT('',(-0.01,-0.0430991050604714,-0.0378805310205865));
#5737=CARTESIAN_POINT('',(-0.01,-0.0431,-0.0362));
#5738=CARTESIAN_POINT('',(-0.0104,-0.0307,-0.0482));
#5739=CARTESIAN_POINT('',(-0.0104,-0.0323512269602999,-0.0481997948831941));
#5740=CARTESIAN_POINT('',(-0.0104,-0.0340149270255551,-0.0480292783295077));
#5741=CARTESIAN_POINT('',(-0.0104,-0.0363373309931909,-0.0473429865291585));
#5742=CARTESIAN_POINT('',(-0.0104,-0.0370951750415006,-0.0470343830460013));
#5743=CARTESIAN_POINT('',(-0.0104,-0.0385012490775726,-0.0462400997562573));
#5744=CARTESIAN_POINT('',(-0.0104,-0.039139430239687,-0.045762612589453));
#5745=CARTESIAN_POINT('',(-0.0104,-0.0402821838005529,-0.044615734369467));
#5746=CARTESIAN_POINT('',(-0.0104,-0.0407563942008619,-0.0439776034352018));
#5747=CARTESIAN_POINT('',(-0.0104,-0.0415475182615167,-0.0425665063465713));
#5748=CARTESIAN_POINT('',(-0.0104,-0.0418529525735633,-0.0418095577762181));
#5749=CARTESIAN_POINT('',(-0.0104,-0.0425300398740694,-0.0395004773210479));
#5750=CARTESIAN_POINT('',(-0.0104,-0.0426993300087028,-0.0378530564037506));
#5751=CARTESIAN_POINT('',(-0.0104,-0.0427,-0.0362));
#5752=CARTESIAN_POINT('',(-0.0108,-0.0307,-0.0478));
#5753=CARTESIAN_POINT('',(-0.0108,-0.0323238099078162,-0.0478000174177951));
#5754=CARTESIAN_POINT('',(-0.0108,-0.0339504521976906,-0.0476314659078402));
#5755=CARTESIAN_POINT('',(-0.0108,-0.0361989031492234,-0.0469666768068453));
#5756=CARTESIAN_POINT('',(-0.0108,-0.0369281650435796,-0.0466693539277043));
#5757=CARTESIAN_POINT('',(-0.0108,-0.0382749201723121,-0.0459085052263452));
#5758=CARTESIAN_POINT('',(-0.0108,-0.0388830488788416,-0.0454532117597309));
#5759=CARTESIAN_POINT('',(-0.0108,-0.0399718608424758,-0.0443604705067258));
#5760=CARTESIAN_POINT('',(-0.0108,-0.0404240680872816,-0.0437523501925204));
#5761=CARTESIAN_POINT('',(-0.0108,-0.0411819818609156,-0.042400622897928));
#5762=CARTESIAN_POINT('',(-0.0108,-0.0414763035794978,-0.0416721036077017));
#5763=CARTESIAN_POINT('',(-0.0108,-0.0421322444603611,-0.0394362927795917));
#5764=CARTESIAN_POINT('',(-0.0108,-0.0422995549569343,-0.0378255817869147));
#5765=CARTESIAN_POINT('',(-0.0108,-0.0423,-0.0362));
#5766=CARTESIAN_POINT('',(-0.01,-0.0307,-0.0486));
#5767=CARTESIAN_POINT('',(-0.01,-0.0323814447089083,-0.0485995716350877));
#5768=CARTESIAN_POINT('',(-0.01,-0.0348981768279936,-0.048352915780219));
#5769=CARTESIAN_POINT('',(-0.01,-0.0380300827183066,-0.04709042298668));
#5770=CARTESIAN_POINT('',(-0.00999999999999999,-0.0400643356406042,-0.0455726412873585));
#5771=CARTESIAN_POINT('',(-0.01,-0.0415836511302107,-0.0435420311299473));
#5772=CARTESIAN_POINT('',(-0.00999999999999999,-0.0428515689413723,-0.0404095618286371));
#5773=CARTESIAN_POINT('',(-0.01,-0.0430991036658114,-0.0378831499342315));
#5774=CARTESIAN_POINT('',(-0.01,-0.0431,-0.0362));
#5775=CARTESIAN_POINT('',(-0.01,-0.0307,-0.0486));
#5776=CARTESIAN_POINT('',(-0.0102,-0.0307,-0.0484));
#5777=CARTESIAN_POINT('',(-0.0108,-0.0307,-0.0478));
#5778=CARTESIAN_POINT('',(-0.0108,-0.0423,-0.0362));
#5779=CARTESIAN_POINT('',(-0.0108,-0.0422995687180586,-0.037775317363648));
#5780=CARTESIAN_POINT('',(-0.0108,-0.0420753204895995,-0.0401364143831095));
#5781=CARTESIAN_POINT('',(-0.0108,-0.0409252607111216,-0.0430677562809411));
#5782=CARTESIAN_POINT('',(-0.0108,-0.0395130027394129,-0.0449883317151386));
#5783=CARTESIAN_POINT('',(-0.0108,-0.0375963497453953,-0.0464110370300392));
#5784=CARTESIAN_POINT('',(-0.0108,-0.0346452045367605,-0.0475760855244438));
#5785=CARTESIAN_POINT('',(-0.0108,-0.0322789145478771,-0.0478000169362251));
#5786=CARTESIAN_POINT('',(-0.0108,-0.0307,-0.0478));
#5787=CARTESIAN_POINT('',(-0.0104,-0.0407,0.005));
#5788=CARTESIAN_POINT('',(-0.0106,-0.0409,-0.0362));
#5789=CARTESIAN_POINT('',(-0.0108,-0.0411,-0.0362));
#5790=CARTESIAN_POINT('',(-0.01,-0.0403,-0.0362));
#5791=CARTESIAN_POINT('',(-0.01,-0.0403,-0.0362));
#5792=CARTESIAN_POINT('',(-0.0108,-0.0411,0.005));
#5793=CARTESIAN_POINT('',(-0.00992,-0.0402205214198307,-0.0346456017188533));
#5794=CARTESIAN_POINT('',(-0.00992,-0.0402203476132205,-0.0351637344792355));
#5795=CARTESIAN_POINT('',(-0.00992,-0.0402201738066102,-0.0356818672396178));
#5796=CARTESIAN_POINT('',(-0.00992,-0.04022,-0.0362));
#5797=CARTESIAN_POINT('',(-0.00992,-0.0402195654834744,-0.0374953319009556));
#5798=CARTESIAN_POINT('',(-0.00992,-0.0400897174327484,-0.0388054121558261));
#5799=CARTESIAN_POINT('',(-0.00992,-0.0393938148831671,-0.0412521771006676));
#5800=CARTESIAN_POINT('',(-0.00992,-0.0387803477505047,-0.0424386889756189));
#5801=CARTESIAN_POINT('',(-0.00992,-0.0369580713980024,-0.0442652149044617));
#5802=CARTESIAN_POINT('',(-0.00992,-0.0357754087062374,-0.0448845191428297));
#5803=CARTESIAN_POINT('',(-0.00992,-0.0333060743076363,-0.0455921436883285));
#5804=CARTESIAN_POINT('',(-0.00992,-0.0319978644119455,-0.0457194055053485));
#5805=CARTESIAN_POINT('',(-0.00992,-0.0307,-0.04572));
#5806=CARTESIAN_POINT('',(-0.00992,-0.0301808542352218,-0.0457202377978606));
#5807=CARTESIAN_POINT('',(-0.00992,-0.0296617084704436,-0.0457204755957212));
#5808=CARTESIAN_POINT('',(-0.00992,-0.0291425627056654,-0.0457207133935817));
#5809=CARTESIAN_POINT('',(-0.01,-0.0403005779315474,-0.034639243960176));
#5810=CARTESIAN_POINT('',(-0.01,-0.0403003852876982,-0.0351594959734506));
#5811=CARTESIAN_POINT('',(-0.01,-0.0403001926438491,-0.0356797479867253));
#5812=CARTESIAN_POINT('',(-0.01,-0.0403,-0.0362));
#5813=CARTESIAN_POINT('',(-0.01,-0.0402995183903772,-0.0375006300331867));
#5814=CARTESIAN_POINT('',(-0.01,-0.0401692751298048,-0.0388178718506718));
#5815=CARTESIAN_POINT('',(-0.01,-0.0394680554544275,-0.0412838319460864));
#5816=CARTESIAN_POINT('',(-0.01,-0.0388482812313885,-0.0424838608608282));
#5817=CARTESIAN_POINT('',(-0.01,-0.0370034842747453,-0.0443329704437903));
#5818=CARTESIAN_POINT('',(-0.01,-0.0358072780500058,-0.044958676600289));
#5819=CARTESIAN_POINT('',(-0.01,-0.0333185092014209,-0.045671729960936));
#5820=CARTESIAN_POINT('',(-0.01,-0.0320031748008228,-0.0457993562282038));
#5821=CARTESIAN_POINT('',(-0.01,-0.0307,-0.0458));
#5822=CARTESIAN_POINT('',(-0.01,-0.0301787300796709,-0.0458002575087185));
#5823=CARTESIAN_POINT('',(-0.01,-0.0296574601593418,-0.045800515017437));
#5824=CARTESIAN_POINT('',(-0.01,-0.0291361902390126,-0.0458007725261554));
#5825=CARTESIAN_POINT('',(-0.0104,-0.0407008604901308,-0.0346074551667895));
#5826=CARTESIAN_POINT('',(-0.0104,-0.0407005736600872,-0.0351383034445263));
#5827=CARTESIAN_POINT('',(-0.0104,-0.0407002868300436,-0.0356691517222632));
#5828=CARTESIAN_POINT('',(-0.0104,-0.0407,-0.0362));
#5829=CARTESIAN_POINT('',(-0.0104,-0.040699282924891,-0.0375271206943421));
#5830=CARTESIAN_POINT('',(-0.0104,-0.040567063615087,-0.0388801703249002));
#5831=CARTESIAN_POINT('',(-0.0104,-0.0398392583107295,-0.0414421061731805));
#5832=CARTESIAN_POINT('',(-0.0104,-0.0391879486358073,-0.0427097202868749));
#5833=CARTESIAN_POINT('',(-0.0104,-0.03723054865846,-0.0446717481404331));
#5834=CARTESIAN_POINT('',(-0.0104,-0.035966624768848,-0.0453294638875855));
#5835=CARTESIAN_POINT('',(-0.0104,-0.0333806836703441,-0.0460696613239733));
#5836=CARTESIAN_POINT('',(-0.0104,-0.0320297267452093,-0.0461991098424801));
#5837=CARTESIAN_POINT('',(-0.0104,-0.0307,-0.0462));
#5838=CARTESIAN_POINT('',(-0.0104,-0.0301681093019163,-0.046200356063008));
#5839=CARTESIAN_POINT('',(-0.0104,-0.0296362186038325,-0.0462007121260159));
#5840=CARTESIAN_POINT('',(-0.0104,-0.0291043279057488,-0.0462010681890239));
#5841=CARTESIAN_POINT('',(-0.0108,-0.0411011430487142,-0.034575666373403));
#5842=CARTESIAN_POINT('',(-0.0108,-0.0411007620324762,-0.035117110915602));
#5843=CARTESIAN_POINT('',(-0.0108,-0.0411003810162381,-0.035658555457801));
#5844=CARTESIAN_POINT('',(-0.0108,-0.0411,-0.0362));
#5845=CARTESIAN_POINT('',(-0.0108,-0.0410990474594048,-0.0375536113554975));
#5846=CARTESIAN_POINT('',(-0.0108,-0.0409648521003692,-0.0389424687991286));
#5847=CARTESIAN_POINT('',(-0.0108,-0.0402104611670315,-0.0416003804002746));
#5848=CARTESIAN_POINT('',(-0.0108,-0.0395276160402261,-0.0429355797129216));
#5849=CARTESIAN_POINT('',(-0.0108,-0.0374576130421747,-0.0450105258370759));
#5850=CARTESIAN_POINT('',(-0.0108,-0.0361259714876902,-0.045700251174882));
#5851=CARTESIAN_POINT('',(-0.0108,-0.0334428581392673,-0.0464675926870106));
#5852=CARTESIAN_POINT('',(-0.0108,-0.0320562786895958,-0.0465988634567564));
#5853=CARTESIAN_POINT('',(-0.0108,-0.0307,-0.0466));
#5854=CARTESIAN_POINT('',(-0.0108,-0.0301574885241617,-0.0466004546172974));
#5855=CARTESIAN_POINT('',(-0.0108,-0.0296149770483233,-0.0466009092345949));
#5856=CARTESIAN_POINT('',(-0.0108,-0.029072465572485,-0.0466013638518923));
#5857=CARTESIAN_POINT('',(-0.01,-0.0403,-0.0362));
#5858=CARTESIAN_POINT('',(-0.01,-0.0402995170888345,-0.0375041449661396));
#5859=CARTESIAN_POINT('',(-0.01,-0.040115248262491,-0.0394709880309643));
#5860=CARTESIAN_POINT('',(-0.01,-0.0391589500335997,-0.0418841985597216));
#5861=CARTESIAN_POINT('',(-0.01,-0.0379972216827523,-0.0434805674899725));
#5862=CARTESIAN_POINT('',(-0.01,-0.0364018242090004,-0.044649672924795));
#5863=CARTESIAN_POINT('',(-0.01,-0.0339620375530904,-0.0456202395725408));
#5864=CARTESIAN_POINT('',(-0.01,-0.0320058676136989,-0.0457993548979471));
#5865=CARTESIAN_POINT('',(-0.01,-0.0307,-0.0458));
#5866=CARTESIAN_POINT('',(-0.01,-0.0307,-0.0458));
#5867=CARTESIAN_POINT('',(-0.0108,-0.0411,-0.0362));
#5868=CARTESIAN_POINT('',(-0.0108,-0.041099008157871,-0.0376094609462843));
#5869=CARTESIAN_POINT('',(-0.0108,-0.0408920317170896,-0.0397325375091943));
#5870=CARTESIAN_POINT('',(-0.0108,-0.039830375837096,-0.0423320106697953));
#5871=CARTESIAN_POINT('',(-0.0108,-0.0385673006436494,-0.0440477852940244));
#5872=CARTESIAN_POINT('',(-0.0108,-0.0368514246355896,-0.0453198594558566));
#5873=CARTESIAN_POINT('',(-0.0108,-0.0342251887738929,-0.0463968308310808));
#5874=CARTESIAN_POINT('',(-0.0107999999999998,-0.0321114719627163,-0.0465988172055383));
#5875=CARTESIAN_POINT('',(-0.0107999999999998,-0.0307,-0.0466));
#5876=CARTESIAN_POINT('',(-0.0108,-0.0307,-0.0466));
#5877=CARTESIAN_POINT('',(-0.0106,-0.0307,-0.0464));
#5878=CARTESIAN_POINT('',(-0.017,0.0605,-0.051));
#5879=CARTESIAN_POINT('',(-0.012,-0.0545,-0.051));
#5880=CARTESIAN_POINT('',(-0.012,-0.0474656854249492,-0.051));
#5881=CARTESIAN_POINT('',(-0.012,-0.0539,-0.051));
#5882=CARTESIAN_POINT('',(-0.017,-0.0539,-0.051));
#5883=CARTESIAN_POINT('',(-0.0134183346173608,-0.0539,-0.051));
#5884=CARTESIAN_POINT('',(-0.0145,-0.0537,-0.051));
#5885=CARTESIAN_POINT('',(-0.0152,-0.0545485281374239,-0.051));
#5886=CARTESIAN_POINT('',(-0.0152,-0.0545,-0.051));
#5887=CARTESIAN_POINT('',(-0.0152,-0.0506656854249492,-0.051));
#5888=CARTESIAN_POINT('',(-0.0180171572875254,-0.0534828427124746,-0.051));
#5889=CARTESIAN_POINT('',(-0.037,0.068646,-0.039));
#5890=CARTESIAN_POINT('',(-0.0152,-0.0577445,-0.039));
#5891=CARTESIAN_POINT('',(-0.0152,-0.0506656854249492,-0.039));
#5892=CARTESIAN_POINT('',(-0.0152,-0.0545485281374239,-0.039));
#5893=CARTESIAN_POINT('',(-0.0145,-0.0537,-0.039));
#5894=CARTESIAN_POINT('',(-0.0134183346173608,-0.0539,-0.039));
#5895=CARTESIAN_POINT('',(-0.037,-0.0539,-0.039));
#5896=CARTESIAN_POINT('',(-0.012,-0.0539,-0.039));
#5897=CARTESIAN_POINT('',(-0.012,-0.0577445,-0.039));
#5898=CARTESIAN_POINT('',(-0.012,-0.0474656854249492,-0.039));
#5899=CARTESIAN_POINT('',(-0.0296394072875254,-0.0651050927124746,-0.039));
#5900=CARTESIAN_POINT('',(-0.0152,0.068646,-0.039));
#5901=CARTESIAN_POINT('',(-0.0156,-0.0547198039027186,-0.0394));
#5902=CARTESIAN_POINT('',(-0.0154657197524521,-0.0546671348563696,-0.0392657197524521));
#5903=CARTESIAN_POINT('',(-0.0153322128060208,-0.0546108538518886,-0.0391322128060208));
#5904=CARTESIAN_POINT('',(-0.0152,-0.0545485281374239,-0.039));
#5905=CARTESIAN_POINT('',(-0.0258047809859333,-0.0462730413145797,-0.0496047809859334));
#5906=CARTESIAN_POINT('',(-0.0136,-0.0485,-0.0394));
#5907=CARTESIAN_POINT('',(-0.012,-0.0345636940564561,-0.0481230855874721));
#5908=CARTESIAN_POINT('',(-0.0180171572875254,-0.0534828427124746,-0.051));
#5909=CARTESIAN_POINT('',(-0.012,0.0125767580226476,-0.00854358107919324));
#5910=CARTESIAN_POINT('',(-0.0150604957132203,-0.0507234699925425,-0.0511395042867797));
#5911=CARTESIAN_POINT('',(-0.0156,0.003,-0.0506));
#5912=CARTESIAN_POINT('',(-0.0152,-0.0545485281374239,-0.051));
#5913=CARTESIAN_POINT('',(-0.0153322128060208,-0.0546108538518886,-0.0508677871939792));
#5914=CARTESIAN_POINT('',(-0.0154657197524521,-0.0546671348563696,-0.0507342802475479));
#5915=CARTESIAN_POINT('',(-0.0156,-0.0547198039027186,-0.0506));
#5916=CARTESIAN_POINT('',(-0.012,-0.0543,-0.0394));
#5917=CARTESIAN_POINT('',(-0.012,-0.00345000000000024,0.01145));
#5918=CARTESIAN_POINT('',(-0.012,-0.0541,-0.0392));
#5919=CARTESIAN_POINT('',(-0.0134183346173608,-0.0539,-0.039));
#5920=CARTESIAN_POINT('',(-0.013310487256969,-0.0540296163959387,-0.0391296163959388));
#5921=CARTESIAN_POINT('',(-0.0132145293252746,-0.0541635888901917,-0.0392635888901917));
#5922=CARTESIAN_POINT('',(-0.0131252272915132,-0.0543,-0.0394));
#5923=CARTESIAN_POINT('',(-0.0199333333333332,-0.0461666666666663,-0.0312666666666662));
#5924=CARTESIAN_POINT('',(-0.0145,-0.0537,-0.0394));
#5925=CARTESIAN_POINT('',(-0.0145,-0.0537,-0.0506));
#5926=CARTESIAN_POINT('',(-0.0134183346173608,-0.0539,-0.051));
#5927=CARTESIAN_POINT('',(-0.013310487256969,-0.0540296163959387,-0.0508703836040613));
#5928=CARTESIAN_POINT('',(-0.0132145293252746,-0.0541635888901917,-0.0507364111098083));
#5929=CARTESIAN_POINT('',(-0.0131252272915132,-0.0543,-0.0506));
#5930=CARTESIAN_POINT('',(-0.012,-0.0543,-0.0506));
#5931=CARTESIAN_POINT('',(-0.012,-0.05345,-0.05145));
#5932=CARTESIAN_POINT('',(-0.012,-0.0541,-0.0508));
#5933=CARTESIAN_POINT('',(0.0066,-0.0727,-0.0322));
#5934=CARTESIAN_POINT('',(-0.0118,-0.0543,-0.015));
#5935=CARTESIAN_POINT('',(-0.012,-0.0541,0.0494));
#5936=CARTESIAN_POINT('',(-0.0118,-0.0543,-0.015));
#5937=CARTESIAN_POINT('',(-0.012,-0.0541,-0.0506));
#5938=CARTESIAN_POINT('',(-0.012,-0.0541,-0.053));
#5939=CARTESIAN_POINT('',(-0.0119,-0.0542,-0.053));
#5940=CARTESIAN_POINT('',(-0.0117928849311534,-0.0543071150688465,-0.053));
#5941=CARTESIAN_POINT('',(-0.0117928849311534,-0.0543057103294455,-0.0539084057182666));
#5942=CARTESIAN_POINT('',(-0.0117928849311534,-0.0542223224804565,-0.0548046049229729));
#5943=CARTESIAN_POINT('',(-0.0117928849311534,-0.0537307523073262,-0.0565661222376324));
#5944=CARTESIAN_POINT('',(-0.0117928849311534,-0.0532891692369126,-0.0574321325628296));
#5945=CARTESIAN_POINT('',(-0.0117928849311534,-0.0519633909336387,-0.058769650478818));
#5946=CARTESIAN_POINT('',(-0.0117928849311534,-0.0511070751942268,-0.0592145326251481));
#5947=CARTESIAN_POINT('',(-0.0117928849311534,-0.0493401108025971,-0.0597167912883492));
#5948=CARTESIAN_POINT('',(-0.0117928849311534,-0.0484109815520331,-0.0598064009264993));
#5949=CARTESIAN_POINT('',(-0.0117928849311534,-0.0475,-0.0598071150688466));
#5950=CARTESIAN_POINT('',(-0.011794133888241,-0.054305866111759,-0.053));
#5951=CARTESIAN_POINT('',(-0.011794133888241,-0.0543044622287977,-0.0539083233909485));
#5952=CARTESIAN_POINT('',(-0.011794133888241,-0.0542210794586247,-0.0548044161214302));
#5953=CARTESIAN_POINT('',(-0.011794133888241,-0.0537295908755877,-0.0565656341505174));
#5954=CARTESIAN_POINT('',(-0.011794133888241,-0.0532881055643635,-0.0574314316084057));
#5955=CARTESIAN_POINT('',(-0.011794133888241,-0.0519626816607676,-0.0587685918197152));
#5956=CARTESIAN_POINT('',(-0.011794133888241,-0.0511065786229827,-0.0592133742023285));
#5957=CARTESIAN_POINT('',(-0.011794133888241,-0.0493399172794108,-0.059715549014415));
#5958=CARTESIAN_POINT('',(-0.011794133888241,-0.0484108992132388,-0.0598051527901129));
#5959=CARTESIAN_POINT('',(-0.011794133888241,-0.0475,-0.059805866111759));
#5960=CARTESIAN_POINT('',(-0.0118,-0.0543,-0.053));
#5961=CARTESIAN_POINT('',(-0.0118,-0.0542986001395723,-0.0539079367153347));
#5962=CARTESIAN_POINT('',(-0.0118,-0.0542152412236235,-0.0548035293568161));
#5963=CARTESIAN_POINT('',(-0.0118,-0.0537241358535967,-0.0565633416990045));
#5964=CARTESIAN_POINT('',(-0.0118,-0.0532831096985244,-0.0574281393599938));
#5965=CARTESIAN_POINT('',(-0.0118,-0.0519593503422053,-0.0587636195010713));
#5966=CARTESIAN_POINT('',(-0.0118,-0.0511042463231441,-0.0592079333126522));
#5967=CARTESIAN_POINT('',(-0.0118,-0.0493390083381433,-0.0597097142921448));
#5968=CARTESIAN_POINT('',(-0.0118,-0.0484105124837234,-0.0597992905330296));
#5969=CARTESIAN_POINT('',(-0.0118,-0.0475,-0.0598));
#5970=CARTESIAN_POINT('',(-0.012,-0.0541,-0.053));
#5971=CARTESIAN_POINT('',(-0.012,-0.0540987372843688,-0.0538947533451674));
#5972=CARTESIAN_POINT('',(-0.012,-0.0540161916575354,-0.0547732958852919));
#5973=CARTESIAN_POINT('',(-0.012,-0.053538151603206,-0.0564851825500797));
#5974=CARTESIAN_POINT('',(-0.012,-0.0531127799794753,-0.0573158930016836));
#5975=CARTESIAN_POINT('',(-0.012,-0.0518457719209535,-0.0585940926032501));
#5976=CARTESIAN_POINT('',(-0.012,-0.0510247285800656,-0.0590224308912922));
#5977=CARTESIAN_POINT('',(-0.012,-0.049308018772827,-0.0595107844895805));
#5978=CARTESIAN_POINT('',(-0.012,-0.0483973272758266,-0.0595994219548583));
#5979=CARTESIAN_POINT('',(-0.012,-0.0475,-0.0596));
#5980=CARTESIAN_POINT('',(-0.012,-0.0475,-0.0596));
#5981=CARTESIAN_POINT('',(-0.012,-0.0483983088272388,-0.0595994213225572));
#5982=CARTESIAN_POINT('',(-0.012,-0.050188482534244,-0.059445212597621));
#5983=CARTESIAN_POINT('',(-0.012,-0.0526722552265236,-0.0581617907151119));
#5984=CARTESIAN_POINT('',(-0.012,-0.0539420382063591,-0.0556940173662568));
#5985=CARTESIAN_POINT('',(-0.012,-0.0540987333687591,-0.0538975279246429));
#5986=CARTESIAN_POINT('',(-0.012,-0.0541,-0.053));
#5987=CARTESIAN_POINT('',(-0.012,-0.0475,-0.0596));
#5988=CARTESIAN_POINT('',(-0.0119,-0.0475,-0.0597));
#5989=CARTESIAN_POINT('',(-0.01,0.0105,0.005));
#5990=CARTESIAN_POINT('',(-0.01,0.0105,-0.0458));
#5991=CARTESIAN_POINT('',(-0.01,0.0212,-0.0458));
#5992=CARTESIAN_POINT('',(-0.01,0.0212,-0.0458));
#5993=CARTESIAN_POINT('',(-0.01,0.0223141138551158,-0.0457998882929517));
#5994=CARTESIAN_POINT('',(-0.01,0.0239972148119786,-0.0456587445682651));
#5995=CARTESIAN_POINT('',(-0.01,0.0260970892945921,-0.0450103561783804));
#5996=CARTESIAN_POINT('',(-0.01,0.0275818415322659,-0.0442095648890408));
#5997=CARTESIAN_POINT('',(-0.01,0.0288222811403944,-0.0430824768850371));
#5998=CARTESIAN_POINT('',(-0.01,0.0300554503940384,-0.0412087667910939));
#5999=CARTESIAN_POINT('',(-0.01,0.0304942475802366,-0.0395732268688446));
#6000=CARTESIAN_POINT('',(-0.01,0.0306507844818642,-0.0384659605337656));
#6001=CARTESIAN_POINT('',(-0.01,0.0306507844818639,-0.0384659605337674));
#6002=CARTESIAN_POINT('',(-0.01,0.0306507844818636,-0.0384659605337692));
#6003=CARTESIAN_POINT('',(-0.01,0.0308643417210125,-0.036964922188197));
#6004=CARTESIAN_POINT('',(-0.00999999999999999,0.0314154177667071,-0.0347460827099441));
#6005=CARTESIAN_POINT('',(-0.01,0.0328877309395632,-0.0321141163031875));
#6006=CARTESIAN_POINT('',(-0.01,0.0344141546374823,-0.0304163955689285));
#6007=CARTESIAN_POINT('',(-0.01,0.0363110598990418,-0.0291331854996195));
#6008=CARTESIAN_POINT('',(-0.01,0.0391475934825703,-0.028033557594353));
#6009=CARTESIAN_POINT('',(-0.01,0.0414116625918555,-0.0278000638600643));
#6010=CARTESIAN_POINT('',(-0.01,0.0429289401711167,-0.0278));
#6011=CARTESIAN_POINT('',(-0.01,0.042928940171117,-0.0278));
#6012=CARTESIAN_POINT('',(-0.01,0.0105,-0.0278));
#6013=CARTESIAN_POINT('',(-0.012,0.0105,-0.0596));
#6014=CARTESIAN_POINT('',(-0.0118,0.061,-0.0598));
#6015=CARTESIAN_POINT('',(-0.0118,0.0161,-0.0598));
#6016=CARTESIAN_POINT('',(-0.0100666666666666,0.0143666666666667,-0.0615333333333333));
#6017=CARTESIAN_POINT('',(-0.012,0.0163,-0.0596));
#6018=CARTESIAN_POINT('',(-0.012,0.0161,-0.0596));
#6019=CARTESIAN_POINT('',(-0.012,0.0105,-0.0596));
#6020=CARTESIAN_POINT('',(-0.012,-0.04,-0.0596));
#6021=CARTESIAN_POINT('',(-0.012,0.0047,-0.0596));
#6022=CARTESIAN_POINT('',(-0.0100666666666666,0.00663333333333333,-0.0615333333333333));
#6023=CARTESIAN_POINT('',(-0.0118,0.0049,-0.0598));
#6024=CARTESIAN_POINT('',(-0.0118,0.0049,-0.0598));
#6025=CARTESIAN_POINT('',(-0.01,0.0105,-0.0278));
#6026=CARTESIAN_POINT('',(-0.0102,0.0429289401711173,-0.028));
#6027=CARTESIAN_POINT('',(-0.0108,0.0429289401711175,-0.0286));
#6028=CARTESIAN_POINT('',(-0.0108,0.0429289401711168,-0.0286));
#6029=CARTESIAN_POINT('',(-0.0104,0.02085,-0.0462));
#6030=CARTESIAN_POINT('',(-0.0108,-0.0232,-0.0466));
#6031=CARTESIAN_POINT('',(-0.0108,0.0212,-0.0466));
#6032=CARTESIAN_POINT('',(-0.0106,0.0212,-0.0464));
#6033=CARTESIAN_POINT('',(-0.01,0.0432,-0.0306));
#6034=CARTESIAN_POINT('',(-0.01,0.0420890879894234,-0.0306001113860141));
#6035=CARTESIAN_POINT('',(-0.01,0.0409628232538188,-0.0306948426110175));
#6036=CARTESIAN_POINT('',(-0.01,0.0393583132003482,-0.0310639884252058));
#6037=CARTESIAN_POINT('',(-0.01,0.0388313009721269,-0.0312272670227712));
#6038=CARTESIAN_POINT('',(-0.01,0.0378097904868576,-0.0316546693030004));
#6039=CARTESIAN_POINT('',(-0.01,0.0373114521880434,-0.0319249661707433));
#6040=CARTESIAN_POINT('',(-0.01,0.0364069625107842,-0.0325642029907099));
#6041=CARTESIAN_POINT('',(-0.01,0.0359910927247067,-0.0329415217297673));
#6042=CARTESIAN_POINT('',(-0.01,0.0352636851447078,-0.0337930968577677));
#6043=CARTESIAN_POINT('',(-0.01,0.0349597894928554,-0.0342539628090831));
#6044=CARTESIAN_POINT('',(-0.01,0.0344512467991141,-0.0352480242967031));
#6045=CARTESIAN_POINT('',(-0.01,0.0342494314907892,-0.0357725082155663));
#6046=CARTESIAN_POINT('',(-0.01,0.0339393496896003,-0.0368355427133345));
#6047=CARTESIAN_POINT('',(-0.01,0.0338274863593032,-0.0373803893904897));
#6048=CARTESIAN_POINT('',(-0.01,0.033749215518136,-0.0379340394662343));
#6049=CARTESIAN_POINT('',(-0.0104,0.0432,-0.0302));
#6050=CARTESIAN_POINT('',(-0.0104,0.0420664389363932,-0.0302002255955751));
#6051=CARTESIAN_POINT('',(-0.0104,0.0409109580038216,-0.0302963512835317));
#6052=CARTESIAN_POINT('',(-0.0104,0.0392494181906578,-0.0306785790548266));
#6053=CARTESIAN_POINT('',(-0.0104,0.038700660602954,-0.0308483400349649));
#6054=CARTESIAN_POINT('',(-0.0104,0.0376312384462547,-0.0312957615845635));
#6055=CARTESIAN_POINT('',(-0.0104,0.0371063403968003,-0.0315802115835968));
#6056=CARTESIAN_POINT('',(-0.0104,0.0361498286771523,-0.032256018850039));
#6057=CARTESIAN_POINT('',(-0.0104,0.0357086129193448,-0.0326563433556238));
#6058=CARTESIAN_POINT('',(-0.0104,0.0349379886419364,-0.0335585430141053));
#6059=CARTESIAN_POINT('',(-0.0104,0.0346168431330715,-0.0340458803531007));
#6060=CARTESIAN_POINT('',(-0.0104,0.0340823900775721,-0.0350909542182356));
#6061=CARTESIAN_POINT('',(-0.0104,0.0338715939339958,-0.035639376418187));
#6062=CARTESIAN_POINT('',(-0.0104,0.0335492272974742,-0.0367445372383658));
#6063=CARTESIAN_POINT('',(-0.0104,0.0334337531675669,-0.0373080047195102));
#6064=CARTESIAN_POINT('',(-0.0104,0.0333531459797729,-0.0378781027092589));
#6065=CARTESIAN_POINT('',(-0.0108,0.0432,-0.0298));
#6066=CARTESIAN_POINT('',(-0.0108,0.042043789883363,-0.0298003398051361));
#6067=CARTESIAN_POINT('',(-0.0108,0.0408590927538244,-0.0298978599560459));
#6068=CARTESIAN_POINT('',(-0.0108,0.0391405231809674,-0.0302931696844474));
#6069=CARTESIAN_POINT('',(-0.0108,0.0385700202337811,-0.0304694130471586));
#6070=CARTESIAN_POINT('',(-0.0108,0.0374526864056518,-0.0309368538661266));
#6071=CARTESIAN_POINT('',(-0.0108,0.0369012286055572,-0.0312354569964503));
#6072=CARTESIAN_POINT('',(-0.0108,0.0358926948435204,-0.0319478347093681));
#6073=CARTESIAN_POINT('',(-0.0108,0.0354261331139829,-0.0323711649814803));
#6074=CARTESIAN_POINT('',(-0.0108,0.034612292139165,-0.0333239891704429));
#6075=CARTESIAN_POINT('',(-0.0108,0.0342738967732876,-0.0338377978971183));
#6076=CARTESIAN_POINT('',(-0.0108,0.0337135333560301,-0.0349338841397681));
#6077=CARTESIAN_POINT('',(-0.0108,0.0334937563772024,-0.0355062446208077));
#6078=CARTESIAN_POINT('',(-0.0108,0.0331591049053481,-0.0366535317633971));
#6079=CARTESIAN_POINT('',(-0.0108,0.0330400199758306,-0.0372356200485307));
#6080=CARTESIAN_POINT('',(-0.0108,0.0329570764414098,-0.0378221659522835));
#6081=CARTESIAN_POINT('',(-0.01,0.0432,-0.0306));
#6082=CARTESIAN_POINT('',(-0.01,0.0420860959915729,-0.0306001116860079));
#6083=CARTESIAN_POINT('',(-0.01,0.0404031867764606,-0.0307416159095961));
#6084=CARTESIAN_POINT('',(-0.01,0.0383078695829751,-0.0313877307558139));
#6085=CARTESIAN_POINT('',(-0.01,0.0368213329637488,-0.032188020861281));
#6086=CARTESIAN_POINT('',(-0.01,0.0355794119474961,-0.0333154244622039));
#6087=CARTESIAN_POINT('',(-0.01,0.0343450834911928,-0.0351895627513103));
#6088=CARTESIAN_POINT('',(-0.01,0.033905846054801,-0.0368261108021838));
#6089=CARTESIAN_POINT('',(-0.01,0.033749215518136,-0.0379340394662343));
#6090=CARTESIAN_POINT('',(-0.01,0.0337492155181363,-0.0379340394662321));
#6091=CARTESIAN_POINT('',(-0.0108,0.0432,-0.0298));
#6092=CARTESIAN_POINT('',(-0.0108,0.041990122683428,-0.0298003555776933));
#6093=CARTESIAN_POINT('',(-0.0108,0.0401632100913917,-0.0299608100069664));
#6094=CARTESIAN_POINT('',(-0.0108,0.0378972423629175,-0.03068824901068));
#6095=CARTESIAN_POINT('',(-0.0108,0.0357549241711571,-0.0318706155325878));
#6096=CARTESIAN_POINT('',(-0.0108,0.0337682008622761,-0.0342444053590082));
#6097=CARTESIAN_POINT('',(-0.0108,0.0331272399313755,-0.0366188328811211));
#6098=CARTESIAN_POINT('',(-0.0108,0.0329570764414098,-0.0378221659522835));
#6099=CARTESIAN_POINT('',(-0.0108,0.0329570764414102,-0.0378221659522809));
#6100=CARTESIAN_POINT('',(-0.0102,0.0335511807489551,-0.037906071087742));
#6101=CARTESIAN_POINT('',(-0.0108,0.0105,-0.0478));
#6102=CARTESIAN_POINT('',(-0.01,-0.0232,-0.0486));
#6103=CARTESIAN_POINT('',(-0.01,0.0214710598288844,-0.0486));
#6104=CARTESIAN_POINT('',(-0.0102,0.021471059828884,-0.0484));
#6105=CARTESIAN_POINT('',(-0.0108,0.0214710598288835,-0.0478));
#6106=CARTESIAN_POINT('',(-0.0108,0.0105,-0.0478));
#6107=CARTESIAN_POINT('',(-0.0108,0.0105,0.005));
#6108=CARTESIAN_POINT('',(-0.0108,0.0429289401711181,-0.0286));
#6109=CARTESIAN_POINT('',(-0.0108,0.0415093465687577,-0.0285998192624525));
#6110=CARTESIAN_POINT('',(-0.0108,0.0393746052056761,-0.0288172457345206));
#6111=CARTESIAN_POINT('',(-0.0108,0.0367474298970521,-0.0298147041389573));
#6112=CARTESIAN_POINT('',(-0.0108,0.0349611715368475,-0.0310051921610627));
#6113=CARTESIAN_POINT('',(-0.0108000000000001,0.0335275289986719,-0.0326001127558429));
#6114=CARTESIAN_POINT('',(-0.0107999999999997,0.0321492316022974,-0.0350940063636759));
#6115=CARTESIAN_POINT('',(-0.0108,0.0316429178011676,-0.0371701859914018));
#6116=CARTESIAN_POINT('',(-0.0108,0.0314429235585895,-0.0385778340477205));
#6117=CARTESIAN_POINT('',(-0.0108,0.0314429235585745,-0.0385778340478257));
#6118=CARTESIAN_POINT('',(-0.0108,0.0212,-0.0466));
#6119=CARTESIAN_POINT('',(-0.0108,0.0224100627904861,-0.0465996443677967));
#6120=CARTESIAN_POINT('',(-0.0108,0.0242381117812293,-0.0464393702965111));
#6121=CARTESIAN_POINT('',(-0.0108,0.0265076790222371,-0.0457097285844803));
#6122=CARTESIAN_POINT('',(-0.0108,0.0286475189136964,-0.0445269204761985));
#6123=CARTESIAN_POINT('',(-0.0108,0.0306323937658811,-0.0421538246976213));
#6124=CARTESIAN_POINT('',(-0.0108,0.0312728519389014,-0.0397805174463685));
#6125=CARTESIAN_POINT('',(-0.0108,0.0314429235585596,-0.038577834047931));
#6126=CARTESIAN_POINT('',(-0.0108,0.021471059828883,-0.0478));
#6127=CARTESIAN_POINT('',(-0.0108,0.0228906534312469,-0.0478001807375602));
#6128=CARTESIAN_POINT('',(-0.0108,0.0250253947943355,-0.0475827542655102));
#6129=CARTESIAN_POINT('',(-0.0108,0.0276525701029729,-0.046585295861083));
#6130=CARTESIAN_POINT('',(-0.0108,0.0294388284631826,-0.0453948078389754));
#6131=CARTESIAN_POINT('',(-0.0108,0.0308724710013564,-0.0437998872441848));
#6132=CARTESIAN_POINT('',(-0.0108,0.0322507683977209,-0.0413059936363338));
#6133=CARTESIAN_POINT('',(-0.0108,0.0327570821988388,-0.0392298140086014));
#6134=CARTESIAN_POINT('',(-0.0108,0.0329570764414105,-0.0378221659522783));
#6135=CARTESIAN_POINT('',(-0.012,0.0105,-0.0598));
#6136=CARTESIAN_POINT('',(-0.011,0.0105,-0.0598));
#6137=CARTESIAN_POINT('',(-0.012,0.0049,-0.0598));
#6138=CARTESIAN_POINT('',(-0.0131252272915132,0.0049,-0.0598));
#6139=CARTESIAN_POINT('',(-0.0131252272915132,0.0045,-0.0598));
#6140=CARTESIAN_POINT('',(-0.0131252272915132,0.0161,-0.0598));
#6141=CARTESIAN_POINT('',(-0.012,0.0161,-0.0598));
#6142=CARTESIAN_POINT('',(-0.011,0.0105,0.005));
#6143=CARTESIAN_POINT('',(-0.011,0.0105,-0.0632));
#6144=CARTESIAN_POINT('',(-0.01,0.0105,-0.0632));
#6145=CARTESIAN_POINT('',(-0.01,0.0105,0.005));
#6146=CARTESIAN_POINT('',(-0.01,0.0337492155181366,-0.0379340394662299));
#6147=CARTESIAN_POINT('',(-0.01,0.0335356582789873,-0.0394350778118018));
#6148=CARTESIAN_POINT('',(-0.01,0.0329845822332923,-0.0416539172900541));
#6149=CARTESIAN_POINT('',(-0.01,0.0315122690604343,-0.0442858836968118));
#6150=CARTESIAN_POINT('',(-0.01,0.0299858453625156,-0.0459836044310688));
#6151=CARTESIAN_POINT('',(-0.01,0.0280889401009567,-0.0472668145003778));
#6152=CARTESIAN_POINT('',(-0.01,0.0252524065174286,-0.0483664424056448));
#6153=CARTESIAN_POINT('',(-0.01,0.0229883374081456,-0.0485999361399347));
#6154=CARTESIAN_POINT('',(-0.01,0.0214710598288849,-0.0486));
#6155=CARTESIAN_POINT('',(-0.012,0.0161,-0.0598));
#6156=CARTESIAN_POINT('',(-0.0134183346173608,0.0165,-0.0594));
#6157=CARTESIAN_POINT('',(-0.013310487256969,0.0163703836040613,-0.0595296163959387));
#6158=CARTESIAN_POINT('',(-0.0132145293252746,0.0162364111098083,-0.0596635888901917));
#6159=CARTESIAN_POINT('',(-0.0131252272915132,0.0161,-0.0598));
#6160=CARTESIAN_POINT('',(-0.0134183346173608,0.0165,-0.0594));
#6161=CARTESIAN_POINT('',(-0.0131252272915132,0.0165,-0.0594));
#6162=CARTESIAN_POINT('',(-0.012,0.0165,-0.0594));
#6163=CARTESIAN_POINT('',(-0.012,0.0457,-0.0302));
#6164=CARTESIAN_POINT('',(-0.017,0.0165,0.1));
#6165=CARTESIAN_POINT('',(-0.012,0.0165,-0.06));
#6166=CARTESIAN_POINT('',(-0.012,0.0165,-0.0529656854249493));
#6167=CARTESIAN_POINT('',(-0.0145,0.0165,-0.0592));
#6168=CARTESIAN_POINT('',(-0.0152,0.0165,-0.0600485281374239));
#6169=CARTESIAN_POINT('',(-0.0152,0.0165,-0.056));
#6170=CARTESIAN_POINT('',(-0.0152,0.0165,-0.0561656854249493));
#6171=CARTESIAN_POINT('',(-0.0133171572875254,0.0165,-0.0542828427124747));
#6172=CARTESIAN_POINT('',(-0.0156,0.0161,-0.056));
#6173=CARTESIAN_POINT('',(-0.0144686291501015,0.0172313708498984,-0.0564686291501015));
#6174=CARTESIAN_POINT('',(-0.0156,0.0161,-0.056));
#6175=CARTESIAN_POINT('',(-0.0156,0.0161,-0.056));
#6176=CARTESIAN_POINT('',(-0.012,0.0161,-0.0524));
#6177=CARTESIAN_POINT('',(-0.012,-0.0128252861600721,-0.0114934680169039));
#6178=CARTESIAN_POINT('',(-0.0156,0.0105,-0.056));
#6179=CARTESIAN_POINT('',(-0.0156,0.0049,-0.056));
#6180=CARTESIAN_POINT('',(-0.0156,0.0049,-0.056));
#6181=CARTESIAN_POINT('',(-0.012,0.0049,-0.0524));
#6182=CARTESIAN_POINT('',(-0.012,0.0045,-0.0524));
#6183=CARTESIAN_POINT('',(-0.0156,0.0045,-0.056));
#6184=CARTESIAN_POINT('',(-0.0180171572875254,0.0045,-0.0589828427124746));
#6185=CARTESIAN_POINT('',(-0.027235357759663,0.0165353577596631,-0.0511804770128847));
#6186=CARTESIAN_POINT('',(-0.0152,0.0045,-0.0561656854249492));
#6187=CARTESIAN_POINT('',(-0.0180171572875254,0.0045,-0.0589828427124746));
#6188=CARTESIAN_POINT('',(-0.012,0.0045,-0.0529656854249493));
#6189=CARTESIAN_POINT('',(-0.012,0.0338252861600721,-0.0114934680169039));
#6190=CARTESIAN_POINT('',(-0.017,0.0045,0.1));
#6191=CARTESIAN_POINT('',(-0.0145,0.0045,-0.0592));
#6192=CARTESIAN_POINT('',(-0.0152,0.0045,-0.0600485281374239));
#6193=CARTESIAN_POINT('',(-0.0134183346173608,0.0045,-0.0594));
#6194=CARTESIAN_POINT('',(-0.017,0.0045,-0.0594));
#6195=CARTESIAN_POINT('',(-0.012,0.0045,-0.0594));
#6196=CARTESIAN_POINT('',(-0.012,0.0045,-0.06));
#6197=CARTESIAN_POINT('',(-0.0152,0.0045,-0.06));
#6198=CARTESIAN_POINT('',(-0.017,0.0045,-0.0594));
#6199=CARTESIAN_POINT('',(-0.0131252272915132,0.0049,-0.0598));
#6200=CARTESIAN_POINT('',(-0.0132145293252746,0.00476358889019171,-0.0596635888901917));
#6201=CARTESIAN_POINT('',(-0.013310487256969,0.00462961639593874,-0.0595296163959387));
#6202=CARTESIAN_POINT('',(-0.0134183346173608,0.0045,-0.0594));
#6203=CARTESIAN_POINT('',(-0.012,-0.0247,-0.0302));
#6204=CARTESIAN_POINT('',(-0.01,0.0337492155181366,-0.0379340394662299));
#6205=CARTESIAN_POINT('',(-0.01,0.0335357007734932,-0.0394347791289609));
#6206=CARTESIAN_POINT('',(-0.01,0.0331770384670479,-0.040887506564234));
#6207=CARTESIAN_POINT('',(-0.01,0.0322510793612658,-0.0429675148418806));
#6208=CARTESIAN_POINT('',(-0.01,0.0318757012606373,-0.0436342708740518));
#6209=CARTESIAN_POINT('',(-0.01,0.0310013356101809,-0.0448548706413675));
#6210=CARTESIAN_POINT('',(-0.01,0.030486197251011,-0.045426846376023));
#6211=CARTESIAN_POINT('',(-0.01,0.0293423536231861,-0.0464192620319981));
#6212=CARTESIAN_POINT('',(-0.01,0.0287220665324424,-0.0468390418725525));
#6213=CARTESIAN_POINT('',(-0.01,0.0273725946615057,-0.0475451007795333));
#6214=CARTESIAN_POINT('',(-0.01,0.0266644920436407,-0.0478199221873775));
#6215=CARTESIAN_POINT('',(-0.01,0.0245098715776172,-0.0484377457584304));
#6216=CARTESIAN_POINT('',(-0.01,0.0229871005685866,-0.0485999361919915));
#6217=CARTESIAN_POINT('',(-0.01,0.0214710598288849,-0.0486));
#6218=CARTESIAN_POINT('',(-0.0104,0.0333531459797736,-0.0378781027092541));
#6219=CARTESIAN_POINT('',(-0.0104000000000019,0.0331437433380115,-0.0393509354083394));
#6220=CARTESIAN_POINT('',(-0.0104000000000044,0.0327922924313753,-0.0407685740528537));
#6221=CARTESIAN_POINT('',(-0.0104000000000083,0.0318955297823198,-0.0427824799157016));
#6222=CARTESIAN_POINT('',(-0.0104000000000097,0.0315335146916263,-0.0434251038387924));
#6223=CARTESIAN_POINT('',(-0.0104000000000118,0.0306932838614729,-0.0445980010577112));
#6224=CARTESIAN_POINT('',(-0.0104000000000126,0.0301997489330881,-0.0451458073978351));
#6225=CARTESIAN_POINT('',(-0.0104000000000133,0.0291043101748261,-0.0460962245356387));
#6226=CARTESIAN_POINT('',(-0.0104000000000131,0.0285102431715284,-0.0464984112395194));
#6227=CARTESIAN_POINT('',(-0.010400000000012,0.0272135306598132,-0.0471768995818344));
#6228=CARTESIAN_POINT('',(-0.0104000000000109,0.0265309693385811,-0.0474420127879749));
#6229=CARTESIAN_POINT('',(-0.0104000000000071,0.0244448755231416,-0.048040417356836));
#6230=CARTESIAN_POINT('',(-0.0104000000000035,0.0229589608891482,-0.048200061021781));
#6231=CARTESIAN_POINT('',(-0.0104,0.021471059828884,-0.0482));
#6232=CARTESIAN_POINT('',(-0.0108,0.0329570764414105,-0.0378221659522783));
#6233=CARTESIAN_POINT('',(-0.0108000000000038,0.0327517859025297,-0.0392670916877179));
#6234=CARTESIAN_POINT('',(-0.0108000000000088,0.0324075463957027,-0.0406496415414734));
#6235=CARTESIAN_POINT('',(-0.0108000000000166,0.0315399802033738,-0.0425974449895226));
#6236=CARTESIAN_POINT('',(-0.0108000000000194,0.0311913281226153,-0.043215936803533));
#6237=CARTESIAN_POINT('',(-0.0108000000000236,0.0303852321127649,-0.0443411314740549));
#6238=CARTESIAN_POINT('',(-0.0108000000000252,0.0299133006151652,-0.0448647684196472));
#6239=CARTESIAN_POINT('',(-0.0108000000000266,0.0288662667264661,-0.0457731870392793));
#6240=CARTESIAN_POINT('',(-0.0108000000000262,0.0282984198106144,-0.0461577806064863));
#6241=CARTESIAN_POINT('',(-0.010800000000024,0.0270544666581207,-0.0468086983841355));
#6242=CARTESIAN_POINT('',(-0.0108000000000218,0.0263974466335215,-0.0470641033885723));
#6243=CARTESIAN_POINT('',(-0.0108000000000142,0.024379879468666,-0.0476430889552416));
#6244=CARTESIAN_POINT('',(-0.010800000000007,0.0229308212097097,-0.0478001858515705));
#6245=CARTESIAN_POINT('',(-0.0108,0.021471059828883,-0.0478));
#6246=CARTESIAN_POINT('',(-0.0145,0.0045,-0.0592));
#6247=CARTESIAN_POINT('',(-0.0145,0.0049,-0.0592));
#6248=CARTESIAN_POINT('',(-0.0156,0.0049,-0.0602198039027186));
#6249=CARTESIAN_POINT('',(-0.0156,0.0045,-0.0602198039027186));
#6250=CARTESIAN_POINT('',(-0.0156,0.0161,-0.0602198039027186));
#6251=CARTESIAN_POINT('',(-0.0145,0.0161,-0.0592));
#6252=CARTESIAN_POINT('',(-0.00992,0.0198723413600353,-0.0457201062529222));
#6253=CARTESIAN_POINT('',(-0.00992,0.0203148942400235,-0.0457200708352815));
#6254=CARTESIAN_POINT('',(-0.00992,0.0207574471200118,-0.0457200354176407));
#6255=CARTESIAN_POINT('',(-0.00992,0.0212,-0.04572));
#6256=CARTESIAN_POINT('',(-0.00992,0.0223063821999706,-0.045719911455898));
#6257=CARTESIAN_POINT('',(-0.00992,0.0234268036961819,-0.0456254591234853));
#6258=CARTESIAN_POINT('',(-0.00992,0.0250199077977137,-0.0452589297007183));
#6259=CARTESIAN_POINT('',(-0.00992,0.0255425709540386,-0.0450969475796675));
#6260=CARTESIAN_POINT('',(-0.00992,0.0265544991050219,-0.0446735491533122));
#6261=CARTESIAN_POINT('',(-0.00992,0.0270475254537082,-0.0444060829118274));
#6262=CARTESIAN_POINT('',(-0.00992,0.0279416107224893,-0.0437741601811558));
#6263=CARTESIAN_POINT('',(-0.00992,0.028352411314221,-0.043401442595404));
#6264=CARTESIAN_POINT('',(-0.00992,0.029071175554738,-0.0425599923734997));
#6265=CARTESIAN_POINT('',(-0.00992,0.029371621235188,-0.0421044206997203));
#6266=CARTESIAN_POINT('',(-0.00992,0.0298749818565777,-0.0411205616876033));
#6267=CARTESIAN_POINT('',(-0.00992,0.0300750009978521,-0.0406008654249576));
#6268=CARTESIAN_POINT('',(-0.00992,0.0303826258319745,-0.0395462561916715));
#6269=CARTESIAN_POINT('',(-0.00992,0.0304937670023495,-0.0390051336753142));
#6270=CARTESIAN_POINT('',(-0.00992,0.0305715705741916,-0.0384547731823705));
#6271=CARTESIAN_POINT('',(-0.00992,0.0306338134316652,-0.0380144847880156));
#6272=CARTESIAN_POINT('',(-0.00992,0.0306960562891389,-0.0375741963936606));
#6273=CARTESIAN_POINT('',(-0.00992,0.0307582991466126,-0.0371339079993057));
#6274=CARTESIAN_POINT('',(-0.01,0.0198669055873081,-0.0458001336632169));
#6275=CARTESIAN_POINT('',(-0.01,0.0203112703915387,-0.0458000891088113));
#6276=CARTESIAN_POINT('',(-0.01,0.0207556351957694,-0.0458000445544056));
#6277=CARTESIAN_POINT('',(-0.01,0.0212,-0.0458));
#6278=CARTESIAN_POINT('',(-0.01,0.0223109120105766,-0.0457998886139859));
#6279=CARTESIAN_POINT('',(-0.01,0.0234371767461813,-0.0457051573889825));
#6280=CARTESIAN_POINT('',(-0.01,0.0250416867996518,-0.0453360115747942));
#6281=CARTESIAN_POINT('',(-0.01,0.0255686990278732,-0.0451727329772288));
#6282=CARTESIAN_POINT('',(-0.01,0.0265902095131425,-0.0447453306969996));
#6283=CARTESIAN_POINT('',(-0.01,0.0270885478119568,-0.0444750338292567));
#6284=CARTESIAN_POINT('',(-0.01,0.0279930374892158,-0.04383579700929));
#6285=CARTESIAN_POINT('',(-0.01,0.0284089072752934,-0.0434584782702327));
#6286=CARTESIAN_POINT('',(-0.01,0.0291363148552923,-0.0426069031422322));
#6287=CARTESIAN_POINT('',(-0.01,0.0294402105071448,-0.0421460371909168));
#6288=CARTESIAN_POINT('',(-0.01,0.0299487532008861,-0.0411519757032968));
#6289=CARTESIAN_POINT('',(-0.01,0.0301505685092109,-0.0406274917844335));
#6290=CARTESIAN_POINT('',(-0.01,0.0304606503103998,-0.0395644572866653));
#6291=CARTESIAN_POINT('',(-0.01,0.0305725136406968,-0.0390196106095101));
#6292=CARTESIAN_POINT('',(-0.01,0.0306507844818642,-0.0384659605337656));
#6293=CARTESIAN_POINT('',(-0.01,0.0307134011547981,-0.03802304047317));
#6294=CARTESIAN_POINT('',(-0.01,0.030776017827732,-0.0375801204125744));
#6295=CARTESIAN_POINT('',(-0.01,0.030838634500666,-0.0371372003519788));
#6296=CARTESIAN_POINT('',(-0.0104,0.0198397267236718,-0.0462002707146901));
#6297=CARTESIAN_POINT('',(-0.0104,0.0202931511491145,-0.0462001804764601));
#6298=CARTESIAN_POINT('',(-0.0104,0.0207465755745573,-0.04620009023823));
#6299=CARTESIAN_POINT('',(-0.0104,0.0212,-0.0462));
#6300=CARTESIAN_POINT('',(-0.0104,0.0223335610636068,-0.0461997744044249));
#6301=CARTESIAN_POINT('',(-0.0104,0.0234890419961785,-0.0461036487164684));
#6302=CARTESIAN_POINT('',(-0.0104,0.0251505818093423,-0.0457214209451733));
#6303=CARTESIAN_POINT('',(-0.0104,0.0256993393970461,-0.0455516599650351));
#6304=CARTESIAN_POINT('',(-0.0104,0.0267687615537454,-0.0451042384154365));
#6305=CARTESIAN_POINT('',(-0.0104,0.0272936596031998,-0.0448197884164032));
#6306=CARTESIAN_POINT('',(-0.0104,0.0282501713228479,-0.0441439811499609));
#6307=CARTESIAN_POINT('',(-0.0104,0.0286913870806554,-0.0437436566443761));
#6308=CARTESIAN_POINT('',(-0.0104,0.0294620113580637,-0.0428414569858945));
#6309=CARTESIAN_POINT('',(-0.0104,0.0297831568669286,-0.0423541196468992));
#6310=CARTESIAN_POINT('',(-0.0104,0.0303176099224281,-0.0413090457817641));
#6311=CARTESIAN_POINT('',(-0.0104,0.0305284060660044,-0.0407606235818129));
#6312=CARTESIAN_POINT('',(-0.0104,0.0308507727025258,-0.0396554627616341));
#6313=CARTESIAN_POINT('',(-0.0104,0.0309662468324332,-0.0390919952804895));
#6314=CARTESIAN_POINT('',(-0.0104,0.0310468540202271,-0.0385218972907409));
#6315=CARTESIAN_POINT('',(-0.0104,0.0311113397704622,-0.038065818898942));
#6316=CARTESIAN_POINT('',(-0.0104,0.0311758255206973,-0.0376097405071431));
#6317=CARTESIAN_POINT('',(-0.0104,0.0312403112709325,-0.0371536621153443));
#6318=CARTESIAN_POINT('',(-0.0108,0.0198125478600356,-0.0466004077661633));
#6319=CARTESIAN_POINT('',(-0.0108,0.0202750319066904,-0.0466002718441089));
#6320=CARTESIAN_POINT('',(-0.0108,0.0207375159533452,-0.0466001359220544));
#6321=CARTESIAN_POINT('',(-0.0108,0.0212,-0.0466));
#6322=CARTESIAN_POINT('',(-0.0108,0.022356210116637,-0.0465996601948639));
#6323=CARTESIAN_POINT('',(-0.0108,0.0235409072461756,-0.0465021400439543));
#6324=CARTESIAN_POINT('',(-0.0108,0.0252594768190328,-0.0461068303155524));
#6325=CARTESIAN_POINT('',(-0.0108,0.025829979766219,-0.0459305869528414));
#6326=CARTESIAN_POINT('',(-0.0108,0.0269473135943483,-0.0454631461338734));
#6327=CARTESIAN_POINT('',(-0.0108,0.0274987713944428,-0.0451645430035497));
#6328=CARTESIAN_POINT('',(-0.0108,0.02850730515648,-0.0444521652906318));
#6329=CARTESIAN_POINT('',(-0.0108,0.0289738668860174,-0.0440288350185195));
#6330=CARTESIAN_POINT('',(-0.0108,0.0297877078608351,-0.0430760108295568));
#6331=CARTESIAN_POINT('',(-0.0108,0.0301261032267124,-0.0425622021028816));
#6332=CARTESIAN_POINT('',(-0.0108,0.0306864666439701,-0.0414661158602314));
#6333=CARTESIAN_POINT('',(-0.0108,0.0309062436227979,-0.0408937553791923));
#6334=CARTESIAN_POINT('',(-0.0108,0.0312408950946518,-0.0397464682366029));
#6335=CARTESIAN_POINT('',(-0.0108,0.0313599800241696,-0.0391643799514689));
#6336=CARTESIAN_POINT('',(-0.0108,0.03144292355859,-0.0385778340477162));
#6337=CARTESIAN_POINT('',(-0.0108,0.0315092783861263,-0.038108597324714));
#6338=CARTESIAN_POINT('',(-0.0108,0.0315756332136626,-0.0376393606017119));
#6339=CARTESIAN_POINT('',(-0.0108,0.0316419880411989,-0.0371701238787097));
#6340=CARTESIAN_POINT('',(-0.0102,0.0308488192510456,-0.0384939289122532));
#6341=CARTESIAN_POINT('',(-0.01,0.0306507844818636,-0.0384659605337692));
#6342=CARTESIAN_POINT('',(-0.01,0.0308642992265066,-0.0369652208710377));
#6343=CARTESIAN_POINT('',(-0.01,0.0312229615329515,-0.0355124934357645));
#6344=CARTESIAN_POINT('',(-0.01,0.032148920638733,-0.0334324851581174));
#6345=CARTESIAN_POINT('',(-0.01,0.0325242987393615,-0.0327657291259458));
#6346=CARTESIAN_POINT('',(-0.01,0.0333986643898179,-0.0315451293586297));
#6347=CARTESIAN_POINT('',(-0.01,0.0339138027489876,-0.030973153623974));
#6348=CARTESIAN_POINT('',(-0.01,0.0350576463768129,-0.0299807379679986));
#6349=CARTESIAN_POINT('',(-0.01,0.0356779334675568,-0.0295609581274442));
#6350=CARTESIAN_POINT('',(-0.01,0.0370274053384939,-0.0288548992204637));
#6351=CARTESIAN_POINT('',(-0.01,0.0377355079563593,-0.0285800778126196));
#6352=CARTESIAN_POINT('',(-0.01,0.0398901284223836,-0.0279622542415676));
#6353=CARTESIAN_POINT('',(-0.01,0.0414128994314147,-0.0278000638080075));
#6354=CARTESIAN_POINT('',(-0.01,0.0429289401711167,-0.0278));
#6355=CARTESIAN_POINT('',(-0.0104,0.0310468540202266,-0.0385218972907448));
#6356=CARTESIAN_POINT('',(-0.0103999999999982,0.0312562566619883,-0.0370490645916591));
#6357=CARTESIAN_POINT('',(-0.010399999999996,0.0316077075686241,-0.0356314259471446));
#6358=CARTESIAN_POINT('',(-0.0103999999999924,0.032504470217679,-0.0336175200842962));
#6359=CARTESIAN_POINT('',(-0.0103999999999912,0.0328664853083724,-0.032974896161205));
#6360=CARTESIAN_POINT('',(-0.0103999999999891,0.0337067161385258,-0.0318019989422858));
#6361=CARTESIAN_POINT('',(-0.0103999999999883,0.0342002510669105,-0.0312541926021619));
#6362=CARTESIAN_POINT('',(-0.0103999999999876,0.0352956898251729,-0.0303037754643578));
#6363=CARTESIAN_POINT('',(-0.0103999999999876,0.0358897568284708,-0.0299015887604773));
#6364=CARTESIAN_POINT('',(-0.0103999999999887,0.0371864693401862,-0.0292231004181626));
#6365=CARTESIAN_POINT('',(-0.0103999999999896,0.0378690306614187,-0.0289579872120223));
#6366=CARTESIAN_POINT('',(-0.0103999999999932,0.039955124476859,-0.0283595826431621));
#6367=CARTESIAN_POINT('',(-0.0103999999999965,0.0414410391108529,-0.028199938978218));
#6368=CARTESIAN_POINT('',(-0.0104,0.0429289401711174,-0.0282));
#6369=CARTESIAN_POINT('',(-0.0108000000000126,0.031442923558602,-0.0385778340477222));
#6370=CARTESIAN_POINT('',(-0.0108000000000089,0.0316482140974823,-0.0371329083122831));
#6371=CARTESIAN_POINT('',(-0.0108000000000046,0.0319924536043088,-0.0357503584585285));
#6372=CARTESIAN_POINT('',(-0.0107999999999973,0.0328600197966362,-0.0338025550104808));
#6373=CARTESIAN_POINT('',(-0.010799999999995,0.033208671877394,-0.0331840631964707));
#6374=CARTESIAN_POINT('',(-0.0107999999999908,0.0340147678872434,-0.0320588685259499));
#6375=CARTESIAN_POINT('',(-0.0107999999999892,0.0344866993848424,-0.0315352315803586));
#6376=CARTESIAN_POINT('',(-0.0107999999999877,0.0355337332735403,-0.0306268129607272));
#6377=CARTESIAN_POINT('',(-0.0107999999999877,0.0361015801893915,-0.0302422193935211));
#6378=CARTESIAN_POINT('',(-0.01079999999999,0.0373455333418835,-0.0295913016158731));
#6379=CARTESIAN_POINT('',(-0.0107999999999918,0.0380025533664823,-0.0293358966114369));
#6380=CARTESIAN_POINT('',(-0.010799999999999,0.0400201205313364,-0.0287569110447691));
#6381=CARTESIAN_POINT('',(-0.0108000000000056,0.041469178790292,-0.028599814148441));
#6382=CARTESIAN_POINT('',(-0.0108000000000126,0.0429289401711181,-0.0286000000000125));
#6383=CARTESIAN_POINT('',(-0.0145,0.0161,-0.0592));
#6384=CARTESIAN_POINT('',(-0.0152,0.0165,-0.0600485281374239));
#6385=CARTESIAN_POINT('',(-0.0153322128060208,0.0163677871939792,-0.0601108538518886));
#6386=CARTESIAN_POINT('',(-0.0154657197524521,0.0162342802475479,-0.0601671348563696));
#6387=CARTESIAN_POINT('',(-0.0156,0.0161,-0.0602198039027186));
#6388=CARTESIAN_POINT('',(-0.0152,0.0165,0.1));
#6389=CARTESIAN_POINT('',(-0.0156,0.0161,-0.0602198039027186));
#6390=CARTESIAN_POINT('',(-0.0156,0.003,0.035));
#6391=CARTESIAN_POINT('',(-0.0156,0.0049,0.005));
#6392=CARTESIAN_POINT('',(-0.0156,0.0049,0.035));
#6393=CARTESIAN_POINT('',(-0.0156,0.0049,-0.0602198039027186));
#6394=CARTESIAN_POINT('',(-0.0154657197524521,0.00476571975245209,-0.0601671348563696));
#6395=CARTESIAN_POINT('',(-0.0153322128060208,0.00463221280602078,-0.0601108538518886));
#6396=CARTESIAN_POINT('',(-0.0152,0.0045,-0.0600485281374239));
#6397=CARTESIAN_POINT('',(-0.0145,0.0045,-0.0592));
#6398=CARTESIAN_POINT('',(-0.012,0.0105,0.005));
#6399=MECHANICAL_DESIGN_GEOMETRIC_PRESENTATION_REPRESENTATION('',(#3155),
#6400);
#6400=(
GEOMETRIC_REPRESENTATION_CONTEXT(3)
GLOBAL_UNCERTAINTY_ASSIGNED_CONTEXT((#6401))
GLOBAL_UNIT_ASSIGNED_CONTEXT((#6404,#6403,#6402))
REPRESENTATION_CONTEXT('Front_Cover','TOP_LEVEL_ASSEMBLY_PART')
);
#6401=UNCERTAINTY_MEASURE_WITH_UNIT(LENGTH_MEASURE(2.E-5),#6404,
'DISTANCE_ACCURACY_VALUE','Maximum Tolerance applied to model');
#6402=(
NAMED_UNIT(*)
SI_UNIT($,.STERADIAN.)
SOLID_ANGLE_UNIT()
);
#6403=(
NAMED_UNIT(*)
PLANE_ANGLE_UNIT()
SI_UNIT($,.RADIAN.)
);
#6404=(
LENGTH_UNIT()
NAMED_UNIT(*)
SI_UNIT($,.METRE.)
);
#6405=PRODUCT_DEFINITION_SHAPE('','',#6406);
#6406=PRODUCT_DEFINITION('','',#6408,#6407);
#6407=PRODUCT_DEFINITION_CONTEXT('',#6414,'design');
#6408=PRODUCT_DEFINITION_FORMATION_WITH_SPECIFIED_SOURCE('','',#6410,
 .NOT_KNOWN.);
#6409=PRODUCT_RELATED_PRODUCT_CATEGORY('','',(#6410));
#6410=PRODUCT('Front_Cover','Front_Cover','Front_Cover',(#6412));
#6411=PRODUCT_CATEGORY('','');
#6412=PRODUCT_CONTEXT('',#6414,'mechanical');
#6413=APPLICATION_PROTOCOL_DEFINITION('international standard',
'ap242_managed_model_based_3d_engineering',2020,#6414);
#6414=APPLICATION_CONTEXT('managed model based 3d engineering');
ENDSEC;
END-ISO-10303-21;
