ISO-10303-21;
HEADER;
/* Generated by software containing ST-Developer
 * from STEP Tools, Inc. (www.steptools.com) 
 */
/* OPTION: using custom renumber hook */

FILE_DESCRIPTION(
/* description */ ('STEP AP242 Edition 2',
'CAx-IF Rec.Pracs.---Representation and Presentation of Product Manufa
cturing Information (PMI)---4.0---2014-10-13',
'CAx-IF Rec.Pracs.---3D Tessellated Geometry---0.4---2014-09-14','2;1',
'CAx-IF Rec.Pracs.---User Defined Attributes---1.5---2016-08-15'),
/* implementation_level */ '2;1');

FILE_NAME(
/* name */ 'Pneuma_101 - Vacuum_Pump',
/* time_stamp */ '2026-04-29T18:04:27Z',
/* author */ (''),
/* organization */ (''),
/* preprocessor_version */ 'ST-DEVELOPER v20',
/* originating_system */ 'ONSHAPE BY PTC INC, 1.214',
/* authorisation */ '  ');

FILE_SCHEMA (('AP242_MANAGED_MODEL_BASED_3D_ENGINEERING_MIM_LF { 1 0 10303 442 3 1 4 }'));
ENDSEC;

DATA;
#10=SHAPE_REPRESENTATION_RELATIONSHIP('','',#1890,#11);
#11=ADVANCED_BREP_SHAPE_REPRESENTATION('',(#1888),#3423);
#12=CYLINDRICAL_SURFACE('',#1950,0.01);
#13=CYLINDRICAL_SURFACE('',#1956,0.03);
#14=CYLINDRICAL_SURFACE('',#1965,0.0033);
#15=CYLINDRICAL_SURFACE('',#1970,0.0033);
#16=CYLINDRICAL_SURFACE('',#1975,0.0033);
#17=CYLINDRICAL_SURFACE('',#1980,0.0033);
#18=CYLINDRICAL_SURFACE('',#1985,0.0033);
#19=CYLINDRICAL_SURFACE('',#1989,0.0038);
#20=CYLINDRICAL_SURFACE('',#1992,0.00200000000000003);
#21=CYLINDRICAL_SURFACE('',#1995,0.0032);
#22=CYLINDRICAL_SURFACE('',#1998,0.00200000000000003);
#23=CYLINDRICAL_SURFACE('',#1999,0.018);
#24=CYLINDRICAL_SURFACE('',#2004,0.008);
#25=CYLINDRICAL_SURFACE('',#2007,0.018);
#26=(
BOUNDED_SURFACE()
B_SPLINE_SURFACE(3,3,((#3213,#3214,#3215,#3216),(#3217,#3218,#3219,#3220),
(#3221,#3222,#3223,#3224),(#3225,#3226,#3227,#3228)),
 .SURF_OF_REVOLUTION.,.F.,.F.,.F.)
B_SPLINE_SURFACE_WITH_KNOTS((4,4),(4,4),(-0.0061967491366453,1.00600251229627),
(0.,1.),.PIECEWISE_BEZIER_KNOTS.)
GEOMETRIC_REPRESENTATION_ITEM()
RATIONAL_B_SPLINE_SURFACE(((1.,0.915484418645147,0.915484418645147,1.),
(1.,0.915484418645147,0.915484418645147,1.),(1.,0.915484418645147,0.915484418645147,
1.),(1.,0.915484418645147,0.915484418645147,1.)))
REPRESENTATION_ITEM('')
SURFACE()
);
#27=(
BOUNDED_SURFACE()
B_SPLINE_SURFACE(3,3,((#3235,#3236,#3237,#3238),(#3239,#3240,#3241,#3242),
(#3243,#3244,#3245,#3246),(#3247,#3248,#3249,#3250)),
 .SURF_OF_REVOLUTION.,.F.,.F.,.F.)
B_SPLINE_SURFACE_WITH_KNOTS((4,4),(4,4),(-0.00619674914211772,1.00600251229629),
(0.,1.),.PIECEWISE_BEZIER_KNOTS.)
GEOMETRIC_REPRESENTATION_ITEM()
RATIONAL_B_SPLINE_SURFACE(((1.,0.915484418645148,0.915484418645148,1.),
(1.,0.915484418645148,0.915484418645148,1.),(1.,0.915484418645148,0.915484418645148,
1.),(1.,0.915484418645148,0.915484418645148,1.)))
REPRESENTATION_ITEM('')
SURFACE()
);
#28=(
BOUNDED_SURFACE()
B_SPLINE_SURFACE(3,3,((#3257,#3258,#3259,#3260),(#3261,#3262,#3263,#3264),
(#3265,#3266,#3267,#3268),(#3269,#3270,#3271,#3272)),
 .SURF_OF_REVOLUTION.,.F.,.F.,.F.)
B_SPLINE_SURFACE_WITH_KNOTS((4,4),(4,4),(-0.00619674913120875,1.00600251229624),
(0.,1.),.PIECEWISE_BEZIER_KNOTS.)
GEOMETRIC_REPRESENTATION_ITEM()
RATIONAL_B_SPLINE_SURFACE(((1.,0.915484418645249,0.915484418645249,1.),
(1.,0.915484418645249,0.915484418645249,1.),(1.,0.915484418645249,0.915484418645249,
1.),(1.,0.915484418645249,0.915484418645249,1.)))
REPRESENTATION_ITEM('')
SURFACE()
);
#29=(
BOUNDED_SURFACE()
B_SPLINE_SURFACE(3,3,((#3279,#3280,#3281,#3282),(#3283,#3284,#3285,#3286),
(#3287,#3288,#3289,#3290),(#3291,#3292,#3293,#3294)),
 .SURF_OF_REVOLUTION.,.F.,.F.,.F.)
B_SPLINE_SURFACE_WITH_KNOTS((4,4),(4,4),(-0.00619674913926922,1.00600251229629),
(0.,1.),.PIECEWISE_BEZIER_KNOTS.)
GEOMETRIC_REPRESENTATION_ITEM()
RATIONAL_B_SPLINE_SURFACE(((1.,0.915484418645186,0.915484418645186,1.),
(1.,0.915484418645186,0.915484418645186,1.),(1.,0.915484418645186,0.915484418645186,
1.),(1.,0.915484418645186,0.915484418645186,1.)))
REPRESENTATION_ITEM('')
SURFACE()
);
#30=(
BOUNDED_SURFACE()
B_SPLINE_SURFACE(3,3,((#3301,#3302,#3303,#3304),(#3305,#3306,#3307,#3308),
(#3309,#3310,#3311,#3312),(#3313,#3314,#3315,#3316)),
 .SURF_OF_REVOLUTION.,.F.,.F.,.F.)
B_SPLINE_SURFACE_WITH_KNOTS((4,4),(4,4),(-0.00619674913994633,1.0060025122963),
(0.,1.),.PIECEWISE_BEZIER_KNOTS.)
GEOMETRIC_REPRESENTATION_ITEM()
RATIONAL_B_SPLINE_SURFACE(((1.,0.915484418645116,0.915484418645116,1.),
(1.,0.915484418645116,0.915484418645116,1.),(1.,0.915484418645116,0.915484418645116,
1.),(1.,0.915484418645116,0.915484418645116,1.)))
REPRESENTATION_ITEM('')
SURFACE()
);
#31=CIRCLE('',#1895,0.0033);
#32=CIRCLE('',#1896,0.0037);
#33=CIRCLE('',#1902,0.0033);
#34=CIRCLE('',#1903,0.0037);
#35=CIRCLE('',#1909,0.0033);
#36=CIRCLE('',#1910,0.0037);
#37=CIRCLE('',#1916,0.0033);
#38=CIRCLE('',#1917,0.0037);
#39=CIRCLE('',#1923,0.0033);
#40=CIRCLE('',#1924,0.0037);
#41=CIRCLE('',#1928,0.0042);
#42=CIRCLE('',#1929,0.0038);
#43=CIRCLE('',#1931,0.0034);
#44=CIRCLE('',#1932,0.0038);
#45=CIRCLE('',#1934,0.0024);
#46=CIRCLE('',#1935,0.00200000000000003);
#47=CIRCLE('',#1937,0.0028);
#48=CIRCLE('',#1938,0.0032);
#49=CIRCLE('',#1940,0.0076);
#50=CIRCLE('',#1941,0.008);
#51=CIRCLE('',#1943,0.0176);
#52=CIRCLE('',#1944,0.018);
#53=CIRCLE('',#1945,0.0289998863500356);
#54=CIRCLE('',#1946,0.0289998863500047);
#55=CIRCLE('',#1947,0.0289998863501272);
#56=CIRCLE('',#1948,0.0289998863500571);
#57=CIRCLE('',#1949,0.0289998863500003);
#58=CIRCLE('',#1951,0.01);
#59=CIRCLE('',#1952,0.01);
#60=CIRCLE('',#1954,0.0032);
#61=CIRCLE('',#1955,0.018);
#62=CIRCLE('',#1957,0.03);
#63=CIRCLE('',#1958,0.03);
#64=CIRCLE('',#1959,0.03);
#65=CIRCLE('',#1960,0.03);
#66=CIRCLE('',#1961,0.03);
#67=CIRCLE('',#1964,0.0033);
#68=CIRCLE('',#1969,0.0033);
#69=CIRCLE('',#1974,0.0033);
#70=CIRCLE('',#1979,0.0033);
#71=CIRCLE('',#1984,0.0033);
#72=CIRCLE('',#1991,0.00200000000000003);
#73=CIRCLE('',#1994,0.00200000000000003);
#74=CIRCLE('',#1997,0.00200000000000003);
#75=CIRCLE('',#2000,0.018);
#76=CIRCLE('',#2003,0.018);
#77=CIRCLE('',#2005,0.008);
#78=CONICAL_SURFACE('',#1894,0.0037,0.785398163397448);
#79=CONICAL_SURFACE('',#1901,0.0037,0.78539816339745);
#80=CONICAL_SURFACE('',#1908,0.0037,0.785398163397453);
#81=CONICAL_SURFACE('',#1915,0.0037,0.785398163397456);
#82=CONICAL_SURFACE('',#1922,0.0037,0.785398163397445);
#83=CONICAL_SURFACE('',#1927,0.0042,0.785398163397446);
#84=CONICAL_SURFACE('',#1930,0.0034,0.78539816339745);
#85=CONICAL_SURFACE('',#1933,0.0024,0.785398163397448);
#86=CONICAL_SURFACE('',#1936,0.0028,0.785398163397446);
#87=CONICAL_SURFACE('',#1939,0.0076,0.785398163397448);
#88=CONICAL_SURFACE('',#1942,0.0176,0.785398163397448);
#89=B_SPLINE_SURFACE_WITH_KNOTS('',1,3,((#2348,#2349,#2350,#2351,#2352,
#2353,#2354,#2355,#2356,#2357),(#2358,#2359,#2360,#2361,#2362,#2363,#2364,
#2365,#2366,#2367),(#2368,#2369,#2370,#2371,#2372,#2373,#2374,#2375,#2376,
#2377)),.RULED_SURF.,.F.,.F.,.F.,(2,1,2),(4,2,2,2,4),(0.,1.,1.01),(0.,0.000248729641996436,
0.000497459283992871,0.000746188925989307,0.000994918567985743),
 .UNSPECIFIED.);
#90=B_SPLINE_SURFACE_WITH_KNOTS('',1,3,((#2411,#2412,#2413,#2414,#2415,
#2416,#2417,#2418,#2419,#2420,#2421,#2422,#2423),(#2424,#2425,#2426,#2427,
#2428,#2429,#2430,#2431,#2432,#2433,#2434,#2435,#2436),(#2437,#2438,#2439,
#2440,#2441,#2442,#2443,#2444,#2445,#2446,#2447,#2448,#2449)),
 .RULED_SURF.,.F.,.F.,.F.,(2,1,2),(4,3,2,2,2,4),(0.,1.,1.01),(-5.94954969106502E-6,
4.81523331318383E-8,0.000248797757553661,0.000497595515107321,0.000746393272660981,
0.000995191030214642),.UNSPECIFIED.);
#91=B_SPLINE_SURFACE_WITH_KNOTS('',1,3,((#2486,#2487,#2488,#2489,#2490,
#2491,#2492,#2493,#2494,#2495),(#2496,#2497,#2498,#2499,#2500,#2501,#2502,
#2503,#2504,#2505),(#2506,#2507,#2508,#2509,#2510,#2511,#2512,#2513,#2514,
#2515)),.RULED_SURF.,.F.,.F.,.F.,(2,1,2),(4,2,2,2,4),(0.,1.,1.01),(0.,0.000248729641995922,
0.000497459283991845,0.000746188925987768,0.00099491856798369),
 .UNSPECIFIED.);
#92=B_SPLINE_SURFACE_WITH_KNOTS('',1,3,((#2549,#2550,#2551,#2552,#2553,
#2554,#2555,#2556,#2557,#2558,#2559,#2560,#2561),(#2562,#2563,#2564,#2565,
#2566,#2567,#2568,#2569,#2570,#2571,#2572,#2573,#2574),(#2575,#2576,#2577,
#2578,#2579,#2580,#2581,#2582,#2583,#2584,#2585,#2586,#2587)),
 .RULED_SURF.,.F.,.F.,.F.,(2,1,2),(4,3,2,2,2,4),(0.,1.,1.01),(-5.94954968996392E-6,
4.81523331925606E-8,0.000248797757555483,0.000497595515110965,0.000746393272666447,
0.000995191030221929),.UNSPECIFIED.);
#93=B_SPLINE_SURFACE_WITH_KNOTS('',1,3,((#2624,#2625,#2626,#2627,#2628,
#2629,#2630,#2631,#2632,#2633),(#2634,#2635,#2636,#2637,#2638,#2639,#2640,
#2641,#2642,#2643),(#2644,#2645,#2646,#2647,#2648,#2649,#2650,#2651,#2652,
#2653)),.RULED_SURF.,.F.,.F.,.F.,(2,1,2),(4,2,2,2,4),(0.,1.,1.01),(0.,0.000248729641992397,
0.000497459283984795,0.000746188925977192,0.000994918567969589),
 .UNSPECIFIED.);
#94=B_SPLINE_SURFACE_WITH_KNOTS('',1,3,((#2687,#2688,#2689,#2690,#2691,
#2692,#2693,#2694,#2695,#2696,#2697,#2698,#2699),(#2700,#2701,#2702,#2703,
#2704,#2705,#2706,#2707,#2708,#2709,#2710,#2711,#2712),(#2713,#2714,#2715,
#2716,#2717,#2718,#2719,#2720,#2721,#2722,#2723,#2724,#2725)),
 .RULED_SURF.,.F.,.F.,.F.,(2,1,2),(4,3,2,2,2,4),(0.,1.,1.01),(-5.9495496897028E-6,
4.81523331126423E-8,0.000248797757553945,0.00049759551510789,0.000746393272661835,
0.00099519103021578),.UNSPECIFIED.);
#95=B_SPLINE_SURFACE_WITH_KNOTS('',1,3,((#2762,#2763,#2764,#2765,#2766,
#2767,#2768,#2769,#2770,#2771),(#2772,#2773,#2774,#2775,#2776,#2777,#2778,
#2779,#2780,#2781),(#2782,#2783,#2784,#2785,#2786,#2787,#2788,#2789,#2790,
#2791)),.RULED_SURF.,.F.,.F.,.F.,(2,1,2),(4,2,2,2,4),(0.,1.,1.01),(0.,0.000248729641997468,
0.000497459283994937,0.000746188925992405,0.000994918567989873),
 .UNSPECIFIED.);
#96=B_SPLINE_SURFACE_WITH_KNOTS('',1,3,((#2825,#2826,#2827,#2828,#2829,
#2830,#2831,#2832,#2833,#2834,#2835,#2836,#2837),(#2838,#2839,#2840,#2841,
#2842,#2843,#2844,#2845,#2846,#2847,#2848,#2849,#2850),(#2851,#2852,#2853,
#2854,#2855,#2856,#2857,#2858,#2859,#2860,#2861,#2862,#2863)),
 .RULED_SURF.,.F.,.F.,.F.,(2,1,2),(4,3,2,2,2,4),(0.,1.,1.01),(-5.94954968992269E-6,
4.81523332717096E-8,0.000248797757556361,0.000497595515112721,0.000746393272669081,
0.000995191030225442),.UNSPECIFIED.);
#97=B_SPLINE_SURFACE_WITH_KNOTS('',1,3,((#2900,#2901,#2902,#2903,#2904,
#2905,#2906,#2907,#2908,#2909),(#2910,#2911,#2912,#2913,#2914,#2915,#2916,
#2917,#2918,#2919),(#2920,#2921,#2922,#2923,#2924,#2925,#2926,#2927,#2928,
#2929)),.RULED_SURF.,.F.,.F.,.F.,(2,1,2),(4,2,2,2,4),(0.,1.,1.01),(0.,0.000248729641994507,
0.000497459283989014,0.000746188925983521,0.000994918567978028),
 .UNSPECIFIED.);
#98=B_SPLINE_SURFACE_WITH_KNOTS('',1,3,((#2963,#2964,#2965,#2966,#2967,
#2968,#2969,#2970,#2971,#2972,#2973,#2974,#2975),(#2976,#2977,#2978,#2979,
#2980,#2981,#2982,#2983,#2984,#2985,#2986,#2987,#2988),(#2989,#2990,#2991,
#2992,#2993,#2994,#2995,#2996,#2997,#2998,#2999,#3000,#3001)),
 .RULED_SURF.,.F.,.F.,.F.,(2,1,2),(4,3,2,2,2,4),(0.,1.,1.01),(-5.94954969104202E-6,
4.81523331598211E-8,0.000248797757555465,0.00049759551511093,0.000746393272666395,
0.00099519103022186),.UNSPECIFIED.);
#99=B_SPLINE_SURFACE_WITH_KNOTS('',2,3,((#3056,#3057,#3058,#3059,#3060,
#3061,#3062,#3063,#3064,#3065,#3066,#3067,#3068,#3069,#3070,#3071,#3072,
#3073,#3074,#3075,#3076,#3077,#3078,#3079,#3080,#3081,#3082,#3083,#3084,
#3085,#3086,#3087,#3088,#3089),(#3090,#3091,#3092,#3093,#3094,#3095,#3096,
#3097,#3098,#3099,#3100,#3101,#3102,#3103,#3104,#3105,#3106,#3107,#3108,
#3109,#3110,#3111,#3112,#3113,#3114,#3115,#3116,#3117,#3118,#3119,#3120,
#3121,#3122,#3123),(#3124,#3125,#3126,#3127,#3128,#3129,#3130,#3131,#3132,
#3133,#3134,#3135,#3136,#3137,#3138,#3139,#3140,#3141,#3142,#3143,#3144,
#3145,#3146,#3147,#3148,#3149,#3150,#3151,#3152,#3153,#3154,#3155,#3156,
#3157)),.UNSPECIFIED.,.F.,.T.,.F.,(3,3),(4,2,2,2,2,2,2,2,2,2,2,2,2,2,2,
2,4),(0.,1.),(1.5707963267949,1.96349540849362,2.35619449019234,2.74889357189107,
3.1415926535898,3.53429173528852,3.92699081698724,4.31968989868597,4.71238898038469,
5.10508806208341,5.49778714378214,5.89048622548086,6.28318530717959,6.67588438887831,
7.06858347057704,7.46128255227576,7.85398163397448),.UNSPECIFIED.);
#100=LINE('',#2343,#190);
#101=LINE('',#2345,#191);
#102=LINE('',#2347,#192);
#103=LINE('',#2378,#193);
#104=LINE('',#2394,#194);
#105=LINE('',#2397,#195);
#106=LINE('',#2398,#196);
#107=LINE('',#2400,#197);
#108=LINE('',#2406,#198);
#109=LINE('',#2409,#199);
#110=LINE('',#2410,#200);
#111=LINE('',#2469,#201);
#112=LINE('',#2472,#202);
#113=LINE('',#2473,#203);
#114=LINE('',#2481,#204);
#115=LINE('',#2483,#205);
#116=LINE('',#2485,#206);
#117=LINE('',#2516,#207);
#118=LINE('',#2532,#208);
#119=LINE('',#2535,#209);
#120=LINE('',#2536,#210);
#121=LINE('',#2538,#211);
#122=LINE('',#2544,#212);
#123=LINE('',#2547,#213);
#124=LINE('',#2548,#214);
#125=LINE('',#2607,#215);
#126=LINE('',#2610,#216);
#127=LINE('',#2611,#217);
#128=LINE('',#2619,#218);
#129=LINE('',#2621,#219);
#130=LINE('',#2623,#220);
#131=LINE('',#2654,#221);
#132=LINE('',#2670,#222);
#133=LINE('',#2673,#223);
#134=LINE('',#2674,#224);
#135=LINE('',#2676,#225);
#136=LINE('',#2682,#226);
#137=LINE('',#2685,#227);
#138=LINE('',#2686,#228);
#139=LINE('',#2745,#229);
#140=LINE('',#2748,#230);
#141=LINE('',#2749,#231);
#142=LINE('',#2757,#232);
#143=LINE('',#2759,#233);
#144=LINE('',#2761,#234);
#145=LINE('',#2792,#235);
#146=LINE('',#2808,#236);
#147=LINE('',#2811,#237);
#148=LINE('',#2812,#238);
#149=LINE('',#2814,#239);
#150=LINE('',#2820,#240);
#151=LINE('',#2823,#241);
#152=LINE('',#2824,#242);
#153=LINE('',#2883,#243);
#154=LINE('',#2886,#244);
#155=LINE('',#2887,#245);
#156=LINE('',#2895,#246);
#157=LINE('',#2897,#247);
#158=LINE('',#2899,#248);
#159=LINE('',#2930,#249);
#160=LINE('',#2946,#250);
#161=LINE('',#2949,#251);
#162=LINE('',#2950,#252);
#163=LINE('',#2952,#253);
#164=LINE('',#2958,#254);
#165=LINE('',#2961,#255);
#166=LINE('',#2962,#256);
#167=LINE('',#3021,#257);
#168=LINE('',#3024,#258);
#169=LINE('',#3025,#259);
#170=LINE('',#3341,#260);
#171=LINE('',#3345,#261);
#172=LINE('',#3347,#262);
#173=LINE('',#3348,#263);
#174=LINE('',#3352,#264);
#175=LINE('',#3356,#265);
#176=LINE('',#3358,#266);
#177=LINE('',#3359,#267);
#178=LINE('',#3363,#268);
#179=LINE('',#3367,#269);
#180=LINE('',#3369,#270);
#181=LINE('',#3370,#271);
#182=LINE('',#3374,#272);
#183=LINE('',#3378,#273);
#184=LINE('',#3380,#274);
#185=LINE('',#3381,#275);
#186=LINE('',#3385,#276);
#187=LINE('',#3389,#277);
#188=LINE('',#3391,#278);
#189=LINE('',#3392,#279);
#190=VECTOR('',#2013,1.);
#191=VECTOR('',#2014,1.);
#192=VECTOR('',#2015,1.);
#193=VECTOR('',#2016,1.);
#194=VECTOR('',#2019,1.);
#195=VECTOR('',#2020,1.);
#196=VECTOR('',#2021,1.);
#197=VECTOR('',#2024,1.);
#198=VECTOR('',#2031,1.);
#199=VECTOR('',#2032,1.);
#200=VECTOR('',#2033,1.);
#201=VECTOR('',#2036,1.);
#202=VECTOR('',#2037,1.);
#203=VECTOR('',#2038,1.);
#204=VECTOR('',#2041,1.);
#205=VECTOR('',#2042,1.);
#206=VECTOR('',#2043,1.);
#207=VECTOR('',#2044,1.);
#208=VECTOR('',#2047,1.);
#209=VECTOR('',#2048,1.);
#210=VECTOR('',#2049,1.);
#211=VECTOR('',#2052,1.);
#212=VECTOR('',#2059,1.);
#213=VECTOR('',#2060,1.);
#214=VECTOR('',#2061,1.);
#215=VECTOR('',#2064,1.);
#216=VECTOR('',#2065,1.);
#217=VECTOR('',#2066,1.);
#218=VECTOR('',#2069,1.);
#219=VECTOR('',#2070,1.);
#220=VECTOR('',#2071,1.);
#221=VECTOR('',#2072,1.);
#222=VECTOR('',#2075,1.);
#223=VECTOR('',#2076,1.);
#224=VECTOR('',#2077,1.);
#225=VECTOR('',#2080,1.);
#226=VECTOR('',#2087,1.);
#227=VECTOR('',#2088,1.);
#228=VECTOR('',#2089,1.);
#229=VECTOR('',#2092,1.);
#230=VECTOR('',#2093,1.);
#231=VECTOR('',#2094,1.);
#232=VECTOR('',#2097,1.);
#233=VECTOR('',#2098,1.);
#234=VECTOR('',#2099,1.);
#235=VECTOR('',#2100,1.);
#236=VECTOR('',#2103,1.);
#237=VECTOR('',#2104,1.);
#238=VECTOR('',#2105,1.);
#239=VECTOR('',#2108,1.);
#240=VECTOR('',#2115,1.);
#241=VECTOR('',#2116,1.);
#242=VECTOR('',#2117,1.);
#243=VECTOR('',#2120,1.);
#244=VECTOR('',#2121,1.);
#245=VECTOR('',#2122,1.);
#246=VECTOR('',#2125,1.);
#247=VECTOR('',#2126,1.);
#248=VECTOR('',#2127,1.);
#249=VECTOR('',#2128,1.);
#250=VECTOR('',#2131,1.);
#251=VECTOR('',#2132,1.);
#252=VECTOR('',#2133,1.);
#253=VECTOR('',#2136,1.);
#254=VECTOR('',#2143,1.);
#255=VECTOR('',#2144,1.);
#256=VECTOR('',#2145,1.);
#257=VECTOR('',#2148,1.);
#258=VECTOR('',#2149,1.);
#259=VECTOR('',#2150,1.);
#260=VECTOR('',#2225,1.);
#261=VECTOR('',#2228,1.);
#262=VECTOR('',#2231,1.);
#263=VECTOR('',#2232,1.);
#264=VECTOR('',#2239,1.);
#265=VECTOR('',#2242,1.);
#266=VECTOR('',#2245,1.);
#267=VECTOR('',#2246,1.);
#268=VECTOR('',#2253,1.);
#269=VECTOR('',#2256,1.);
#270=VECTOR('',#2259,1.);
#271=VECTOR('',#2260,1.);
#272=VECTOR('',#2267,1.);
#273=VECTOR('',#2270,1.);
#274=VECTOR('',#2273,1.);
#275=VECTOR('',#2274,1.);
#276=VECTOR('',#2281,1.);
#277=VECTOR('',#2284,1.);
#278=VECTOR('',#2287,1.);
#279=VECTOR('',#2288,1.);
#280=ORIENTED_EDGE('',*,*,#628,.T.);
#281=ORIENTED_EDGE('',*,*,#629,.F.);
#282=ORIENTED_EDGE('',*,*,#630,.F.);
#283=ORIENTED_EDGE('',*,*,#631,.T.);
#284=ORIENTED_EDGE('',*,*,#632,.F.);
#285=ORIENTED_EDGE('',*,*,#633,.F.);
#286=ORIENTED_EDGE('',*,*,#628,.F.);
#287=ORIENTED_EDGE('',*,*,#634,.F.);
#288=ORIENTED_EDGE('',*,*,#635,.T.);
#289=ORIENTED_EDGE('',*,*,#636,.F.);
#290=ORIENTED_EDGE('',*,*,#632,.T.);
#291=ORIENTED_EDGE('',*,*,#637,.F.);
#292=ORIENTED_EDGE('',*,*,#638,.T.);
#293=ORIENTED_EDGE('',*,*,#639,.F.);
#294=ORIENTED_EDGE('',*,*,#635,.F.);
#295=ORIENTED_EDGE('',*,*,#640,.T.);
#296=ORIENTED_EDGE('',*,*,#641,.T.);
#297=ORIENTED_EDGE('',*,*,#642,.F.);
#298=ORIENTED_EDGE('',*,*,#638,.F.);
#299=ORIENTED_EDGE('',*,*,#643,.F.);
#300=ORIENTED_EDGE('',*,*,#644,.F.);
#301=ORIENTED_EDGE('',*,*,#645,.F.);
#302=ORIENTED_EDGE('',*,*,#641,.F.);
#303=ORIENTED_EDGE('',*,*,#646,.F.);
#304=ORIENTED_EDGE('',*,*,#647,.T.);
#305=ORIENTED_EDGE('',*,*,#648,.F.);
#306=ORIENTED_EDGE('',*,*,#644,.T.);
#307=ORIENTED_EDGE('',*,*,#649,.F.);
#308=ORIENTED_EDGE('',*,*,#650,.T.);
#309=ORIENTED_EDGE('',*,*,#651,.F.);
#310=ORIENTED_EDGE('',*,*,#652,.F.);
#311=ORIENTED_EDGE('',*,*,#653,.T.);
#312=ORIENTED_EDGE('',*,*,#654,.F.);
#313=ORIENTED_EDGE('',*,*,#655,.F.);
#314=ORIENTED_EDGE('',*,*,#650,.F.);
#315=ORIENTED_EDGE('',*,*,#656,.F.);
#316=ORIENTED_EDGE('',*,*,#657,.T.);
#317=ORIENTED_EDGE('',*,*,#658,.F.);
#318=ORIENTED_EDGE('',*,*,#654,.T.);
#319=ORIENTED_EDGE('',*,*,#659,.F.);
#320=ORIENTED_EDGE('',*,*,#660,.T.);
#321=ORIENTED_EDGE('',*,*,#661,.F.);
#322=ORIENTED_EDGE('',*,*,#657,.F.);
#323=ORIENTED_EDGE('',*,*,#662,.T.);
#324=ORIENTED_EDGE('',*,*,#663,.T.);
#325=ORIENTED_EDGE('',*,*,#664,.F.);
#326=ORIENTED_EDGE('',*,*,#660,.F.);
#327=ORIENTED_EDGE('',*,*,#665,.F.);
#328=ORIENTED_EDGE('',*,*,#666,.F.);
#329=ORIENTED_EDGE('',*,*,#667,.F.);
#330=ORIENTED_EDGE('',*,*,#663,.F.);
#331=ORIENTED_EDGE('',*,*,#668,.F.);
#332=ORIENTED_EDGE('',*,*,#669,.T.);
#333=ORIENTED_EDGE('',*,*,#670,.F.);
#334=ORIENTED_EDGE('',*,*,#666,.T.);
#335=ORIENTED_EDGE('',*,*,#671,.F.);
#336=ORIENTED_EDGE('',*,*,#672,.T.);
#337=ORIENTED_EDGE('',*,*,#673,.F.);
#338=ORIENTED_EDGE('',*,*,#674,.F.);
#339=ORIENTED_EDGE('',*,*,#675,.T.);
#340=ORIENTED_EDGE('',*,*,#676,.F.);
#341=ORIENTED_EDGE('',*,*,#677,.F.);
#342=ORIENTED_EDGE('',*,*,#672,.F.);
#343=ORIENTED_EDGE('',*,*,#678,.F.);
#344=ORIENTED_EDGE('',*,*,#679,.T.);
#345=ORIENTED_EDGE('',*,*,#680,.F.);
#346=ORIENTED_EDGE('',*,*,#676,.T.);
#347=ORIENTED_EDGE('',*,*,#681,.F.);
#348=ORIENTED_EDGE('',*,*,#682,.T.);
#349=ORIENTED_EDGE('',*,*,#683,.F.);
#350=ORIENTED_EDGE('',*,*,#679,.F.);
#351=ORIENTED_EDGE('',*,*,#684,.T.);
#352=ORIENTED_EDGE('',*,*,#685,.T.);
#353=ORIENTED_EDGE('',*,*,#686,.F.);
#354=ORIENTED_EDGE('',*,*,#682,.F.);
#355=ORIENTED_EDGE('',*,*,#687,.F.);
#356=ORIENTED_EDGE('',*,*,#688,.F.);
#357=ORIENTED_EDGE('',*,*,#689,.F.);
#358=ORIENTED_EDGE('',*,*,#685,.F.);
#359=ORIENTED_EDGE('',*,*,#690,.F.);
#360=ORIENTED_EDGE('',*,*,#691,.T.);
#361=ORIENTED_EDGE('',*,*,#692,.F.);
#362=ORIENTED_EDGE('',*,*,#688,.T.);
#363=ORIENTED_EDGE('',*,*,#693,.F.);
#364=ORIENTED_EDGE('',*,*,#694,.T.);
#365=ORIENTED_EDGE('',*,*,#695,.F.);
#366=ORIENTED_EDGE('',*,*,#696,.F.);
#367=ORIENTED_EDGE('',*,*,#697,.T.);
#368=ORIENTED_EDGE('',*,*,#698,.F.);
#369=ORIENTED_EDGE('',*,*,#699,.F.);
#370=ORIENTED_EDGE('',*,*,#694,.F.);
#371=ORIENTED_EDGE('',*,*,#700,.F.);
#372=ORIENTED_EDGE('',*,*,#701,.T.);
#373=ORIENTED_EDGE('',*,*,#702,.F.);
#374=ORIENTED_EDGE('',*,*,#698,.T.);
#375=ORIENTED_EDGE('',*,*,#703,.F.);
#376=ORIENTED_EDGE('',*,*,#704,.T.);
#377=ORIENTED_EDGE('',*,*,#705,.F.);
#378=ORIENTED_EDGE('',*,*,#701,.F.);
#379=ORIENTED_EDGE('',*,*,#706,.T.);
#380=ORIENTED_EDGE('',*,*,#707,.T.);
#381=ORIENTED_EDGE('',*,*,#708,.F.);
#382=ORIENTED_EDGE('',*,*,#704,.F.);
#383=ORIENTED_EDGE('',*,*,#709,.F.);
#384=ORIENTED_EDGE('',*,*,#710,.F.);
#385=ORIENTED_EDGE('',*,*,#711,.F.);
#386=ORIENTED_EDGE('',*,*,#707,.F.);
#387=ORIENTED_EDGE('',*,*,#712,.F.);
#388=ORIENTED_EDGE('',*,*,#713,.T.);
#389=ORIENTED_EDGE('',*,*,#714,.F.);
#390=ORIENTED_EDGE('',*,*,#710,.T.);
#391=ORIENTED_EDGE('',*,*,#715,.F.);
#392=ORIENTED_EDGE('',*,*,#716,.T.);
#393=ORIENTED_EDGE('',*,*,#717,.F.);
#394=ORIENTED_EDGE('',*,*,#718,.F.);
#395=ORIENTED_EDGE('',*,*,#719,.T.);
#396=ORIENTED_EDGE('',*,*,#720,.F.);
#397=ORIENTED_EDGE('',*,*,#721,.F.);
#398=ORIENTED_EDGE('',*,*,#716,.F.);
#399=ORIENTED_EDGE('',*,*,#722,.F.);
#400=ORIENTED_EDGE('',*,*,#723,.T.);
#401=ORIENTED_EDGE('',*,*,#724,.F.);
#402=ORIENTED_EDGE('',*,*,#720,.T.);
#403=ORIENTED_EDGE('',*,*,#725,.F.);
#404=ORIENTED_EDGE('',*,*,#726,.T.);
#405=ORIENTED_EDGE('',*,*,#727,.F.);
#406=ORIENTED_EDGE('',*,*,#723,.F.);
#407=ORIENTED_EDGE('',*,*,#728,.T.);
#408=ORIENTED_EDGE('',*,*,#729,.T.);
#409=ORIENTED_EDGE('',*,*,#730,.F.);
#410=ORIENTED_EDGE('',*,*,#726,.F.);
#411=ORIENTED_EDGE('',*,*,#731,.F.);
#412=ORIENTED_EDGE('',*,*,#732,.F.);
#413=ORIENTED_EDGE('',*,*,#733,.F.);
#414=ORIENTED_EDGE('',*,*,#729,.F.);
#415=ORIENTED_EDGE('',*,*,#734,.F.);
#416=ORIENTED_EDGE('',*,*,#735,.T.);
#417=ORIENTED_EDGE('',*,*,#736,.F.);
#418=ORIENTED_EDGE('',*,*,#732,.T.);
#419=ORIENTED_EDGE('',*,*,#737,.F.);
#420=ORIENTED_EDGE('',*,*,#738,.T.);
#421=ORIENTED_EDGE('',*,*,#739,.F.);
#422=ORIENTED_EDGE('',*,*,#740,.F.);
#423=ORIENTED_EDGE('',*,*,#741,.T.);
#424=ORIENTED_EDGE('',*,*,#742,.T.);
#425=ORIENTED_EDGE('',*,*,#743,.F.);
#426=ORIENTED_EDGE('',*,*,#744,.F.);
#427=ORIENTED_EDGE('',*,*,#745,.T.);
#428=ORIENTED_EDGE('',*,*,#746,.F.);
#429=ORIENTED_EDGE('',*,*,#747,.T.);
#430=ORIENTED_EDGE('',*,*,#748,.F.);
#431=ORIENTED_EDGE('',*,*,#749,.T.);
#432=ORIENTED_EDGE('',*,*,#750,.F.);
#433=ORIENTED_EDGE('',*,*,#751,.F.);
#434=ORIENTED_EDGE('',*,*,#752,.F.);
#435=ORIENTED_EDGE('',*,*,#722,.T.);
#436=ORIENTED_EDGE('',*,*,#753,.F.);
#437=ORIENTED_EDGE('',*,*,#646,.T.);
#438=ORIENTED_EDGE('',*,*,#754,.F.);
#439=ORIENTED_EDGE('',*,*,#734,.T.);
#440=ORIENTED_EDGE('',*,*,#755,.F.);
#441=ORIENTED_EDGE('',*,*,#700,.T.);
#442=ORIENTED_EDGE('',*,*,#756,.F.);
#443=ORIENTED_EDGE('',*,*,#712,.T.);
#444=ORIENTED_EDGE('',*,*,#757,.F.);
#445=ORIENTED_EDGE('',*,*,#678,.T.);
#446=ORIENTED_EDGE('',*,*,#758,.F.);
#447=ORIENTED_EDGE('',*,*,#690,.T.);
#448=ORIENTED_EDGE('',*,*,#759,.F.);
#449=ORIENTED_EDGE('',*,*,#656,.T.);
#450=ORIENTED_EDGE('',*,*,#760,.F.);
#451=ORIENTED_EDGE('',*,*,#668,.T.);
#452=ORIENTED_EDGE('',*,*,#761,.F.);
#453=ORIENTED_EDGE('',*,*,#634,.T.);
#454=ORIENTED_EDGE('',*,*,#762,.F.);
#455=ORIENTED_EDGE('',*,*,#763,.F.);
#456=ORIENTED_EDGE('',*,*,#764,.T.);
#457=ORIENTED_EDGE('',*,*,#765,.T.);
#458=ORIENTED_EDGE('',*,*,#751,.T.);
#459=ORIENTED_EDGE('',*,*,#753,.T.);
#460=ORIENTED_EDGE('',*,*,#719,.F.);
#461=ORIENTED_EDGE('',*,*,#766,.T.);
#462=ORIENTED_EDGE('',*,*,#737,.T.);
#463=ORIENTED_EDGE('',*,*,#754,.T.);
#464=ORIENTED_EDGE('',*,*,#697,.F.);
#465=ORIENTED_EDGE('',*,*,#767,.T.);
#466=ORIENTED_EDGE('',*,*,#715,.T.);
#467=ORIENTED_EDGE('',*,*,#756,.T.);
#468=ORIENTED_EDGE('',*,*,#675,.F.);
#469=ORIENTED_EDGE('',*,*,#768,.T.);
#470=ORIENTED_EDGE('',*,*,#693,.T.);
#471=ORIENTED_EDGE('',*,*,#758,.T.);
#472=ORIENTED_EDGE('',*,*,#653,.F.);
#473=ORIENTED_EDGE('',*,*,#769,.T.);
#474=ORIENTED_EDGE('',*,*,#671,.T.);
#475=ORIENTED_EDGE('',*,*,#760,.T.);
#476=ORIENTED_EDGE('',*,*,#631,.F.);
#477=ORIENTED_EDGE('',*,*,#770,.T.);
#478=ORIENTED_EDGE('',*,*,#649,.T.);
#479=ORIENTED_EDGE('',*,*,#750,.T.);
#480=ORIENTED_EDGE('',*,*,#728,.F.);
#481=ORIENTED_EDGE('',*,*,#725,.T.);
#482=ORIENTED_EDGE('',*,*,#752,.T.);
#483=ORIENTED_EDGE('',*,*,#643,.T.);
#484=ORIENTED_EDGE('',*,*,#640,.F.);
#485=ORIENTED_EDGE('',*,*,#637,.T.);
#486=ORIENTED_EDGE('',*,*,#761,.T.);
#487=ORIENTED_EDGE('',*,*,#665,.T.);
#488=ORIENTED_EDGE('',*,*,#662,.F.);
#489=ORIENTED_EDGE('',*,*,#659,.T.);
#490=ORIENTED_EDGE('',*,*,#759,.T.);
#491=ORIENTED_EDGE('',*,*,#687,.T.);
#492=ORIENTED_EDGE('',*,*,#684,.F.);
#493=ORIENTED_EDGE('',*,*,#681,.T.);
#494=ORIENTED_EDGE('',*,*,#757,.T.);
#495=ORIENTED_EDGE('',*,*,#709,.T.);
#496=ORIENTED_EDGE('',*,*,#706,.F.);
#497=ORIENTED_EDGE('',*,*,#703,.T.);
#498=ORIENTED_EDGE('',*,*,#755,.T.);
#499=ORIENTED_EDGE('',*,*,#731,.T.);
#500=ORIENTED_EDGE('',*,*,#738,.F.);
#501=ORIENTED_EDGE('',*,*,#768,.F.);
#502=ORIENTED_EDGE('',*,*,#674,.T.);
#503=ORIENTED_EDGE('',*,*,#771,.F.);
#504=ORIENTED_EDGE('',*,*,#772,.F.);
#505=ORIENTED_EDGE('',*,*,#773,.F.);
#506=ORIENTED_EDGE('',*,*,#691,.F.);
#507=ORIENTED_EDGE('',*,*,#774,.F.);
#508=ORIENTED_EDGE('',*,*,#683,.T.);
#509=ORIENTED_EDGE('',*,*,#775,.T.);
#510=ORIENTED_EDGE('',*,*,#772,.T.);
#511=ORIENTED_EDGE('',*,*,#771,.T.);
#512=ORIENTED_EDGE('',*,*,#673,.T.);
#513=ORIENTED_EDGE('',*,*,#677,.T.);
#514=ORIENTED_EDGE('',*,*,#680,.T.);
#515=ORIENTED_EDGE('',*,*,#774,.T.);
#516=ORIENTED_EDGE('',*,*,#775,.F.);
#517=ORIENTED_EDGE('',*,*,#686,.T.);
#518=ORIENTED_EDGE('',*,*,#689,.T.);
#519=ORIENTED_EDGE('',*,*,#692,.T.);
#520=ORIENTED_EDGE('',*,*,#773,.T.);
#521=ORIENTED_EDGE('',*,*,#767,.F.);
#522=ORIENTED_EDGE('',*,*,#696,.T.);
#523=ORIENTED_EDGE('',*,*,#776,.F.);
#524=ORIENTED_EDGE('',*,*,#777,.F.);
#525=ORIENTED_EDGE('',*,*,#778,.F.);
#526=ORIENTED_EDGE('',*,*,#713,.F.);
#527=ORIENTED_EDGE('',*,*,#779,.F.);
#528=ORIENTED_EDGE('',*,*,#705,.T.);
#529=ORIENTED_EDGE('',*,*,#780,.T.);
#530=ORIENTED_EDGE('',*,*,#777,.T.);
#531=ORIENTED_EDGE('',*,*,#776,.T.);
#532=ORIENTED_EDGE('',*,*,#695,.T.);
#533=ORIENTED_EDGE('',*,*,#699,.T.);
#534=ORIENTED_EDGE('',*,*,#702,.T.);
#535=ORIENTED_EDGE('',*,*,#779,.T.);
#536=ORIENTED_EDGE('',*,*,#780,.F.);
#537=ORIENTED_EDGE('',*,*,#708,.T.);
#538=ORIENTED_EDGE('',*,*,#711,.T.);
#539=ORIENTED_EDGE('',*,*,#714,.T.);
#540=ORIENTED_EDGE('',*,*,#778,.T.);
#541=ORIENTED_EDGE('',*,*,#769,.F.);
#542=ORIENTED_EDGE('',*,*,#652,.T.);
#543=ORIENTED_EDGE('',*,*,#781,.F.);
#544=ORIENTED_EDGE('',*,*,#782,.F.);
#545=ORIENTED_EDGE('',*,*,#783,.F.);
#546=ORIENTED_EDGE('',*,*,#669,.F.);
#547=ORIENTED_EDGE('',*,*,#784,.F.);
#548=ORIENTED_EDGE('',*,*,#661,.T.);
#549=ORIENTED_EDGE('',*,*,#785,.T.);
#550=ORIENTED_EDGE('',*,*,#782,.T.);
#551=ORIENTED_EDGE('',*,*,#781,.T.);
#552=ORIENTED_EDGE('',*,*,#651,.T.);
#553=ORIENTED_EDGE('',*,*,#655,.T.);
#554=ORIENTED_EDGE('',*,*,#658,.T.);
#555=ORIENTED_EDGE('',*,*,#784,.T.);
#556=ORIENTED_EDGE('',*,*,#785,.F.);
#557=ORIENTED_EDGE('',*,*,#664,.T.);
#558=ORIENTED_EDGE('',*,*,#667,.T.);
#559=ORIENTED_EDGE('',*,*,#670,.T.);
#560=ORIENTED_EDGE('',*,*,#783,.T.);
#561=ORIENTED_EDGE('',*,*,#766,.F.);
#562=ORIENTED_EDGE('',*,*,#718,.T.);
#563=ORIENTED_EDGE('',*,*,#786,.F.);
#564=ORIENTED_EDGE('',*,*,#787,.F.);
#565=ORIENTED_EDGE('',*,*,#788,.F.);
#566=ORIENTED_EDGE('',*,*,#735,.F.);
#567=ORIENTED_EDGE('',*,*,#789,.F.);
#568=ORIENTED_EDGE('',*,*,#727,.T.);
#569=ORIENTED_EDGE('',*,*,#790,.T.);
#570=ORIENTED_EDGE('',*,*,#787,.T.);
#571=ORIENTED_EDGE('',*,*,#786,.T.);
#572=ORIENTED_EDGE('',*,*,#717,.T.);
#573=ORIENTED_EDGE('',*,*,#721,.T.);
#574=ORIENTED_EDGE('',*,*,#724,.T.);
#575=ORIENTED_EDGE('',*,*,#789,.T.);
#576=ORIENTED_EDGE('',*,*,#790,.F.);
#577=ORIENTED_EDGE('',*,*,#730,.T.);
#578=ORIENTED_EDGE('',*,*,#733,.T.);
#579=ORIENTED_EDGE('',*,*,#736,.T.);
#580=ORIENTED_EDGE('',*,*,#788,.T.);
#581=ORIENTED_EDGE('',*,*,#770,.F.);
#582=ORIENTED_EDGE('',*,*,#630,.T.);
#583=ORIENTED_EDGE('',*,*,#791,.F.);
#584=ORIENTED_EDGE('',*,*,#792,.F.);
#585=ORIENTED_EDGE('',*,*,#793,.F.);
#586=ORIENTED_EDGE('',*,*,#647,.F.);
#587=ORIENTED_EDGE('',*,*,#794,.F.);
#588=ORIENTED_EDGE('',*,*,#639,.T.);
#589=ORIENTED_EDGE('',*,*,#795,.T.);
#590=ORIENTED_EDGE('',*,*,#792,.T.);
#591=ORIENTED_EDGE('',*,*,#791,.T.);
#592=ORIENTED_EDGE('',*,*,#629,.T.);
#593=ORIENTED_EDGE('',*,*,#633,.T.);
#594=ORIENTED_EDGE('',*,*,#636,.T.);
#595=ORIENTED_EDGE('',*,*,#794,.T.);
#596=ORIENTED_EDGE('',*,*,#795,.F.);
#597=ORIENTED_EDGE('',*,*,#642,.T.);
#598=ORIENTED_EDGE('',*,*,#645,.T.);
#599=ORIENTED_EDGE('',*,*,#648,.T.);
#600=ORIENTED_EDGE('',*,*,#793,.T.);
#601=ORIENTED_EDGE('',*,*,#740,.T.);
#602=ORIENTED_EDGE('',*,*,#742,.F.);
#603=ORIENTED_EDGE('',*,*,#739,.T.);
#604=ORIENTED_EDGE('',*,*,#741,.F.);
#605=ORIENTED_EDGE('',*,*,#796,.F.);
#606=ORIENTED_EDGE('',*,*,#796,.T.);
#607=ORIENTED_EDGE('',*,*,#743,.T.);
#608=ORIENTED_EDGE('',*,*,#797,.T.);
#609=ORIENTED_EDGE('',*,*,#744,.T.);
#610=ORIENTED_EDGE('',*,*,#764,.F.);
#611=ORIENTED_EDGE('',*,*,#745,.F.);
#612=ORIENTED_EDGE('',*,*,#798,.F.);
#613=ORIENTED_EDGE('',*,*,#797,.F.);
#614=ORIENTED_EDGE('',*,*,#798,.T.);
#615=ORIENTED_EDGE('',*,*,#799,.T.);
#616=ORIENTED_EDGE('',*,*,#765,.F.);
#617=ORIENTED_EDGE('',*,*,#799,.F.);
#618=ORIENTED_EDGE('',*,*,#762,.T.);
#619=ORIENTED_EDGE('',*,*,#800,.F.);
#620=ORIENTED_EDGE('',*,*,#763,.T.);
#621=ORIENTED_EDGE('',*,*,#801,.F.);
#622=ORIENTED_EDGE('',*,*,#747,.F.);
#623=ORIENTED_EDGE('',*,*,#746,.T.);
#624=ORIENTED_EDGE('',*,*,#800,.T.);
#625=ORIENTED_EDGE('',*,*,#749,.F.);
#626=ORIENTED_EDGE('',*,*,#801,.T.);
#627=ORIENTED_EDGE('',*,*,#748,.T.);
#628=EDGE_CURVE('',#802,#803,#916,.T.);
#629=EDGE_CURVE('',#804,#803,#100,.T.);
#630=EDGE_CURVE('',#805,#804,#101,.T.);
#631=EDGE_CURVE('',#805,#802,#102,.T.);
#632=EDGE_CURVE('',#806,#807,#103,.T.);
#633=EDGE_CURVE('',#803,#806,#917,.T.);
#634=EDGE_CURVE('',#807,#802,#918,.T.);
#635=EDGE_CURVE('',#808,#809,#104,.T.);
#636=EDGE_CURVE('',#806,#809,#105,.T.);
#637=EDGE_CURVE('',#808,#807,#106,.T.);
#638=EDGE_CURVE('',#810,#811,#107,.T.);
#639=EDGE_CURVE('',#809,#811,#31,.T.);
#640=EDGE_CURVE('',#808,#810,#32,.T.);
#641=EDGE_CURVE('',#812,#813,#108,.T.);
#642=EDGE_CURVE('',#811,#813,#109,.T.);
#643=EDGE_CURVE('',#812,#810,#110,.T.);
#644=EDGE_CURVE('',#814,#815,#919,.T.);
#645=EDGE_CURVE('',#813,#814,#920,.T.);
#646=EDGE_CURVE('',#815,#812,#921,.T.);
#647=EDGE_CURVE('',#816,#817,#111,.T.);
#648=EDGE_CURVE('',#814,#817,#112,.T.);
#649=EDGE_CURVE('',#816,#815,#113,.T.);
#650=EDGE_CURVE('',#818,#819,#922,.T.);
#651=EDGE_CURVE('',#820,#819,#114,.T.);
#652=EDGE_CURVE('',#821,#820,#115,.T.);
#653=EDGE_CURVE('',#821,#818,#116,.T.);
#654=EDGE_CURVE('',#822,#823,#117,.T.);
#655=EDGE_CURVE('',#819,#822,#923,.T.);
#656=EDGE_CURVE('',#823,#818,#924,.T.);
#657=EDGE_CURVE('',#824,#825,#118,.T.);
#658=EDGE_CURVE('',#822,#825,#119,.T.);
#659=EDGE_CURVE('',#824,#823,#120,.T.);
#660=EDGE_CURVE('',#826,#827,#121,.T.);
#661=EDGE_CURVE('',#825,#827,#33,.T.);
#662=EDGE_CURVE('',#824,#826,#34,.T.);
#663=EDGE_CURVE('',#828,#829,#122,.T.);
#664=EDGE_CURVE('',#827,#829,#123,.T.);
#665=EDGE_CURVE('',#828,#826,#124,.T.);
#666=EDGE_CURVE('',#830,#831,#925,.T.);
#667=EDGE_CURVE('',#829,#830,#926,.T.);
#668=EDGE_CURVE('',#831,#828,#927,.T.);
#669=EDGE_CURVE('',#832,#833,#125,.T.);
#670=EDGE_CURVE('',#830,#833,#126,.T.);
#671=EDGE_CURVE('',#832,#831,#127,.T.);
#672=EDGE_CURVE('',#834,#835,#928,.T.);
#673=EDGE_CURVE('',#836,#835,#128,.T.);
#674=EDGE_CURVE('',#837,#836,#129,.T.);
#675=EDGE_CURVE('',#837,#834,#130,.T.);
#676=EDGE_CURVE('',#838,#839,#131,.T.);
#677=EDGE_CURVE('',#835,#838,#929,.T.);
#678=EDGE_CURVE('',#839,#834,#930,.T.);
#679=EDGE_CURVE('',#840,#841,#132,.T.);
#680=EDGE_CURVE('',#838,#841,#133,.T.);
#681=EDGE_CURVE('',#840,#839,#134,.T.);
#682=EDGE_CURVE('',#842,#843,#135,.T.);
#683=EDGE_CURVE('',#841,#843,#35,.T.);
#684=EDGE_CURVE('',#840,#842,#36,.T.);
#685=EDGE_CURVE('',#844,#845,#136,.T.);
#686=EDGE_CURVE('',#843,#845,#137,.T.);
#687=EDGE_CURVE('',#844,#842,#138,.T.);
#688=EDGE_CURVE('',#846,#847,#931,.T.);
#689=EDGE_CURVE('',#845,#846,#932,.T.);
#690=EDGE_CURVE('',#847,#844,#933,.T.);
#691=EDGE_CURVE('',#848,#849,#139,.T.);
#692=EDGE_CURVE('',#846,#849,#140,.T.);
#693=EDGE_CURVE('',#848,#847,#141,.T.);
#694=EDGE_CURVE('',#850,#851,#934,.T.);
#695=EDGE_CURVE('',#852,#851,#142,.T.);
#696=EDGE_CURVE('',#853,#852,#143,.T.);
#697=EDGE_CURVE('',#853,#850,#144,.T.);
#698=EDGE_CURVE('',#854,#855,#145,.T.);
#699=EDGE_CURVE('',#851,#854,#935,.T.);
#700=EDGE_CURVE('',#855,#850,#936,.T.);
#701=EDGE_CURVE('',#856,#857,#146,.T.);
#702=EDGE_CURVE('',#854,#857,#147,.T.);
#703=EDGE_CURVE('',#856,#855,#148,.T.);
#704=EDGE_CURVE('',#858,#859,#149,.T.);
#705=EDGE_CURVE('',#857,#859,#37,.T.);
#706=EDGE_CURVE('',#856,#858,#38,.T.);
#707=EDGE_CURVE('',#860,#861,#150,.T.);
#708=EDGE_CURVE('',#859,#861,#151,.T.);
#709=EDGE_CURVE('',#860,#858,#152,.T.);
#710=EDGE_CURVE('',#862,#863,#937,.T.);
#711=EDGE_CURVE('',#861,#862,#938,.T.);
#712=EDGE_CURVE('',#863,#860,#939,.T.);
#713=EDGE_CURVE('',#864,#865,#153,.T.);
#714=EDGE_CURVE('',#862,#865,#154,.T.);
#715=EDGE_CURVE('',#864,#863,#155,.T.);
#716=EDGE_CURVE('',#866,#867,#940,.T.);
#717=EDGE_CURVE('',#868,#867,#156,.T.);
#718=EDGE_CURVE('',#869,#868,#157,.T.);
#719=EDGE_CURVE('',#869,#866,#158,.T.);
#720=EDGE_CURVE('',#870,#871,#159,.T.);
#721=EDGE_CURVE('',#867,#870,#941,.T.);
#722=EDGE_CURVE('',#871,#866,#942,.T.);
#723=EDGE_CURVE('',#872,#873,#160,.T.);
#724=EDGE_CURVE('',#870,#873,#161,.T.);
#725=EDGE_CURVE('',#872,#871,#162,.T.);
#726=EDGE_CURVE('',#874,#875,#163,.T.);
#727=EDGE_CURVE('',#873,#875,#39,.T.);
#728=EDGE_CURVE('',#872,#874,#40,.T.);
#729=EDGE_CURVE('',#876,#877,#164,.T.);
#730=EDGE_CURVE('',#875,#877,#165,.T.);
#731=EDGE_CURVE('',#876,#874,#166,.T.);
#732=EDGE_CURVE('',#878,#879,#943,.T.);
#733=EDGE_CURVE('',#877,#878,#944,.T.);
#734=EDGE_CURVE('',#879,#876,#945,.T.);
#735=EDGE_CURVE('',#880,#881,#167,.T.);
#736=EDGE_CURVE('',#878,#881,#168,.T.);
#737=EDGE_CURVE('',#880,#879,#169,.T.);
#738=EDGE_CURVE('',#882,#882,#41,.T.);
#739=EDGE_CURVE('',#883,#883,#42,.T.);
#740=EDGE_CURVE('',#884,#884,#43,.T.);
#741=EDGE_CURVE('',#885,#885,#44,.T.);
#742=EDGE_CURVE('',#886,#886,#45,.T.);
#743=EDGE_CURVE('',#887,#887,#46,.T.);
#744=EDGE_CURVE('',#888,#888,#47,.T.);
#745=EDGE_CURVE('',#889,#889,#48,.T.);
#746=EDGE_CURVE('',#890,#890,#49,.T.);
#747=EDGE_CURVE('',#891,#891,#50,.T.);
#748=EDGE_CURVE('',#892,#892,#51,.T.);
#749=EDGE_CURVE('',#893,#893,#52,.T.);
#750=EDGE_CURVE('',#894,#894,#946,.T.);
#751=EDGE_CURVE('',#895,#895,#947,.T.);
#752=EDGE_CURVE('',#871,#812,#53,.T.);
#753=EDGE_CURVE('',#815,#866,#948,.T.);
#754=EDGE_CURVE('',#879,#850,#949,.T.);
#755=EDGE_CURVE('',#855,#876,#54,.T.);
#756=EDGE_CURVE('',#863,#834,#950,.T.);
#757=EDGE_CURVE('',#839,#860,#55,.T.);
#758=EDGE_CURVE('',#847,#818,#951,.T.);
#759=EDGE_CURVE('',#823,#844,#56,.T.);
#760=EDGE_CURVE('',#831,#802,#952,.T.);
#761=EDGE_CURVE('',#807,#828,#57,.T.);
#762=EDGE_CURVE('',#896,#896,#58,.T.);
#763=EDGE_CURVE('',#897,#897,#59,.T.);
#764=EDGE_CURVE('',#898,#898,#60,.T.);
#765=EDGE_CURVE('',#899,#899,#61,.T.);
#766=EDGE_CURVE('',#869,#880,#62,.T.);
#767=EDGE_CURVE('',#853,#864,#63,.T.);
#768=EDGE_CURVE('',#837,#848,#64,.T.);
#769=EDGE_CURVE('',#821,#832,#65,.T.);
#770=EDGE_CURVE('',#805,#816,#66,.T.);
#771=EDGE_CURVE('',#900,#836,#170,.T.);
#772=EDGE_CURVE('',#901,#900,#67,.T.);
#773=EDGE_CURVE('',#849,#901,#171,.T.);
#774=EDGE_CURVE('',#841,#900,#172,.T.);
#775=EDGE_CURVE('',#843,#901,#173,.T.);
#776=EDGE_CURVE('',#902,#852,#174,.T.);
#777=EDGE_CURVE('',#903,#902,#68,.T.);
#778=EDGE_CURVE('',#865,#903,#175,.T.);
#779=EDGE_CURVE('',#857,#902,#176,.T.);
#780=EDGE_CURVE('',#859,#903,#177,.T.);
#781=EDGE_CURVE('',#904,#820,#178,.T.);
#782=EDGE_CURVE('',#905,#904,#69,.T.);
#783=EDGE_CURVE('',#833,#905,#179,.T.);
#784=EDGE_CURVE('',#825,#904,#180,.T.);
#785=EDGE_CURVE('',#827,#905,#181,.T.);
#786=EDGE_CURVE('',#906,#868,#182,.T.);
#787=EDGE_CURVE('',#907,#906,#70,.T.);
#788=EDGE_CURVE('',#881,#907,#183,.T.);
#789=EDGE_CURVE('',#873,#906,#184,.T.);
#790=EDGE_CURVE('',#875,#907,#185,.T.);
#791=EDGE_CURVE('',#908,#804,#186,.T.);
#792=EDGE_CURVE('',#909,#908,#71,.T.);
#793=EDGE_CURVE('',#817,#909,#187,.T.);
#794=EDGE_CURVE('',#809,#908,#188,.T.);
#795=EDGE_CURVE('',#811,#909,#189,.T.);
#796=EDGE_CURVE('',#910,#910,#72,.T.);
#797=EDGE_CURVE('',#911,#911,#73,.T.);
#798=EDGE_CURVE('',#912,#912,#74,.T.);
#799=EDGE_CURVE('',#913,#913,#75,.T.);
#800=EDGE_CURVE('',#914,#914,#76,.T.);
#801=EDGE_CURVE('',#915,#915,#77,.T.);
#802=VERTEX_POINT('',#2341);
#803=VERTEX_POINT('',#2342);
#804=VERTEX_POINT('',#2344);
#805=VERTEX_POINT('',#2346);
#806=VERTEX_POINT('',#2379);
#807=VERTEX_POINT('',#2380);
#808=VERTEX_POINT('',#2395);
#809=VERTEX_POINT('',#2396);
#810=VERTEX_POINT('',#2401);
#811=VERTEX_POINT('',#2402);
#812=VERTEX_POINT('',#2407);
#813=VERTEX_POINT('',#2408);
#814=VERTEX_POINT('',#2454);
#815=VERTEX_POINT('',#2455);
#816=VERTEX_POINT('',#2470);
#817=VERTEX_POINT('',#2471);
#818=VERTEX_POINT('',#2479);
#819=VERTEX_POINT('',#2480);
#820=VERTEX_POINT('',#2482);
#821=VERTEX_POINT('',#2484);
#822=VERTEX_POINT('',#2517);
#823=VERTEX_POINT('',#2518);
#824=VERTEX_POINT('',#2533);
#825=VERTEX_POINT('',#2534);
#826=VERTEX_POINT('',#2539);
#827=VERTEX_POINT('',#2540);
#828=VERTEX_POINT('',#2545);
#829=VERTEX_POINT('',#2546);
#830=VERTEX_POINT('',#2592);
#831=VERTEX_POINT('',#2593);
#832=VERTEX_POINT('',#2608);
#833=VERTEX_POINT('',#2609);
#834=VERTEX_POINT('',#2617);
#835=VERTEX_POINT('',#2618);
#836=VERTEX_POINT('',#2620);
#837=VERTEX_POINT('',#2622);
#838=VERTEX_POINT('',#2655);
#839=VERTEX_POINT('',#2656);
#840=VERTEX_POINT('',#2671);
#841=VERTEX_POINT('',#2672);
#842=VERTEX_POINT('',#2677);
#843=VERTEX_POINT('',#2678);
#844=VERTEX_POINT('',#2683);
#845=VERTEX_POINT('',#2684);
#846=VERTEX_POINT('',#2730);
#847=VERTEX_POINT('',#2731);
#848=VERTEX_POINT('',#2746);
#849=VERTEX_POINT('',#2747);
#850=VERTEX_POINT('',#2755);
#851=VERTEX_POINT('',#2756);
#852=VERTEX_POINT('',#2758);
#853=VERTEX_POINT('',#2760);
#854=VERTEX_POINT('',#2793);
#855=VERTEX_POINT('',#2794);
#856=VERTEX_POINT('',#2809);
#857=VERTEX_POINT('',#2810);
#858=VERTEX_POINT('',#2815);
#859=VERTEX_POINT('',#2816);
#860=VERTEX_POINT('',#2821);
#861=VERTEX_POINT('',#2822);
#862=VERTEX_POINT('',#2868);
#863=VERTEX_POINT('',#2869);
#864=VERTEX_POINT('',#2884);
#865=VERTEX_POINT('',#2885);
#866=VERTEX_POINT('',#2893);
#867=VERTEX_POINT('',#2894);
#868=VERTEX_POINT('',#2896);
#869=VERTEX_POINT('',#2898);
#870=VERTEX_POINT('',#2931);
#871=VERTEX_POINT('',#2932);
#872=VERTEX_POINT('',#2947);
#873=VERTEX_POINT('',#2948);
#874=VERTEX_POINT('',#2953);
#875=VERTEX_POINT('',#2954);
#876=VERTEX_POINT('',#2959);
#877=VERTEX_POINT('',#2960);
#878=VERTEX_POINT('',#3006);
#879=VERTEX_POINT('',#3007);
#880=VERTEX_POINT('',#3022);
#881=VERTEX_POINT('',#3023);
#882=VERTEX_POINT('',#3028);
#883=VERTEX_POINT('',#3030);
#884=VERTEX_POINT('',#3033);
#885=VERTEX_POINT('',#3035);
#886=VERTEX_POINT('',#3038);
#887=VERTEX_POINT('',#3040);
#888=VERTEX_POINT('',#3043);
#889=VERTEX_POINT('',#3045);
#890=VERTEX_POINT('',#3048);
#891=VERTEX_POINT('',#3050);
#892=VERTEX_POINT('',#3053);
#893=VERTEX_POINT('',#3055);
#894=VERTEX_POINT('',#3177);
#895=VERTEX_POINT('',#3212);
#896=VERTEX_POINT('',#3325);
#897=VERTEX_POINT('',#3327);
#898=VERTEX_POINT('',#3330);
#899=VERTEX_POINT('',#3332);
#900=VERTEX_POINT('',#3342);
#901=VERTEX_POINT('',#3344);
#902=VERTEX_POINT('',#3353);
#903=VERTEX_POINT('',#3355);
#904=VERTEX_POINT('',#3364);
#905=VERTEX_POINT('',#3366);
#906=VERTEX_POINT('',#3375);
#907=VERTEX_POINT('',#3377);
#908=VERTEX_POINT('',#3386);
#909=VERTEX_POINT('',#3388);
#910=VERTEX_POINT('',#3399);
#911=VERTEX_POINT('',#3403);
#912=VERTEX_POINT('',#3407);
#913=VERTEX_POINT('',#3411);
#914=VERTEX_POINT('',#3415);
#915=VERTEX_POINT('',#3418);
#916=B_SPLINE_CURVE_WITH_KNOTS('',3,(#2337,#2338,#2339,#2340),
 .UNSPECIFIED.,.F.,.F.,(4,4),(0.,1.),.UNSPECIFIED.);
#917=B_SPLINE_CURVE_WITH_KNOTS('',3,(#2381,#2382,#2383,#2384,#2385),
 .UNSPECIFIED.,.F.,.F.,(4,1,4),(0.,0.000497021589961527,0.000994043179923055),
 .UNSPECIFIED.);
#918=B_SPLINE_CURVE_WITH_KNOTS('',3,(#2386,#2387,#2388,#2389,#2390,#2391,
#2392),.UNSPECIFIED.,.F.,.F.,(4,1,1,1,4),(0.,0.000404109560767976,0.000808219121535953,
0.00121232868230393,0.00161643824307191),.UNSPECIFIED.);
#919=B_SPLINE_CURVE_WITH_KNOTS('',3,(#2450,#2451,#2452,#2453),
 .UNSPECIFIED.,.F.,.F.,(4,4),(0.,1.),.UNSPECIFIED.);
#920=B_SPLINE_CURVE_WITH_KNOTS('',3,(#2456,#2457,#2458,#2459,#2460),
 .UNSPECIFIED.,.F.,.F.,(4,1,4),(0.,0.000497164635506726,0.000994329271013453),
 .UNSPECIFIED.);
#921=B_SPLINE_CURVE_WITH_KNOTS('',3,(#2461,#2462,#2463,#2464,#2465,#2466,
#2467),.UNSPECIFIED.,.F.,.F.,(4,1,1,1,4),(0.,0.000404060277571774,0.000808120555143548,
0.00121218083271532,0.0016162411102871),.UNSPECIFIED.);
#922=B_SPLINE_CURVE_WITH_KNOTS('',3,(#2475,#2476,#2477,#2478),
 .UNSPECIFIED.,.F.,.F.,(4,4),(0.,1.),.UNSPECIFIED.);
#923=B_SPLINE_CURVE_WITH_KNOTS('',3,(#2519,#2520,#2521,#2522,#2523),
 .UNSPECIFIED.,.F.,.F.,(4,1,4),(0.,0.000497021589961025,0.00099404317992205),
 .UNSPECIFIED.);
#924=B_SPLINE_CURVE_WITH_KNOTS('',3,(#2524,#2525,#2526,#2527,#2528,#2529,
#2530),.UNSPECIFIED.,.F.,.F.,(4,1,1,1,4),(0.,0.000404109560767646,0.000808219121535293,
0.00121232868230294,0.00161643824307059),.UNSPECIFIED.);
#925=B_SPLINE_CURVE_WITH_KNOTS('',3,(#2588,#2589,#2590,#2591),
 .UNSPECIFIED.,.F.,.F.,(4,4),(0.,1.),.UNSPECIFIED.);
#926=B_SPLINE_CURVE_WITH_KNOTS('',3,(#2594,#2595,#2596,#2597,#2598),
 .UNSPECIFIED.,.F.,.F.,(4,1,4),(0.,0.000497164635506095,0.000994329271012191),
 .UNSPECIFIED.);
#927=B_SPLINE_CURVE_WITH_KNOTS('',3,(#2599,#2600,#2601,#2602,#2603,#2604,
#2605),.UNSPECIFIED.,.F.,.F.,(4,1,1,1,4),(0.,0.000404060277571345,0.00080812055514269,
0.00121218083271404,0.00161624111028538),.UNSPECIFIED.);
#928=B_SPLINE_CURVE_WITH_KNOTS('',3,(#2613,#2614,#2615,#2616),
 .UNSPECIFIED.,.F.,.F.,(4,4),(0.,1.),.UNSPECIFIED.);
#929=B_SPLINE_CURVE_WITH_KNOTS('',3,(#2657,#2658,#2659,#2660,#2661),
 .UNSPECIFIED.,.F.,.F.,(4,1,4),(1.38777878078145E-17,0.000497021589955422,
0.00099404317991083),.UNSPECIFIED.);
#930=B_SPLINE_CURVE_WITH_KNOTS('',3,(#2662,#2663,#2664,#2665,#2666,#2667,
#2668),.UNSPECIFIED.,.F.,.F.,(4,1,1,1,4),(0.,0.000404109560763674,0.000808219121527348,
0.00121232868229102,0.0016164382430547),.UNSPECIFIED.);
#931=B_SPLINE_CURVE_WITH_KNOTS('',3,(#2726,#2727,#2728,#2729),
 .UNSPECIFIED.,.F.,.F.,(4,4),(0.,1.),.UNSPECIFIED.);
#932=B_SPLINE_CURVE_WITH_KNOTS('',3,(#2732,#2733,#2734,#2735,#2736),
 .UNSPECIFIED.,.F.,.F.,(4,1,4),(0.,0.000497164635502496,0.000994329271004993),
 .UNSPECIFIED.);
#933=B_SPLINE_CURVE_WITH_KNOTS('',3,(#2737,#2738,#2739,#2740,#2741,#2742,
#2743),.UNSPECIFIED.,.F.,.F.,(4,1,1,1,4),(0.,0.000404060277569511,0.000808120555139022,
0.00121218083270853,0.00161624111027804),.UNSPECIFIED.);
#934=B_SPLINE_CURVE_WITH_KNOTS('',3,(#2751,#2752,#2753,#2754),
 .UNSPECIFIED.,.F.,.F.,(4,4),(0.,1.),.UNSPECIFIED.);
#935=B_SPLINE_CURVE_WITH_KNOTS('',3,(#2795,#2796,#2797,#2798,#2799),
 .UNSPECIFIED.,.F.,.F.,(4,1,4),(0.,0.000497021589963246,0.000994043179926493),
 .UNSPECIFIED.);
#936=B_SPLINE_CURVE_WITH_KNOTS('',3,(#2800,#2801,#2802,#2803,#2804,#2805,
#2806),.UNSPECIFIED.,.F.,.F.,(4,1,1,1,4),(0.,0.000404109560769084,0.000808219121538168,
0.00121232868230725,0.00161643824307634),.UNSPECIFIED.);
#937=B_SPLINE_CURVE_WITH_KNOTS('',3,(#2864,#2865,#2866,#2867),
 .UNSPECIFIED.,.F.,.F.,(4,4),(0.,1.),.UNSPECIFIED.);
#938=B_SPLINE_CURVE_WITH_KNOTS('',3,(#2870,#2871,#2872,#2873,#2874),
 .UNSPECIFIED.,.F.,.F.,(4,1,4),(0.,0.000497164635503681,0.000994329271007361),
 .UNSPECIFIED.);
#939=B_SPLINE_CURVE_WITH_KNOTS('',3,(#2875,#2876,#2877,#2878,#2879,#2880,
#2881),.UNSPECIFIED.,.F.,.F.,(4,1,1,1,4),(0.,0.000404060277570086,0.000808120555140173,
0.00121218083271026,0.00161624111028035),.UNSPECIFIED.);
#940=B_SPLINE_CURVE_WITH_KNOTS('',3,(#2889,#2890,#2891,#2892),
 .UNSPECIFIED.,.F.,.F.,(4,4),(0.,1.),.UNSPECIFIED.);
#941=B_SPLINE_CURVE_WITH_KNOTS('',3,(#2933,#2934,#2935,#2936,#2937),
 .UNSPECIFIED.,.F.,.F.,(4,1,4),(0.,0.000497021589959128,0.000994043179918257),
 .UNSPECIFIED.);
#942=B_SPLINE_CURVE_WITH_KNOTS('',3,(#2938,#2939,#2940,#2941,#2942,#2943,
#2944),.UNSPECIFIED.,.F.,.F.,(4,1,1,1,4),(0.,0.000404109560766365,0.00080821912153273,
0.0012123286822991,0.00161643824306546),.UNSPECIFIED.);
#943=B_SPLINE_CURVE_WITH_KNOTS('',3,(#3002,#3003,#3004,#3005),
 .UNSPECIFIED.,.F.,.F.,(4,4),(0.,1.),.UNSPECIFIED.);
#944=B_SPLINE_CURVE_WITH_KNOTS('',3,(#3008,#3009,#3010,#3011,#3012),
 .UNSPECIFIED.,.F.,.F.,(4,1,4),(0.,0.000497164635503545,0.000994329271007091),
 .UNSPECIFIED.);
#945=B_SPLINE_CURVE_WITH_KNOTS('',3,(#3013,#3014,#3015,#3016,#3017,#3018,
#3019),.UNSPECIFIED.,.F.,.F.,(4,1,1,1,4),(0.,0.000404060277570429,0.000808120555140857,
0.00121218083271129,0.00161624111028171),.UNSPECIFIED.);
#946=B_SPLINE_CURVE_WITH_KNOTS('',3,(#3158,#3159,#3160,#3161,#3162,#3163,
#3164,#3165,#3166,#3167,#3168,#3169,#3170,#3171,#3172,#3173,#3174,#3175,
#3176),.UNSPECIFIED.,.T.,.F.,(1,1,1,1,1,1,1,1,1,1,1,1,1,1,1,1,1,1,1,1,1,
1,1),(-0.1875,-0.125,-0.0625,0.,0.0625,0.125,0.1875,0.25,0.3125,0.375,0.4375,
0.5,0.5625,0.625,0.6875,0.75,0.8125,0.875,0.9375,1.,1.0625,1.125,1.1875),
 .UNSPECIFIED.);
#947=B_SPLINE_CURVE_WITH_KNOTS('',3,(#3178,#3179,#3180,#3181,#3182,#3183,
#3184,#3185,#3186,#3187,#3188,#3189,#3190,#3191,#3192,#3193,#3194,#3195,
#3196,#3197,#3198,#3199,#3200,#3201,#3202,#3203,#3204,#3205,#3206,#3207,
#3208,#3209,#3210,#3211),.UNSPECIFIED.,.T.,.F.,(4,2,2,2,2,2,2,2,2,2,2,2,
2,2,2,2,4),(1.5707963267949,1.96349540849362,2.35619449019234,2.74889357189107,
3.14159265358979,3.53429173528852,3.92699081698724,4.31968989868597,4.71238898038469,
5.10508806208341,5.49778714378214,5.89048622548086,6.28318530717958,6.67588438887831,
7.06858347057704,7.46128255227576,7.85398163397448),.UNSPECIFIED.);
#948=B_SPLINE_CURVE_WITH_KNOTS('',3,(#3230,#3231,#3232,#3233,#3234),
 .UNSPECIFIED.,.F.,.F.,(4,1,4),(0.,0.5,1.),.UNSPECIFIED.);
#949=B_SPLINE_CURVE_WITH_KNOTS('',3,(#3251,#3252,#3253,#3254,#3255),
 .UNSPECIFIED.,.F.,.F.,(4,1,4),(0.,0.5,1.),.UNSPECIFIED.);
#950=B_SPLINE_CURVE_WITH_KNOTS('',3,(#3273,#3274,#3275,#3276,#3277),
 .UNSPECIFIED.,.F.,.F.,(4,1,4),(0.,0.5,1.),.UNSPECIFIED.);
#951=B_SPLINE_CURVE_WITH_KNOTS('',3,(#3295,#3296,#3297,#3298,#3299),
 .UNSPECIFIED.,.F.,.F.,(4,1,4),(0.,0.5,1.),.UNSPECIFIED.);
#952=B_SPLINE_CURVE_WITH_KNOTS('',3,(#3317,#3318,#3319,#3320,#3321),
 .UNSPECIFIED.,.F.,.F.,(4,1,4),(0.,0.5,1.),.UNSPECIFIED.);
#953=EDGE_LOOP('',(#280,#281,#282,#283));
#954=EDGE_LOOP('',(#284,#285,#286,#287));
#955=EDGE_LOOP('',(#288,#289,#290,#291));
#956=EDGE_LOOP('',(#292,#293,#294,#295));
#957=EDGE_LOOP('',(#296,#297,#298,#299));
#958=EDGE_LOOP('',(#300,#301,#302,#303));
#959=EDGE_LOOP('',(#304,#305,#306,#307));
#960=EDGE_LOOP('',(#308,#309,#310,#311));
#961=EDGE_LOOP('',(#312,#313,#314,#315));
#962=EDGE_LOOP('',(#316,#317,#318,#319));
#963=EDGE_LOOP('',(#320,#321,#322,#323));
#964=EDGE_LOOP('',(#324,#325,#326,#327));
#965=EDGE_LOOP('',(#328,#329,#330,#331));
#966=EDGE_LOOP('',(#332,#333,#334,#335));
#967=EDGE_LOOP('',(#336,#337,#338,#339));
#968=EDGE_LOOP('',(#340,#341,#342,#343));
#969=EDGE_LOOP('',(#344,#345,#346,#347));
#970=EDGE_LOOP('',(#348,#349,#350,#351));
#971=EDGE_LOOP('',(#352,#353,#354,#355));
#972=EDGE_LOOP('',(#356,#357,#358,#359));
#973=EDGE_LOOP('',(#360,#361,#362,#363));
#974=EDGE_LOOP('',(#364,#365,#366,#367));
#975=EDGE_LOOP('',(#368,#369,#370,#371));
#976=EDGE_LOOP('',(#372,#373,#374,#375));
#977=EDGE_LOOP('',(#376,#377,#378,#379));
#978=EDGE_LOOP('',(#380,#381,#382,#383));
#979=EDGE_LOOP('',(#384,#385,#386,#387));
#980=EDGE_LOOP('',(#388,#389,#390,#391));
#981=EDGE_LOOP('',(#392,#393,#394,#395));
#982=EDGE_LOOP('',(#396,#397,#398,#399));
#983=EDGE_LOOP('',(#400,#401,#402,#403));
#984=EDGE_LOOP('',(#404,#405,#406,#407));
#985=EDGE_LOOP('',(#408,#409,#410,#411));
#986=EDGE_LOOP('',(#412,#413,#414,#415));
#987=EDGE_LOOP('',(#416,#417,#418,#419));
#988=EDGE_LOOP('',(#420));
#989=EDGE_LOOP('',(#421));
#990=EDGE_LOOP('',(#422));
#991=EDGE_LOOP('',(#423));
#992=EDGE_LOOP('',(#424));
#993=EDGE_LOOP('',(#425));
#994=EDGE_LOOP('',(#426));
#995=EDGE_LOOP('',(#427));
#996=EDGE_LOOP('',(#428));
#997=EDGE_LOOP('',(#429));
#998=EDGE_LOOP('',(#430));
#999=EDGE_LOOP('',(#431));
#1000=EDGE_LOOP('',(#432));
#1001=EDGE_LOOP('',(#433));
#1002=EDGE_LOOP('',(#434,#435,#436,#437));
#1003=EDGE_LOOP('',(#438,#439,#440,#441));
#1004=EDGE_LOOP('',(#442,#443,#444,#445));
#1005=EDGE_LOOP('',(#446,#447,#448,#449));
#1006=EDGE_LOOP('',(#450,#451,#452,#453));
#1007=EDGE_LOOP('',(#454));
#1008=EDGE_LOOP('',(#455));
#1009=EDGE_LOOP('',(#456));
#1010=EDGE_LOOP('',(#457));
#1011=EDGE_LOOP('',(#458));
#1012=EDGE_LOOP('',(#459,#460,#461,#462,#463,#464,#465,#466,#467,#468,#469,
#470,#471,#472,#473,#474,#475,#476,#477,#478));
#1013=EDGE_LOOP('',(#479));
#1014=EDGE_LOOP('',(#480,#481,#482,#483,#484,#485,#486,#487,#488,#489,#490,
#491,#492,#493,#494,#495,#496,#497,#498,#499));
#1015=EDGE_LOOP('',(#500));
#1016=EDGE_LOOP('',(#501,#502,#503,#504,#505,#506));
#1017=EDGE_LOOP('',(#507,#508,#509,#510));
#1018=EDGE_LOOP('',(#511,#512,#513,#514,#515));
#1019=EDGE_LOOP('',(#516,#517,#518,#519,#520));
#1020=EDGE_LOOP('',(#521,#522,#523,#524,#525,#526));
#1021=EDGE_LOOP('',(#527,#528,#529,#530));
#1022=EDGE_LOOP('',(#531,#532,#533,#534,#535));
#1023=EDGE_LOOP('',(#536,#537,#538,#539,#540));
#1024=EDGE_LOOP('',(#541,#542,#543,#544,#545,#546));
#1025=EDGE_LOOP('',(#547,#548,#549,#550));
#1026=EDGE_LOOP('',(#551,#552,#553,#554,#555));
#1027=EDGE_LOOP('',(#556,#557,#558,#559,#560));
#1028=EDGE_LOOP('',(#561,#562,#563,#564,#565,#566));
#1029=EDGE_LOOP('',(#567,#568,#569,#570));
#1030=EDGE_LOOP('',(#571,#572,#573,#574,#575));
#1031=EDGE_LOOP('',(#576,#577,#578,#579,#580));
#1032=EDGE_LOOP('',(#581,#582,#583,#584,#585,#586));
#1033=EDGE_LOOP('',(#587,#588,#589,#590));
#1034=EDGE_LOOP('',(#591,#592,#593,#594,#595));
#1035=EDGE_LOOP('',(#596,#597,#598,#599,#600));
#1036=EDGE_LOOP('',(#601));
#1037=EDGE_LOOP('',(#602));
#1038=EDGE_LOOP('',(#603));
#1039=EDGE_LOOP('',(#604));
#1040=EDGE_LOOP('',(#605));
#1041=EDGE_LOOP('',(#606));
#1042=EDGE_LOOP('',(#607));
#1043=EDGE_LOOP('',(#608));
#1044=EDGE_LOOP('',(#609));
#1045=EDGE_LOOP('',(#610));
#1046=EDGE_LOOP('',(#611));
#1047=EDGE_LOOP('',(#612));
#1048=EDGE_LOOP('',(#613));
#1049=EDGE_LOOP('',(#614));
#1050=EDGE_LOOP('',(#615));
#1051=EDGE_LOOP('',(#616));
#1052=EDGE_LOOP('',(#617));
#1053=EDGE_LOOP('',(#618));
#1054=EDGE_LOOP('',(#619));
#1055=EDGE_LOOP('',(#620));
#1056=EDGE_LOOP('',(#621));
#1057=EDGE_LOOP('',(#622));
#1058=EDGE_LOOP('',(#623));
#1059=EDGE_LOOP('',(#624));
#1060=EDGE_LOOP('',(#625));
#1061=EDGE_LOOP('',(#626));
#1062=EDGE_LOOP('',(#627));
#1063=FACE_BOUND('',#953,.T.);
#1064=FACE_BOUND('',#954,.T.);
#1065=FACE_BOUND('',#955,.T.);
#1066=FACE_BOUND('',#956,.T.);
#1067=FACE_BOUND('',#957,.T.);
#1068=FACE_BOUND('',#958,.T.);
#1069=FACE_BOUND('',#959,.T.);
#1070=FACE_BOUND('',#960,.T.);
#1071=FACE_BOUND('',#961,.T.);
#1072=FACE_BOUND('',#962,.T.);
#1073=FACE_BOUND('',#963,.T.);
#1074=FACE_BOUND('',#964,.T.);
#1075=FACE_BOUND('',#965,.T.);
#1076=FACE_BOUND('',#966,.T.);
#1077=FACE_BOUND('',#967,.T.);
#1078=FACE_BOUND('',#968,.T.);
#1079=FACE_BOUND('',#969,.T.);
#1080=FACE_BOUND('',#970,.T.);
#1081=FACE_BOUND('',#971,.T.);
#1082=FACE_BOUND('',#972,.T.);
#1083=FACE_BOUND('',#973,.T.);
#1084=FACE_BOUND('',#974,.T.);
#1085=FACE_BOUND('',#975,.T.);
#1086=FACE_BOUND('',#976,.T.);
#1087=FACE_BOUND('',#977,.T.);
#1088=FACE_BOUND('',#978,.T.);
#1089=FACE_BOUND('',#979,.T.);
#1090=FACE_BOUND('',#980,.T.);
#1091=FACE_BOUND('',#981,.T.);
#1092=FACE_BOUND('',#982,.T.);
#1093=FACE_BOUND('',#983,.T.);
#1094=FACE_BOUND('',#984,.T.);
#1095=FACE_BOUND('',#985,.T.);
#1096=FACE_BOUND('',#986,.T.);
#1097=FACE_BOUND('',#987,.T.);
#1098=FACE_BOUND('',#988,.T.);
#1099=FACE_BOUND('',#989,.T.);
#1100=FACE_BOUND('',#990,.T.);
#1101=FACE_BOUND('',#991,.T.);
#1102=FACE_BOUND('',#992,.T.);
#1103=FACE_BOUND('',#993,.T.);
#1104=FACE_BOUND('',#994,.T.);
#1105=FACE_BOUND('',#995,.T.);
#1106=FACE_BOUND('',#996,.T.);
#1107=FACE_BOUND('',#997,.T.);
#1108=FACE_BOUND('',#998,.T.);
#1109=FACE_BOUND('',#999,.T.);
#1110=FACE_BOUND('',#1000,.T.);
#1111=FACE_BOUND('',#1001,.T.);
#1112=FACE_BOUND('',#1002,.T.);
#1113=FACE_BOUND('',#1003,.T.);
#1114=FACE_BOUND('',#1004,.T.);
#1115=FACE_BOUND('',#1005,.T.);
#1116=FACE_BOUND('',#1006,.T.);
#1117=FACE_BOUND('',#1007,.T.);
#1118=FACE_BOUND('',#1008,.T.);
#1119=FACE_BOUND('',#1009,.T.);
#1120=FACE_BOUND('',#1010,.T.);
#1121=FACE_BOUND('',#1011,.T.);
#1122=FACE_BOUND('',#1012,.T.);
#1123=FACE_BOUND('',#1013,.T.);
#1124=FACE_BOUND('',#1014,.T.);
#1125=FACE_BOUND('',#1015,.T.);
#1126=FACE_BOUND('',#1016,.T.);
#1127=FACE_BOUND('',#1017,.T.);
#1128=FACE_BOUND('',#1018,.T.);
#1129=FACE_BOUND('',#1019,.T.);
#1130=FACE_BOUND('',#1020,.T.);
#1131=FACE_BOUND('',#1021,.T.);
#1132=FACE_BOUND('',#1022,.T.);
#1133=FACE_BOUND('',#1023,.T.);
#1134=FACE_BOUND('',#1024,.T.);
#1135=FACE_BOUND('',#1025,.T.);
#1136=FACE_BOUND('',#1026,.T.);
#1137=FACE_BOUND('',#1027,.T.);
#1138=FACE_BOUND('',#1028,.T.);
#1139=FACE_BOUND('',#1029,.T.);
#1140=FACE_BOUND('',#1030,.T.);
#1141=FACE_BOUND('',#1031,.T.);
#1142=FACE_BOUND('',#1032,.T.);
#1143=FACE_BOUND('',#1033,.T.);
#1144=FACE_BOUND('',#1034,.T.);
#1145=FACE_BOUND('',#1035,.T.);
#1146=FACE_BOUND('',#1036,.T.);
#1147=FACE_BOUND('',#1037,.T.);
#1148=FACE_BOUND('',#1038,.T.);
#1149=FACE_BOUND('',#1039,.T.);
#1150=FACE_BOUND('',#1040,.T.);
#1151=FACE_BOUND('',#1041,.T.);
#1152=FACE_BOUND('',#1042,.T.);
#1153=FACE_BOUND('',#1043,.T.);
#1154=FACE_BOUND('',#1044,.T.);
#1155=FACE_BOUND('',#1045,.T.);
#1156=FACE_BOUND('',#1046,.T.);
#1157=FACE_BOUND('',#1047,.T.);
#1158=FACE_BOUND('',#1048,.T.);
#1159=FACE_BOUND('',#1049,.T.);
#1160=FACE_BOUND('',#1050,.T.);
#1161=FACE_BOUND('',#1051,.T.);
#1162=FACE_BOUND('',#1052,.T.);
#1163=FACE_BOUND('',#1053,.T.);
#1164=FACE_BOUND('',#1054,.T.);
#1165=FACE_BOUND('',#1055,.T.);
#1166=FACE_BOUND('',#1056,.T.);
#1167=FACE_BOUND('',#1057,.T.);
#1168=FACE_BOUND('',#1058,.T.);
#1169=FACE_BOUND('',#1059,.T.);
#1170=FACE_BOUND('',#1060,.T.);
#1171=FACE_BOUND('',#1061,.T.);
#1172=FACE_BOUND('',#1062,.T.);
#1173=PLANE('',#1892);
#1174=PLANE('',#1893);
#1175=PLANE('',#1897);
#1176=PLANE('',#1898);
#1177=PLANE('',#1899);
#1178=PLANE('',#1900);
#1179=PLANE('',#1904);
#1180=PLANE('',#1905);
#1181=PLANE('',#1906);
#1182=PLANE('',#1907);
#1183=PLANE('',#1911);
#1184=PLANE('',#1912);
#1185=PLANE('',#1913);
#1186=PLANE('',#1914);
#1187=PLANE('',#1918);
#1188=PLANE('',#1919);
#1189=PLANE('',#1920);
#1190=PLANE('',#1921);
#1191=PLANE('',#1925);
#1192=PLANE('',#1926);
#1193=PLANE('',#1953);
#1194=PLANE('',#1962);
#1195=PLANE('',#1963);
#1196=PLANE('',#1966);
#1197=PLANE('',#1967);
#1198=PLANE('',#1968);
#1199=PLANE('',#1971);
#1200=PLANE('',#1972);
#1201=PLANE('',#1973);
#1202=PLANE('',#1976);
#1203=PLANE('',#1977);
#1204=PLANE('',#1978);
#1205=PLANE('',#1981);
#1206=PLANE('',#1982);
#1207=PLANE('',#1983);
#1208=PLANE('',#1986);
#1209=PLANE('',#1987);
#1210=PLANE('',#1988);
#1211=PLANE('',#1990);
#1212=PLANE('',#1993);
#1213=PLANE('',#1996);
#1214=PLANE('',#2001);
#1215=PLANE('',#2002);
#1216=PLANE('',#2006);
#1217=PLANE('',#2008);
#1218=OVER_RIDING_STYLED_ITEM('',(#1389),#1300,#1387);
#1219=OVER_RIDING_STYLED_ITEM('',(#1390),#1301,#1387);
#1220=OVER_RIDING_STYLED_ITEM('',(#1391),#1302,#1387);
#1221=OVER_RIDING_STYLED_ITEM('',(#1392),#1303,#1387);
#1222=OVER_RIDING_STYLED_ITEM('',(#1393),#1304,#1387);
#1223=OVER_RIDING_STYLED_ITEM('',(#1394),#1305,#1387);
#1224=OVER_RIDING_STYLED_ITEM('',(#1395),#1306,#1387);
#1225=OVER_RIDING_STYLED_ITEM('',(#1396),#1307,#1387);
#1226=OVER_RIDING_STYLED_ITEM('',(#1397),#1308,#1387);
#1227=OVER_RIDING_STYLED_ITEM('',(#1398),#1309,#1387);
#1228=OVER_RIDING_STYLED_ITEM('',(#1399),#1310,#1387);
#1229=OVER_RIDING_STYLED_ITEM('',(#1400),#1311,#1387);
#1230=OVER_RIDING_STYLED_ITEM('',(#1401),#1312,#1387);
#1231=OVER_RIDING_STYLED_ITEM('',(#1402),#1313,#1387);
#1232=OVER_RIDING_STYLED_ITEM('',(#1403),#1314,#1387);
#1233=OVER_RIDING_STYLED_ITEM('',(#1404),#1315,#1387);
#1234=OVER_RIDING_STYLED_ITEM('',(#1405),#1316,#1387);
#1235=OVER_RIDING_STYLED_ITEM('',(#1406),#1317,#1387);
#1236=OVER_RIDING_STYLED_ITEM('',(#1407),#1318,#1387);
#1237=OVER_RIDING_STYLED_ITEM('',(#1408),#1319,#1387);
#1238=OVER_RIDING_STYLED_ITEM('',(#1409),#1320,#1387);
#1239=OVER_RIDING_STYLED_ITEM('',(#1410),#1321,#1387);
#1240=OVER_RIDING_STYLED_ITEM('',(#1411),#1322,#1387);
#1241=OVER_RIDING_STYLED_ITEM('',(#1412),#1323,#1387);
#1242=OVER_RIDING_STYLED_ITEM('',(#1413),#1324,#1387);
#1243=OVER_RIDING_STYLED_ITEM('',(#1414),#1325,#1387);
#1244=OVER_RIDING_STYLED_ITEM('',(#1415),#1326,#1387);
#1245=OVER_RIDING_STYLED_ITEM('',(#1416),#1327,#1387);
#1246=OVER_RIDING_STYLED_ITEM('',(#1417),#1328,#1387);
#1247=OVER_RIDING_STYLED_ITEM('',(#1418),#1329,#1387);
#1248=OVER_RIDING_STYLED_ITEM('',(#1419),#1330,#1387);
#1249=OVER_RIDING_STYLED_ITEM('',(#1420),#1331,#1387);
#1250=OVER_RIDING_STYLED_ITEM('',(#1421),#1332,#1387);
#1251=OVER_RIDING_STYLED_ITEM('',(#1422),#1333,#1387);
#1252=OVER_RIDING_STYLED_ITEM('',(#1423),#1334,#1387);
#1253=OVER_RIDING_STYLED_ITEM('',(#1424),#1335,#1387);
#1254=OVER_RIDING_STYLED_ITEM('',(#1425),#1336,#1387);
#1255=OVER_RIDING_STYLED_ITEM('',(#1426),#1337,#1387);
#1256=OVER_RIDING_STYLED_ITEM('',(#1427),#1338,#1387);
#1257=OVER_RIDING_STYLED_ITEM('',(#1428),#1339,#1387);
#1258=OVER_RIDING_STYLED_ITEM('',(#1429),#1340,#1387);
#1259=OVER_RIDING_STYLED_ITEM('',(#1430),#1341,#1387);
#1260=OVER_RIDING_STYLED_ITEM('',(#1431),#1342,#1387);
#1261=OVER_RIDING_STYLED_ITEM('',(#1432),#1343,#1387);
#1262=OVER_RIDING_STYLED_ITEM('',(#1433),#1344,#1387);
#1263=OVER_RIDING_STYLED_ITEM('',(#1434),#1345,#1387);
#1264=OVER_RIDING_STYLED_ITEM('',(#1435),#1346,#1387);
#1265=OVER_RIDING_STYLED_ITEM('',(#1436),#1348,#1387);
#1266=OVER_RIDING_STYLED_ITEM('',(#1437),#1349,#1387);
#1267=OVER_RIDING_STYLED_ITEM('',(#1438),#1350,#1387);
#1268=OVER_RIDING_STYLED_ITEM('',(#1439),#1351,#1387);
#1269=OVER_RIDING_STYLED_ITEM('',(#1440),#1352,#1387);
#1270=OVER_RIDING_STYLED_ITEM('',(#1441),#1353,#1387);
#1271=OVER_RIDING_STYLED_ITEM('',(#1442),#1354,#1387);
#1272=OVER_RIDING_STYLED_ITEM('',(#1443),#1355,#1387);
#1273=OVER_RIDING_STYLED_ITEM('',(#1444),#1356,#1387);
#1274=OVER_RIDING_STYLED_ITEM('',(#1445),#1357,#1387);
#1275=OVER_RIDING_STYLED_ITEM('',(#1446),#1358,#1387);
#1276=OVER_RIDING_STYLED_ITEM('',(#1447),#1359,#1387);
#1277=OVER_RIDING_STYLED_ITEM('',(#1448),#1360,#1387);
#1278=OVER_RIDING_STYLED_ITEM('',(#1449),#1361,#1387);
#1279=OVER_RIDING_STYLED_ITEM('',(#1450),#1362,#1387);
#1280=OVER_RIDING_STYLED_ITEM('',(#1451),#1363,#1387);
#1281=OVER_RIDING_STYLED_ITEM('',(#1452),#1364,#1387);
#1282=OVER_RIDING_STYLED_ITEM('',(#1453),#1365,#1387);
#1283=OVER_RIDING_STYLED_ITEM('',(#1454),#1366,#1387);
#1284=OVER_RIDING_STYLED_ITEM('',(#1455),#1367,#1387);
#1285=OVER_RIDING_STYLED_ITEM('',(#1456),#1368,#1387);
#1286=OVER_RIDING_STYLED_ITEM('',(#1457),#1369,#1387);
#1287=OVER_RIDING_STYLED_ITEM('',(#1458),#1370,#1387);
#1288=OVER_RIDING_STYLED_ITEM('',(#1459),#1371,#1387);
#1289=OVER_RIDING_STYLED_ITEM('',(#1460),#1372,#1387);
#1290=OVER_RIDING_STYLED_ITEM('',(#1461),#1373,#1387);
#1291=OVER_RIDING_STYLED_ITEM('',(#1462),#1374,#1387);
#1292=OVER_RIDING_STYLED_ITEM('',(#1463),#1375,#1387);
#1293=OVER_RIDING_STYLED_ITEM('',(#1464),#1376,#1387);
#1294=OVER_RIDING_STYLED_ITEM('',(#1465),#1377,#1387);
#1295=OVER_RIDING_STYLED_ITEM('',(#1466),#1378,#1387);
#1296=OVER_RIDING_STYLED_ITEM('',(#1467),#1382,#1387);
#1297=OVER_RIDING_STYLED_ITEM('',(#1468),#1383,#1387);
#1298=OVER_RIDING_STYLED_ITEM('',(#1469),#1384,#1387);
#1299=OVER_RIDING_STYLED_ITEM('',(#1470),#1385,#1387);
#1300=ADVANCED_FACE('',(#1063),#1173,.T.);
#1301=ADVANCED_FACE('',(#1064),#89,.T.);
#1302=ADVANCED_FACE('',(#1065),#1174,.T.);
#1303=ADVANCED_FACE('',(#1066),#78,.F.);
#1304=ADVANCED_FACE('',(#1067),#1175,.T.);
#1305=ADVANCED_FACE('',(#1068),#90,.T.);
#1306=ADVANCED_FACE('',(#1069),#1176,.F.);
#1307=ADVANCED_FACE('',(#1070),#1177,.T.);
#1308=ADVANCED_FACE('',(#1071),#91,.T.);
#1309=ADVANCED_FACE('',(#1072),#1178,.T.);
#1310=ADVANCED_FACE('',(#1073),#79,.F.);
#1311=ADVANCED_FACE('',(#1074),#1179,.T.);
#1312=ADVANCED_FACE('',(#1075),#92,.T.);
#1313=ADVANCED_FACE('',(#1076),#1180,.F.);
#1314=ADVANCED_FACE('',(#1077),#1181,.T.);
#1315=ADVANCED_FACE('',(#1078),#93,.T.);
#1316=ADVANCED_FACE('',(#1079),#1182,.T.);
#1317=ADVANCED_FACE('',(#1080),#80,.F.);
#1318=ADVANCED_FACE('',(#1081),#1183,.T.);
#1319=ADVANCED_FACE('',(#1082),#94,.T.);
#1320=ADVANCED_FACE('',(#1083),#1184,.F.);
#1321=ADVANCED_FACE('',(#1084),#1185,.T.);
#1322=ADVANCED_FACE('',(#1085),#95,.T.);
#1323=ADVANCED_FACE('',(#1086),#1186,.T.);
#1324=ADVANCED_FACE('',(#1087),#81,.F.);
#1325=ADVANCED_FACE('',(#1088),#1187,.T.);
#1326=ADVANCED_FACE('',(#1089),#96,.T.);
#1327=ADVANCED_FACE('',(#1090),#1188,.F.);
#1328=ADVANCED_FACE('',(#1091),#1189,.T.);
#1329=ADVANCED_FACE('',(#1092),#97,.T.);
#1330=ADVANCED_FACE('',(#1093),#1190,.T.);
#1331=ADVANCED_FACE('',(#1094),#82,.F.);
#1332=ADVANCED_FACE('',(#1095),#1191,.T.);
#1333=ADVANCED_FACE('',(#1096),#98,.T.);
#1334=ADVANCED_FACE('',(#1097),#1192,.F.);
#1335=ADVANCED_FACE('',(#1098,#1099),#83,.T.);
#1336=ADVANCED_FACE('',(#1100,#1101),#84,.T.);
#1337=ADVANCED_FACE('',(#1102,#1103),#85,.F.);
#1338=ADVANCED_FACE('',(#1104,#1105),#86,.T.);
#1339=ADVANCED_FACE('',(#1106,#1107),#87,.T.);
#1340=ADVANCED_FACE('',(#1108,#1109),#88,.T.);
#1341=ADVANCED_FACE('',(#1110,#1111),#99,.T.);
#1342=ADVANCED_FACE('',(#1112),#26,.T.);
#1343=ADVANCED_FACE('',(#1113),#27,.T.);
#1344=ADVANCED_FACE('',(#1114),#28,.T.);
#1345=ADVANCED_FACE('',(#1115),#29,.T.);
#1346=ADVANCED_FACE('',(#1116),#30,.T.);
#1347=ADVANCED_FACE('',(#1117,#1118),#12,.T.);
#1348=ADVANCED_FACE('',(#1119,#1120,#1121),#1193,.F.);
#1349=ADVANCED_FACE('',(#1122,#1123),#13,.T.);
#1350=ADVANCED_FACE('',(#1124,#1125),#1194,.T.);
#1351=ADVANCED_FACE('',(#1126),#1195,.T.);
#1352=ADVANCED_FACE('',(#1127),#14,.F.);
#1353=ADVANCED_FACE('',(#1128),#1196,.F.);
#1354=ADVANCED_FACE('',(#1129),#1197,.F.);
#1355=ADVANCED_FACE('',(#1130),#1198,.T.);
#1356=ADVANCED_FACE('',(#1131),#15,.F.);
#1357=ADVANCED_FACE('',(#1132),#1199,.F.);
#1358=ADVANCED_FACE('',(#1133),#1200,.F.);
#1359=ADVANCED_FACE('',(#1134),#1201,.T.);
#1360=ADVANCED_FACE('',(#1135),#16,.F.);
#1361=ADVANCED_FACE('',(#1136),#1202,.F.);
#1362=ADVANCED_FACE('',(#1137),#1203,.F.);
#1363=ADVANCED_FACE('',(#1138),#1204,.T.);
#1364=ADVANCED_FACE('',(#1139),#17,.F.);
#1365=ADVANCED_FACE('',(#1140),#1205,.F.);
#1366=ADVANCED_FACE('',(#1141),#1206,.F.);
#1367=ADVANCED_FACE('',(#1142),#1207,.T.);
#1368=ADVANCED_FACE('',(#1143),#18,.F.);
#1369=ADVANCED_FACE('',(#1144),#1208,.F.);
#1370=ADVANCED_FACE('',(#1145),#1209,.F.);
#1371=ADVANCED_FACE('',(#1146,#1147),#1210,.T.);
#1372=ADVANCED_FACE('',(#1148,#1149),#19,.T.);
#1373=ADVANCED_FACE('',(#1150),#1211,.T.);
#1374=ADVANCED_FACE('',(#1151,#1152),#20,.F.);
#1375=ADVANCED_FACE('',(#1153,#1154),#1212,.T.);
#1376=ADVANCED_FACE('',(#1155,#1156),#21,.T.);
#1377=ADVANCED_FACE('',(#1157),#1213,.F.);
#1378=ADVANCED_FACE('',(#1158,#1159),#22,.F.);
#1379=ADVANCED_FACE('',(#1160,#1161),#23,.T.);
#1380=ADVANCED_FACE('',(#1162,#1163),#1214,.F.);
#1381=ADVANCED_FACE('',(#1164,#1165),#1215,.F.);
#1382=ADVANCED_FACE('',(#1166,#1167),#24,.T.);
#1383=ADVANCED_FACE('',(#1168),#1216,.T.);
#1384=ADVANCED_FACE('',(#1169,#1170),#25,.T.);
#1385=ADVANCED_FACE('',(#1171,#1172),#1217,.T.);
#1386=CLOSED_SHELL('',(#1300,#1301,#1302,#1303,#1304,#1305,#1306,#1307,
#1308,#1309,#1310,#1311,#1312,#1313,#1314,#1315,#1316,#1317,#1318,#1319,
#1320,#1321,#1322,#1323,#1324,#1325,#1326,#1327,#1328,#1329,#1330,#1331,
#1332,#1333,#1334,#1335,#1336,#1337,#1338,#1339,#1340,#1341,#1342,#1343,
#1344,#1345,#1346,#1347,#1348,#1349,#1350,#1351,#1352,#1353,#1354,#1355,
#1356,#1357,#1358,#1359,#1360,#1361,#1362,#1363,#1364,#1365,#1366,#1367,
#1368,#1369,#1370,#1371,#1372,#1373,#1374,#1375,#1376,#1377,#1378,#1379,
#1380,#1381,#1382,#1383,#1384,#1385));
#1387=STYLED_ITEM('',(#1388),#1888);
#1388=PRESENTATION_STYLE_ASSIGNMENT((#1471));
#1389=PRESENTATION_STYLE_ASSIGNMENT((#1472));
#1390=PRESENTATION_STYLE_ASSIGNMENT((#1473));
#1391=PRESENTATION_STYLE_ASSIGNMENT((#1474));
#1392=PRESENTATION_STYLE_ASSIGNMENT((#1475));
#1393=PRESENTATION_STYLE_ASSIGNMENT((#1476));
#1394=PRESENTATION_STYLE_ASSIGNMENT((#1477));
#1395=PRESENTATION_STYLE_ASSIGNMENT((#1478));
#1396=PRESENTATION_STYLE_ASSIGNMENT((#1479));
#1397=PRESENTATION_STYLE_ASSIGNMENT((#1480));
#1398=PRESENTATION_STYLE_ASSIGNMENT((#1481));
#1399=PRESENTATION_STYLE_ASSIGNMENT((#1482));
#1400=PRESENTATION_STYLE_ASSIGNMENT((#1483));
#1401=PRESENTATION_STYLE_ASSIGNMENT((#1484));
#1402=PRESENTATION_STYLE_ASSIGNMENT((#1485));
#1403=PRESENTATION_STYLE_ASSIGNMENT((#1486));
#1404=PRESENTATION_STYLE_ASSIGNMENT((#1487));
#1405=PRESENTATION_STYLE_ASSIGNMENT((#1488));
#1406=PRESENTATION_STYLE_ASSIGNMENT((#1489));
#1407=PRESENTATION_STYLE_ASSIGNMENT((#1490));
#1408=PRESENTATION_STYLE_ASSIGNMENT((#1491));
#1409=PRESENTATION_STYLE_ASSIGNMENT((#1492));
#1410=PRESENTATION_STYLE_ASSIGNMENT((#1493));
#1411=PRESENTATION_STYLE_ASSIGNMENT((#1494));
#1412=PRESENTATION_STYLE_ASSIGNMENT((#1495));
#1413=PRESENTATION_STYLE_ASSIGNMENT((#1496));
#1414=PRESENTATION_STYLE_ASSIGNMENT((#1497));
#1415=PRESENTATION_STYLE_ASSIGNMENT((#1498));
#1416=PRESENTATION_STYLE_ASSIGNMENT((#1499));
#1417=PRESENTATION_STYLE_ASSIGNMENT((#1500));
#1418=PRESENTATION_STYLE_ASSIGNMENT((#1501));
#1419=PRESENTATION_STYLE_ASSIGNMENT((#1502));
#1420=PRESENTATION_STYLE_ASSIGNMENT((#1503));
#1421=PRESENTATION_STYLE_ASSIGNMENT((#1504));
#1422=PRESENTATION_STYLE_ASSIGNMENT((#1505));
#1423=PRESENTATION_STYLE_ASSIGNMENT((#1506));
#1424=PRESENTATION_STYLE_ASSIGNMENT((#1507));
#1425=PRESENTATION_STYLE_ASSIGNMENT((#1508));
#1426=PRESENTATION_STYLE_ASSIGNMENT((#1509));
#1427=PRESENTATION_STYLE_ASSIGNMENT((#1510));
#1428=PRESENTATION_STYLE_ASSIGNMENT((#1511));
#1429=PRESENTATION_STYLE_ASSIGNMENT((#1512));
#1430=PRESENTATION_STYLE_ASSIGNMENT((#1513));
#1431=PRESENTATION_STYLE_ASSIGNMENT((#1514));
#1432=PRESENTATION_STYLE_ASSIGNMENT((#1515));
#1433=PRESENTATION_STYLE_ASSIGNMENT((#1516));
#1434=PRESENTATION_STYLE_ASSIGNMENT((#1517));
#1435=PRESENTATION_STYLE_ASSIGNMENT((#1518));
#1436=PRESENTATION_STYLE_ASSIGNMENT((#1519));
#1437=PRESENTATION_STYLE_ASSIGNMENT((#1520));
#1438=PRESENTATION_STYLE_ASSIGNMENT((#1521));
#1439=PRESENTATION_STYLE_ASSIGNMENT((#1522));
#1440=PRESENTATION_STYLE_ASSIGNMENT((#1523));
#1441=PRESENTATION_STYLE_ASSIGNMENT((#1524));
#1442=PRESENTATION_STYLE_ASSIGNMENT((#1525));
#1443=PRESENTATION_STYLE_ASSIGNMENT((#1526));
#1444=PRESENTATION_STYLE_ASSIGNMENT((#1527));
#1445=PRESENTATION_STYLE_ASSIGNMENT((#1528));
#1446=PRESENTATION_STYLE_ASSIGNMENT((#1529));
#1447=PRESENTATION_STYLE_ASSIGNMENT((#1530));
#1448=PRESENTATION_STYLE_ASSIGNMENT((#1531));
#1449=PRESENTATION_STYLE_ASSIGNMENT((#1532));
#1450=PRESENTATION_STYLE_ASSIGNMENT((#1533));
#1451=PRESENTATION_STYLE_ASSIGNMENT((#1534));
#1452=PRESENTATION_STYLE_ASSIGNMENT((#1535));
#1453=PRESENTATION_STYLE_ASSIGNMENT((#1536));
#1454=PRESENTATION_STYLE_ASSIGNMENT((#1537));
#1455=PRESENTATION_STYLE_ASSIGNMENT((#1538));
#1456=PRESENTATION_STYLE_ASSIGNMENT((#1539));
#1457=PRESENTATION_STYLE_ASSIGNMENT((#1540));
#1458=PRESENTATION_STYLE_ASSIGNMENT((#1541));
#1459=PRESENTATION_STYLE_ASSIGNMENT((#1542));
#1460=PRESENTATION_STYLE_ASSIGNMENT((#1543));
#1461=PRESENTATION_STYLE_ASSIGNMENT((#1544));
#1462=PRESENTATION_STYLE_ASSIGNMENT((#1545));
#1463=PRESENTATION_STYLE_ASSIGNMENT((#1546));
#1464=PRESENTATION_STYLE_ASSIGNMENT((#1547));
#1465=PRESENTATION_STYLE_ASSIGNMENT((#1548));
#1466=PRESENTATION_STYLE_ASSIGNMENT((#1549));
#1467=PRESENTATION_STYLE_ASSIGNMENT((#1550));
#1468=PRESENTATION_STYLE_ASSIGNMENT((#1551));
#1469=PRESENTATION_STYLE_ASSIGNMENT((#1552));
#1470=PRESENTATION_STYLE_ASSIGNMENT((#1553));
#1471=SURFACE_STYLE_USAGE(.BOTH.,#1554);
#1472=SURFACE_STYLE_USAGE(.BOTH.,#1555);
#1473=SURFACE_STYLE_USAGE(.BOTH.,#1556);
#1474=SURFACE_STYLE_USAGE(.BOTH.,#1557);
#1475=SURFACE_STYLE_USAGE(.BOTH.,#1558);
#1476=SURFACE_STYLE_USAGE(.BOTH.,#1559);
#1477=SURFACE_STYLE_USAGE(.BOTH.,#1560);
#1478=SURFACE_STYLE_USAGE(.BOTH.,#1561);
#1479=SURFACE_STYLE_USAGE(.BOTH.,#1562);
#1480=SURFACE_STYLE_USAGE(.BOTH.,#1563);
#1481=SURFACE_STYLE_USAGE(.BOTH.,#1564);
#1482=SURFACE_STYLE_USAGE(.BOTH.,#1565);
#1483=SURFACE_STYLE_USAGE(.BOTH.,#1566);
#1484=SURFACE_STYLE_USAGE(.BOTH.,#1567);
#1485=SURFACE_STYLE_USAGE(.BOTH.,#1568);
#1486=SURFACE_STYLE_USAGE(.BOTH.,#1569);
#1487=SURFACE_STYLE_USAGE(.BOTH.,#1570);
#1488=SURFACE_STYLE_USAGE(.BOTH.,#1571);
#1489=SURFACE_STYLE_USAGE(.BOTH.,#1572);
#1490=SURFACE_STYLE_USAGE(.BOTH.,#1573);
#1491=SURFACE_STYLE_USAGE(.BOTH.,#1574);
#1492=SURFACE_STYLE_USAGE(.BOTH.,#1575);
#1493=SURFACE_STYLE_USAGE(.BOTH.,#1576);
#1494=SURFACE_STYLE_USAGE(.BOTH.,#1577);
#1495=SURFACE_STYLE_USAGE(.BOTH.,#1578);
#1496=SURFACE_STYLE_USAGE(.BOTH.,#1579);
#1497=SURFACE_STYLE_USAGE(.BOTH.,#1580);
#1498=SURFACE_STYLE_USAGE(.BOTH.,#1581);
#1499=SURFACE_STYLE_USAGE(.BOTH.,#1582);
#1500=SURFACE_STYLE_USAGE(.BOTH.,#1583);
#1501=SURFACE_STYLE_USAGE(.BOTH.,#1584);
#1502=SURFACE_STYLE_USAGE(.BOTH.,#1585);
#1503=SURFACE_STYLE_USAGE(.BOTH.,#1586);
#1504=SURFACE_STYLE_USAGE(.BOTH.,#1587);
#1505=SURFACE_STYLE_USAGE(.BOTH.,#1588);
#1506=SURFACE_STYLE_USAGE(.BOTH.,#1589);
#1507=SURFACE_STYLE_USAGE(.BOTH.,#1590);
#1508=SURFACE_STYLE_USAGE(.BOTH.,#1591);
#1509=SURFACE_STYLE_USAGE(.BOTH.,#1592);
#1510=SURFACE_STYLE_USAGE(.BOTH.,#1593);
#1511=SURFACE_STYLE_USAGE(.BOTH.,#1594);
#1512=SURFACE_STYLE_USAGE(.BOTH.,#1595);
#1513=SURFACE_STYLE_USAGE(.BOTH.,#1596);
#1514=SURFACE_STYLE_USAGE(.BOTH.,#1597);
#1515=SURFACE_STYLE_USAGE(.BOTH.,#1598);
#1516=SURFACE_STYLE_USAGE(.BOTH.,#1599);
#1517=SURFACE_STYLE_USAGE(.BOTH.,#1600);
#1518=SURFACE_STYLE_USAGE(.BOTH.,#1601);
#1519=SURFACE_STYLE_USAGE(.BOTH.,#1602);
#1520=SURFACE_STYLE_USAGE(.BOTH.,#1603);
#1521=SURFACE_STYLE_USAGE(.BOTH.,#1604);
#1522=SURFACE_STYLE_USAGE(.BOTH.,#1605);
#1523=SURFACE_STYLE_USAGE(.BOTH.,#1606);
#1524=SURFACE_STYLE_USAGE(.BOTH.,#1607);
#1525=SURFACE_STYLE_USAGE(.BOTH.,#1608);
#1526=SURFACE_STYLE_USAGE(.BOTH.,#1609);
#1527=SURFACE_STYLE_USAGE(.BOTH.,#1610);
#1528=SURFACE_STYLE_USAGE(.BOTH.,#1611);
#1529=SURFACE_STYLE_USAGE(.BOTH.,#1612);
#1530=SURFACE_STYLE_USAGE(.BOTH.,#1613);
#1531=SURFACE_STYLE_USAGE(.BOTH.,#1614);
#1532=SURFACE_STYLE_USAGE(.BOTH.,#1615);
#1533=SURFACE_STYLE_USAGE(.BOTH.,#1616);
#1534=SURFACE_STYLE_USAGE(.BOTH.,#1617);
#1535=SURFACE_STYLE_USAGE(.BOTH.,#1618);
#1536=SURFACE_STYLE_USAGE(.BOTH.,#1619);
#1537=SURFACE_STYLE_USAGE(.BOTH.,#1620);
#1538=SURFACE_STYLE_USAGE(.BOTH.,#1621);
#1539=SURFACE_STYLE_USAGE(.BOTH.,#1622);
#1540=SURFACE_STYLE_USAGE(.BOTH.,#1623);
#1541=SURFACE_STYLE_USAGE(.BOTH.,#1624);
#1542=SURFACE_STYLE_USAGE(.BOTH.,#1625);
#1543=SURFACE_STYLE_USAGE(.BOTH.,#1626);
#1544=SURFACE_STYLE_USAGE(.BOTH.,#1627);
#1545=SURFACE_STYLE_USAGE(.BOTH.,#1628);
#1546=SURFACE_STYLE_USAGE(.BOTH.,#1629);
#1547=SURFACE_STYLE_USAGE(.BOTH.,#1630);
#1548=SURFACE_STYLE_USAGE(.BOTH.,#1631);
#1549=SURFACE_STYLE_USAGE(.BOTH.,#1632);
#1550=SURFACE_STYLE_USAGE(.BOTH.,#1633);
#1551=SURFACE_STYLE_USAGE(.BOTH.,#1634);
#1552=SURFACE_STYLE_USAGE(.BOTH.,#1635);
#1553=SURFACE_STYLE_USAGE(.BOTH.,#1636);
#1554=SURFACE_SIDE_STYLE('',(#1637));
#1555=SURFACE_SIDE_STYLE('',(#1638));
#1556=SURFACE_SIDE_STYLE('',(#1639));
#1557=SURFACE_SIDE_STYLE('',(#1640));
#1558=SURFACE_SIDE_STYLE('',(#1641));
#1559=SURFACE_SIDE_STYLE('',(#1642));
#1560=SURFACE_SIDE_STYLE('',(#1643));
#1561=SURFACE_SIDE_STYLE('',(#1644));
#1562=SURFACE_SIDE_STYLE('',(#1645));
#1563=SURFACE_SIDE_STYLE('',(#1646));
#1564=SURFACE_SIDE_STYLE('',(#1647));
#1565=SURFACE_SIDE_STYLE('',(#1648));
#1566=SURFACE_SIDE_STYLE('',(#1649));
#1567=SURFACE_SIDE_STYLE('',(#1650));
#1568=SURFACE_SIDE_STYLE('',(#1651));
#1569=SURFACE_SIDE_STYLE('',(#1652));
#1570=SURFACE_SIDE_STYLE('',(#1653));
#1571=SURFACE_SIDE_STYLE('',(#1654));
#1572=SURFACE_SIDE_STYLE('',(#1655));
#1573=SURFACE_SIDE_STYLE('',(#1656));
#1574=SURFACE_SIDE_STYLE('',(#1657));
#1575=SURFACE_SIDE_STYLE('',(#1658));
#1576=SURFACE_SIDE_STYLE('',(#1659));
#1577=SURFACE_SIDE_STYLE('',(#1660));
#1578=SURFACE_SIDE_STYLE('',(#1661));
#1579=SURFACE_SIDE_STYLE('',(#1662));
#1580=SURFACE_SIDE_STYLE('',(#1663));
#1581=SURFACE_SIDE_STYLE('',(#1664));
#1582=SURFACE_SIDE_STYLE('',(#1665));
#1583=SURFACE_SIDE_STYLE('',(#1666));
#1584=SURFACE_SIDE_STYLE('',(#1667));
#1585=SURFACE_SIDE_STYLE('',(#1668));
#1586=SURFACE_SIDE_STYLE('',(#1669));
#1587=SURFACE_SIDE_STYLE('',(#1670));
#1588=SURFACE_SIDE_STYLE('',(#1671));
#1589=SURFACE_SIDE_STYLE('',(#1672));
#1590=SURFACE_SIDE_STYLE('',(#1673));
#1591=SURFACE_SIDE_STYLE('',(#1674));
#1592=SURFACE_SIDE_STYLE('',(#1675));
#1593=SURFACE_SIDE_STYLE('',(#1676));
#1594=SURFACE_SIDE_STYLE('',(#1677));
#1595=SURFACE_SIDE_STYLE('',(#1678));
#1596=SURFACE_SIDE_STYLE('',(#1679));
#1597=SURFACE_SIDE_STYLE('',(#1680));
#1598=SURFACE_SIDE_STYLE('',(#1681));
#1599=SURFACE_SIDE_STYLE('',(#1682));
#1600=SURFACE_SIDE_STYLE('',(#1683));
#1601=SURFACE_SIDE_STYLE('',(#1684));
#1602=SURFACE_SIDE_STYLE('',(#1685));
#1603=SURFACE_SIDE_STYLE('',(#1686));
#1604=SURFACE_SIDE_STYLE('',(#1687));
#1605=SURFACE_SIDE_STYLE('',(#1688));
#1606=SURFACE_SIDE_STYLE('',(#1689));
#1607=SURFACE_SIDE_STYLE('',(#1690));
#1608=SURFACE_SIDE_STYLE('',(#1691));
#1609=SURFACE_SIDE_STYLE('',(#1692));
#1610=SURFACE_SIDE_STYLE('',(#1693));
#1611=SURFACE_SIDE_STYLE('',(#1694));
#1612=SURFACE_SIDE_STYLE('',(#1695));
#1613=SURFACE_SIDE_STYLE('',(#1696));
#1614=SURFACE_SIDE_STYLE('',(#1697));
#1615=SURFACE_SIDE_STYLE('',(#1698));
#1616=SURFACE_SIDE_STYLE('',(#1699));
#1617=SURFACE_SIDE_STYLE('',(#1700));
#1618=SURFACE_SIDE_STYLE('',(#1701));
#1619=SURFACE_SIDE_STYLE('',(#1702));
#1620=SURFACE_SIDE_STYLE('',(#1703));
#1621=SURFACE_SIDE_STYLE('',(#1704));
#1622=SURFACE_SIDE_STYLE('',(#1705));
#1623=SURFACE_SIDE_STYLE('',(#1706));
#1624=SURFACE_SIDE_STYLE('',(#1707));
#1625=SURFACE_SIDE_STYLE('',(#1708));
#1626=SURFACE_SIDE_STYLE('',(#1709));
#1627=SURFACE_SIDE_STYLE('',(#1710));
#1628=SURFACE_SIDE_STYLE('',(#1711));
#1629=SURFACE_SIDE_STYLE('',(#1712));
#1630=SURFACE_SIDE_STYLE('',(#1713));
#1631=SURFACE_SIDE_STYLE('',(#1714));
#1632=SURFACE_SIDE_STYLE('',(#1715));
#1633=SURFACE_SIDE_STYLE('',(#1716));
#1634=SURFACE_SIDE_STYLE('',(#1717));
#1635=SURFACE_SIDE_STYLE('',(#1718));
#1636=SURFACE_SIDE_STYLE('',(#1719));
#1637=SURFACE_STYLE_FILL_AREA(#1720);
#1638=SURFACE_STYLE_FILL_AREA(#1721);
#1639=SURFACE_STYLE_FILL_AREA(#1722);
#1640=SURFACE_STYLE_FILL_AREA(#1723);
#1641=SURFACE_STYLE_FILL_AREA(#1724);
#1642=SURFACE_STYLE_FILL_AREA(#1725);
#1643=SURFACE_STYLE_FILL_AREA(#1726);
#1644=SURFACE_STYLE_FILL_AREA(#1727);
#1645=SURFACE_STYLE_FILL_AREA(#1728);
#1646=SURFACE_STYLE_FILL_AREA(#1729);
#1647=SURFACE_STYLE_FILL_AREA(#1730);
#1648=SURFACE_STYLE_FILL_AREA(#1731);
#1649=SURFACE_STYLE_FILL_AREA(#1732);
#1650=SURFACE_STYLE_FILL_AREA(#1733);
#1651=SURFACE_STYLE_FILL_AREA(#1734);
#1652=SURFACE_STYLE_FILL_AREA(#1735);
#1653=SURFACE_STYLE_FILL_AREA(#1736);
#1654=SURFACE_STYLE_FILL_AREA(#1737);
#1655=SURFACE_STYLE_FILL_AREA(#1738);
#1656=SURFACE_STYLE_FILL_AREA(#1739);
#1657=SURFACE_STYLE_FILL_AREA(#1740);
#1658=SURFACE_STYLE_FILL_AREA(#1741);
#1659=SURFACE_STYLE_FILL_AREA(#1742);
#1660=SURFACE_STYLE_FILL_AREA(#1743);
#1661=SURFACE_STYLE_FILL_AREA(#1744);
#1662=SURFACE_STYLE_FILL_AREA(#1745);
#1663=SURFACE_STYLE_FILL_AREA(#1746);
#1664=SURFACE_STYLE_FILL_AREA(#1747);
#1665=SURFACE_STYLE_FILL_AREA(#1748);
#1666=SURFACE_STYLE_FILL_AREA(#1749);
#1667=SURFACE_STYLE_FILL_AREA(#1750);
#1668=SURFACE_STYLE_FILL_AREA(#1751);
#1669=SURFACE_STYLE_FILL_AREA(#1752);
#1670=SURFACE_STYLE_FILL_AREA(#1753);
#1671=SURFACE_STYLE_FILL_AREA(#1754);
#1672=SURFACE_STYLE_FILL_AREA(#1755);
#1673=SURFACE_STYLE_FILL_AREA(#1756);
#1674=SURFACE_STYLE_FILL_AREA(#1757);
#1675=SURFACE_STYLE_FILL_AREA(#1758);
#1676=SURFACE_STYLE_FILL_AREA(#1759);
#1677=SURFACE_STYLE_FILL_AREA(#1760);
#1678=SURFACE_STYLE_FILL_AREA(#1761);
#1679=SURFACE_STYLE_FILL_AREA(#1762);
#1680=SURFACE_STYLE_FILL_AREA(#1763);
#1681=SURFACE_STYLE_FILL_AREA(#1764);
#1682=SURFACE_STYLE_FILL_AREA(#1765);
#1683=SURFACE_STYLE_FILL_AREA(#1766);
#1684=SURFACE_STYLE_FILL_AREA(#1767);
#1685=SURFACE_STYLE_FILL_AREA(#1768);
#1686=SURFACE_STYLE_FILL_AREA(#1769);
#1687=SURFACE_STYLE_FILL_AREA(#1770);
#1688=SURFACE_STYLE_FILL_AREA(#1771);
#1689=SURFACE_STYLE_FILL_AREA(#1772);
#1690=SURFACE_STYLE_FILL_AREA(#1773);
#1691=SURFACE_STYLE_FILL_AREA(#1774);
#1692=SURFACE_STYLE_FILL_AREA(#1775);
#1693=SURFACE_STYLE_FILL_AREA(#1776);
#1694=SURFACE_STYLE_FILL_AREA(#1777);
#1695=SURFACE_STYLE_FILL_AREA(#1778);
#1696=SURFACE_STYLE_FILL_AREA(#1779);
#1697=SURFACE_STYLE_FILL_AREA(#1780);
#1698=SURFACE_STYLE_FILL_AREA(#1781);
#1699=SURFACE_STYLE_FILL_AREA(#1782);
#1700=SURFACE_STYLE_FILL_AREA(#1783);
#1701=SURFACE_STYLE_FILL_AREA(#1784);
#1702=SURFACE_STYLE_FILL_AREA(#1785);
#1703=SURFACE_STYLE_FILL_AREA(#1786);
#1704=SURFACE_STYLE_FILL_AREA(#1787);
#1705=SURFACE_STYLE_FILL_AREA(#1788);
#1706=SURFACE_STYLE_FILL_AREA(#1789);
#1707=SURFACE_STYLE_FILL_AREA(#1790);
#1708=SURFACE_STYLE_FILL_AREA(#1791);
#1709=SURFACE_STYLE_FILL_AREA(#1792);
#1710=SURFACE_STYLE_FILL_AREA(#1793);
#1711=SURFACE_STYLE_FILL_AREA(#1794);
#1712=SURFACE_STYLE_FILL_AREA(#1795);
#1713=SURFACE_STYLE_FILL_AREA(#1796);
#1714=SURFACE_STYLE_FILL_AREA(#1797);
#1715=SURFACE_STYLE_FILL_AREA(#1798);
#1716=SURFACE_STYLE_FILL_AREA(#1799);
#1717=SURFACE_STYLE_FILL_AREA(#1800);
#1718=SURFACE_STYLE_FILL_AREA(#1801);
#1719=SURFACE_STYLE_FILL_AREA(#1802);
#1720=FILL_AREA_STYLE('',(#1803));
#1721=FILL_AREA_STYLE('',(#1804));
#1722=FILL_AREA_STYLE('',(#1805));
#1723=FILL_AREA_STYLE('',(#1806));
#1724=FILL_AREA_STYLE('',(#1807));
#1725=FILL_AREA_STYLE('',(#1808));
#1726=FILL_AREA_STYLE('',(#1809));
#1727=FILL_AREA_STYLE('',(#1810));
#1728=FILL_AREA_STYLE('',(#1811));
#1729=FILL_AREA_STYLE('',(#1812));
#1730=FILL_AREA_STYLE('',(#1813));
#1731=FILL_AREA_STYLE('',(#1814));
#1732=FILL_AREA_STYLE('',(#1815));
#1733=FILL_AREA_STYLE('',(#1816));
#1734=FILL_AREA_STYLE('',(#1817));
#1735=FILL_AREA_STYLE('',(#1818));
#1736=FILL_AREA_STYLE('',(#1819));
#1737=FILL_AREA_STYLE('',(#1820));
#1738=FILL_AREA_STYLE('',(#1821));
#1739=FILL_AREA_STYLE('',(#1822));
#1740=FILL_AREA_STYLE('',(#1823));
#1741=FILL_AREA_STYLE('',(#1824));
#1742=FILL_AREA_STYLE('',(#1825));
#1743=FILL_AREA_STYLE('',(#1826));
#1744=FILL_AREA_STYLE('',(#1827));
#1745=FILL_AREA_STYLE('',(#1828));
#1746=FILL_AREA_STYLE('',(#1829));
#1747=FILL_AREA_STYLE('',(#1830));
#1748=FILL_AREA_STYLE('',(#1831));
#1749=FILL_AREA_STYLE('',(#1832));
#1750=FILL_AREA_STYLE('',(#1833));
#1751=FILL_AREA_STYLE('',(#1834));
#1752=FILL_AREA_STYLE('',(#1835));
#1753=FILL_AREA_STYLE('',(#1836));
#1754=FILL_AREA_STYLE('',(#1837));
#1755=FILL_AREA_STYLE('',(#1838));
#1756=FILL_AREA_STYLE('',(#1839));
#1757=FILL_AREA_STYLE('',(#1840));
#1758=FILL_AREA_STYLE('',(#1841));
#1759=FILL_AREA_STYLE('',(#1842));
#1760=FILL_AREA_STYLE('',(#1843));
#1761=FILL_AREA_STYLE('',(#1844));
#1762=FILL_AREA_STYLE('',(#1845));
#1763=FILL_AREA_STYLE('',(#1846));
#1764=FILL_AREA_STYLE('',(#1847));
#1765=FILL_AREA_STYLE('',(#1848));
#1766=FILL_AREA_STYLE('',(#1849));
#1767=FILL_AREA_STYLE('',(#1850));
#1768=FILL_AREA_STYLE('',(#1851));
#1769=FILL_AREA_STYLE('',(#1852));
#1770=FILL_AREA_STYLE('',(#1853));
#1771=FILL_AREA_STYLE('',(#1854));
#1772=FILL_AREA_STYLE('',(#1855));
#1773=FILL_AREA_STYLE('',(#1856));
#1774=FILL_AREA_STYLE('',(#1857));
#1775=FILL_AREA_STYLE('',(#1858));
#1776=FILL_AREA_STYLE('',(#1859));
#1777=FILL_AREA_STYLE('',(#1860));
#1778=FILL_AREA_STYLE('',(#1861));
#1779=FILL_AREA_STYLE('',(#1862));
#1780=FILL_AREA_STYLE('',(#1863));
#1781=FILL_AREA_STYLE('',(#1864));
#1782=FILL_AREA_STYLE('',(#1865));
#1783=FILL_AREA_STYLE('',(#1866));
#1784=FILL_AREA_STYLE('',(#1867));
#1785=FILL_AREA_STYLE('',(#1868));
#1786=FILL_AREA_STYLE('',(#1869));
#1787=FILL_AREA_STYLE('',(#1870));
#1788=FILL_AREA_STYLE('',(#1871));
#1789=FILL_AREA_STYLE('',(#1872));
#1790=FILL_AREA_STYLE('',(#1873));
#1791=FILL_AREA_STYLE('',(#1874));
#1792=FILL_AREA_STYLE('',(#1875));
#1793=FILL_AREA_STYLE('',(#1876));
#1794=FILL_AREA_STYLE('',(#1877));
#1795=FILL_AREA_STYLE('',(#1878));
#1796=FILL_AREA_STYLE('',(#1879));
#1797=FILL_AREA_STYLE('',(#1880));
#1798=FILL_AREA_STYLE('',(#1881));
#1799=FILL_AREA_STYLE('',(#1882));
#1800=FILL_AREA_STYLE('',(#1883));
#1801=FILL_AREA_STYLE('',(#1884));
#1802=FILL_AREA_STYLE('',(#1885));
#1803=FILL_AREA_STYLE_COLOUR('',#1886);
#1804=FILL_AREA_STYLE_COLOUR('',#1887);
#1805=FILL_AREA_STYLE_COLOUR('',#1887);
#1806=FILL_AREA_STYLE_COLOUR('',#1887);
#1807=FILL_AREA_STYLE_COLOUR('',#1887);
#1808=FILL_AREA_STYLE_COLOUR('',#1887);
#1809=FILL_AREA_STYLE_COLOUR('',#1887);
#1810=FILL_AREA_STYLE_COLOUR('',#1887);
#1811=FILL_AREA_STYLE_COLOUR('',#1887);
#1812=FILL_AREA_STYLE_COLOUR('',#1887);
#1813=FILL_AREA_STYLE_COLOUR('',#1887);
#1814=FILL_AREA_STYLE_COLOUR('',#1887);
#1815=FILL_AREA_STYLE_COLOUR('',#1887);
#1816=FILL_AREA_STYLE_COLOUR('',#1887);
#1817=FILL_AREA_STYLE_COLOUR('',#1887);
#1818=FILL_AREA_STYLE_COLOUR('',#1887);
#1819=FILL_AREA_STYLE_COLOUR('',#1887);
#1820=FILL_AREA_STYLE_COLOUR('',#1887);
#1821=FILL_AREA_STYLE_COLOUR('',#1887);
#1822=FILL_AREA_STYLE_COLOUR('',#1887);
#1823=FILL_AREA_STYLE_COLOUR('',#1887);
#1824=FILL_AREA_STYLE_COLOUR('',#1887);
#1825=FILL_AREA_STYLE_COLOUR('',#1887);
#1826=FILL_AREA_STYLE_COLOUR('',#1887);
#1827=FILL_AREA_STYLE_COLOUR('',#1887);
#1828=FILL_AREA_STYLE_COLOUR('',#1887);
#1829=FILL_AREA_STYLE_COLOUR('',#1887);
#1830=FILL_AREA_STYLE_COLOUR('',#1887);
#1831=FILL_AREA_STYLE_COLOUR('',#1887);
#1832=FILL_AREA_STYLE_COLOUR('',#1887);
#1833=FILL_AREA_STYLE_COLOUR('',#1887);
#1834=FILL_AREA_STYLE_COLOUR('',#1887);
#1835=FILL_AREA_STYLE_COLOUR('',#1887);
#1836=FILL_AREA_STYLE_COLOUR('',#1887);
#1837=FILL_AREA_STYLE_COLOUR('',#1887);
#1838=FILL_AREA_STYLE_COLOUR('',#1887);
#1839=FILL_AREA_STYLE_COLOUR('',#1887);
#1840=FILL_AREA_STYLE_COLOUR('',#1887);
#1841=FILL_AREA_STYLE_COLOUR('',#1887);
#1842=FILL_AREA_STYLE_COLOUR('',#1887);
#1843=FILL_AREA_STYLE_COLOUR('',#1887);
#1844=FILL_AREA_STYLE_COLOUR('',#1887);
#1845=FILL_AREA_STYLE_COLOUR('',#1887);
#1846=FILL_AREA_STYLE_COLOUR('',#1887);
#1847=FILL_AREA_STYLE_COLOUR('',#1887);
#1848=FILL_AREA_STYLE_COLOUR('',#1887);
#1849=FILL_AREA_STYLE_COLOUR('',#1887);
#1850=FILL_AREA_STYLE_COLOUR('',#1887);
#1851=FILL_AREA_STYLE_COLOUR('',#1887);
#1852=FILL_AREA_STYLE_COLOUR('',#1887);
#1853=FILL_AREA_STYLE_COLOUR('',#1887);
#1854=FILL_AREA_STYLE_COLOUR('',#1887);
#1855=FILL_AREA_STYLE_COLOUR('',#1887);
#1856=FILL_AREA_STYLE_COLOUR('',#1887);
#1857=FILL_AREA_STYLE_COLOUR('',#1887);
#1858=FILL_AREA_STYLE_COLOUR('',#1887);
#1859=FILL_AREA_STYLE_COLOUR('',#1887);
#1860=FILL_AREA_STYLE_COLOUR('',#1887);
#1861=FILL_AREA_STYLE_COLOUR('',#1887);
#1862=FILL_AREA_STYLE_COLOUR('',#1887);
#1863=FILL_AREA_STYLE_COLOUR('',#1887);
#1864=FILL_AREA_STYLE_COLOUR('',#1887);
#1865=FILL_AREA_STYLE_COLOUR('',#1887);
#1866=FILL_AREA_STYLE_COLOUR('',#1887);
#1867=FILL_AREA_STYLE_COLOUR('',#1887);
#1868=FILL_AREA_STYLE_COLOUR('',#1887);
#1869=FILL_AREA_STYLE_COLOUR('',#1887);
#1870=FILL_AREA_STYLE_COLOUR('',#1887);
#1871=FILL_AREA_STYLE_COLOUR('',#1887);
#1872=FILL_AREA_STYLE_COLOUR('',#1887);
#1873=FILL_AREA_STYLE_COLOUR('',#1887);
#1874=FILL_AREA_STYLE_COLOUR('',#1887);
#1875=FILL_AREA_STYLE_COLOUR('',#1887);
#1876=FILL_AREA_STYLE_COLOUR('',#1887);
#1877=FILL_AREA_STYLE_COLOUR('',#1887);
#1878=FILL_AREA_STYLE_COLOUR('',#1887);
#1879=FILL_AREA_STYLE_COLOUR('',#1887);
#1880=FILL_AREA_STYLE_COLOUR('',#1887);
#1881=FILL_AREA_STYLE_COLOUR('',#1887);
#1882=FILL_AREA_STYLE_COLOUR('',#1887);
#1883=FILL_AREA_STYLE_COLOUR('',#1887);
#1884=FILL_AREA_STYLE_COLOUR('',#1887);
#1885=FILL_AREA_STYLE_COLOUR('',#1887);
#1886=COLOUR_RGB('',0.627450980392157,0.627450980392157,0.627450980392157);
#1887=COLOUR_RGB('',0.901960784313726,0.87843137254902,0.811764705882353);
#1888=MANIFOLD_SOLID_BREP('Vacuum_Pump',#1386);
#1889=SHAPE_DEFINITION_REPRESENTATION(#3428,#1890);
#1890=SHAPE_REPRESENTATION('Vacuum_Pump',(#1891),#3423);
#1891=AXIS2_PLACEMENT_3D('',#2335,#2009,#2010);
#1892=AXIS2_PLACEMENT_3D('',#2336,#2011,#2012);
#1893=AXIS2_PLACEMENT_3D('',#2393,#2017,#2018);
#1894=AXIS2_PLACEMENT_3D('',#2399,#2022,#2023);
#1895=AXIS2_PLACEMENT_3D('',#2403,#2025,#2026);
#1896=AXIS2_PLACEMENT_3D('',#2404,#2027,#2028);
#1897=AXIS2_PLACEMENT_3D('',#2405,#2029,#2030);
#1898=AXIS2_PLACEMENT_3D('',#2468,#2034,#2035);
#1899=AXIS2_PLACEMENT_3D('',#2474,#2039,#2040);
#1900=AXIS2_PLACEMENT_3D('',#2531,#2045,#2046);
#1901=AXIS2_PLACEMENT_3D('',#2537,#2050,#2051);
#1902=AXIS2_PLACEMENT_3D('',#2541,#2053,#2054);
#1903=AXIS2_PLACEMENT_3D('',#2542,#2055,#2056);
#1904=AXIS2_PLACEMENT_3D('',#2543,#2057,#2058);
#1905=AXIS2_PLACEMENT_3D('',#2606,#2062,#2063);
#1906=AXIS2_PLACEMENT_3D('',#2612,#2067,#2068);
#1907=AXIS2_PLACEMENT_3D('',#2669,#2073,#2074);
#1908=AXIS2_PLACEMENT_3D('',#2675,#2078,#2079);
#1909=AXIS2_PLACEMENT_3D('',#2679,#2081,#2082);
#1910=AXIS2_PLACEMENT_3D('',#2680,#2083,#2084);
#1911=AXIS2_PLACEMENT_3D('',#2681,#2085,#2086);
#1912=AXIS2_PLACEMENT_3D('',#2744,#2090,#2091);
#1913=AXIS2_PLACEMENT_3D('',#2750,#2095,#2096);
#1914=AXIS2_PLACEMENT_3D('',#2807,#2101,#2102);
#1915=AXIS2_PLACEMENT_3D('',#2813,#2106,#2107);
#1916=AXIS2_PLACEMENT_3D('',#2817,#2109,#2110);
#1917=AXIS2_PLACEMENT_3D('',#2818,#2111,#2112);
#1918=AXIS2_PLACEMENT_3D('',#2819,#2113,#2114);
#1919=AXIS2_PLACEMENT_3D('',#2882,#2118,#2119);
#1920=AXIS2_PLACEMENT_3D('',#2888,#2123,#2124);
#1921=AXIS2_PLACEMENT_3D('',#2945,#2129,#2130);
#1922=AXIS2_PLACEMENT_3D('',#2951,#2134,#2135);
#1923=AXIS2_PLACEMENT_3D('',#2955,#2137,#2138);
#1924=AXIS2_PLACEMENT_3D('',#2956,#2139,#2140);
#1925=AXIS2_PLACEMENT_3D('',#2957,#2141,#2142);
#1926=AXIS2_PLACEMENT_3D('',#3020,#2146,#2147);
#1927=AXIS2_PLACEMENT_3D('',#3026,#2151,#2152);
#1928=AXIS2_PLACEMENT_3D('',#3027,#2153,#2154);
#1929=AXIS2_PLACEMENT_3D('',#3029,#2155,#2156);
#1930=AXIS2_PLACEMENT_3D('',#3031,#2157,#2158);
#1931=AXIS2_PLACEMENT_3D('',#3032,#2159,#2160);
#1932=AXIS2_PLACEMENT_3D('',#3034,#2161,#2162);
#1933=AXIS2_PLACEMENT_3D('',#3036,#2163,#2164);
#1934=AXIS2_PLACEMENT_3D('',#3037,#2165,#2166);
#1935=AXIS2_PLACEMENT_3D('',#3039,#2167,#2168);
#1936=AXIS2_PLACEMENT_3D('',#3041,#2169,#2170);
#1937=AXIS2_PLACEMENT_3D('',#3042,#2171,#2172);
#1938=AXIS2_PLACEMENT_3D('',#3044,#2173,#2174);
#1939=AXIS2_PLACEMENT_3D('',#3046,#2175,#2176);
#1940=AXIS2_PLACEMENT_3D('',#3047,#2177,#2178);
#1941=AXIS2_PLACEMENT_3D('',#3049,#2179,#2180);
#1942=AXIS2_PLACEMENT_3D('',#3051,#2181,#2182);
#1943=AXIS2_PLACEMENT_3D('',#3052,#2183,#2184);
#1944=AXIS2_PLACEMENT_3D('',#3054,#2185,#2186);
#1945=AXIS2_PLACEMENT_3D('',#3229,#2187,#2188);
#1946=AXIS2_PLACEMENT_3D('',#3256,#2189,#2190);
#1947=AXIS2_PLACEMENT_3D('',#3278,#2191,#2192);
#1948=AXIS2_PLACEMENT_3D('',#3300,#2193,#2194);
#1949=AXIS2_PLACEMENT_3D('',#3322,#2195,#2196);
#1950=AXIS2_PLACEMENT_3D('',#3323,#2197,#2198);
#1951=AXIS2_PLACEMENT_3D('',#3324,#2199,#2200);
#1952=AXIS2_PLACEMENT_3D('',#3326,#2201,#2202);
#1953=AXIS2_PLACEMENT_3D('',#3328,#2203,#2204);
#1954=AXIS2_PLACEMENT_3D('',#3329,#2205,#2206);
#1955=AXIS2_PLACEMENT_3D('',#3331,#2207,#2208);
#1956=AXIS2_PLACEMENT_3D('',#3333,#2209,#2210);
#1957=AXIS2_PLACEMENT_3D('',#3334,#2211,#2212);
#1958=AXIS2_PLACEMENT_3D('',#3335,#2213,#2214);
#1959=AXIS2_PLACEMENT_3D('',#3336,#2215,#2216);
#1960=AXIS2_PLACEMENT_3D('',#3337,#2217,#2218);
#1961=AXIS2_PLACEMENT_3D('',#3338,#2219,#2220);
#1962=AXIS2_PLACEMENT_3D('',#3339,#2221,#2222);
#1963=AXIS2_PLACEMENT_3D('',#3340,#2223,#2224);
#1964=AXIS2_PLACEMENT_3D('',#3343,#2226,#2227);
#1965=AXIS2_PLACEMENT_3D('',#3346,#2229,#2230);
#1966=AXIS2_PLACEMENT_3D('',#3349,#2233,#2234);
#1967=AXIS2_PLACEMENT_3D('',#3350,#2235,#2236);
#1968=AXIS2_PLACEMENT_3D('',#3351,#2237,#2238);
#1969=AXIS2_PLACEMENT_3D('',#3354,#2240,#2241);
#1970=AXIS2_PLACEMENT_3D('',#3357,#2243,#2244);
#1971=AXIS2_PLACEMENT_3D('',#3360,#2247,#2248);
#1972=AXIS2_PLACEMENT_3D('',#3361,#2249,#2250);
#1973=AXIS2_PLACEMENT_3D('',#3362,#2251,#2252);
#1974=AXIS2_PLACEMENT_3D('',#3365,#2254,#2255);
#1975=AXIS2_PLACEMENT_3D('',#3368,#2257,#2258);
#1976=AXIS2_PLACEMENT_3D('',#3371,#2261,#2262);
#1977=AXIS2_PLACEMENT_3D('',#3372,#2263,#2264);
#1978=AXIS2_PLACEMENT_3D('',#3373,#2265,#2266);
#1979=AXIS2_PLACEMENT_3D('',#3376,#2268,#2269);
#1980=AXIS2_PLACEMENT_3D('',#3379,#2271,#2272);
#1981=AXIS2_PLACEMENT_3D('',#3382,#2275,#2276);
#1982=AXIS2_PLACEMENT_3D('',#3383,#2277,#2278);
#1983=AXIS2_PLACEMENT_3D('',#3384,#2279,#2280);
#1984=AXIS2_PLACEMENT_3D('',#3387,#2282,#2283);
#1985=AXIS2_PLACEMENT_3D('',#3390,#2285,#2286);
#1986=AXIS2_PLACEMENT_3D('',#3393,#2289,#2290);
#1987=AXIS2_PLACEMENT_3D('',#3394,#2291,#2292);
#1988=AXIS2_PLACEMENT_3D('',#3395,#2293,#2294);
#1989=AXIS2_PLACEMENT_3D('',#3396,#2295,#2296);
#1990=AXIS2_PLACEMENT_3D('',#3397,#2297,#2298);
#1991=AXIS2_PLACEMENT_3D('',#3398,#2299,#2300);
#1992=AXIS2_PLACEMENT_3D('',#3400,#2301,#2302);
#1993=AXIS2_PLACEMENT_3D('',#3401,#2303,#2304);
#1994=AXIS2_PLACEMENT_3D('',#3402,#2305,#2306);
#1995=AXIS2_PLACEMENT_3D('',#3404,#2307,#2308);
#1996=AXIS2_PLACEMENT_3D('',#3405,#2309,#2310);
#1997=AXIS2_PLACEMENT_3D('',#3406,#2311,#2312);
#1998=AXIS2_PLACEMENT_3D('',#3408,#2313,#2314);
#1999=AXIS2_PLACEMENT_3D('',#3409,#2315,#2316);
#2000=AXIS2_PLACEMENT_3D('',#3410,#2317,#2318);
#2001=AXIS2_PLACEMENT_3D('',#3412,#2319,#2320);
#2002=AXIS2_PLACEMENT_3D('',#3413,#2321,#2322);
#2003=AXIS2_PLACEMENT_3D('',#3414,#2323,#2324);
#2004=AXIS2_PLACEMENT_3D('',#3416,#2325,#2326);
#2005=AXIS2_PLACEMENT_3D('',#3417,#2327,#2328);
#2006=AXIS2_PLACEMENT_3D('',#3419,#2329,#2330);
#2007=AXIS2_PLACEMENT_3D('',#3420,#2331,#2332);
#2008=AXIS2_PLACEMENT_3D('',#3421,#2333,#2334);
#2009=DIRECTION('',(0.,0.,1.));
#2010=DIRECTION('',(1.,0.,0.));
#2011=DIRECTION('',(-0.860827502002319,-0.508896857719172,0.));
#2012=DIRECTION('',(0.,0.,1.));
#2013=DIRECTION('',(0.,0.,1.));
#2014=DIRECTION('',(-0.508896857719172,0.860827502002319,0.));
#2015=DIRECTION('',(0.,0.,1.));
#2016=DIRECTION('',(0.672498511963948,-0.218508012224493,0.707106781186531));
#2017=DIRECTION('',(-0.672498511963951,0.218508012224409,0.707106781186554));
#2018=DIRECTION('',(0.309016994374948,0.951056516295153,0.));
#2019=DIRECTION('',(-0.672498511963955,0.218508012224406,-0.707106781186551));
#2020=DIRECTION('',(0.309016994374948,0.951056516295153,0.));
#2021=DIRECTION('',(-0.309016994374948,-0.951056516295153,0.));
#2022=DIRECTION('',(0.,0.,1.));
#2023=DIRECTION('',(1.,0.,0.));
#2024=DIRECTION('',(0.672498511963916,-0.218508012224535,-0.707106781186548));
#2025=DIRECTION('',(0.,0.,1.));
#2026=DIRECTION('',(1.,0.,0.));
#2027=DIRECTION('',(0.,0.,1.));
#2028=DIRECTION('',(1.,0.,0.));
#2029=DIRECTION('',(0.672498511963956,-0.218508012224408,0.707106781186549));
#2030=DIRECTION('',(-0.309016994374945,-0.951056516295154,0.));
#2031=DIRECTION('',(0.672498511963989,-0.218508012224437,-0.707106781186509));
#2032=DIRECTION('',(-0.309016994374945,-0.951056516295154,0.));
#2033=DIRECTION('',(0.309016994374945,0.951056516295154,0.));
#2034=DIRECTION('',(-0.397302010439903,0.917687916723551,0.));
#2035=DIRECTION('',(0.,0.,1.));
#2036=DIRECTION('',(0.917687916723551,0.397302010439903,0.));
#2037=DIRECTION('',(0.,0.,-1.));
#2038=DIRECTION('',(0.,0.,1.));
#2039=DIRECTION('',(0.217979345311904,-0.975953382604617,0.));
#2040=DIRECTION('',(0.,0.,1.));
#2041=DIRECTION('',(0.,0.,1.));
#2042=DIRECTION('',(-0.975953382604617,-0.217979345311904,0.));
#2043=DIRECTION('',(0.,0.,1.));
#2044=DIRECTION('',(0.415626937777469,0.572061402817632,0.70710678118658));
#2045=DIRECTION('',(-0.415626937777448,-0.572061402817685,0.707106781186551));
#2046=DIRECTION('',(-0.809016994374951,0.587785252292468,0.));
#2047=DIRECTION('',(-0.415626937777447,-0.572061402817691,-0.707106781186546));
#2048=DIRECTION('',(-0.809016994374951,0.587785252292468,0.));
#2049=DIRECTION('',(0.809016994374951,-0.587785252292468,0.));
#2050=DIRECTION('',(0.,0.,1.));
#2051=DIRECTION('',(1.,0.,0.));
#2052=DIRECTION('',(0.415626937777471,0.572061402817673,-0.707106781186547));
#2053=DIRECTION('',(0.,0.,1.));
#2054=DIRECTION('',(1.,0.,0.));
#2055=DIRECTION('',(0.,0.,1.));
#2056=DIRECTION('',(1.,0.,0.));
#2057=DIRECTION('',(0.415626937777452,0.572061402817685,0.707106781186548));
#2058=DIRECTION('',(0.809016994374949,-0.587785252292471,0.));
#2059=DIRECTION('',(0.415626937777465,0.572061402817704,-0.707106781186525));
#2060=DIRECTION('',(0.809016994374949,-0.587785252292471,0.));
#2061=DIRECTION('',(-0.809016994374949,0.587785252292471,0.));
#2062=DIRECTION('',(-0.995546146250522,-0.0942755041658961,0.));
#2063=DIRECTION('',(0.,0.,1.));
#2064=DIRECTION('',(-0.0942755041658961,0.995546146250522,0.));
#2065=DIRECTION('',(0.,0.,-1.));
#2066=DIRECTION('',(0.,0.,1.));
#2067=DIRECTION('',(0.995546146250521,-0.0942755041659075,0.));
#2068=DIRECTION('',(0.,0.,1.));
#2069=DIRECTION('',(0.,0.,1.));
#2070=DIRECTION('',(-0.0942755041659076,-0.995546146250521,0.));
#2071=DIRECTION('',(0.,0.,1.));
#2072=DIRECTION('',(-0.415626937777434,0.572061402817746,0.707106781186509));
#2073=DIRECTION('',(0.415626937777449,-0.572061402817686,0.707106781186549));
#2074=DIRECTION('',(-0.809016994374951,-0.587785252292468,0.));
#2075=DIRECTION('',(0.415626937777452,-0.572061402817689,-0.707106781186544));
#2076=DIRECTION('',(-0.809016994374951,-0.587785252292468,0.));
#2077=DIRECTION('',(0.809016994374951,0.587785252292468,0.));
#2078=DIRECTION('',(0.,0.,1.));
#2079=DIRECTION('',(1.,0.,0.));
#2080=DIRECTION('',(-0.415626937777501,0.572061402817653,-0.707106781186545));
#2081=DIRECTION('',(0.,0.,1.));
#2082=DIRECTION('',(1.,0.,0.));
#2083=DIRECTION('',(0.,0.,1.));
#2084=DIRECTION('',(1.,0.,0.));
#2085=DIRECTION('',(-0.415626937777452,0.572061402817685,0.707106781186548));
#2086=DIRECTION('',(0.809016994374949,0.587785252292471,0.));
#2087=DIRECTION('',(-0.415626937777463,0.572061402817708,-0.707106781186522));
#2088=DIRECTION('',(0.809016994374949,0.587785252292471,0.));
#2089=DIRECTION('',(-0.809016994374949,-0.587785252292471,0.));
#2090=DIRECTION('',(-0.217979345311905,-0.975953382604617,0.));
#2091=DIRECTION('',(0.,0.,1.));
#2092=DIRECTION('',(-0.975953382604617,0.217979345311905,0.));
#2093=DIRECTION('',(0.,0.,-1.));
#2094=DIRECTION('',(0.,0.,1.));
#2095=DIRECTION('',(0.397302010439886,0.917687916723559,0.));
#2096=DIRECTION('',(0.,0.,1.));
#2097=DIRECTION('',(0.,0.,1.));
#2098=DIRECTION('',(0.917687916723559,-0.397302010439886,0.));
#2099=DIRECTION('',(0.,0.,1.));
#2100=DIRECTION('',(-0.672498511963949,-0.218508012224487,0.707106781186532));
#2101=DIRECTION('',(0.672498511963944,0.218508012224411,0.70710678118656));
#2102=DIRECTION('',(0.309016994374954,-0.951056516295151,0.));
#2103=DIRECTION('',(0.672498511963959,0.218508012224429,-0.707106781186541));
#2104=DIRECTION('',(0.309016994374954,-0.951056516295151,0.));
#2105=DIRECTION('',(-0.309016994374954,0.951056516295151,0.));
#2106=DIRECTION('',(0.,0.,1.));
#2107=DIRECTION('',(1.,0.,0.));
#2108=DIRECTION('',(-0.672498511963983,-0.218508012224355,-0.707106781186541));
#2109=DIRECTION('',(0.,0.,1.));
#2110=DIRECTION('',(1.,0.,0.));
#2111=DIRECTION('',(0.,0.,1.));
#2112=DIRECTION('',(1.,0.,0.));
#2113=DIRECTION('',(-0.672498511963944,-0.218508012224408,0.707106781186561));
#2114=DIRECTION('',(-0.30901699437495,0.951056516295153,0.));
#2115=DIRECTION('',(-0.672498511963989,-0.218508012224442,-0.707106781186508));
#2116=DIRECTION('',(-0.30901699437495,0.951056516295153,0.));
#2117=DIRECTION('',(0.30901699437495,-0.951056516295153,0.));
#2118=DIRECTION('',(0.8608275020023,-0.508896857719205,0.));
#2119=DIRECTION('',(0.,0.,1.));
#2120=DIRECTION('',(-0.508896857719205,-0.8608275020023,0.));
#2121=DIRECTION('',(0.,0.,-1.));
#2122=DIRECTION('',(0.,0.,1.));
#2123=DIRECTION('',(-0.75,0.661437827766147,0.));
#2124=DIRECTION('',(0.,0.,1.));
#2125=DIRECTION('',(0.,0.,1.));
#2126=DIRECTION('',(0.661437827766147,0.75,0.));
#2127=DIRECTION('',(0.,0.,1.));
#2128=DIRECTION('',(0.,-0.70710678118656,0.707106781186535));
#2129=DIRECTION('',(0.,0.707106781186548,0.707106781186548));
#2130=DIRECTION('',(1.,0.,0.));
#2131=DIRECTION('',(0.,0.707106781186548,-0.707106781186548));
#2132=DIRECTION('',(1.,0.,0.));
#2133=DIRECTION('',(-1.,0.,0.));
#2134=DIRECTION('',(0.,0.,1.));
#2135=DIRECTION('',(1.,0.,0.));
#2136=DIRECTION('',(0.,-0.707106781186548,-0.707106781186548));
#2137=DIRECTION('',(0.,0.,1.));
#2138=DIRECTION('',(1.,0.,0.));
#2139=DIRECTION('',(0.,0.,1.));
#2140=DIRECTION('',(1.,0.,0.));
#2141=DIRECTION('',(0.,-0.707106781186548,0.707106781186548));
#2142=DIRECTION('',(-1.,0.,0.));
#2143=DIRECTION('',(0.,-0.707106781186554,-0.707106781186542));
#2144=DIRECTION('',(-1.,0.,0.));
#2145=DIRECTION('',(1.,0.,0.));
#2146=DIRECTION('',(0.75,0.661437827766147,0.));
#2147=DIRECTION('',(0.,0.,1.));
#2148=DIRECTION('',(0.661437827766147,-0.75,0.));
#2149=DIRECTION('',(0.,0.,-1.));
#2150=DIRECTION('',(0.,0.,1.));
#2151=DIRECTION('',(0.,0.,-1.));
#2152=DIRECTION('',(-1.,0.,0.));
#2153=DIRECTION('',(0.,0.,1.));
#2154=DIRECTION('',(1.,0.,0.));
#2155=DIRECTION('',(0.,0.,1.));
#2156=DIRECTION('',(1.,0.,0.));
#2157=DIRECTION('',(0.,0.,-1.));
#2158=DIRECTION('',(-1.,0.,0.));
#2159=DIRECTION('',(0.,0.,1.));
#2160=DIRECTION('',(1.,0.,0.));
#2161=DIRECTION('',(0.,0.,1.));
#2162=DIRECTION('',(1.,0.,0.));
#2163=DIRECTION('',(0.,0.,1.));
#2164=DIRECTION('',(1.,0.,0.));
#2165=DIRECTION('',(0.,0.,1.));
#2166=DIRECTION('',(1.,0.,0.));
#2167=DIRECTION('',(0.,0.,1.));
#2168=DIRECTION('',(1.,0.,0.));
#2169=DIRECTION('',(0.,0.,1.));
#2170=DIRECTION('',(1.,0.,0.));
#2171=DIRECTION('',(0.,0.,-1.));
#2172=DIRECTION('',(-1.,0.,0.));
#2173=DIRECTION('',(0.,0.,-1.));
#2174=DIRECTION('',(-1.,0.,0.));
#2175=DIRECTION('',(0.,0.,1.));
#2176=DIRECTION('',(1.,0.,0.));
#2177=DIRECTION('',(0.,0.,-1.));
#2178=DIRECTION('',(-1.,0.,0.));
#2179=DIRECTION('',(0.,0.,-1.));
#2180=DIRECTION('',(-1.,0.,0.));
#2181=DIRECTION('',(0.,0.,1.));
#2182=DIRECTION('',(1.,0.,0.));
#2183=DIRECTION('',(0.,0.,-1.));
#2184=DIRECTION('',(-1.,0.,0.));
#2185=DIRECTION('',(0.,0.,-1.));
#2186=DIRECTION('',(-1.,0.,0.));
#2187=DIRECTION('',(4.9538008834382E-17,3.59914592282577E-17,1.));
#2188=DIRECTION('',(-0.991827127391195,-0.127588986087866,0.));
#2189=DIRECTION('',(4.95379984273012E-17,-3.59914735523756E-17,1.));
#2190=DIRECTION('',(-0.427835774471223,0.903856487548001,0.));
#2191=DIRECTION('',(-1.89218420717114E-17,-5.82354131887793E-17,1.));
#2192=DIRECTION('',(0.727410077163119,0.686203016345415,0.));
#2193=DIRECTION('',(-6.1232339957367E-17,8.85288148568132E-24,1.));
#2194=DIRECTION('',(0.877399925918843,-0.479759700264215,0.));
#2195=DIRECTION('',(-1.89218252326074E-17,5.82354186601359E-17,1.));
#2196=DIRECTION('',(-0.185147101220519,-0.982710817539748,0.));
#2197=DIRECTION('',(0.,0.,1.));
#2198=DIRECTION('',(0.,-1.,0.));
#2199=DIRECTION('',(0.,0.,1.));
#2200=DIRECTION('',(0.,-1.,0.));
#2201=DIRECTION('',(0.,0.,-1.));
#2202=DIRECTION('',(0.,-1.,0.));
#2203=DIRECTION('',(0.,0.,1.));
#2204=DIRECTION('',(0.,1.,0.));
#2205=DIRECTION('',(0.,0.,1.));
#2206=DIRECTION('',(0.,1.,0.));
#2207=DIRECTION('',(0.,0.,1.));
#2208=DIRECTION('',(0.,1.,0.));
#2209=DIRECTION('',(0.,0.,1.));
#2210=DIRECTION('',(0.,1.,0.));
#2211=DIRECTION('',(0.,0.,-1.));
#2212=DIRECTION('',(0.,1.,0.));
#2213=DIRECTION('',(0.,0.,-1.));
#2214=DIRECTION('',(0.,1.,0.));
#2215=DIRECTION('',(0.,0.,-1.));
#2216=DIRECTION('',(0.,1.,0.));
#2217=DIRECTION('',(0.,0.,-1.));
#2218=DIRECTION('',(0.,1.,0.));
#2219=DIRECTION('',(0.,0.,-1.));
#2220=DIRECTION('',(0.,1.,0.));
#2221=DIRECTION('',(0.,0.,1.));
#2222=DIRECTION('',(0.,1.,0.));
#2223=DIRECTION('',(0.,0.,1.));
#2224=DIRECTION('',(0.,-1.,0.));
#2225=DIRECTION('',(0.809016994374951,0.587785252292468,0.));
#2226=DIRECTION('',(0.,0.,-1.));
#2227=DIRECTION('',(0.,-1.,0.));
#2228=DIRECTION('',(-0.809016994374949,-0.587785252292471,0.));
#2229=DIRECTION('',(0.,0.,-1.));
#2230=DIRECTION('',(0.,-1.,0.));
#2231=DIRECTION('',(0.,0.,-1.));
#2232=DIRECTION('',(0.,0.,-1.));
#2233=DIRECTION('',(-0.587785252292468,0.809016994374951,0.));
#2234=DIRECTION('',(0.809016994374951,0.587785252292468,0.));
#2235=DIRECTION('',(0.587785252292471,-0.809016994374949,0.));
#2236=DIRECTION('',(-0.809016994374949,-0.587785252292471,0.));
#2237=DIRECTION('',(0.,0.,1.));
#2238=DIRECTION('',(0.,-1.,0.));
#2239=DIRECTION('',(-0.309016994374954,0.951056516295151,0.));
#2240=DIRECTION('',(0.,0.,-1.));
#2241=DIRECTION('',(0.,-1.,0.));
#2242=DIRECTION('',(0.30901699437495,-0.951056516295153,0.));
#2243=DIRECTION('',(0.,0.,-1.));
#2244=DIRECTION('',(0.,-1.,0.));
#2245=DIRECTION('',(0.,0.,-1.));
#2246=DIRECTION('',(0.,0.,-1.));
#2247=DIRECTION('',(-0.951056516295151,-0.309016994374954,0.));
#2248=DIRECTION('',(-0.309016994374954,0.951056516295151,0.));
#2249=DIRECTION('',(0.951056516295153,0.30901699437495,0.));
#2250=DIRECTION('',(0.30901699437495,-0.951056516295153,0.));
#2251=DIRECTION('',(0.,0.,1.));
#2252=DIRECTION('',(0.,-1.,0.));
#2253=DIRECTION('',(0.809016994374951,-0.587785252292468,0.));
#2254=DIRECTION('',(0.,0.,-1.));
#2255=DIRECTION('',(0.,-1.,0.));
#2256=DIRECTION('',(-0.809016994374949,0.587785252292471,0.));
#2257=DIRECTION('',(0.,0.,-1.));
#2258=DIRECTION('',(-0.809016994374951,0.587785252292468,0.));
#2259=DIRECTION('',(0.,0.,-1.));
#2260=DIRECTION('',(0.,0.,-1.));
#2261=DIRECTION('',(0.587785252292468,0.809016994374951,0.));
#2262=DIRECTION('',(0.809016994374951,-0.587785252292468,0.));
#2263=DIRECTION('',(-0.587785252292471,-0.809016994374949,0.));
#2264=DIRECTION('',(-0.809016994374949,0.587785252292471,0.));
#2265=DIRECTION('',(0.,0.,1.));
#2266=DIRECTION('',(0.,-1.,0.));
#2267=DIRECTION('',(-1.,0.,0.));
#2268=DIRECTION('',(0.,0.,-1.));
#2269=DIRECTION('',(0.,-1.,0.));
#2270=DIRECTION('',(1.,0.,0.));
#2271=DIRECTION('',(0.,0.,-1.));
#2272=DIRECTION('',(0.,-1.,0.));
#2273=DIRECTION('',(0.,0.,-1.));
#2274=DIRECTION('',(0.,0.,-1.));
#2275=DIRECTION('',(0.,-1.,0.));
#2276=DIRECTION('',(-1.,0.,0.));
#2277=DIRECTION('',(0.,1.,0.));
#2278=DIRECTION('',(1.,0.,0.));
#2279=DIRECTION('',(0.,0.,1.));
#2280=DIRECTION('',(0.,-1.,0.));
#2281=DIRECTION('',(-0.309016994374948,-0.951056516295153,0.));
#2282=DIRECTION('',(0.,0.,-1.));
#2283=DIRECTION('',(0.,-1.,0.));
#2284=DIRECTION('',(0.309016994374945,0.951056516295154,0.));
#2285=DIRECTION('',(0.,0.,-1.));
#2286=DIRECTION('',(0.309016994374948,0.951056516295153,0.));
#2287=DIRECTION('',(0.,0.,-1.));
#2288=DIRECTION('',(0.,0.,-1.));
#2289=DIRECTION('',(0.951056516295153,-0.309016994374948,0.));
#2290=DIRECTION('',(-0.309016994374948,-0.951056516295153,0.));
#2291=DIRECTION('',(-0.951056516295154,0.309016994374945,0.));
#2292=DIRECTION('',(0.309016994374945,0.951056516295154,0.));
#2293=DIRECTION('',(0.,0.,1.));
#2294=DIRECTION('',(0.,-1.,0.));
#2295=DIRECTION('',(0.,0.,1.));
#2296=DIRECTION('',(0.,-1.,0.));
#2297=DIRECTION('',(0.,0.,1.));
#2298=DIRECTION('',(0.,-1.,0.));
#2299=DIRECTION('',(0.,0.,-1.));
#2300=DIRECTION('',(0.,-1.,0.));
#2301=DIRECTION('',(0.,0.,-1.));
#2302=DIRECTION('',(0.,-1.,0.));
#2303=DIRECTION('',(0.,0.,-1.));
#2304=DIRECTION('',(0.,1.,0.));
#2305=DIRECTION('',(0.,0.,1.));
#2306=DIRECTION('',(0.,1.,0.));
#2307=DIRECTION('',(0.,0.,-1.));
#2308=DIRECTION('',(0.,1.,0.));
#2309=DIRECTION('',(0.,0.,1.));
#2310=DIRECTION('',(0.,1.,0.));
#2311=DIRECTION('',(0.,0.,1.));
#2312=DIRECTION('',(0.,1.,0.));
#2313=DIRECTION('',(0.,0.,1.));
#2314=DIRECTION('',(0.,1.,0.));
#2315=DIRECTION('',(0.,0.,-1.));
#2316=DIRECTION('',(0.,1.,0.));
#2317=DIRECTION('',(0.,0.,1.));
#2318=DIRECTION('',(0.,1.,0.));
#2319=DIRECTION('',(0.,0.,1.));
#2320=DIRECTION('',(0.,1.,0.));
#2321=DIRECTION('',(0.,0.,-1.));
#2322=DIRECTION('',(0.,-1.,0.));
#2323=DIRECTION('',(0.,0.,-1.));
#2324=DIRECTION('',(0.,1.,0.));
#2325=DIRECTION('',(0.,0.,-1.));
#2326=DIRECTION('',(0.,1.,0.));
#2327=DIRECTION('',(0.,0.,1.));
#2328=DIRECTION('',(0.,1.,0.));
#2329=DIRECTION('',(0.,0.,-1.));
#2330=DIRECTION('',(0.,1.,0.));
#2331=DIRECTION('',(0.,0.,-1.));
#2332=DIRECTION('',(0.,1.,0.));
#2333=DIRECTION('',(0.,0.,-1.));
#2334=DIRECTION('',(0.,1.,0.));
#2335=CARTESIAN_POINT('',(0.,0.,0.));
#2336=CARTESIAN_POINT('',(-0.0526313368914916,0.00903327224114417,0.0219695890602438));
#2337=CARTESIAN_POINT('',(-0.0526315026483823,0.00903355262819714,0.0639695890602438));
#2338=CARTESIAN_POINT('',(-0.0527332267676293,0.00920562466624661,0.0639695890602438));
#2339=CARTESIAN_POINT('',(-0.0528349508868762,0.00937769670429608,0.0639695890602438));
#2340=CARTESIAN_POINT('',(-0.0529366750061231,0.00954976874234555,0.0639695890602438));
#2341=CARTESIAN_POINT('',(-0.052631655224139,0.00903346242972771,0.063969588997242));
#2342=CARTESIAN_POINT('',(-0.052936634317701,0.00954989396843245,0.0639695890602434));
#2343=CARTESIAN_POINT('',(-0.0529366750061231,0.00954976874234555,0.0639695890602438));
#2344=CARTESIAN_POINT('',(-0.0529366750061231,0.00954976874234555,0.0599695890602438));
#2345=CARTESIAN_POINT('',(-0.0526313368914916,0.00903327224114417,0.0599695890602438));
#2346=CARTESIAN_POINT('',(-0.0526313368914916,0.00903327224114416,0.0599695890602438));
#2347=CARTESIAN_POINT('',(-0.0526313368914916,0.00903327224114415,0.0219695890602438));
#2348=CARTESIAN_POINT('',(-0.0529365936292788,0.00955001919451936,0.063969589060243));
#2349=CARTESIAN_POINT('',(-0.0529365647225476,0.00955010816029023,0.0640527537581676));
#2350=CARTESIAN_POINT('',(-0.052934676805749,0.009555918570741,0.0641371986292962));
#2351=CARTESIAN_POINT('',(-0.0529232589908524,0.00959105899167858,0.0642980370476291));
#2352=CARTESIAN_POINT('',(-0.0529134032394387,0.00962139187555079,0.0643791087768991));
#2353=CARTESIAN_POINT('',(-0.0528762637521747,0.00973569546408297,0.0644968305618377));
#2354=CARTESIAN_POINT('',(-0.0528512649677249,0.00981263381143288,0.0645276197031984));
#2355=CARTESIAN_POINT('',(-0.0528011252343029,0.00996694804354442,0.0645636998074362));
#2356=CARTESIAN_POINT('',(-0.052775449146234,0.0100459709170931,0.0645694514403847));
#2357=CARTESIAN_POINT('',(-0.0527496854661512,0.0101252633711409,0.0645695890602438));
#2358=CARTESIAN_POINT('',(-0.0526311830556671,0.00903350885272929,0.0639695890602438));
#2359=CARTESIAN_POINT('',(-0.0526311038514817,0.0090338612668938,0.0640737986044231));
#2360=CARTESIAN_POINT('',(-0.0526291618613589,0.00903988614822059,0.0641859870326052));
#2361=CARTESIAN_POINT('',(-0.0526141156169769,0.00909373601931208,0.0644271703547139));
#2362=CARTESIAN_POINT('',(-0.0526010331268708,0.00914063211998898,0.0645821809550279));
#2363=CARTESIAN_POINT('',(-0.0525329556034178,0.00941667393195114,0.0648626246753904));
#2364=CARTESIAN_POINT('',(-0.0524946076976619,0.00956366241591773,0.0649085395894122));
#2365=CARTESIAN_POINT('',(-0.0524295635323322,0.00979638824588677,0.0649633195896124));
#2366=CARTESIAN_POINT('',(-0.0523989063104398,0.00990175606396325,0.0649691759753405));
#2367=CARTESIAN_POINT('',(-0.0523692628596331,0.0100016565733909,0.0649695890602438));
#2368=CARTESIAN_POINT('',(-0.052628128949931,0.00902834374931139,0.0639695890602438));
#2369=CARTESIAN_POINT('',(-0.052628049242771,0.00902869879795984,0.0640740090528857));
#2370=CARTESIAN_POINT('',(-0.052626106711915,0.00903472582399539,0.0641864749166383));
#2371=CARTESIAN_POINT('',(-0.0526110241832382,0.00908876278958841,0.0644284616877848));
#2372=CARTESIAN_POINT('',(-0.0525979094257451,0.00913582452243336,0.0645842116768092));
#2373=CARTESIAN_POINT('',(-0.0525295225219302,0.00941348371662982,0.0648662826165259));
#2374=CARTESIAN_POINT('',(-0.0524910411249613,0.00956117270196258,0.0649123487882743));
#2375=CARTESIAN_POINT('',(-0.0524258479153125,0.00979468264791019,0.0649673157874342));
#2376=CARTESIAN_POINT('',(-0.0523951408820819,0.00990031391543195,0.0649731732206901));
#2377=CARTESIAN_POINT('',(-0.0523654586335679,0.0100004205054134,0.0649735890602438));
#2378=CARTESIAN_POINT('',(-0.0525594749441473,0.010063460226111,0.0647695882387836));
#2379=CARTESIAN_POINT('',(-0.0527496854661512,0.0101252633711409,0.0645695890602438));
#2380=CARTESIAN_POINT('',(-0.0523692741120149,0.010001632575325,0.0649695890602438));
#2381=CARTESIAN_POINT('',(-0.0529365936293303,0.00955001919436095,0.0639695889121398));
#2382=CARTESIAN_POINT('',(-0.0529365356829136,0.00955019753509371,0.0641363008175319));
#2383=CARTESIAN_POINT('',(-0.0529210056111512,0.00959799418128822,0.0645223946710384));
#2384=CARTESIAN_POINT('',(-0.0528012515677043,0.00996655922931471,0.0645693136135838));
#2385=CARTESIAN_POINT('',(-0.0527496854661512,0.0101252633711409,0.0645695890602438));
#2386=CARTESIAN_POINT('',(-0.0523692702106952,0.0100016314345284,0.0649695890602438));
#2387=CARTESIAN_POINT('',(-0.0524074308873828,0.00987112876777796,0.064969589060244));
#2388=CARTESIAN_POINT('',(-0.052484200107816,0.00961233199765871,0.0649456290749497));
#2389=CARTESIAN_POINT('',(-0.0525738337405204,0.00924757348024957,0.0647506063632588));
#2390=CARTESIAN_POINT('',(-0.0526238375621288,0.00905666616835866,0.0643762626148254));
#2391=CARTESIAN_POINT('',(-0.0526304786069391,0.00903295291611714,0.0641056727489709));
#2392=CARTESIAN_POINT('',(-0.0526309021969786,0.00903303385210498,0.063969586398435));
#2393=CARTESIAN_POINT('',(-0.0434810908897078,0.0373566371208126,0.0649695890602438));
#2394=CARTESIAN_POINT('',(-0.0516700412406439,0.012153639438991,0.0649695890602438));
#2395=CARTESIAN_POINT('',(-0.0516700412406439,0.012153639438991,0.0649695890602438));
#2396=CARTESIAN_POINT('',(-0.052050463847162,0.012277246236741,0.0645695890602438));
#2397=CARTESIAN_POINT('',(-0.052050463847162,0.012277246236741,0.0645695890602438));
#2398=CARTESIAN_POINT('',(-0.0523843140542162,0.0099553337596079,0.0649695890602438));
#2399=CARTESIAN_POINT('',(-0.055188950350936,0.013297002318178,0.0649695890602438));
#2400=CARTESIAN_POINT('',(-0.0587078594612279,0.014440365197366,0.0649695890602438));
#2401=CARTESIAN_POINT('',(-0.0587078594612279,0.014440365197366,0.0649695890602438));
#2402=CARTESIAN_POINT('',(-0.05832743685471,0.014316758399616,0.0645695890602438));
#2403=CARTESIAN_POINT('',(-0.055188950350936,0.013297002318178,0.0645695890602438));
#2404=CARTESIAN_POINT('',(-0.055188950350936,0.013297002318178,0.0649695890602438));
#2405=CARTESIAN_POINT('',(-0.050518909110292,0.0396433628791873,0.0649695890602438));
#2406=CARTESIAN_POINT('',(-0.0592168863541904,0.0122265279134162,0.0647695890602438));
#2407=CARTESIAN_POINT('',(-0.0594070925048144,0.0122883578478083,0.0649695890602438));
#2408=CARTESIAN_POINT('',(-0.0590266750509204,0.0121647245145747,0.0645695890296901));
#2409=CARTESIAN_POINT('',(-0.0590417096682818,0.0121184527202337,0.0645695890602438));
#2410=CARTESIAN_POINT('',(-0.058707859461228,0.0144403651973659,0.0649695890602438));
#2411=CARTESIAN_POINT('',(-0.059024814696152,0.0121704500978186,0.0645695959295838));
#2412=CARTESIAN_POINT('',(-0.0590254342628219,0.0121685432676786,0.0645695936214922));
#2413=CARTESIAN_POINT('',(-0.0590260538294917,0.0121666364375387,0.0645695913134006));
#2414=CARTESIAN_POINT('',(-0.0590266733961615,0.0121647296073988,0.064569589005309));
#2415=CARTESIAN_POINT('',(-0.0590523693983815,0.0120856454443955,0.064569493279167));
#2416=CARTESIAN_POINT('',(-0.0590784465176657,0.0120053883236772,0.0645635572247234));
#2417=CARTESIAN_POINT('',(-0.0591282204390814,0.0118521999451554,0.0645275233446704));
#2418=CARTESIAN_POINT('',(-0.0591533174550412,0.011774959272304,0.0644967202468195));
#2419=CARTESIAN_POINT('',(-0.0591904182442113,0.0116607747842587,0.064378829268088));
#2420=CARTESIAN_POINT('',(-0.0592002500335496,0.0116305156480713,0.0642982282954173));
#2421=CARTESIAN_POINT('',(-0.0592116944523639,0.0115952933486941,0.064136124078729));
#2422=CARTESIAN_POINT('',(-0.0592135220256465,0.0115896686564891,0.0640529739156783));
#2423=CARTESIAN_POINT('',(-0.0592135666368268,0.0115895313573942,0.0639695890602408));
#2424=CARTESIAN_POINT('',(-0.0594045964116041,0.0122954103589566,0.0649696145400156));
#2425=CARTESIAN_POINT('',(-0.0594054313375302,0.012293048723183,0.0649696059782342));
#2426=CARTESIAN_POINT('',(-0.0594062662634563,0.0122906870874095,0.0649695974164529));
#2427=CARTESIAN_POINT('',(-0.0594071011893824,0.0122883254516359,0.0649695888546715));
#2428=CARTESIAN_POINT('',(-0.0594417290341259,0.0121903786106663,0.0649692337620513));
#2429=CARTESIAN_POINT('',(-0.0594794886793756,0.0120853987610609,0.0649631706906019));
#2430=CARTESIAN_POINT('',(-0.059563148592758,0.0118603204047423,0.0649083256518158));
#2431=CARTESIAN_POINT('',(-0.0596186942159823,0.0117184049677039,0.0648623041821911));
#2432=CARTESIAN_POINT('',(-0.0597258141715731,0.0114552261696007,0.0645816039293848));
#2433=CARTESIAN_POINT('',(-0.0597427105550817,0.0114097995038114,0.06442733830296));
#2434=CARTESIAN_POINT('',(-0.0597621827596676,0.0113573796001733,0.0641844743721679));
#2435=CARTESIAN_POINT('',(-0.0597640791178707,0.0113515792888832,0.0640741291717951));
#2436=CARTESIAN_POINT('',(-0.0597642461427013,0.0113511815441788,0.0639695890602438));
#2437=CARTESIAN_POINT('',(-0.0594083942287586,0.012296659961568,0.0649736147261198));
#2438=CARTESIAN_POINT('',(-0.0594092313082773,0.0122942937777381,0.0649736061018016));
#2439=CARTESIAN_POINT('',(-0.0594100683877959,0.0122919275939082,0.0649735974774833));
#2440=CARTESIAN_POINT('',(-0.0594109054673146,0.0122895614100783,0.0649735888531651));
#2441=CARTESIAN_POINT('',(-0.0594456226304834,0.012191425942329,0.0649732311668801));
#2442=CARTESIAN_POINT('',(-0.0594834991009927,0.0120861988654347,0.0649671668252607));
#2443=CARTESIAN_POINT('',(-0.0595674978742948,0.0118604016093382,0.0649121336748873));
#2444=CARTESIAN_POINT('',(-0.0596233479835917,0.0117178394246579,0.0648659600215448));
#2445=CARTESIAN_POINT('',(-0.0597311681308467,0.0114531706834541,0.0645836316759978));
#2446=CARTESIAN_POINT('',(-0.059748135160297,0.0114075923423688,0.0644286294030354));
#2447=CARTESIAN_POINT('',(-0.0597676876427406,0.0113550004626881,0.0641849578751023));
#2448=CARTESIAN_POINT('',(-0.0597695846887929,0.0113491983952071,0.0640743407243563));
#2449=CARTESIAN_POINT('',(-0.0597697529377601,0.0113487980460466,0.0639695890602438));
#2450=CARTESIAN_POINT('',(-0.0592135680905331,0.0115893155069871,0.0639695890602408));
#2451=CARTESIAN_POINT('',(-0.0593970939570396,0.0115098601775641,0.0639695890602408));
#2452=CARTESIAN_POINT('',(-0.059580619823546,0.0114304048481411,0.0639695890602408));
#2453=CARTESIAN_POINT('',(-0.0597641456900525,0.0113509495187182,0.0639695890602408));
#2454=CARTESIAN_POINT('',(-0.0592136073252489,0.0115894061313072,0.0639695890602408));
#2455=CARTESIAN_POINT('',(-0.0597642534277815,0.0113510406042269,0.0639695890602438));
#2456=CARTESIAN_POINT('',(-0.0590266750509094,0.0121647245146083,0.0645695889991365));
#2457=CARTESIAN_POINT('',(-0.0590781920556574,0.0120061714772109,0.0645693965786149));
#2458=CARTESIAN_POINT('',(-0.0591977272962897,0.0116382798350046,0.0645231797708967));
#2459=CARTESIAN_POINT('',(-0.0592134773681636,0.0115898060980895,0.0641364453180116));
#2460=CARTESIAN_POINT('',(-0.0592135666369488,0.0115895313570188,0.0639695888322794));
#2461=CARTESIAN_POINT('',(-0.0597647525626481,0.0113509623462004,0.0639695874656995));
#2462=CARTESIAN_POINT('',(-0.0597652215062824,0.0113511828423089,0.0641055576756862));
#2463=CARTESIAN_POINT('',(-0.0597565113537843,0.0113740329678127,0.0643754372732331));
#2464=CARTESIAN_POINT('',(-0.0596850140015173,0.011557609192716,0.0647501075208327));
#2465=CARTESIAN_POINT('',(-0.0595433386379504,0.0119051407400888,0.0649454796821437));
#2466=CARTESIAN_POINT('',(-0.0594528867734671,0.0121602134447842,0.0649695890602439));
#2467=CARTESIAN_POINT('',(-0.0594070901326586,0.0122883570000343,0.0649695890602438));
#2468=CARTESIAN_POINT('',(-0.0597642607637052,0.0113508996989562,0.0219695890602438));
#2469=CARTESIAN_POINT('',(-0.0597642607637052,0.0113508996989562,0.0599695890602438));
#2470=CARTESIAN_POINT('',(-0.0597642607637052,0.0113508996989562,0.0599695890602438));
#2471=CARTESIAN_POINT('',(-0.0592136480136711,0.0115892809052202,0.0599695890602438));
#2472=CARTESIAN_POINT('',(-0.0592136480136711,0.0115892809052202,0.0599695890602438));
#2473=CARTESIAN_POINT('',(-0.0597642607637052,0.0113508996989562,0.0219695890602438));
#2474=CARTESIAN_POINT('',(-0.0207156553515664,0.0240385607077871,0.0219695890602438));
#2475=CARTESIAN_POINT('',(-0.0207159732371964,0.0240384897079804,0.0639695890602438));
#2476=CARTESIAN_POINT('',(-0.0209110579518406,0.0239949175055203,0.0639695890602438));
#2477=CARTESIAN_POINT('',(-0.0211061426664848,0.0239513453030601,0.0639695890602438));
#2478=CARTESIAN_POINT('',(-0.0213012273811291,0.0239077731006,0.0639695890602438));
#2479=CARTESIAN_POINT('',(-0.020715934601856,0.0240383167269529,0.063969588997242));
#2480=CARTESIAN_POINT('',(-0.0213013339048012,0.023907850494578,0.0639695890602438));
#2481=CARTESIAN_POINT('',(-0.0213012273811291,0.0239077731006,0.0639695890602438));
#2482=CARTESIAN_POINT('',(-0.0213012273811291,0.0239077731006,0.0599695890602438));
#2483=CARTESIAN_POINT('',(-0.0207156553515664,0.0240385607077871,0.0599695890602438));
#2484=CARTESIAN_POINT('',(-0.0207156553515664,0.0240385607077871,0.0599695890602438));
#2485=CARTESIAN_POINT('',(-0.0207156553515664,0.0240385607077871,0.0219695890602438));
#2486=CARTESIAN_POINT('',(-0.0213014404284734,0.0239079278885561,0.0639695890602437));
#2487=CARTESIAN_POINT('',(-0.0213015161072782,0.0239079828724262,0.0640527537581682));
#2488=CARTESIAN_POINT('',(-0.0213064587376249,0.0239115739035733,0.0641371986292967));
#2489=CARTESIAN_POINT('',(-0.021336350965101,0.0239332918780915,0.0642980370476294));
#2490=CARTESIAN_POINT('',(-0.0213621536572863,0.0239520386313012,0.0643791087768994));
#2491=CARTESIAN_POINT('',(-0.0214593860972687,0.02402268213405,0.064496830561838));
#2492=CARTESIAN_POINT('',(-0.021524833764635,0.0240702326477506,0.0645276197031986));
#2493=CARTESIAN_POINT('',(-0.0216561012909207,0.024165604088143,0.0645636998074362));
#2494=CARTESIAN_POINT('',(-0.021723322162183,0.0242144429098847,0.0645694514403847));
#2495=CARTESIAN_POINT('',(-0.0217907723523149,0.0242634483415376,0.0645695890602438));
#2496=CARTESIAN_POINT('',(-0.0207158328446723,0.0240387801313515,0.0639695890602438));
#2497=CARTESIAN_POINT('',(-0.0207161435350205,0.0240389643609739,0.064073798604423));
#2498=CARTESIAN_POINT('',(-0.0207212734297151,0.0240426730940537,0.064185987032605));
#2499=CARTESIAN_POINT('',(-0.0207678381553024,0.0240736234481308,0.0644271703547134));
#2500=CARTESIAN_POINT('',(-0.020808396285668,0.0241005573276743,0.0645821809550276));
#2501=CARTESIAN_POINT('',(-0.0210498905380232,0.0242506045110221,0.0648626246753911));
#2502=CARTESIAN_POINT('',(-0.0211778347389426,0.0243324974762006,0.0649085395894124));
#2503=CARTESIAN_POINT('',(-0.0213790704035727,0.0244662743899747,0.0649633195896124));
#2504=CARTESIAN_POINT('',(-0.0214698075509968,0.0245279915870727,0.0649691759753405));
#2505=CARTESIAN_POINT('',(-0.0215556582513979,0.0245870551392876,0.0649695890602438));
#2506=CARTESIAN_POINT('',(-0.0207099767688343,0.0240400886537794,0.0639695890602438));
#2507=CARTESIAN_POINT('',(-0.0207102898092979,0.0240402741758594,0.0640740090528855));
#2508=CARTESIAN_POINT('',(-0.020715421576636,0.0240439840859585,0.0641864749166381));
#2509=CARTESIAN_POINT('',(-0.0207621530272044,0.0240750267638312,0.0644284616877842));
#2510=CARTESIAN_POINT('',(-0.0208028587119518,0.0241020425146381,0.0645842116768089));
#2511=CARTESIAN_POINT('',(-0.0210457955824307,0.0242528837347918,0.0648662826165266));
#2512=CARTESIAN_POINT('',(-0.0211743647486857,0.0243351201244851,0.0649123487882745));
#2513=CARTESIAN_POINT('',(-0.0213763000946992,0.024469281092993,0.0649673157874342));
#2514=CARTESIAN_POINT('',(-0.021467272404885,0.0245311270738446,0.0649731732206901));
#2515=CARTESIAN_POINT('',(-0.0215533071103887,0.0245902912072651,0.0649735890602438));
#2516=CARTESIAN_POINT('',(-0.0216732157846986,0.0244252510758373,0.0647695882387836));
#2517=CARTESIAN_POINT('',(-0.0217907723523149,0.0242634483415376,0.0645695890602438));
#2518=CARTESIAN_POINT('',(-0.0215556389050581,0.0245870370218264,0.0649695890602438));
#2519=CARTESIAN_POINT('',(-0.0213014404283387,0.0239079278884581,0.0639695889121402));
#2520=CARTESIAN_POINT('',(-0.021301592134027,0.0239080381090924,0.0641363008175321));
#2521=CARTESIAN_POINT('',(-0.0213422503897479,0.0239375780609882,0.0645223946710386));
#2522=CARTESIAN_POINT('',(-0.0216557705457818,0.0241653637877338,0.0645693136135838));
#2523=CARTESIAN_POINT('',(-0.0217907723523149,0.0242634483415376,0.0645695890602438));
#2524=CARTESIAN_POINT('',(-0.021555636614522,0.0245870403796763,0.0649695890602438));
#2525=CARTESIAN_POINT('',(-0.0214433135005285,0.0245104198776093,0.0649695890602439));
#2526=CARTESIAN_POINT('',(-0.0212209061396697,0.024357435410209,0.0649456290749493));
#2527=CARTESIAN_POINT('',(-0.0209016984905874,0.0241594721790237,0.0647506063632583));
#2528=CARTESIAN_POINT('',(-0.0207355868782659,0.0240529221149194,0.0643762626148249));
#2529=CARTESIAN_POINT('',(-0.0207150864309055,0.0240392783080436,0.0641056727489709));
#2530=CARTESIAN_POINT('',(-0.0207152943021249,0.0240389004605723,0.0639695863984351));
#2531=CARTESIAN_POINT('',(-0.0448251945665179,0.0414933628791872,0.0649695890602438));
#2532=CARTESIAN_POINT('',(-0.0233862442155823,0.0259170536934367,0.0649695890602438));
#2533=CARTESIAN_POINT('',(-0.0233862442155823,0.0259170536934367,0.0649695890602438));
#2534=CARTESIAN_POINT('',(-0.023621358316499,0.025593446895687,0.0645695890602438));
#2535=CARTESIAN_POINT('',(-0.023621358316499,0.025593446895687,0.0645695890602438));
#2536=CARTESIAN_POINT('',(-0.0215162537124085,0.0245584260659154,0.0649695890602438));
#2537=CARTESIAN_POINT('',(-0.025561049649064,0.022923690814249,0.0649695890602438));
#2538=CARTESIAN_POINT('',(-0.0277358550825457,0.0199303279350625,0.0649695890602438));
#2539=CARTESIAN_POINT('',(-0.0277358550825457,0.0199303279350625,0.0649695890602438));
#2540=CARTESIAN_POINT('',(-0.0275007409816291,0.020253934732812,0.0645695890602438));
#2541=CARTESIAN_POINT('',(-0.025561049649064,0.022923690814249,0.0645695890602438));
#2542=CARTESIAN_POINT('',(-0.025561049649064,0.022923690814249,0.0649695890602438));
#2543=CARTESIAN_POINT('',(-0.0491748054334819,0.035506637120813,0.0649695890602438));
#2544=CARTESIAN_POINT('',(-0.0257876686681458,0.0187621012480187,0.0647695890602438));
#2545=CARTESIAN_POINT('',(-0.0259052493631637,0.0186003109494694,0.0649695890602438));
#2546=CARTESIAN_POINT('',(-0.0256701116177158,0.0189239046469144,0.0645695890296902));
#2547=CARTESIAN_POINT('',(-0.0256307504784558,0.0188953071052913,0.0645695890602438));
#2548=CARTESIAN_POINT('',(-0.0277358550825457,0.0199303279350625,0.0649695890602438));
#2549=CARTESIAN_POINT('',(-0.0256749820897296,0.0189274432519639,0.0645695959295838));
#2550=CARTESIAN_POINT('',(-0.02567336004313,0.0189262647661269,0.0645695936214922));
#2551=CARTESIAN_POINT('',(-0.0256717379965304,0.0189250862802898,0.0645695913134006));
#2552=CARTESIAN_POINT('',(-0.0256701159499308,0.0189239077944528,0.064569589005309));
#2553=CARTESIAN_POINT('',(-0.0256028429427444,0.0188750310937451,0.064569493279167));
#2554=CARTESIAN_POINT('',(-0.02553457215813,0.0188254294653023,0.0645635572247236));
#2555=CARTESIAN_POINT('',(-0.0254042623401097,0.0187307538406941,0.0645275233446714));
#2556=CARTESIAN_POINT('',(-0.0253385574993122,0.0186830164795588,0.0644967202468223));
#2557=CARTESIAN_POINT('',(-0.0252414263722538,0.0186124465849578,0.064378829268093));
#2558=CARTESIAN_POINT('',(-0.0252156864135963,0.0185937454103241,0.0642982282954232));
#2559=CARTESIAN_POINT('',(-0.0251857245361595,0.0185719768321473,0.0641361240787345));
#2560=CARTESIAN_POINT('',(-0.0251809398871891,0.0185685005811888,0.0640529739156822));
#2561=CARTESIAN_POINT('',(-0.0251808230936037,0.0185684157256819,0.0639695890602446));
#2562=CARTESIAN_POINT('',(-0.0259111853645902,0.0186048642210265,0.0649696145400155));
#2563=CARTESIAN_POINT('',(-0.0259091973217992,0.0186033403736956,0.0649696059782341));
#2564=CARTESIAN_POINT('',(-0.0259072092790083,0.0186018165263646,0.0649695974164528));
#2565=CARTESIAN_POINT('',(-0.0259052212362173,0.0186002926790337,0.0649695888546715));
#2566=CARTESIAN_POINT('',(-0.0258227688473673,0.0185370924032406,0.0649692337620514));
#2567=CARTESIAN_POINT('',(-0.0257345954494057,0.0184687402889791,0.0649631706906024));
#2568=CARTESIAN_POINT('',(-0.0255463855469353,0.0183196219460362,0.0649083256518175));
#2569=CARTESIAN_POINT('',(-0.0254285804873212,0.0182229406373123,0.0648623041821987));
#2570=CARTESIAN_POINT('',(-0.0252113844631423,0.0180397367843439,0.0645816039293936));
#2571=CARTESIAN_POINT('',(-0.0251734024062769,0.0180096297569789,0.0644273383029656));
#2572=CARTESIAN_POINT('',(-0.0251295653574738,0.0179749119488532,0.0641844743721708));
#2573=CARTESIAN_POINT('',(-0.0251246349405377,0.0179713160102661,0.0640741291717954));
#2574=CARTESIAN_POINT('',(-0.0251243082763567,0.0179710342503401,0.0639695890602438));
#2575=CARTESIAN_POINT('',(-0.0259135473973388,0.0186016384307171,0.0649736147261198));
#2576=CARTESIAN_POINT('',(-0.0259115556945859,0.0186001111297712,0.0649736061018016));
#2577=CARTESIAN_POINT('',(-0.0259095639918331,0.0185985838288254,0.0649735974774833));
#2578=CARTESIAN_POINT('',(-0.0259075722890801,0.0185970565278795,0.0649735888531651));
#2579=CARTESIAN_POINT('',(-0.0258249681064136,0.0185337130163356,0.0649732311668802));
#2580=CARTESIAN_POINT('',(-0.0257365956823184,0.0184651733972158,0.0649671668252612));
#2581=CARTESIAN_POINT('',(-0.0255478067790036,0.0183155106270896,0.064912133674889));
#2582=CARTESIAN_POINT('',(-0.0254294807172013,0.0182183398788898,0.0648659600215525));
#2583=CARTESIAN_POINT('',(-0.0252110840440512,0.0180340096863378,0.0645836316760066));
#2584=CARTESIAN_POINT('',(-0.0251729795662037,0.0180037886004455,0.064428629403041));
#2585=CARTESIAN_POINT('',(-0.0251290037656869,0.0179689413000203,0.0641849578751052));
#2586=CARTESIAN_POINT('',(-0.0251240718910712,0.0179653441645569,0.0640743407243565));
#2587=CARTESIAN_POINT('',(-0.0251237431281842,0.0179650604355867,0.0639695890602438));
#2588=CARTESIAN_POINT('',(-0.0251806182568872,0.0185683476416809,0.0639695890602446));
#2589=CARTESIAN_POINT('',(-0.025161764359743,0.0183692511233459,0.0639695890602446));
#2590=CARTESIAN_POINT('',(-0.0251429104625988,0.0181701546050108,0.0639695890602446));
#2591=CARTESIAN_POINT('',(-0.0251240565654546,0.0179710580866758,0.0639695890602446));
#2592=CARTESIAN_POINT('',(-0.0251807165699314,0.0185683383317038,0.0639695890602446));
#2593=CARTESIAN_POINT('',(-0.0251241764857104,0.0179709837689767,0.0639695890602438));
#2594=CARTESIAN_POINT('',(-0.0256701116177444,0.0189239046469351,0.0645695889991365));
#2595=CARTESIAN_POINT('',(-0.0255352383483158,0.0188259134808042,0.0645693965786152));
#2596=CARTESIAN_POINT('',(-0.0252222910254861,0.018598543941743,0.0645231797709004));
#2597=CARTESIAN_POINT('',(-0.025181056801997,0.0185685855247688,0.064136445318015));
#2598=CARTESIAN_POINT('',(-0.0251808230932844,0.0185684157254499,0.0639695888322832));
#2599=CARTESIAN_POINT('',(-0.0251242562990606,0.0179704848804466,0.0639695874656995));
#2600=CARTESIAN_POINT('',(-0.0251246109148729,0.0179701070255932,0.064105557675686));
#2601=CARTESIAN_POINT('',(-0.0251436510904841,0.0179854519499905,0.0643754372732327));
#2602=CARTESIAN_POINT('',(-0.0252961485585104,0.0181101781460213,0.064750107520832));
#2603=CARTESIAN_POINT('',(-0.025582890606233,0.018352312577956,0.0649454796821434));
#2604=CARTESIAN_POINT('',(-0.0257975280008619,0.0185171592136389,0.0649695890602436));
#2605=CARTESIAN_POINT('',(-0.0259052478238106,0.0186003129435934,0.0649695890602438));
#2606=CARTESIAN_POINT('',(-0.0251240447437596,0.0179709332499754,0.0219695890602438));
#2607=CARTESIAN_POINT('',(-0.0251240447437596,0.0179709332499754,0.0599695890602438));
#2608=CARTESIAN_POINT('',(-0.0251240447437596,0.0179709332499754,0.0599695890602438));
#2609=CARTESIAN_POINT('',(-0.0251806100462595,0.0185682609377252,0.0599695890602438));
#2610=CARTESIAN_POINT('',(-0.0251806100462591,0.0185682609377257,0.0599695890602438));
#2611=CARTESIAN_POINT('',(-0.0251240447437596,0.0179709332499754,0.0219695890602438));
#2612=CARTESIAN_POINT('',(-0.02512404474376,0.0590290667500251,0.0219695890602438));
#2613=CARTESIAN_POINT('',(-0.025124075450993,0.0590287424826792,0.0639695890602438));
#2614=CARTESIAN_POINT('',(-0.0251429203160819,0.0588297413425444,0.0639695890602438));
#2615=CARTESIAN_POINT('',(-0.0251617651811707,0.0586307402024096,0.0639695890602438));
#2616=CARTESIAN_POINT('',(-0.0251806100462595,0.0584317390622748,0.0639695890602438));
#2617=CARTESIAN_POINT('',(-0.0251238989972822,0.0590287257729942,0.063969588997242));
#2618=CARTESIAN_POINT('',(-0.0251807165699317,0.0584316616682967,0.0639695890602476));
#2619=CARTESIAN_POINT('',(-0.0251806100462595,0.0584317390622748,0.0639695890602438));
#2620=CARTESIAN_POINT('',(-0.0251806100462595,0.0584317390622748,0.0599695890602438));
#2621=CARTESIAN_POINT('',(-0.02512404474376,0.0590290667500251,0.0599695890602438));
#2622=CARTESIAN_POINT('',(-0.02512404474376,0.0590290667500251,0.0599695890602438));
#2623=CARTESIAN_POINT('',(-0.02512404474376,0.0590290667500251,0.0219695890602438));
#2624=CARTESIAN_POINT('',(-0.0251808230936039,0.0584315842743186,0.0639695890602515));
#2625=CARTESIAN_POINT('',(-0.0251808987724073,0.0584315292904494,0.0640527537581746));
#2626=CARTESIAN_POINT('',(-0.0251858414027524,0.0584279382593036,0.0641371986293017));
#2627=CARTESIAN_POINT('',(-0.0252157336302252,0.0584062202847878,0.0642980370476329));
#2628=CARTESIAN_POINT('',(-0.0252415363224082,0.0583874735315799,0.0643791087769021));
#2629=CARTESIAN_POINT('',(-0.0253387687623878,0.0583168300288328,0.0644968305618403));
#2630=CARTESIAN_POINT('',(-0.0254042164297534,0.0582692795151331,0.0645276197031997));
#2631=CARTESIAN_POINT('',(-0.025535483956037,0.0581739080747418,0.0645636998074364));
#2632=CARTESIAN_POINT('',(-0.0256027048272985,0.0581250692530008,0.0645694514403846));
#2633=CARTESIAN_POINT('',(-0.0256701550174295,0.0580760638213487,0.0645695890602438));
#2634=CARTESIAN_POINT('',(-0.0251243082763569,0.0590289657496605,0.0639695890602438));
#2635=CARTESIAN_POINT('',(-0.0251245794977355,0.0590287271956655,0.0640737986044213));
#2636=CARTESIAN_POINT('',(-0.0251296919371361,0.0590249944374392,0.0641859870326013));
#2637=CARTESIAN_POINT('',(-0.0251735167646028,0.0589902729371348,0.0644271703547081));
#2638=CARTESIAN_POINT('',(-0.0252116655577896,0.0589600228894695,0.064582180955022));
#2639=CARTESIAN_POINT('',(-0.0254289947372888,0.0587767153367288,0.0648626246753958));
#2640=CARTESIAN_POINT('',(-0.025546416507876,0.0586803394886827,0.0649085395894136));
#2641=CARTESIAN_POINT('',(-0.0257358311536935,0.0585302923383385,0.0649633195896129));
#2642=CARTESIAN_POINT('',(-0.0258225670167352,0.05846306784576,0.0649691759753405));
#2643=CARTESIAN_POINT('',(-0.0259052691183464,0.0583996706190987,0.0649695890602438));
#2644=CARTESIAN_POINT('',(-0.0251237431281844,0.0590349395644139,0.0639695890602437));
#2645=CARTESIAN_POINT('',(-0.0251240163049888,0.0590346991747177,0.0640740090528838));
#2646=CARTESIAN_POINT('',(-0.02512913044248,0.0590309649992206,0.0641864749166343));
#2647=CARTESIAN_POINT('',(-0.0251730945959466,0.0589961134636583,0.0644284616877789));
#2648=CARTESIAN_POINT('',(-0.0252113668501434,0.0589657483830484,0.0645842116768032));
#2649=CARTESIAN_POINT('',(-0.0254298969970378,0.0587813141898078,0.0648662826165314));
#2650=CARTESIAN_POINT('',(-0.0255478385086572,0.0586844500884182,0.0649123487882757));
#2651=CARTESIAN_POINT('',(-0.02573783462567,0.0585338561809745,0.0649673157874347));
#2652=CARTESIAN_POINT('',(-0.0258247656386296,0.0584664478316876,0.0649731732206901));
#2653=CARTESIAN_POINT('',(-0.0259076202593556,0.0584029066870762,0.0649735890602438));
#2654=CARTESIAN_POINT('',(-0.0257877115850458,0.0582378665556485,0.0647695882387836));
#2655=CARTESIAN_POINT('',(-0.0256701550174295,0.0580760638213487,0.0645695890602438));
#2656=CARTESIAN_POINT('',(-0.0259052459092691,0.0583996834199578,0.0649695890602438));
#2657=CARTESIAN_POINT('',(-0.0251808230934691,0.0584315842744165,0.063969588912144));
#2658=CARTESIAN_POINT('',(-0.0251809747991546,0.0584314740537842,0.0641363008175338));
#2659=CARTESIAN_POINT('',(-0.0252216330548654,0.0584019341018959,0.0645223946710409));
#2660=CARTESIAN_POINT('',(-0.0255351532108981,0.0581741483751513,0.0645693136135837));
#2661=CARTESIAN_POINT('',(-0.0256701550174295,0.0580760638213487,0.0645695890602438));
#2662=CARTESIAN_POINT('',(-0.0259052483949595,0.0583996866360198,0.0649695890602438));
#2663=CARTESIAN_POINT('',(-0.0257976682161026,0.0584828352282567,0.0649695890602438));
#2664=CARTESIAN_POINT('',(-0.0255834436873097,0.058647082397766,0.0649456290749456));
#2665=CARTESIAN_POINT('',(-0.0252965288780051,0.0588894929097721,0.0647506063632523));
#2666=CARTESIAN_POINT('',(-0.0251438624340636,0.0590145486605432,0.0643762626148212));
#2667=CARTESIAN_POINT('',(-0.0251245514160049,0.0590298295764037,0.0641056727489696));
#2668=CARTESIAN_POINT('',(-0.0251242562974466,0.0590295151178383,0.0639695863984351));
#2669=CARTESIAN_POINT('',(-0.0491748054334823,0.0414933628791876,0.0649695890602438));
#2670=CARTESIAN_POINT('',(-0.0277358550825462,0.0570696720649383,0.0649695890602438));
#2671=CARTESIAN_POINT('',(-0.0277358550825462,0.0570696720649383,0.0649695890602438));
#2672=CARTESIAN_POINT('',(-0.0275007409816291,0.056746065267188,0.0645695890602438));
#2673=CARTESIAN_POINT('',(-0.0275007409816291,0.056746065267188,0.0645695890602438));
#2674=CARTESIAN_POINT('',(-0.0258658645793583,0.05842829969247,0.0649695890602438));
#2675=CARTESIAN_POINT('',(-0.025561049649064,0.054076309185751,0.0649695890602438));
#2676=CARTESIAN_POINT('',(-0.0233862442155815,0.0510829463065638,0.0649695890602438));
#2677=CARTESIAN_POINT('',(-0.0233862442155815,0.0510829463065638,0.0649695890602438));
#2678=CARTESIAN_POINT('',(-0.023621358316498,0.051406553104313,0.0645695890602438));
#2679=CARTESIAN_POINT('',(-0.025561049649064,0.054076309185751,0.0645695890602438));
#2680=CARTESIAN_POINT('',(-0.025561049649064,0.054076309185751,0.0649695890602438));
#2681=CARTESIAN_POINT('',(-0.044825194566518,0.035506637120813,0.0649695890602438));
#2682=CARTESIAN_POINT('',(-0.0216731719020907,0.0525747797913633,0.0647695890602438));
#2683=CARTESIAN_POINT('',(-0.0215556346173456,0.0524129579533891,0.0649695890602438));
#2684=CARTESIAN_POINT('',(-0.0217907289525777,0.0527365831902176,0.0645695890296901));
#2685=CARTESIAN_POINT('',(-0.0217513678133185,0.0527651807318402,0.0645695890602438));
#2686=CARTESIAN_POINT('',(-0.0233862442155816,0.0510829463065637,0.0649695890602438));
#2687=CARTESIAN_POINT('',(-0.0217955994245911,0.0527330445851685,0.0645695959295838));
#2688=CARTESIAN_POINT('',(-0.0217939773779916,0.0527342230710054,0.0645695936214922));
#2689=CARTESIAN_POINT('',(-0.0217923553313921,0.0527354015568424,0.0645695913134006));
#2690=CARTESIAN_POINT('',(-0.0217907332847926,0.0527365800426793,0.064569589005309));
#2691=CARTESIAN_POINT('',(-0.0217234602776067,0.0527854567433865,0.0645694932791669));
#2692=CARTESIAN_POINT('',(-0.021655189492993,0.0528350583718286,0.0645635572247238));
#2693=CARTESIAN_POINT('',(-0.0215248796749737,0.0529297339964365,0.0645275233446723));
#2694=CARTESIAN_POINT('',(-0.0214591748341767,0.0529774713575713,0.064496720246824));
#2695=CARTESIAN_POINT('',(-0.0213620437071191,0.0530480412521717,0.0643788292680956));
#2696=CARTESIAN_POINT('',(-0.0213363037484628,0.0530667424268047,0.0642982282954261));
#2697=CARTESIAN_POINT('',(-0.0213063418710276,0.0530885110049801,0.0641361240787383));
#2698=CARTESIAN_POINT('',(-0.0213015572220581,0.0530919872559381,0.0640529739156861));
#2699=CARTESIAN_POINT('',(-0.0213014404284734,0.0530920721114443,0.0639695890602492));
#2700=CARTESIAN_POINT('',(-0.021561799361257,0.0524087195188534,0.0649696145400155));
#2701=CARTESIAN_POINT('',(-0.0215597357573152,0.0524101393651822,0.0649696059782342));
#2702=CARTESIAN_POINT('',(-0.0215576721533735,0.0524115592115111,0.0649695974164529));
#2703=CARTESIAN_POINT('',(-0.0215556085494317,0.0524129790578399,0.0649695888546715));
#2704=CARTESIAN_POINT('',(-0.0214700223259262,0.05247186598027,0.0649692337620513));
#2705=CARTESIAN_POINT('',(-0.0213777685238344,0.0525346019000564,0.0649631706906027));
#2706=CARTESIAN_POINT('',(-0.0211777884937079,0.052667520052089,0.0649083256518186));
#2707=CARTESIAN_POINT('',(-0.0210494353395998,0.0527496831542527,0.0648623041822029));
#2708=CARTESIAN_POINT('',(-0.0208080808588381,0.0528996357443613,0.0645816039293934));
#2709=CARTESIAN_POINT('',(-0.0207677102732258,0.0529264552439379,0.0644273383029641));
#2710=CARTESIAN_POINT('',(-0.0207211452825153,0.0529574183621373,0.0641844743721699));
#2711=CARTESIAN_POINT('',(-0.0207162017590684,0.0529609962611572,0.0640741291717947));
#2712=CARTESIAN_POINT('',(-0.0207158328446723,0.052961219868649,0.0639695890602438));
#2713=CARTESIAN_POINT('',(-0.0215594613606236,0.0524054762681902,0.0649736147261198));
#2714=CARTESIAN_POINT('',(-0.0215573933411085,0.052406898528124,0.0649736061018016));
#2715=CARTESIAN_POINT('',(-0.0215553253215933,0.0524083207880578,0.0649735974774833));
#2716=CARTESIAN_POINT('',(-0.0215532573020781,0.0524097430479915,0.0649735888531651));
#2717=CARTESIAN_POINT('',(-0.0214674879464094,0.0524687300726388,0.0649732311668801));
#2718=CARTESIAN_POINT('',(-0.0213749943141428,0.0525315973353387,0.0649671668252615));
#2719=CARTESIAN_POINT('',(-0.0211743175818953,0.0526648979126455,0.0649121336748901));
#2720=CARTESIAN_POINT('',(-0.0210453379446541,0.0527474052722195,0.0648659600215567));
#2721=CARTESIAN_POINT('',(-0.0208025412303553,0.0528981516892832,0.0645836316760064));
#2722=CARTESIAN_POINT('',(-0.0207620243384735,0.0529250523721092,0.0644286294030395));
#2723=CARTESIAN_POINT('',(-0.0207152933166302,0.0529561074357089,0.0641849578751042));
#2724=CARTESIAN_POINT('',(-0.0207103482044385,0.0529596863512094,0.0640743407243558));
#2725=CARTESIAN_POINT('',(-0.0207099767688343,0.052959911346221,0.0639695890602438));
#2726=CARTESIAN_POINT('',(-0.0213013123787143,0.0530922458836247,0.0639695890602492));
#2727=CARTESIAN_POINT('',(-0.0211061341629523,0.0530486527976748,0.0639695890602492));
#2728=CARTESIAN_POINT('',(-0.0209109559471904,0.0530050597117249,0.0639695890602492));
#2729=CARTESIAN_POINT('',(-0.0207157777314284,0.0529614666257751,0.0639695890602492));
#2730=CARTESIAN_POINT('',(-0.0213013339048014,0.0530921495054223,0.0639695890602492));
#2731=CARTESIAN_POINT('',(-0.0207157441084935,0.0529613296094025,0.0639695890602438));
#2732=CARTESIAN_POINT('',(-0.0217907289526062,0.052736583190197,0.0645695889991364));
#2733=CARTESIAN_POINT('',(-0.0216558556831788,0.0528345743563272,0.0645693965786146));
#2734=CARTESIAN_POINT('',(-0.0213429083603498,0.0530619438953878,0.0645231797709027));
#2735=CARTESIAN_POINT('',(-0.0213016741368651,0.0530919023123586,0.0641364453180181));
#2736=CARTESIAN_POINT('',(-0.0213014404281541,0.0530920721116763,0.0639695888322878));
#2737=CARTESIAN_POINT('',(-0.0207152943009841,0.0529610995373612,0.0639695874656995));
#2738=CARTESIAN_POINT('',(-0.0207150445219767,0.0529606455141123,0.0641055576756854));
#2739=CARTESIAN_POINT('',(-0.0207355221501584,0.0529472790734455,0.0643754372732309));
#2740=CARTESIAN_POINT('',(-0.0209012681208645,0.0528407878769807,0.0647501075208291));
#2741=CARTESIAN_POINT('',(-0.0212201598159214,0.0526429036383916,0.0649454796821416));
#2742=CARTESIAN_POINT('',(-0.0214432648855387,0.0524897117574725,0.0649695890602436));
#2743=CARTESIAN_POINT('',(-0.0215556360381911,0.0524129600336296,0.0649695890602438));
#2744=CARTESIAN_POINT('',(-0.0207156553515665,0.0529614392922132,0.0219695890602438));
#2745=CARTESIAN_POINT('',(-0.0207156553515665,0.0529614392922132,0.0599695890602438));
#2746=CARTESIAN_POINT('',(-0.0207156553515665,0.0529614392922132,0.0599695890602438));
#2747=CARTESIAN_POINT('',(-0.0213012273811287,0.0530922268993996,0.0599695890602438));
#2748=CARTESIAN_POINT('',(-0.0213012273811293,0.0530922268994003,0.0599695890602438));
#2749=CARTESIAN_POINT('',(-0.0207156553515665,0.0529614392922132,0.0219695890602438));
#2750=CARTESIAN_POINT('',(-0.0597642607637053,0.0656491003010437,0.0219695890602438));
#2751=CARTESIAN_POINT('',(-0.0597639618561888,0.0656489708926086,0.0639695890602438));
#2752=CARTESIAN_POINT('',(-0.0595805239086829,0.0655695536266657,0.0639695890602438));
#2753=CARTESIAN_POINT('',(-0.0593970859611771,0.0654901363607227,0.0639695890602438));
#2754=CARTESIAN_POINT('',(-0.0592136480136712,0.0654107190947798,0.0639695890602438));
#2755=CARTESIAN_POINT('',(-0.0597638914371388,0.0656491335464828,0.0639695889972421));
#2756=CARTESIAN_POINT('',(-0.059213607325249,0.0654105938686927,0.0639695890602433));
#2757=CARTESIAN_POINT('',(-0.0592136480136712,0.0654107190947798,0.0639695890602438));
#2758=CARTESIAN_POINT('',(-0.0592136480136712,0.0654107190947798,0.0599695890602438));
#2759=CARTESIAN_POINT('',(-0.0597642607637053,0.0656491003010437,0.0599695890602438));
#2760=CARTESIAN_POINT('',(-0.0597642607637053,0.0656491003010437,0.0599695890602438));
#2761=CARTESIAN_POINT('',(-0.0597642607637053,0.0656491003010437,0.0219695890602438));
#2762=CARTESIAN_POINT('',(-0.0592135666368268,0.0654104686426056,0.0639695890602427));
#2763=CARTESIAN_POINT('',(-0.0592135377300954,0.0654103796768346,0.0640527537581676));
#2764=CARTESIAN_POINT('',(-0.0592116498132968,0.0654045692663838,0.0641371986292965));
#2765=CARTESIAN_POINT('',(-0.0592002319984001,0.0653694288454456,0.0642980370476299));
#2766=CARTESIAN_POINT('',(-0.0591903762469864,0.0653390959615728,0.0643791087769));
#2767=CARTESIAN_POINT('',(-0.0591532367597216,0.0652247923730394,0.0644968305618381));
#2768=CARTESIAN_POINT('',(-0.0591282379752721,0.0651478540256891,0.0645276197031986));
#2769=CARTESIAN_POINT('',(-0.0590780982418496,0.064993539793577,0.0645636998074362));
#2770=CARTESIAN_POINT('',(-0.0590524221537807,0.064914516920028,0.0645694514403846));
#2771=CARTESIAN_POINT('',(-0.0590266584736978,0.0648352244659798,0.0645695890602438));
#2772=CARTESIAN_POINT('',(-0.0597642461427014,0.065648818455821,0.0639695890602438));
#2773=CARTESIAN_POINT('',(-0.0597641030763846,0.0656484867917206,0.0640737986044236));
#2774=CARTESIAN_POINT('',(-0.0597621328430062,0.0656424710871837,0.0641859870326062));
#2775=CARTESIAN_POINT('',(-0.0597426533503469,0.0655900616657749,0.0644271703547163));
#2776=CARTESIAN_POINT('',(-0.0597256724708028,0.0655444322286077,0.0645821809550321));
#2777=CARTESIAN_POINT('',(-0.059618495038123,0.065281094747272,0.064862624675392));
#2778=CARTESIAN_POINT('',(-0.0595631214824465,0.0651396382323073,0.0649085395894125));
#2779=CARTESIAN_POINT('',(-0.0594789505068999,0.0649131270797038,0.0649633195896124));
#2780=CARTESIAN_POINT('',(-0.0594418190708795,0.0648098628613149,0.0649691759753405));
#2781=CARTESIAN_POINT('',(-0.0594070810802159,0.0647116176682298,0.0649695890602438));
#2782=CARTESIAN_POINT('',(-0.0597697529377601,0.0656512019539532,0.0639695890602438));
#2783=CARTESIAN_POINT('',(-0.0597696087298475,0.0656508678628695,0.0640740090528862));
#2784=CARTESIAN_POINT('',(-0.0597676376733033,0.0656448501053917,0.0641864749166393));
#2785=CARTESIAN_POINT('',(-0.0597480775638664,0.0655922679939782,0.0644284616877872));
#2786=CARTESIAN_POINT('',(-0.059731025433041,0.0655464855912781,0.0645842116768134));
#2787=CARTESIAN_POINT('',(-0.059623147620907,0.0652816577710143,0.0648662826165275));
#2788=CARTESIAN_POINT('',(-0.0595674703175183,0.0651395560743735,0.0649123487882747));
#2789=CARTESIAN_POINT('',(-0.0594829590295504,0.0649123229525651,0.0649673157874342));
#2790=CARTESIAN_POINT('',(-0.0594457130400505,0.0648088163207278,0.0649731732206901));
#2791=CARTESIAN_POINT('',(-0.0594108853062811,0.0647103816002523,0.0649735890602438));
#2792=CARTESIAN_POINT('',(-0.0592168689957018,0.0647734213209499,0.0647695882387836));
#2793=CARTESIAN_POINT('',(-0.0590266584736978,0.0648352244659798,0.0645695890602438));
#2794=CARTESIAN_POINT('',(-0.059407086082557,0.0647116436970571,0.0649695890602438));
#2795=CARTESIAN_POINT('',(-0.0592135666368783,0.065410468642764,0.0639695889121397));
#2796=CARTESIAN_POINT('',(-0.0592135086904615,0.065410290302031,0.0641363008175323));
#2797=CARTESIAN_POINT('',(-0.0591979786186984,0.0653624936558345,0.0645223946710398));
#2798=CARTESIAN_POINT('',(-0.059078224575251,0.0649939286078065,0.0645693136135835));
#2799=CARTESIAN_POINT('',(-0.0590266584736978,0.0648352244659798,0.0645695890602438));
#2800=CARTESIAN_POINT('',(-0.0594070899093344,0.0647116423268428,0.0649695890602438));
#2801=CARTESIAN_POINT('',(-0.059452924816278,0.06483965148503,0.0649695890602438));
#2802=CARTESIAN_POINT('',(-0.0595429341371211,0.0650941462857468,0.0649456290749507));
#2803=CARTESIAN_POINT('',(-0.0596848186821772,0.0654419274525884,0.0647506063632605));
#2804=CARTESIAN_POINT('',(-0.0597565772431964,0.0656257662211599,0.0643762626148264));
#2805=CARTESIAN_POINT('',(-0.0597651428250359,0.0656488541534146,0.0641056727489713));
#2806=CARTESIAN_POINT('',(-0.0597647525605152,0.0656490376548033,0.0639695863984351));
#2807=CARTESIAN_POINT('',(-0.0505189091102918,0.0373566371208127,0.0649695890602438));
#2808=CARTESIAN_POINT('',(-0.0587078594612279,0.0625596348026341,0.0649695890602438));
#2809=CARTESIAN_POINT('',(-0.0587078594612279,0.0625596348026341,0.0649695890602438));
#2810=CARTESIAN_POINT('',(-0.05832743685471,0.062683241600384,0.0645695890602438));
#2811=CARTESIAN_POINT('',(-0.05832743685471,0.062683241600384,0.0645695890602438));
#2812=CARTESIAN_POINT('',(-0.059422132274799,0.0647579404820131,0.0649695890602438));
#2813=CARTESIAN_POINT('',(-0.055188950350936,0.063702997681822,0.0649695890602438));
#2814=CARTESIAN_POINT('',(-0.0516700412406439,0.064846360561009,0.0649695890602438));
#2815=CARTESIAN_POINT('',(-0.0516700412406439,0.064846360561009,0.0649695890602438));
#2816=CARTESIAN_POINT('',(-0.052050463847162,0.064722753763259,0.0645695890602438));
#2817=CARTESIAN_POINT('',(-0.055188950350936,0.063702997681822,0.0645695890602438));
#2818=CARTESIAN_POINT('',(-0.055188950350936,0.063702997681822,0.0649695890602438));
#2819=CARTESIAN_POINT('',(-0.0434810908897076,0.0396433628791874,0.0649695890602438));
#2820=CARTESIAN_POINT('',(-0.0525594907401273,0.0669365910472179,0.0647695890602438));
#2821=CARTESIAN_POINT('',(-0.0523692680081961,0.0669983699497834,0.0649695890602438));
#2822=CARTESIAN_POINT('',(-0.0527497020433754,0.0668747876483093,0.0645695890296901));
#2823=CARTESIAN_POINT('',(-0.0527647366607366,0.0669210594426496,0.0645695890602438));
#2824=CARTESIAN_POINT('',(-0.0516700412406439,0.064846360561009,0.0649695890602438));
#2825=CARTESIAN_POINT('',(-0.0527478416886074,0.0668690620650665,0.0645695959295838));
#2826=CARTESIAN_POINT('',(-0.0527484612552771,0.0668709688952061,0.0645695936214922));
#2827=CARTESIAN_POINT('',(-0.0527490808219468,0.0668728757253456,0.0645695913134006));
#2828=CARTESIAN_POINT('',(-0.0527497003886165,0.0668747825554852,0.064569589005309));
#2829=CARTESIAN_POINT('',(-0.0527753963908361,0.0669538667184877,0.0645694932791669));
#2830=CARTESIAN_POINT('',(-0.0528014735101198,0.0670341238392042,0.064563557224724));
#2831=CARTESIAN_POINT('',(-0.0528512474315358,0.0671873122177266,0.0645275233446733));
#2832=CARTESIAN_POINT('',(-0.0528763444474945,0.067264552890575,0.0644967202468269));
#2833=CARTESIAN_POINT('',(-0.052913445236666,0.067378737378624,0.064378829268101));
#2834=CARTESIAN_POINT('',(-0.0529232770260037,0.0674089965148098,0.0642982282954322));
#2835=CARTESIAN_POINT('',(-0.0529347214448172,0.0674442188141846,0.0641361240787435));
#2836=CARTESIAN_POINT('',(-0.0529365490180991,0.0674498435063875,0.0640529739156897));
#2837=CARTESIAN_POINT('',(-0.0529365936292786,0.0674499808054802,0.0639695890602524));
#2838=CARTESIAN_POINT('',(-0.0523671420280345,0.0669911971816177,0.0649696145400155));
#2839=CARTESIAN_POINT('',(-0.0523678546934501,0.0669935985422387,0.0649696059782342));
#2840=CARTESIAN_POINT('',(-0.0523685673588656,0.0669959999028597,0.0649695974164529));
#2841=CARTESIAN_POINT('',(-0.0523692800242812,0.0669984012634807,0.0649695888546715));
#2842=CARTESIAN_POINT('',(-0.0523988372180352,0.0670979956588275,0.0649692337620512));
#2843=CARTESIAN_POINT('',(-0.0524299946307114,0.0672051207038301,0.0649631706906033));
#2844=CARTESIAN_POINT('',(-0.0524946100774912,0.0674363869824491,0.0649083256518205));
#2845=CARTESIAN_POINT('',(-0.0525330885253005,0.0675838478809229,0.0648623041822113));
#2846=CARTESIAN_POINT('',(-0.052601119277037,0.067859727531292,0.0645816039294055));
#2847=CARTESIAN_POINT('',(-0.0526141509398466,0.0679064099209578,0.0644273383029712));
#2848=CARTESIAN_POINT('',(-0.0526292092417025,0.0679602639885272,0.0641844743721735));
#2849=CARTESIAN_POINT('',(-0.0526310843931227,0.0679660711903156,0.0640741291717955));
#2850=CARTESIAN_POINT('',(-0.0526311830556667,0.0679664911472703,0.0639695890602438));
#2851=CARTESIAN_POINT('',(-0.0523633350314288,0.0669924185327833,0.0649736147261198));
#2852=CARTESIAN_POINT('',(-0.0523640486278318,0.066994824838709,0.0649736061018016));
#2853=CARTESIAN_POINT('',(-0.0523647622242348,0.0669972311446348,0.0649735974774833));
#2854=CARTESIAN_POINT('',(-0.0523654758206378,0.0669996374505607,0.0649735888531651));
#2855=CARTESIAN_POINT('',(-0.0523950716263072,0.0670994369482309,0.06497323116688));
#2856=CARTESIAN_POINT('',(-0.0524262798419173,0.0672068306724764,0.0649671668252621));
#2857=CARTESIAN_POINT('',(-0.0524910437039508,0.0674388777300963,0.064912133674892));
#2858=CARTESIAN_POINT('',(-0.0525296559660786,0.0675870408308264,0.0648659600215651));
#2859=CARTESIAN_POINT('',(-0.0525979960174407,0.0678645374328187,0.0645836316760186));
#2860=CARTESIAN_POINT('',(-0.052611059678985,0.0679113840550193,0.0644286294030466));
#2861=CARTESIAN_POINT('',(-0.0526261541196714,0.0679654244402706,0.0641849578751078));
#2862=CARTESIAN_POINT('',(-0.0526280297468729,0.0679712334671549,0.0640743407243566));
#2863=CARTESIAN_POINT('',(-0.0526281289499306,0.0679716562506882,0.0639695890602437));
#2864=CARTESIAN_POINT('',(-0.0529367193268916,0.0674501562865952,0.0639695890602524));
#2865=CARTESIAN_POINT('',(-0.0528349464528314,0.0676223107961387,0.0639695890602495));
#2866=CARTESIAN_POINT('',(-0.0527331735787711,0.0677944653056822,0.0639695890602467));
#2867=CARTESIAN_POINT('',(-0.0526314007047108,0.0679666198152257,0.0639695890602438));
#2868=CARTESIAN_POINT('',(-0.0529366343177008,0.0674501060315673,0.0639695890602524));
#2869=CARTESIAN_POINT('',(-0.0526312600043383,0.0679666094521494,0.0639695890602438));
#2870=CARTESIAN_POINT('',(-0.0527497020433645,0.0668747876482758,0.0645695889991364));
#2871=CARTESIAN_POINT('',(-0.0528012190481121,0.067033340685672,0.0645693965786148));
#2872=CARTESIAN_POINT('',(-0.0529207542887455,0.0674012323278812,0.064523179770907));
#2873=CARTESIAN_POINT('',(-0.0529365043606168,0.0674497060647892,0.0641364453180216));
#2874=CARTESIAN_POINT('',(-0.0529365936294006,0.0674499808058556,0.063969588832291));
#2875=CARTESIAN_POINT('',(-0.0526309021946596,0.0679669661483411,0.0639695874656995));
#2876=CARTESIAN_POINT('',(-0.0526303932069332,0.0679670634013938,0.0641055576756857));
#2877=CARTESIAN_POINT('',(-0.0526240089015518,0.0679434575623527,0.0643754372732315));
#2878=CARTESIAN_POINT('',(-0.0525739480769231,0.0677529161874033,0.0647501075208302));
#2879=CARTESIAN_POINT('',(-0.0524842919354756,0.0673884825701836,0.0649454796821421));
#2880=CARTESIAN_POINT('',(-0.0524075410569262,0.0671289581453013,0.0649695890602439));
#2881=CARTESIAN_POINT('',(-0.0523692704256757,0.0669983692413123,0.0649695890602438));
#2882=CARTESIAN_POINT('',(-0.0526313368914915,0.0679667277588559,0.0219695890602438));
#2883=CARTESIAN_POINT('',(-0.0526313368914915,0.0679667277588559,0.0599695890602438));
#2884=CARTESIAN_POINT('',(-0.0526313368914915,0.0679667277588559,0.0599695890602438));
#2885=CARTESIAN_POINT('',(-0.0529366750061231,0.0674502312576545,0.0599695890602438));
#2886=CARTESIAN_POINT('',(-0.052936675006123,0.0674502312576545,0.0599695890602438));
#2887=CARTESIAN_POINT('',(-0.0526313368914915,0.0679667277588559,0.0219695890602438));
#2888=CARTESIAN_POINT('',(-0.0767647022494766,0.03475,0.0219695890602438));
#2889=CARTESIAN_POINT('',(-0.0767644868072394,0.0347502442885349,0.0639695890602438));
#2890=CARTESIAN_POINT('',(-0.0766322710557653,0.0349001628590233,0.0639695890602438));
#2891=CARTESIAN_POINT('',(-0.0765000553042911,0.0350500814295116,0.0639695890602438));
#2892=CARTESIAN_POINT('',(-0.0763678395528169,0.0352,0.0639695890602438));
#2893=CARTESIAN_POINT('',(-0.0767646197395837,0.0347503615238429,0.063969588997242));
#2894=CARTESIAN_POINT('',(-0.076367707882317,0.0352,0.063969589060246));
#2895=CARTESIAN_POINT('',(-0.0763678395528169,0.0352,0.0639695890602438));
#2896=CARTESIAN_POINT('',(-0.0763678395528169,0.0352,0.0599695890602438));
#2897=CARTESIAN_POINT('',(-0.0767647022494766,0.03475,0.0599695890602438));
#2898=CARTESIAN_POINT('',(-0.0767647022494766,0.03475,0.0599695890602438));
#2899=CARTESIAN_POINT('',(-0.0767647022494766,0.03475,0.0219695890602438));
#2900=CARTESIAN_POINT('',(-0.076367576211817,0.0352,0.0639695890602482));
#2901=CARTESIAN_POINT('',(-0.0763674826676708,0.0352,0.0640527537581721));
#2902=CARTESIAN_POINT('',(-0.0763613732405758,0.0352,0.0641371986293));
#2903=CARTESIAN_POINT('',(-0.0763244244154184,0.0352,0.0642980370476322));
#2904=CARTESIAN_POINT('',(-0.076292530533876,0.0352,0.0643791087769019));
#2905=CARTESIAN_POINT('',(-0.0761723446284404,0.0352,0.0644968305618397));
#2906=CARTESIAN_POINT('',(-0.076091446862607,0.0352,0.0645276197031994));
#2907=CARTESIAN_POINT('',(-0.0759291912768806,0.0352,0.0645636998074364));
#2908=CARTESIAN_POINT('',(-0.075846101710494,0.0352,0.0645694514403847));
#2909=CARTESIAN_POINT('',(-0.0757627286903963,0.0352,0.0645695890602438));
#2910=CARTESIAN_POINT('',(-0.0767644296806025,0.0347499268104375,0.0639695890602438));
#2911=CARTESIAN_POINT('',(-0.076764070039377,0.0347499603847469,0.0640737986044223));
#2912=CARTESIAN_POINT('',(-0.0767577399287821,0.0347499752331051,0.0641859870326037));
#2913=CARTESIAN_POINT('',(-0.0767018761127665,0.0347523059296522,0.0644271703547122));
#2914=CARTESIAN_POINT('',(-0.0766532325588603,0.0347543554342664,0.064582180955028));
#2915=CARTESIAN_POINT('',(-0.0763696640831365,0.0347749114730282,0.0648626246753953));
#2916=CARTESIAN_POINT('',(-0.0762180195730642,0.0347838623868956,0.0649085395894135));
#2917=CARTESIAN_POINT('',(-0.0759765844034922,0.0347939179461019,0.0649633195896128));
#2918=CARTESIAN_POINT('',(-0.0758669000509388,0.0347973216418953,0.0649691759753406));
#2919=CARTESIAN_POINT('',(-0.0757627286903963,0.0348,0.0649695890602438));
#2920=CARTESIAN_POINT('',(-0.0767683982152904,0.0347454260785419,0.0639695890602438));
#2921=CARTESIAN_POINT('',(-0.0767680359130941,0.0347454599885943,0.0640740090528848));
#2922=CARTESIAN_POINT('',(-0.0767617035956642,0.0347454749854361,0.0641864749166367));
#2923=CARTESIAN_POINT('',(-0.07670565062974,0.0347478289889488,0.064428461687783));
#2924=CARTESIAN_POINT('',(-0.0766568395791101,0.0347498989886091,0.0645842116768093));
#2925=CARTESIAN_POINT('',(-0.0763716372776835,0.0347706605877585,0.0648662826165309));
#2926=CARTESIAN_POINT('',(-0.0762192853001688,0.0347797010107646,0.0649123487882757));
#2927=CARTESIAN_POINT('',(-0.0759770583347583,0.0347898571255629,0.0649673157874346));
#2928=CARTESIAN_POINT('',(-0.0758671080343432,0.0347932948583142,0.0649731732206902));
#2929=CARTESIAN_POINT('',(-0.0757627286903963,0.034796,0.0649735890602438));
#2930=CARTESIAN_POINT('',(-0.0757627286903962,0.0350000008214602,0.0647695882387836));
#2931=CARTESIAN_POINT('',(-0.0757627286903962,0.0352,0.0645695890602438));
#2932=CARTESIAN_POINT('',(-0.0757627549910904,0.0348000032858408,0.0649695890602438));
#2933=CARTESIAN_POINT('',(-0.0763675762119836,0.0352,0.0639695889121424));
#2934=CARTESIAN_POINT('',(-0.0763673886934422,0.0352,0.0641363008175335));
#2935=CARTESIAN_POINT('',(-0.0763171323255303,0.0352,0.064522394671041));
#2936=CARTESIAN_POINT('',(-0.0759296001003557,0.0352,0.0645693136135837));
#2937=CARTESIAN_POINT('',(-0.0757627286903963,0.0352,0.0645695890602438));
#2938=CARTESIAN_POINT('',(-0.0757627548704784,0.0347999992229398,0.0649695890602438));
#2939=CARTESIAN_POINT('',(-0.0758986625796981,0.0347959646413329,0.0649695890602438));
#2940=CARTESIAN_POINT('',(-0.0761685159280739,0.0347890039086229,0.0649456290749481));
#2941=CARTESIAN_POINT('',(-0.0765431202087009,0.0347615339783661,0.0647506063632563));
#2942=CARTESIAN_POINT('',(-0.0767401358823415,0.0347500968350187,0.0643762626148237));
#2943=CARTESIAN_POINT('',(-0.0767647407211145,0.0347490850460223,0.0641056727489704));
#2944=CARTESIAN_POINT('',(-0.0767647946429365,0.0347495129146832,0.063969586398435));
#2945=CARTESIAN_POINT('',(-0.047,0.0348,0.0649695890602438));
#2946=CARTESIAN_POINT('',(-0.0735,0.0348,0.0649695890602438));
#2947=CARTESIAN_POINT('',(-0.0735,0.0348,0.0649695890602438));
#2948=CARTESIAN_POINT('',(-0.0735,0.0352,0.0645695890602438));
#2949=CARTESIAN_POINT('',(-0.0735,0.0352,0.0645695890602438));
#2950=CARTESIAN_POINT('',(-0.0758114353792086,0.0348,0.0649695890602438));
#2951=CARTESIAN_POINT('',(-0.0735,0.0385,0.0649695890602438));
#2952=CARTESIAN_POINT('',(-0.0735,0.0422,0.0649695890602438));
#2953=CARTESIAN_POINT('',(-0.0735,0.0422,0.0649695890602438));
#2954=CARTESIAN_POINT('',(-0.0735,0.0418,0.0645695890602438));
#2955=CARTESIAN_POINT('',(-0.0735,0.0385,0.0645695890602438));
#2956=CARTESIAN_POINT('',(-0.0735,0.0385,0.0649695890602438));
#2957=CARTESIAN_POINT('',(-0.047,0.0422,0.0649695890602438));
#2958=CARTESIAN_POINT('',(-0.0757627823354458,0.042,0.0647695890602438));
#2959=CARTESIAN_POINT('',(-0.0757627555064176,0.0422000032994788,0.0649695890602438));
#2960=CARTESIAN_POINT('',(-0.0757627823354106,0.0418,0.0645695890296901));
#2961=CARTESIAN_POINT('',(-0.0758114353792076,0.0418,0.0645695890602438));
#2962=CARTESIAN_POINT('',(-0.0735,0.0422,0.0649695890602438));
#2963=CARTESIAN_POINT('',(-0.0757567621009181,0.0418,0.0645695959295838));
#2964=CARTESIAN_POINT('',(-0.0757587670607783,0.0418,0.0645695936214922));
#2965=CARTESIAN_POINT('',(-0.0757607720206384,0.0418,0.0645695913134006));
#2966=CARTESIAN_POINT('',(-0.0757627769804985,0.0418,0.064569589005309));
#2967=CARTESIAN_POINT('',(-0.0758459309904311,0.0418,0.064569493279167));
#2968=CARTESIAN_POINT('',(-0.0759303183210909,0.0418,0.0645635572247237));
#2969=CARTESIAN_POINT('',(-0.0760913901142992,0.0418,0.0645275233446723));
#2970=CARTESIAN_POINT('',(-0.0761726057639746,0.0418,0.0644967202468243));
#2971=CARTESIAN_POINT('',(-0.07629266643975,0.0418,0.0643788292680963));
#2972=CARTESIAN_POINT('',(-0.0763244827783876,0.0418,0.0642982282954272));
#2973=CARTESIAN_POINT('',(-0.0763615176956317,0.0418,0.0641361240787388));
#2974=CARTESIAN_POINT('',(-0.0763674318470067,0.0418,0.0640529739156859));
#2975=CARTESIAN_POINT('',(-0.0763675762118169,0.0418,0.0639695890602486));
#2976=CARTESIAN_POINT('',(-0.0757552768345123,0.0421998087195635,0.0649696145400155));
#2977=CARTESIAN_POINT('',(-0.0757577808899041,0.0421998729957176,0.0649696059782342));
#2978=CARTESIAN_POINT('',(-0.0757602849452958,0.0421999372718717,0.0649695974164529));
#2979=CARTESIAN_POINT('',(-0.0757627890006875,0.0422000015480258,0.0649695888546715));
#2980=CARTESIAN_POINT('',(-0.0758666425745451,0.0422026673470094,0.0649692337620513));
#2981=CARTESIAN_POINT('',(-0.0759781527166725,0.0422061383460819,0.0649631706906028));
#2982=CARTESIAN_POINT('',(-0.0762180672891076,0.0422161506146881,0.0649083256518187));
#2983=CARTESIAN_POINT('',(-0.0763702014317955,0.042225123359797,0.0648623041822038));
#2984=CARTESIAN_POINT('',(-0.0766536012294102,0.042245673770415,0.0645816039293965));
#2985=CARTESIAN_POINT('',(-0.0767020258255696,0.0422477055743263,0.0644273383029669));
#2986=CARTESIAN_POINT('',(-0.0767578973586412,0.042250026100317,0.0641844743721715));
#2987=CARTESIAN_POINT('',(-0.0767639997894002,0.042250037249382,0.0640741291717951));
#2988=CARTESIAN_POINT('',(-0.0767644296806023,0.0422500731895626,0.0639695890602438));
#2989=CARTESIAN_POINT('',(-0.0757552619818483,0.0422038068067591,0.0649736147261198));
#2990=CARTESIAN_POINT('',(-0.0757577710281953,0.0422038717256748,0.0649736061018016));
#2991=CARTESIAN_POINT('',(-0.0757602800745424,0.0422039366445904,0.0649735974774833));
#2992=CARTESIAN_POINT('',(-0.0757627891208894,0.042204001563506,0.0649735888531651));
#2993=CARTESIAN_POINT('',(-0.0758668496903863,0.0422066940204795,0.0649732311668801));
#2994=CARTESIAN_POINT('',(-0.0759786310606283,0.0422101997295427,0.0649671668252616));
#2995=CARTESIAN_POINT('',(-0.0762193340608557,0.042220312120835,0.0649121336748902));
#2996=CARTESIAN_POINT('',(-0.0763721773884737,0.042229374593395,0.0648659600215576));
#2997=CARTESIAN_POINT('',(-0.0766572105773068,0.0422501305081191,0.0645836316760095));
#2998=CARTESIAN_POINT('',(-0.0767058012560414,0.0422521826300696,0.0644286294030423));
#2999=CARTESIAN_POINT('',(-0.0767618611552713,0.0422545263613201,0.0641849578751058));
#3000=CARTESIAN_POINT('',(-0.0767679654688241,0.0422545376218758,0.0640743407243562));
#3001=CARTESIAN_POINT('',(-0.0767683982152902,0.0422545739214583,0.0639695890602438));
#3002=CARTESIAN_POINT('',(-0.0763677819469732,0.0417999346811129,0.0639695890602486));
#3003=CARTESIAN_POINT('',(-0.0765000610674332,0.0419499251052772,0.0639695890602486));
#3004=CARTESIAN_POINT('',(-0.0766323401878931,0.0420999155294415,0.0639695890602486));
#3005=CARTESIAN_POINT('',(-0.076764619308353,0.0422499059536058,0.0639695890602486));
#3006=CARTESIAN_POINT('',(-0.0763677078823169,0.0418,0.0639695890602486));
#3007=CARTESIAN_POINT('',(-0.0767645659736756,0.0422500365652452,0.0639695890602438));
#3008=CARTESIAN_POINT('',(-0.0757627823353753,0.0418,0.0645695889991364));
#3009=CARTESIAN_POINT('',(-0.0759294948647357,0.0418,0.064569396578615));
#3010=CARTESIAN_POINT('',(-0.0763163190291297,0.0418,0.0645231797709028));
#3011=CARTESIAN_POINT('',(-0.0763672873323573,0.0418,0.0641364453180179));
#3012=CARTESIAN_POINT('',(-0.0763675762122116,0.0418,0.0639695888322872));
#3013=CARTESIAN_POINT('',(-0.0767647946426412,0.0422504870876563,0.0639695874656995));
#3014=CARTESIAN_POINT('',(-0.0767647298499331,0.0422510012165974,0.0641055576756858));
#3015=CARTESIAN_POINT('',(-0.0767403065040299,0.0422497784464049,0.0643754372732318));
#3016=CARTESIAN_POINT('',(-0.0765436212421973,0.0422385085968885,0.0647501075208306));
#3017=CARTESIAN_POINT('',(-0.0761693190044258,0.0422111604733937,0.0649454796821424));
#3018=CARTESIAN_POINT('',(-0.0758987792831987,0.0422039574388219,0.0649695890602438));
#3019=CARTESIAN_POINT('',(-0.0757627555796621,0.0422000007814479,0.0649695890602438));
#3020=CARTESIAN_POINT('',(-0.0767647022494766,0.04225,0.0219695890602438));
#3021=CARTESIAN_POINT('',(-0.0767647022494766,0.04225,0.0599695890602438));
#3022=CARTESIAN_POINT('',(-0.0767647022494766,0.04225,0.0599695890602438));
#3023=CARTESIAN_POINT('',(-0.0763678395528169,0.0418,0.0599695890602438));
#3024=CARTESIAN_POINT('',(-0.0763678395528169,0.0418,0.0599695890602438));
#3025=CARTESIAN_POINT('',(-0.0767647022494766,0.04225,0.0219695890602438));
#3026=CARTESIAN_POINT('',(-0.047,0.0385,0.0649695890602438));
#3027=CARTESIAN_POINT('',(-0.047,0.0385,0.0649695890602438));
#3028=CARTESIAN_POINT('',(-0.0428,0.0385,0.0649695890602438));
#3029=CARTESIAN_POINT('',(-0.047,0.0385,0.0653695890602438));
#3030=CARTESIAN_POINT('',(-0.0432,0.0385,0.0653695890602438));
#3031=CARTESIAN_POINT('',(-0.047,0.0385,0.0769695890602438));
#3032=CARTESIAN_POINT('',(-0.047,0.0385,0.0769695890602438));
#3033=CARTESIAN_POINT('',(-0.0436,0.0385,0.0769695890602438));
#3034=CARTESIAN_POINT('',(-0.047,0.0385,0.0765695890602438));
#3035=CARTESIAN_POINT('',(-0.0432,0.0385,0.0765695890602438));
#3036=CARTESIAN_POINT('',(-0.047,0.0385,0.0769695890602438));
#3037=CARTESIAN_POINT('',(-0.047,0.0385,0.0769695890602438));
#3038=CARTESIAN_POINT('',(-0.0446,0.0385,0.0769695890602438));
#3039=CARTESIAN_POINT('',(-0.047,0.0385,0.0765695890602438));
#3040=CARTESIAN_POINT('',(-0.045,0.0385,0.0765695890602438));
#3041=CARTESIAN_POINT('',(-0.0227,0.0385,0.00996958906024376));
#3042=CARTESIAN_POINT('',(-0.0227,0.0385,0.00996958906024376));
#3043=CARTESIAN_POINT('',(-0.0255,0.0385,0.00996958906024376));
#3044=CARTESIAN_POINT('',(-0.0227,0.0385,0.0103695890602437));
#3045=CARTESIAN_POINT('',(-0.0259,0.0385,0.0103695890602437));
#3046=CARTESIAN_POINT('',(-0.047,0.0385,-0.0490304109397562));
#3047=CARTESIAN_POINT('',(-0.047,0.0385,-0.0490304109397562));
#3048=CARTESIAN_POINT('',(-0.0546,0.0385,-0.0490304109397562));
#3049=CARTESIAN_POINT('',(-0.047,0.0385,-0.0486304109397562));
#3050=CARTESIAN_POINT('',(-0.055,0.0385,-0.0486304109397562));
#3051=CARTESIAN_POINT('',(-0.047,0.0385,-0.0460304109397562));
#3052=CARTESIAN_POINT('',(-0.047,0.0385,-0.0460304109397562));
#3053=CARTESIAN_POINT('',(-0.0646,0.0385,-0.0460304109397562));
#3054=CARTESIAN_POINT('',(-0.047,0.0385,-0.0456304109397562));
#3055=CARTESIAN_POINT('',(-0.065,0.0385,-0.0456304109397562));
#3056=CARTESIAN_POINT('',(-0.047,0.0685,0.0229695890602437));
#3057=CARTESIAN_POINT('',(-0.0509269908162102,0.0685,0.0229695890602437));
#3058=CARTESIAN_POINT('',(-0.0548524365314978,0.0677191802997515,0.0229695890602437));
#3059=CARTESIAN_POINT('',(-0.0621085694104076,0.0647135916509257,0.0229695890602437));
#3060=CARTESIAN_POINT('',(-0.0654364015997954,0.0624900052713975,0.0229695890602437));
#3061=CARTESIAN_POINT('',(-0.0709900052713975,0.0569364015997954,0.0229695890602437));
#3062=CARTESIAN_POINT('',(-0.0732135916509245,0.0536085694104105,0.0229695890602437));
#3063=CARTESIAN_POINT('',(-0.0762191802997526,0.046352436531495,0.0229695890602437));
#3064=CARTESIAN_POINT('',(-0.077,0.0424269908162092,0.0229695890602437));
#3065=CARTESIAN_POINT('',(-0.077,0.0345730091837909,0.0229695890602437));
#3066=CARTESIAN_POINT('',(-0.0762191802997565,0.0306475634685144,0.0229695890602437));
#3067=CARTESIAN_POINT('',(-0.0732135916509207,0.0233914305895803,0.0229695890602437));
#3068=CARTESIAN_POINT('',(-0.070990005271404,0.0200635984002112,0.0229695890602437));
#3069=CARTESIAN_POINT('',(-0.0654364015997888,0.0145099947285959,0.0229695890602437));
#3070=CARTESIAN_POINT('',(-0.0621085694104033,0.0122864083490725,0.0229695890602437));
#3071=CARTESIAN_POINT('',(-0.0548524365315022,0.00928081970025033,0.0229695890602437));
#3072=CARTESIAN_POINT('',(-0.0509269908162112,0.0085,0.0229695890602437));
#3073=CARTESIAN_POINT('',(-0.0430730091837887,0.0085,0.0229695890602437));
#3074=CARTESIAN_POINT('',(-0.0391475634685115,0.00928081970024469,0.0229695890602437));
#3075=CARTESIAN_POINT('',(-0.0318914305895832,0.0122864083490781,0.0229695890602437));
#3076=CARTESIAN_POINT('',(-0.0285635984002018,0.0145099947286053,0.0229695890602437));
#3077=CARTESIAN_POINT('',(-0.0230099947286054,0.0200635984002017,0.0229695890602437));
#3078=CARTESIAN_POINT('',(-0.0207864083490707,0.0233914305896012,0.0229695890602437));
#3079=CARTESIAN_POINT('',(-0.0177808197002521,0.0306475634684934,0.0229695890602437));
#3080=CARTESIAN_POINT('',(-0.017,0.0345730091837757,0.0229695890602437));
#3081=CARTESIAN_POINT('',(-0.017,0.0424269908162245,0.0229695890602437));
#3082=CARTESIAN_POINT('',(-0.0177808197002442,0.0463524365314874,0.0229695890602437));
#3083=CARTESIAN_POINT('',(-0.0207864083490786,0.0536085694104179,0.0229695890602437));
#3084=CARTESIAN_POINT('',(-0.0230099947286086,0.0569364015998014,0.0229695890602437));
#3085=CARTESIAN_POINT('',(-0.0285635984001984,0.0624900052713913,0.0229695890602437));
#3086=CARTESIAN_POINT('',(-0.0318914305895932,0.0647135916509261,0.0229695890602437));
#3087=CARTESIAN_POINT('',(-0.0391475634685013,0.0677191802997511,0.0229695890602437));
#3088=CARTESIAN_POINT('',(-0.0430730091837898,0.0685,0.0229695890602437));
#3089=CARTESIAN_POINT('',(-0.047,0.0685,0.0229695890602437));
#3090=CARTESIAN_POINT('',(-0.047,0.0685,0.0219695890602438));
#3091=CARTESIAN_POINT('',(-0.0509269908162102,0.0685,0.0219695890602438));
#3092=CARTESIAN_POINT('',(-0.0548524365315159,0.0677191802997634,0.0219695890602504));
#3093=CARTESIAN_POINT('',(-0.0621085694103895,0.0647135916509138,0.0219695890602372));
#3094=CARTESIAN_POINT('',(-0.0654364015998085,0.0624900052714106,0.0219695890602438));
#3095=CARTESIAN_POINT('',(-0.0709900052713843,0.0569364015997822,0.0219695890602438));
#3096=CARTESIAN_POINT('',(-0.0732135916509304,0.0536085694104129,0.0219695890602438));
#3097=CARTESIAN_POINT('',(-0.0762191802997467,0.0463524365314926,0.0219695890602438));
#3098=CARTESIAN_POINT('',(-0.077,0.0424269908162092,0.0219695890602438));
#3099=CARTESIAN_POINT('',(-0.077,0.0345730091837909,0.0219695890602438));
#3100=CARTESIAN_POINT('',(-0.0762191802997731,0.0306475634685076,0.0219695890602438));
#3101=CARTESIAN_POINT('',(-0.0732135916509041,0.0233914305895872,0.0219695890602438));
#3102=CARTESIAN_POINT('',(-0.0709900052714106,0.0200635984002046,0.0219695890602438));
#3103=CARTESIAN_POINT('',(-0.0654364015997822,0.0145099947286025,0.0219695890602438));
#3104=CARTESIAN_POINT('',(-0.062108569410432,0.0122864083490766,0.0219695890602504));
#3105=CARTESIAN_POINT('',(-0.0548524365314734,0.00928081970024628,0.0219695890602372));
#3106=CARTESIAN_POINT('',(-0.0509269908162112,0.0085,0.0219695890602438));
#3107=CARTESIAN_POINT('',(-0.0430730091837887,0.0085,0.0219695890602438));
#3108=CARTESIAN_POINT('',(-0.0391475634685135,0.00928081970024953,0.0219695890602438));
#3109=CARTESIAN_POINT('',(-0.0318914305895812,0.0122864083490732,0.0219695890602438));
#3110=CARTESIAN_POINT('',(-0.0285635984002085,0.0145099947286053,0.0219695890602306));
#3111=CARTESIAN_POINT('',(-0.0230099947285989,0.0200635984002017,0.0219695890602569));
#3112=CARTESIAN_POINT('',(-0.0207864083490699,0.0233914305896009,0.0219695890602438));
#3113=CARTESIAN_POINT('',(-0.0177808197002528,0.0306475634684937,0.0219695890602438));
#3114=CARTESIAN_POINT('',(-0.017,0.0345730091837757,0.0219695890602438));
#3115=CARTESIAN_POINT('',(-0.017,0.0424269908162245,0.0219695890602438));
#3116=CARTESIAN_POINT('',(-0.017780819700233,0.0463524365314602,0.0219695890602306));
#3117=CARTESIAN_POINT('',(-0.0207864083490897,0.0536085694104451,0.0219695890602569));
#3118=CARTESIAN_POINT('',(-0.0230099947285987,0.0569364015998047,0.0219695890602372));
#3119=CARTESIAN_POINT('',(-0.0285635984002083,0.062490005271388,0.0219695890602504));
#3120=CARTESIAN_POINT('',(-0.0318914305895943,0.0647135916509235,0.0219695890602438));
#3121=CARTESIAN_POINT('',(-0.0391475634685002,0.0677191802997537,0.0219695890602438));
#3122=CARTESIAN_POINT('',(-0.0430730091837898,0.0685,0.0219695890602438));
#3123=CARTESIAN_POINT('',(-0.047,0.0685,0.0219695890602438));
#3124=CARTESIAN_POINT('',(-0.047,0.0675,0.0219695890602438));
#3125=CARTESIAN_POINT('',(-0.0507960911223369,0.0675,0.0219695890602438));
#3126=CARTESIAN_POINT('',(-0.0545906886471153,0.066745207623095,0.0219695890602438));
#3127=CARTESIAN_POINT('',(-0.0616049504300599,0.0638398052625597,0.0219695890602438));
#3128=CARTESIAN_POINT('',(-0.064821854879822,0.0616903384290241,0.0219695890602438));
#3129=CARTESIAN_POINT('',(-0.0701903384289978,0.0563218548797956,0.0219695890602438));
#3130=CARTESIAN_POINT('',(-0.0723398052625766,0.0531049504300693,0.0219695890602438));
#3131=CARTESIAN_POINT('',(-0.075245207623078,0.046090688647106,0.0219695890602438));
#3132=CARTESIAN_POINT('',(-0.076,0.0422960911223351,0.0219695890602438));
#3133=CARTESIAN_POINT('',(-0.076,0.034703908877665,0.0219695890602438));
#3134=CARTESIAN_POINT('',(-0.0752452076231043,0.0309093113528875,0.0219695890602438));
#3135=CARTESIAN_POINT('',(-0.0723398052625503,0.0238950495699374,0.0219695890602438));
#3136=CARTESIAN_POINT('',(-0.0701903384290241,0.0206781451201978,0.0219695890602438));
#3137=CARTESIAN_POINT('',(-0.0648218548797956,0.0153096615709825,0.0219695890602438));
#3138=CARTESIAN_POINT('',(-0.0616049504300637,0.013160194737431,0.0219695890602438));
#3139=CARTESIAN_POINT('',(-0.0545906886471116,0.0102547923769144,0.0219695890602438));
#3140=CARTESIAN_POINT('',(-0.0507960911223389,0.0095,0.0219695890602438));
#3141=CARTESIAN_POINT('',(-0.0432039088776612,0.0095,0.0219695890602438));
#3142=CARTESIAN_POINT('',(-0.0394093113528885,0.0102547923769078,0.0219695890602438));
#3143=CARTESIAN_POINT('',(-0.0323950495699364,0.0131601947374376,0.0219695890602438));
#3144=CARTESIAN_POINT('',(-0.0291781451201962,0.0153096615709841,0.0219695890602438));
#3145=CARTESIAN_POINT('',(-0.0238096615709841,0.0206781451201961,0.0219695890602438));
#3146=CARTESIAN_POINT('',(-0.0216601947374376,0.023895049569943,0.0219695890602438));
#3147=CARTESIAN_POINT('',(-0.0187547923769078,0.0309093113528818,0.0219695890602438));
#3148=CARTESIAN_POINT('',(-0.018,0.0347039088776481,0.0219695890602438));
#3149=CARTESIAN_POINT('',(-0.018,0.0422960911223521,0.0219695890602438));
#3150=CARTESIAN_POINT('',(-0.0187547923769077,0.0460906886471115,0.0219695890602438));
#3151=CARTESIAN_POINT('',(-0.0216601947374375,0.0531049504300636,0.0219695890602438));
#3152=CARTESIAN_POINT('',(-0.023809661570984,0.0563218548798038,0.0219695890602438));
#3153=CARTESIAN_POINT('',(-0.0291781451201961,0.0616903384290159,0.0219695890602438));
#3154=CARTESIAN_POINT('',(-0.0323950495699364,0.063839805262569,0.0219695890602438));
#3155=CARTESIAN_POINT('',(-0.0394093113528884,0.0667452076230856,0.0219695890602438));
#3156=CARTESIAN_POINT('',(-0.0432039088776631,0.0675,0.0219695890602438));
#3157=CARTESIAN_POINT('',(-0.047,0.0675,0.0219695890602438));
#3158=CARTESIAN_POINT('',(-0.0352206128775503,0.0669379561474614,0.0229695890602438));
#3159=CARTESIAN_POINT('',(-0.047,0.0692810219262693,0.0229695890602438));
#3160=CARTESIAN_POINT('',(-0.0587793871224499,0.0669379561474613,0.0229695890602438));
#3161=CARTESIAN_POINT('',(-0.0687654693359169,0.0602654693359168,0.0229695890602438));
#3162=CARTESIAN_POINT('',(-0.0754379561474614,0.0502793871224498,0.0229695890602438));
#3163=CARTESIAN_POINT('',(-0.0777810219262693,0.0384999999999999,0.0229695890602438));
#3164=CARTESIAN_POINT('',(-0.0754379561474614,0.0267206128775501,0.0229695890602438));
#3165=CARTESIAN_POINT('',(-0.0687654693359168,0.0167345306640831,0.0229695890602438));
#3166=CARTESIAN_POINT('',(-0.0587793871224498,0.0100620438525386,0.0229695890602438));
#3167=CARTESIAN_POINT('',(-0.0469999999999999,0.00771897807373068,0.0229695890602438));
#3168=CARTESIAN_POINT('',(-0.0352206128775501,0.0100620438525387,0.0229695890602438));
#3169=CARTESIAN_POINT('',(-0.0252345306640831,0.0167345306640832,0.0229695890602438));
#3170=CARTESIAN_POINT('',(-0.0185620438525386,0.0267206128775502,0.0229695890602438));
#3171=CARTESIAN_POINT('',(-0.0162189780737307,0.0385000000000001,0.0229695890602438));
#3172=CARTESIAN_POINT('',(-0.0185620438525387,0.05027938712245,0.0229695890602438));
#3173=CARTESIAN_POINT('',(-0.0252345306640832,0.0602654693359169,0.0229695890602438));
#3174=CARTESIAN_POINT('',(-0.0352206128775503,0.0669379561474614,0.0229695890602438));
#3175=CARTESIAN_POINT('',(-0.047,0.0692810219262693,0.0229695890602438));
#3176=CARTESIAN_POINT('',(-0.0587793871224499,0.0669379561474613,0.0229695890602438));
#3177=CARTESIAN_POINT('',(-0.047,0.0685,0.0229695890602438));
#3178=CARTESIAN_POINT('',(-0.047,0.0675,0.0219695890602438));
#3179=CARTESIAN_POINT('',(-0.0432039088776631,0.0675,0.0219695890602438));
#3180=CARTESIAN_POINT('',(-0.0394093113528884,0.0667452076230856,0.0219695890602438));
#3181=CARTESIAN_POINT('',(-0.0323950495699364,0.063839805262569,0.0219695890602438));
#3182=CARTESIAN_POINT('',(-0.0291781451201961,0.0616903384290159,0.0219695890602438));
#3183=CARTESIAN_POINT('',(-0.023809661570984,0.0563218548798038,0.0219695890602438));
#3184=CARTESIAN_POINT('',(-0.0216601947374375,0.0531049504300636,0.0219695890602438));
#3185=CARTESIAN_POINT('',(-0.0187547923769077,0.0460906886471115,0.0219695890602438));
#3186=CARTESIAN_POINT('',(-0.018,0.0422960911223521,0.0219695890602438));
#3187=CARTESIAN_POINT('',(-0.018,0.0347039088776481,0.0219695890602438));
#3188=CARTESIAN_POINT('',(-0.0187547923769078,0.0309093113528818,0.0219695890602438));
#3189=CARTESIAN_POINT('',(-0.0216601947374376,0.023895049569943,0.0219695890602438));
#3190=CARTESIAN_POINT('',(-0.0238096615709841,0.0206781451201961,0.0219695890602438));
#3191=CARTESIAN_POINT('',(-0.0291781451201962,0.0153096615709841,0.0219695890602438));
#3192=CARTESIAN_POINT('',(-0.0323950495699364,0.0131601947374376,0.0219695890602438));
#3193=CARTESIAN_POINT('',(-0.0394093113528885,0.0102547923769078,0.0219695890602438));
#3194=CARTESIAN_POINT('',(-0.0432039088776612,0.0095,0.0219695890602438));
#3195=CARTESIAN_POINT('',(-0.0507960911223389,0.0095,0.0219695890602438));
#3196=CARTESIAN_POINT('',(-0.0545906886471116,0.0102547923769144,0.0219695890602438));
#3197=CARTESIAN_POINT('',(-0.0616049504300637,0.013160194737431,0.0219695890602438));
#3198=CARTESIAN_POINT('',(-0.0648218548797956,0.0153096615709825,0.0219695890602438));
#3199=CARTESIAN_POINT('',(-0.0701903384290241,0.0206781451201978,0.0219695890602438));
#3200=CARTESIAN_POINT('',(-0.0723398052625503,0.0238950495699374,0.0219695890602438));
#3201=CARTESIAN_POINT('',(-0.0752452076231043,0.0309093113528875,0.0219695890602438));
#3202=CARTESIAN_POINT('',(-0.076,0.034703908877665,0.0219695890602438));
#3203=CARTESIAN_POINT('',(-0.076,0.0422960911223351,0.0219695890602438));
#3204=CARTESIAN_POINT('',(-0.075245207623078,0.046090688647106,0.0219695890602438));
#3205=CARTESIAN_POINT('',(-0.0723398052625766,0.0531049504300693,0.0219695890602438));
#3206=CARTESIAN_POINT('',(-0.0701903384289978,0.0563218548797956,0.0219695890602438));
#3207=CARTESIAN_POINT('',(-0.064821854879822,0.0616903384290241,0.0219695890602438));
#3208=CARTESIAN_POINT('',(-0.0616049504300599,0.0638398052625597,0.0219695890602438));
#3209=CARTESIAN_POINT('',(-0.0545906886471153,0.066745207623095,0.0219695890602438));
#3210=CARTESIAN_POINT('',(-0.0507960911223369,0.0675,0.0219695890602438));
#3211=CARTESIAN_POINT('',(-0.047,0.0675,0.0219695890602438));
#3212=CARTESIAN_POINT('',(-0.047,0.0675,0.0219695890602438));
#3213=CARTESIAN_POINT('',(-0.0757817936024808,0.0350505446478678,0.0649695890602438));
#3214=CARTESIAN_POINT('',(-0.0745574349704851,0.024836450456528,0.0649695890602438));
#3215=CARTESIAN_POINT('',(-0.0685108179435943,0.0165138789344912,0.0649695890602438));
#3216=CARTESIAN_POINT('',(-0.0591750425815818,0.0121929909934142,0.0649695890602438));
#3217=CARTESIAN_POINT('',(-0.0764517967399017,0.0349702316891845,0.0649695890602438));
#3218=CARTESIAN_POINT('',(-0.0751989376005224,0.0245183747547184,0.0649695890602438));
#3219=CARTESIAN_POINT('',(-0.0690115679798117,0.0160020711799049,0.0649695890602438));
#3220=CARTESIAN_POINT('',(-0.0594584752994248,0.0115806020076034,0.0649695890602438));
#3221=CARTESIAN_POINT('',(-0.0767869911648479,0.034930052092259,0.0646323835432758));
#3222=CARTESIAN_POINT('',(-0.0755198735680836,0.0243592453477029,0.0646323835432758));
#3223=CARTESIAN_POINT('',(-0.0692620871357049,0.0157460199819344,0.0646323835432759));
#3224=CARTESIAN_POINT('',(-0.0596002732426927,0.0112742312423383,0.0646323835432759));
#3225=CARTESIAN_POINT('',(-0.0767869911648479,0.034930052092259,0.0639575840356512));
#3226=CARTESIAN_POINT('',(-0.0755198735680836,0.0243592453477029,0.0639575840356513));
#3227=CARTESIAN_POINT('',(-0.0692620871357049,0.0157460199819344,0.0639575840356513));
#3228=CARTESIAN_POINT('',(-0.0596002732426927,0.0112742312423383,0.0639575840356513));
#3229=CARTESIAN_POINT('',(-0.0469999072924366,0.038500066003713,0.0649695890602438));
#3230=CARTESIAN_POINT('',(-0.0597643090104976,0.0113509223824357,0.0639695890602438));
#3231=CARTESIAN_POINT('',(-0.0643162646952176,0.0134910528789601,0.0639695890602438));
#3232=CARTESIAN_POINT('',(-0.0723150938078655,0.0201077666889194,0.0639695890602438));
#3233=CARTESIAN_POINT('',(-0.0761360592251988,0.029759833415574,0.0639695890602438));
#3234=CARTESIAN_POINT('',(-0.0767647457944058,0.0347503456433425,0.0639695890602438));
#3235=CARTESIAN_POINT('',(-0.0591746903420667,0.0648071720311422,0.0649695890602438));
#3236=CARTESIAN_POINT('',(-0.0685105235562942,0.0604864090886337,0.0649695890602438));
#3237=CARTESIAN_POINT('',(-0.0745572520148733,0.052163918526462,0.0649695890602438));
#3238=CARTESIAN_POINT('',(-0.0757817474048888,0.0419498407291737,0.0649695890602438));
#3239=CARTESIAN_POINT('',(-0.059458114860513,0.0654195648118229,0.0649695890602438));
#3240=CARTESIAN_POINT('',(-0.0690112667397932,0.0609982235477943,0.0649695890602438));
#3241=CARTESIAN_POINT('',(-0.0751987503860881,0.0524820028174216,0.0649695890602438));
#3242=CARTESIAN_POINT('',(-0.076451749466927,0.042030162658626,0.0649695890602438));
#3243=CARTESIAN_POINT('',(-0.0595999087017238,0.0657259374756266,0.0646323835432753));
#3244=CARTESIAN_POINT('',(-0.06926178246736,0.0612542780999925,0.0646323835432753));
#3245=CARTESIAN_POINT('',(-0.0755196842230209,0.0526411365214928,0.0646323835432753));
#3246=CARTESIAN_POINT('',(-0.0767869433538827,0.0420703467435229,0.0646323835432753));
#3247=CARTESIAN_POINT('',(-0.0595999087017238,0.0657259374756266,0.0639575840356512));
#3248=CARTESIAN_POINT('',(-0.06926178246736,0.0612542780999925,0.0639575840356512));
#3249=CARTESIAN_POINT('',(-0.0755196842230209,0.0526411365214928,0.0639575840356512));
#3250=CARTESIAN_POINT('',(-0.0767869433538827,0.0420703467435229,0.0639575840356512));
#3251=CARTESIAN_POINT('',(-0.0767646955852844,0.042250052895007,0.0639695890602438));
#3252=CARTESIAN_POINT('',(-0.076135942195063,0.0472405567044529,0.0639695890602438));
#3253=CARTESIAN_POINT('',(-0.0723148475405503,0.0568925722689609,0.0639695890602438));
#3254=CARTESIAN_POINT('',(-0.0643159298333246,0.0635091789770313,0.0639695890602438));
#3255=CARTESIAN_POINT('',(-0.059763945493475,0.0656492485243994,0.0639695890602438));
#3256=CARTESIAN_POINT('',(-0.0469999085785667,0.0384999322261359,0.0649695890602438));
#3257=CARTESIAN_POINT('',(-0.0257425788314168,0.0582081818152843,0.0649695890602438));
#3258=CARTESIAN_POINT('',(-0.0327367997031107,0.0657518976508219,0.0649695890602438));
#3259=CARTESIAN_POINT('',(-0.042520500438148,0.0689308871343859,0.0649695890602438));
#3260=CARTESIAN_POINT('',(-0.0526130555702608,0.0669391278330041,0.0649695890602438));
#3261=CARTESIAN_POINT('',(-0.0252477416796421,0.0586669743268929,0.0649695890602438));
#3262=CARTESIAN_POINT('',(-0.0324047733801116,0.0663862920843254,0.0649695890602438));
#3263=CARTESIAN_POINT('',(-0.0424162181990695,0.0696392817920713,0.0649695890602438));
#3264=CARTESIAN_POINT('',(-0.0527437068992898,0.0676011585012572,0.0649695890602438));
#3265=CARTESIAN_POINT('',(-0.0250001806679636,0.0588965026432601,0.0646323835432682));
#3266=CARTESIAN_POINT('',(-0.0322386646469026,0.0667036719075591,0.0646323835432682));
#3267=CARTESIAN_POINT('',(-0.0423640470625353,0.0699936830279,0.0646323835432682));
#3268=CARTESIAN_POINT('',(-0.0528090701709726,0.0679323643967852,0.0646323835432682));
#3269=CARTESIAN_POINT('',(-0.0250001806679636,0.0588965026432601,0.0639575840356514));
#3270=CARTESIAN_POINT('',(-0.0322386646469026,0.0667036719075591,0.0639575840356514));
#3271=CARTESIAN_POINT('',(-0.0423640470625353,0.0699936830279,0.0639575840356514));
#3272=CARTESIAN_POINT('',(-0.0528090701709726,0.0679323643967852,0.0639575840356514));
#3273=CARTESIAN_POINT('',(-0.0526312845260018,0.0679667377662885,0.0639695890602438));
#3274=CARTESIAN_POINT('',(-0.0476907378755833,0.0689109082449874,0.0639695890602438));
#3275=CARTESIAN_POINT('',(-0.0373303423922162,0.068259468113837,0.0639695890602438));
#3276=CARTESIAN_POINT('',(-0.0285657739586043,0.0626966892229606,0.0639695890602438));
#3277=CARTESIAN_POINT('',(-0.025123806351113,0.0590288127137542,0.0639695890602438));
#3278=CARTESIAN_POINT('',(-0.0470000362060121,0.0384998921096479,0.0649695890602438));
#3279=CARTESIAN_POINT('',(-0.0216875008625835,0.0243731541871521,0.0649695890602438));
#3280=CARTESIAN_POINT('',(-0.0166743338718817,0.0333561899174944,0.0649695890602438));
#3281=CARTESIAN_POINT('',(-0.0166742650033083,0.0436434040303883,0.0649695890602438));
#3282=CARTESIAN_POINT('',(-0.0216873117182659,0.052626506882016,0.0649695890602438));
#3283=CARTESIAN_POINT('',(-0.0210982501654409,0.0240443107724284,0.0649695890602438));
#3284=CARTESIAN_POINT('',(-0.0159683871356061,0.0332364527805129,0.0649695890602438));
#3285=CARTESIAN_POINT('',(-0.0159683166639168,0.0437631317153284,0.0649695890602438));
#3286=CARTESIAN_POINT('',(-0.0210980566182405,0.0529553424071409,0.0649695890602438));
#3287=CARTESIAN_POINT('',(-0.0208034552047216,0.0238797944095331,0.0646323835432733));
#3288=CARTESIAN_POINT('',(-0.0156152105650906,0.03317654974643,0.0646323835432733));
#3289=CARTESIAN_POINT('',(-0.0156151392913814,0.0438230300206663,0.0646323835432733));
#3290=CARTESIAN_POINT('',(-0.0208032594548108,0.0531198548229629,0.0646323835432733));
#3291=CARTESIAN_POINT('',(-0.0208034552047216,0.0238797944095331,0.0639575840356512));
#3292=CARTESIAN_POINT('',(-0.0156152105650906,0.03317654974643,0.0639575840356512));
#3293=CARTESIAN_POINT('',(-0.0156151392913814,0.0438230300206663,0.0639575840356512));
#3294=CARTESIAN_POINT('',(-0.0208032594548108,0.0531198548229629,0.0639575840356512));
#3295=CARTESIAN_POINT('',(-0.0207156296521063,0.0529613925821397,0.0639695890602438));
#3296=CARTESIAN_POINT('',(-0.0182909572893645,0.0485544182197041,0.0639695890602438));
#3297=CARTESIAN_POINT('',(-0.0157089753982653,0.0384997905125094,0.0639695890602438));
#3298=CARTESIAN_POINT('',(-0.0182910919167942,0.0284451973779767,0.0639695890602438));
#3299=CARTESIAN_POINT('',(-0.020715823287038,0.0240382554813817,0.0639695890602438));
#3300=CARTESIAN_POINT('',(-0.0470001137980252,0.0385000010940344,0.0649695890602438));
#3301=CARTESIAN_POINT('',(-0.0526134363614422,0.0100609473185615,0.0649695890602438));
#3302=CARTESIAN_POINT('',(-0.0425209078982222,0.00806905288653076,0.0649695890602438));
#3303=CARTESIAN_POINT('',(-0.0327371646000721,0.0112479113742842,0.0649695890602438));
#3304=CARTESIAN_POINT('',(-0.0257428427250021,0.0187915335624095,0.0649695890602438));
#3305=CARTESIAN_POINT('',(-0.0527440965544925,0.00939891839967467,0.0649695890602438));
#3306=CARTESIAN_POINT('',(-0.0424166351439592,0.00736065683265315,0.0649695890602438));
#3307=CARTESIAN_POINT('',(-0.0324051467711067,0.0106135124952813,0.0649695890602438));
#3308=CARTESIAN_POINT('',(-0.025248011716113,0.0183327344253875,0.0649695890602438));
#3309=CARTESIAN_POINT('',(-0.0528094642607425,0.00906771337932295,0.0646323835432756));
#3310=CARTESIAN_POINT('',(-0.0423644687525642,0.00700625489831428,0.0646323835432756));
#3311=CARTESIAN_POINT('',(-0.0322390422873567,0.0102961304480063,0.0646323835432756));
#3312=CARTESIAN_POINT('',(-0.0250004537776393,0.0181032027943968,0.0646323835432756));
#3313=CARTESIAN_POINT('',(-0.0528094642607425,0.00906771337932295,0.0639575840356512));
#3314=CARTESIAN_POINT('',(-0.0423644687525642,0.00700625489831429,0.0639575840356512));
#3315=CARTESIAN_POINT('',(-0.0322390422873567,0.0102961304480064,0.0639575840356512));
#3316=CARTESIAN_POINT('',(-0.0250004537776393,0.0181032027943968,0.0639575840356512));
#3317=CARTESIAN_POINT('',(-0.0251240812261094,0.0179708943741297,0.0639695890602438));
#3318=CARTESIAN_POINT('',(-0.028566097944771,0.014303063951896,0.0639695890602438));
#3319=CARTESIAN_POINT('',(-0.0373307408611023,0.00874040241577355,0.0639695890602438));
#3320=CARTESIAN_POINT('',(-0.0476911450660779,0.00808910100645749,0.0639695890602438));
#3321=CARTESIAN_POINT('',(-0.0526316790739681,0.00903333763712235,0.0639695890602438));
#3322=CARTESIAN_POINT('',(-0.0470000341250258,0.0385001085663707,0.0649695890602438));
#3323=CARTESIAN_POINT('',(-0.047,0.0385,-0.0430304109397562));
#3324=CARTESIAN_POINT('',(-0.047,0.0385,-0.0429304109397562));
#3325=CARTESIAN_POINT('',(-0.047,0.0285,-0.0429304109397562));
#3326=CARTESIAN_POINT('',(-0.047,0.0385,-0.0430304109397562));
#3327=CARTESIAN_POINT('',(-0.047,0.0285,-0.0430304109397562));
#3328=CARTESIAN_POINT('',(-0.047,0.0385,0.0219695890602438));
#3329=CARTESIAN_POINT('',(-0.0227,0.0385,0.0219695890602438));
#3330=CARTESIAN_POINT('',(-0.0227,0.0417,0.0219695890602438));
#3331=CARTESIAN_POINT('',(-0.047,0.0385,0.0219695890602438));
#3332=CARTESIAN_POINT('',(-0.047,0.0565,0.0219695890602438));
#3333=CARTESIAN_POINT('',(-0.047,0.0385,0.0219695890602438));
#3334=CARTESIAN_POINT('',(-0.047,0.0385,0.0599695890602438));
#3335=CARTESIAN_POINT('',(-0.047,0.0385,0.0599695890602438));
#3336=CARTESIAN_POINT('',(-0.047,0.0385,0.0599695890602438));
#3337=CARTESIAN_POINT('',(-0.047,0.0385,0.0599695890602438));
#3338=CARTESIAN_POINT('',(-0.047,0.0385,0.0599695890602438));
#3339=CARTESIAN_POINT('',(-0.047,0.0385,0.0649695890602438));
#3340=CARTESIAN_POINT('',(-0.02344541885984,0.05579244401745,0.0599695890602438));
#3341=CARTESIAN_POINT('',(-0.0275007409816291,0.056746065267188,0.0599695890602438));
#3342=CARTESIAN_POINT('',(-0.0275007409816291,0.056746065267188,0.0599695890602438));
#3343=CARTESIAN_POINT('',(-0.025561049649064,0.054076309185751,0.0599695890602438));
#3344=CARTESIAN_POINT('',(-0.023621358316498,0.051406553104313,0.0599695890602438));
#3345=CARTESIAN_POINT('',(-0.023621358316498,0.051406553104313,0.0599695890602438));
#3346=CARTESIAN_POINT('',(-0.025561049649064,0.054076309185751,0.0649695890602438));
#3347=CARTESIAN_POINT('',(-0.0275007409816291,0.056746065267188,0.0649695890602438));
#3348=CARTESIAN_POINT('',(-0.023621358316498,0.051406553104313,0.0649695890602438));
#3349=CARTESIAN_POINT('',(-0.0275007409816291,0.056746065267188,0.0649695890602438));
#3350=CARTESIAN_POINT('',(-0.018029788070617,0.055469066686276,0.0649695890602438));
#3351=CARTESIAN_POINT('',(-0.02344541885984,0.05579244401745,0.0599695890602438));
#3352=CARTESIAN_POINT('',(-0.05832743685471,0.062683241600384,0.0599695890602438));
#3353=CARTESIAN_POINT('',(-0.05832743685471,0.0626832416003845,0.0599695890602438));
#3354=CARTESIAN_POINT('',(-0.055188950350936,0.063702997681822,0.0599695890602438));
#3355=CARTESIAN_POINT('',(-0.052050463847162,0.064722753763259,0.0599695890602438));
#3356=CARTESIAN_POINT('',(-0.052050463847162,0.064722753763259,0.0599695890602438));
#3357=CARTESIAN_POINT('',(-0.055188950350936,0.063702997681822,0.0649695890602438));
#3358=CARTESIAN_POINT('',(-0.05832743685471,0.062683241600384,0.0649695890602438));
#3359=CARTESIAN_POINT('',(-0.052050463847162,0.064722753763259,0.0649695890602438));
#3360=CARTESIAN_POINT('',(-0.05832743685471,0.062683241600384,0.0649695890602438));
#3361=CARTESIAN_POINT('',(-0.054186253630606,0.071296038818632,0.0649695890602438));
#3362=CARTESIAN_POINT('',(-0.02344541885984,0.05579244401745,0.0599695890602438));
#3363=CARTESIAN_POINT('',(-0.023621358316499,0.025593446895687,0.0599695890602438));
#3364=CARTESIAN_POINT('',(-0.0236213583164985,0.025593446895687,0.0599695890602438));
#3365=CARTESIAN_POINT('',(-0.025561049649064,0.022923690814249,0.0599695890602438));
#3366=CARTESIAN_POINT('',(-0.0275007409816291,0.020253934732812,0.0599695890602438));
#3367=CARTESIAN_POINT('',(-0.0275007409816291,0.020253934732812,0.0599695890602438));
#3368=CARTESIAN_POINT('',(-0.025561049649064,0.022923690814249,0.0649695890602438));
#3369=CARTESIAN_POINT('',(-0.023621358316499,0.025593446895687,0.0649695890602438));
#3370=CARTESIAN_POINT('',(-0.0275007409816291,0.020253934732812,0.0649695890602438));
#3371=CARTESIAN_POINT('',(-0.023621358316499,0.025593446895687,0.0649695890602438));
#3372=CARTESIAN_POINT('',(-0.021909170735747,0.01619142115085,0.0649695890602438));
#3373=CARTESIAN_POINT('',(-0.02344541885984,0.05579244401745,0.0599695890602438));
#3374=CARTESIAN_POINT('',(-0.0735,0.0352,0.0599695890602438));
#3375=CARTESIAN_POINT('',(-0.0735,0.0352,0.0599695890602438));
#3376=CARTESIAN_POINT('',(-0.0735,0.0385,0.0599695890602438));
#3377=CARTESIAN_POINT('',(-0.0735,0.0418,0.0599695890602438));
#3378=CARTESIAN_POINT('',(-0.0735,0.0418,0.0599695890602438));
#3379=CARTESIAN_POINT('',(-0.0735,0.0385,0.0649695890602438));
#3380=CARTESIAN_POINT('',(-0.0735,0.0352,0.0649695890602438));
#3381=CARTESIAN_POINT('',(-0.0735,0.0418,0.0649695890602438));
#3382=CARTESIAN_POINT('',(-0.0735,0.0352,0.0649695890602438));
#3383=CARTESIAN_POINT('',(-0.080411560924874,0.0418,0.0649695890602438));
#3384=CARTESIAN_POINT('',(-0.02344541885984,0.05579244401745,0.0599695890602438));
#3385=CARTESIAN_POINT('',(-0.052050463847162,0.012277246236741,0.0599695890602438));
#3386=CARTESIAN_POINT('',(-0.052050463847162,0.012277246236741,0.0599695890602438));
#3387=CARTESIAN_POINT('',(-0.055188950350936,0.013297002318178,0.0599695890602438));
#3388=CARTESIAN_POINT('',(-0.05832743685471,0.0143167583996155,0.0599695890602438));
#3389=CARTESIAN_POINT('',(-0.05832743685471,0.014316758399616,0.0599695890602438));
#3390=CARTESIAN_POINT('',(-0.055188950350936,0.013297002318178,0.0649695890602438));
#3391=CARTESIAN_POINT('',(-0.052050463847162,0.012277246236741,0.0649695890602438));
#3392=CARTESIAN_POINT('',(-0.05832743685471,0.014316758399616,0.0649695890602438));
#3393=CARTESIAN_POINT('',(-0.052050463847162,0.012277246236741,0.0649695890602438));
#3394=CARTESIAN_POINT('',(-0.060463226638154,0.00774347334424302,0.0649695890602438));
#3395=CARTESIAN_POINT('',(-0.047,0.0385,0.0769695890602438));
#3396=CARTESIAN_POINT('',(-0.047,0.0385,0.0649695890602438));
#3397=CARTESIAN_POINT('',(-0.047,0.0385,0.0619695890602438));
#3398=CARTESIAN_POINT('',(-0.047,0.0385,0.0619695890602438));
#3399=CARTESIAN_POINT('',(-0.047,0.0365,0.0619695890602438));
#3400=CARTESIAN_POINT('',(-0.047,0.0385,0.0769695890602438));
#3401=CARTESIAN_POINT('',(-0.0227,0.0385,0.00996958906024376));
#3402=CARTESIAN_POINT('',(-0.0227,0.0385,0.00996958906024376));
#3403=CARTESIAN_POINT('',(-0.0227,0.0405,0.00996958906024376));
#3404=CARTESIAN_POINT('',(-0.0227,0.0385,0.0219695890602438));
#3405=CARTESIAN_POINT('',(-0.047,0.0385,0.0219695890602438));
#3406=CARTESIAN_POINT('',(-0.0227,0.0385,0.0219695890602438));
#3407=CARTESIAN_POINT('',(-0.0227,0.0405,0.0219695890602438));
#3408=CARTESIAN_POINT('',(-0.0227,0.0385,0.00996958906024376));
#3409=CARTESIAN_POINT('',(-0.047,0.0385,0.0219695890602438));
#3410=CARTESIAN_POINT('',(-0.047,0.0385,-0.0429304109397562));
#3411=CARTESIAN_POINT('',(-0.047,0.0565,-0.0429304109397562));
#3412=CARTESIAN_POINT('',(-0.051740730562382,0.037167954003416,-0.0429304109397562));
#3413=CARTESIAN_POINT('',(-0.051740730562382,0.037167954003416,-0.0430304109397562));
#3414=CARTESIAN_POINT('',(-0.047,0.0385,-0.0430304109397562));
#3415=CARTESIAN_POINT('',(-0.047,0.0565,-0.0430304109397562));
#3416=CARTESIAN_POINT('',(-0.047,0.0385,-0.0460304109397562));
#3417=CARTESIAN_POINT('',(-0.047,0.0385,-0.0460304109397562));
#3418=CARTESIAN_POINT('',(-0.047,0.0465,-0.0460304109397562));
#3419=CARTESIAN_POINT('',(-0.047,0.0385,-0.0490304109397562));
#3420=CARTESIAN_POINT('',(-0.047,0.0385,0.0219695890602438));
#3421=CARTESIAN_POINT('',(-0.047,0.0385,-0.0460304109397562));
#3422=MECHANICAL_DESIGN_GEOMETRIC_PRESENTATION_REPRESENTATION('',(#1387,
#1218,#1219,#1220,#1221,#1222,#1223,#1224,#1225,#1226,#1227,#1228,#1229,
#1230,#1231,#1232,#1233,#1234,#1235,#1236,#1237,#1238,#1239,#1240,#1241,
#1242,#1243,#1244,#1245,#1246,#1247,#1248,#1249,#1250,#1251,#1252,#1253,
#1254,#1255,#1256,#1257,#1258,#1259,#1260,#1261,#1262,#1263,#1264,#1265,
#1266,#1267,#1268,#1269,#1270,#1271,#1272,#1273,#1274,#1275,#1276,#1277,
#1278,#1279,#1280,#1281,#1282,#1283,#1284,#1285,#1286,#1287,#1288,#1289,
#1290,#1291,#1292,#1293,#1294,#1295,#1296,#1297,#1298,#1299),#3423);
#3423=(
GEOMETRIC_REPRESENTATION_CONTEXT(3)
GLOBAL_UNCERTAINTY_ASSIGNED_CONTEXT((#3424))
GLOBAL_UNIT_ASSIGNED_CONTEXT((#3427,#3426,#3425))
REPRESENTATION_CONTEXT('Vacuum_Pump','TOP_LEVEL_ASSEMBLY_PART')
);
#3424=UNCERTAINTY_MEASURE_WITH_UNIT(LENGTH_MEASURE(3.16217553876871E-5),
#3427,'DISTANCE_ACCURACY_VALUE','Maximum Tolerance applied to model');
#3425=(
NAMED_UNIT(*)
SI_UNIT($,.STERADIAN.)
SOLID_ANGLE_UNIT()
);
#3426=(
NAMED_UNIT(*)
PLANE_ANGLE_UNIT()
SI_UNIT($,.RADIAN.)
);
#3427=(
LENGTH_UNIT()
NAMED_UNIT(*)
SI_UNIT($,.METRE.)
);
#3428=PRODUCT_DEFINITION_SHAPE('','',#3429);
#3429=PRODUCT_DEFINITION('','',#3431,#3430);
#3430=PRODUCT_DEFINITION_CONTEXT('',#3437,'design');
#3431=PRODUCT_DEFINITION_FORMATION_WITH_SPECIFIED_SOURCE('','',#3433,
 .NOT_KNOWN.);
#3432=PRODUCT_RELATED_PRODUCT_CATEGORY('','',(#3433));
#3433=PRODUCT('Vacuum_Pump','Vacuum_Pump','Vacuum_Pump',(#3435));
#3434=PRODUCT_CATEGORY('','');
#3435=PRODUCT_CONTEXT('',#3437,'mechanical');
#3436=APPLICATION_PROTOCOL_DEFINITION('international standard',
'ap242_managed_model_based_3d_engineering',2020,#3437);
#3437=APPLICATION_CONTEXT('managed model based 3d engineering');
ENDSEC;
END-ISO-10303-21;
