ISO-10303-21;
HEADER;
/* Generated by software containing ST-Developer
 * from STEP Tools, Inc. (www.steptools.com) 
 */
/* OPTION: using custom renumber hook */

FILE_DESCRIPTION(
/* description */ ('STEP AP242 Edition 2',
'CAx-IF Rec.Pracs.---Representation and Presentation of Product Manufa
cturing Information (PMI)---4.0---2014-10-13',
'CAx-IF Rec.Pracs.---3D Tessellated Geometry---0.4---2014-09-14','2;1',
'CAx-IF Rec.Pracs.---User Defined Attributes---1.5---2016-08-15'),
/* implementation_level */ '2;1');

FILE_NAME(
/* name */ 'Pneuma_101 - Extrusion_Mount_A',
/* time_stamp */ '2026-04-29T18:03:39Z',
/* author */ (''),
/* organization */ (''),
/* preprocessor_version */ 'ST-DEVELOPER v20',
/* originating_system */ 'ONSHAPE BY PTC INC, 1.214',
/* authorisation */ '  ');

FILE_SCHEMA (('AP242_MANAGED_MODEL_BASED_3D_ENGINEERING_MIM_LF { 1 0 10303 442 3 1 4 }'));
ENDSEC;

DATA;
#10=SHAPE_REPRESENTATION_RELATIONSHIP('','',#1567,#11);
#11=ADVANCED_BREP_SHAPE_REPRESENTATION('',(#1565),#2929);
#12=CYLINDRICAL_SURFACE('',#1613,0.00175);
#13=CYLINDRICAL_SURFACE('',#1625,0.003);
#14=CYLINDRICAL_SURFACE('',#1634,0.002625);
#15=B_SPLINE_SURFACE_WITH_KNOTS('',1,3,((#2144,#2145,#2146,#2147,#2148,
#2149,#2150,#2151,#2152,#2153),(#2154,#2155,#2156,#2157,#2158,#2159,#2160,
#2161,#2162,#2163),(#2164,#2165,#2166,#2167,#2168,#2169,#2170,#2171,#2172,
#2173)),.RULED_SURF.,.F.,.F.,.F.,(2,1,2),(4,2,2,2,4),(-0.0165599459798941,
0.,1.),(0.,0.0019239144374326,0.00384782887486521,0.00577174331229781,0.00769565774973041),
 .UNSPECIFIED.);
#16=B_SPLINE_SURFACE_WITH_KNOTS('',1,3,((#2197,#2198,#2199,#2200,#2201,
#2202),(#2203,#2204,#2205,#2206,#2207,#2208),(#2209,#2210,#2211,#2212,#2213,
#2214)),.RULED_SURF.,.F.,.F.,.F.,(2,1,2),(4,2,4),(0.,1.,1.02014322969962),
(0.,0.00385516639797779,0.00771033279595559),.UNSPECIFIED.);
#17=B_SPLINE_SURFACE_WITH_KNOTS('',1,3,((#2284,#2285,#2286,#2287,#2288,
#2289,#2290,#2291,#2292,#2293),(#2294,#2295,#2296,#2297,#2298,#2299,#2300,
#2301,#2302,#2303),(#2304,#2305,#2306,#2307,#2308,#2309,#2310,#2311,#2312,
#2313)),.RULED_SURF.,.F.,.F.,.F.,(2,1,2),(4,2,2,2,4),(-0.0165599459799469,
0.,1.),(0.,0.0019239144374326,0.0038478288748652,0.0057717433122978,0.0076956577497304),
 .UNSPECIFIED.);
#18=B_SPLINE_SURFACE_WITH_KNOTS('',1,3,((#2337,#2338,#2339,#2340,#2341,
#2342),(#2343,#2344,#2345,#2346,#2347,#2348),(#2349,#2350,#2351,#2352,#2353,
#2354)),.RULED_SURF.,.F.,.F.,.F.,(2,1,2),(4,2,4),(-0.0207527571608901,0.,
1.),(0.,0.00385516639797759,0.00771033279595517),.UNSPECIFIED.);
#19=B_SPLINE_SURFACE_WITH_KNOTS('',3,1,((#2424,#2425),(#2426,#2427),(#2428,
#2429),(#2430,#2431)),.SURF_OF_LINEAR_EXTRUSION.,.F.,.F.,.F.,(4,4),(2,2),
(3.24354407511535E-13,0.999999999999676),(0.,1.),
 .PIECEWISE_BEZIER_KNOTS.);
#20=B_SPLINE_SURFACE_WITH_KNOTS('',3,1,((#2486,#2487),(#2488,#2489),(#2490,
#2491),(#2492,#2493)),.SURF_OF_LINEAR_EXTRUSION.,.F.,.F.,.F.,(4,4),(2,2),
(-0.00599999683707566,0.999999472944814),(0.,1.),
 .PIECEWISE_BEZIER_KNOTS.);
#21=B_SPLINE_SURFACE_WITH_KNOTS('',3,1,((#2513,#2514),(#2515,#2516),(#2517,
#2518),(#2519,#2520),(#2521,#2522)),.SURF_OF_LINEAR_EXTRUSION.,.F.,.F.,
 .F.,(4,1,4),(2,2),(-0.00598278672395669,0.500016267817307,1.00601532235857),
(0.,1.),.UNSPECIFIED.);
#22=B_SPLINE_SURFACE_WITH_KNOTS('',3,1,((#2530,#2531),(#2532,#2533),(#2534,
#2535),(#2536,#2537),(#2538,#2539)),.SURF_OF_LINEAR_EXTRUSION.,.F.,.F.,
 .F.,(4,1,4),(2,2),(-0.00601863269100098,0.499982087434173,1.00598280755935),
(0.,1.),.UNSPECIFIED.);
#23=B_SPLINE_SURFACE_WITH_KNOTS('',3,1,((#2555,#2556),(#2557,#2558),(#2559,
#2560),(#2561,#2562),(#2563,#2564)),.SURF_OF_LINEAR_EXTRUSION.,.F.,.F.,
 .F.,(4,1,4),(2,2),(-2.46111676958683E-9,0.499991186395704,0.999982375252524),
(0.,1.),.UNSPECIFIED.);
#24=B_SPLINE_SURFACE_WITH_KNOTS('',3,1,((#2629,#2630),(#2631,#2632),(#2633,
#2634),(#2635,#2636)),.SURF_OF_LINEAR_EXTRUSION.,.F.,.F.,.F.,(4,4),(2,2),
(-7.78895564409801E-14,0.999999999999784),(0.,1.),
 .PIECEWISE_BEZIER_KNOTS.);
#25=B_SPLINE_SURFACE_WITH_KNOTS('',3,3,((#2648,#2649,#2650,#2651,#2652,
#2653,#2654,#2655,#2656),(#2657,#2658,#2659,#2660,#2661,#2662,#2663,#2664,
#2665),(#2666,#2667,#2668,#2669,#2670,#2671,#2672,#2673,#2674),(#2675,#2676,
#2677,#2678,#2679,#2680,#2681,#2682,#2683)),.UNSPECIFIED.,.F.,.F.,.F.,(4,
4),(4,1,1,1,1,1,4),(-0.72184084268229,1.72903162701392),(-2.91724175428281E-15,
0.00186025731349826,0.00279038597024886,0.00372051462699945,0.00465064328375004,
0.00558077194050063,0.00744102925400181),.UNSPECIFIED.);
#26=B_SPLINE_SURFACE_WITH_KNOTS('',3,3,((#2685,#2686,#2687,#2688,#2689,
#2690,#2691,#2692,#2693),(#2694,#2695,#2696,#2697,#2698,#2699,#2700,#2701,
#2702),(#2703,#2704,#2705,#2706,#2707,#2708,#2709,#2710,#2711),(#2712,#2713,
#2714,#2715,#2716,#2717,#2718,#2719,#2720)),.UNSPECIFIED.,.F.,.F.,.F.,(4,
4),(4,1,1,1,1,1,4),(-0.721840625222796,1.72903162571222),(0.,0.00186025731350045,
0.00279038597025067,0.0037205146270009,0.00465064328375113,0.00558077194050135,
0.0074410292540018),.UNSPECIFIED.);
#27=B_SPLINE_SURFACE_WITH_KNOTS('',3,3,((#2722,#2723,#2724,#2725,#2726,
#2727,#2728,#2729,#2730),(#2731,#2732,#2733,#2734,#2735,#2736,#2737,#2738,
#2739),(#2740,#2741,#2742,#2743,#2744,#2745,#2746,#2747,#2748),(#2749,#2750,
#2751,#2752,#2753,#2754,#2755,#2756,#2757)),.UNSPECIFIED.,.F.,.F.,.F.,(4,
4),(4,1,1,1,1,1,4),(-0.721840625115878,1.72903162576561),(0.,0.00186025731350045,
0.00279038597025067,0.0037205146270009,0.00465064328375113,0.00558077194050135,
0.0074410292540018),.UNSPECIFIED.);
#28=B_SPLINE_SURFACE_WITH_KNOTS('',3,3,((#2759,#2760,#2761,#2762,#2763,
#2764,#2765,#2766,#2767),(#2768,#2769,#2770,#2771,#2772,#2773,#2774,#2775,
#2776),(#2777,#2778,#2779,#2780,#2781,#2782,#2783,#2784,#2785),(#2786,#2787,
#2788,#2789,#2790,#2791,#2792,#2793,#2794)),.UNSPECIFIED.,.F.,.F.,.F.,(4,
4),(4,1,1,1,1,1,4),(-0.721840842604189,1.72903162705453),(0.,0.00186025731350045,
0.00279038597025067,0.0037205146270009,0.00465064328375112,0.00558077194050134,
0.00744102925400179),.UNSPECIFIED.);
#29=B_SPLINE_SURFACE_WITH_KNOTS('',1,3,((#2836,#2837,#2838,#2839,#2840,
#2841,#2842,#2843,#2844,#2845),(#2846,#2847,#2848,#2849,#2850,#2851,#2852,
#2853,#2854,#2855),(#2856,#2857,#2858,#2859,#2860,#2861,#2862,#2863,#2864,
#2865),(#2866,#2867,#2868,#2869,#2870,#2871,#2872,#2873,#2874,#2875)),
 .RULED_SURF.,.F.,.F.,.F.,(2,1,1,2),(4,2,2,2,4),(-0.00615579508352073,0.,
1.,1.00619733913666),(0.,0.00195535530529903,0.00391071061059806,0.00586606591589709,
0.00749390971627016),.UNSPECIFIED.);
#30=B_SPLINE_SURFACE_WITH_KNOTS('',1,3,((#2884,#2885,#2886,#2887,#2888,
#2889,#2890,#2891,#2892,#2893),(#2894,#2895,#2896,#2897,#2898,#2899,#2900,
#2901,#2902,#2903),(#2904,#2905,#2906,#2907,#2908,#2909,#2910,#2911,#2912,
#2913)),.RULED_SURF.,.F.,.F.,.F.,(2,1,2),(4,2,2,2,4),(-0.00636339128597642,
0.,1.),(0.00032536782355508,0.00194516475450738,0.00389032950901475,0.00583549426352213,
0.00778065901802951),.UNSPECIFIED.);
#31=CONICAL_SURFACE('',#1572,0.002825,0.785398163397479);
#32=CONICAL_SURFACE('',#1578,0.002825,0.785398163397434);
#33=CONICAL_SURFACE('',#1598,0.002825,0.785398163397471);
#34=CONICAL_SURFACE('',#1632,0.00215,0.785398163397448);
#35=CONICAL_SURFACE('',#1654,0.0034,0.785398163397452);
#36=CIRCLE('',#1570,0.0034);
#37=CIRCLE('',#1573,0.002625);
#38=CIRCLE('',#1574,0.0197954740859133);
#39=CIRCLE('',#1575,0.002825);
#40=CIRCLE('',#1579,0.0197954740863507);
#41=CIRCLE('',#1580,0.002625);
#42=CIRCLE('',#1581,0.002825);
#43=CIRCLE('',#1599,0.002825);
#44=CIRCLE('',#1600,0.002625);
#45=CIRCLE('',#1614,0.00175);
#46=CIRCLE('',#1615,0.00175);
#47=CIRCLE('',#1620,0.00215);
#48=CIRCLE('',#1626,0.003);
#49=CIRCLE('',#1627,0.003);
#50=B_SPLINE_CURVE_WITH_KNOTS('',3,(#2012,#2013,#2014,#2015),
 .UNSPECIFIED.,.F.,.F.,(4,4),(0.,1.),.UNSPECIFIED.);
#51=B_SPLINE_CURVE_WITH_KNOTS('',3,(#2017,#2018,#2019,#2020),
 .UNSPECIFIED.,.F.,.F.,(4,4),(0.,1.),.UNSPECIFIED.);
#52=B_SPLINE_CURVE_WITH_KNOTS('',3,(#2037,#2038,#2039,#2040),
 .UNSPECIFIED.,.F.,.F.,(4,4),(4.16333634234434E-17,0.00106301458127335),
 .UNSPECIFIED.);
#53=B_SPLINE_CURVE_WITH_KNOTS('',3,(#2177,#2178,#2179,#2180,#2181,#2182,
#2183),.UNSPECIFIED.,.F.,.F.,(4,1,1,1,4),(3.20035795599669E-15,0.00203528842722104,
0.00407057685443888,0.00610586528165673,0.00814115370887457),
 .UNSPECIFIED.);
#54=B_SPLINE_CURVE_WITH_KNOTS('',3,(#2184,#2185,#2186,#2187,#2188,#2189,
#2190),.UNSPECIFIED.,.F.,.F.,(4,1,1,1,4),(0.,0.00195637371497044,0.00391274742994088,
0.00586912114491132,0.00782549485988176),.UNSPECIFIED.);
#55=B_SPLINE_CURVE_WITH_KNOTS('',3,(#2218,#2219,#2220,#2221,#2222),
 .UNSPECIFIED.,.F.,.F.,(4,1,4),(6.97669464902554E-16,0.00394152286591092,
0.00788304573182115),.UNSPECIFIED.);
#56=B_SPLINE_CURVE_WITH_KNOTS('',3,(#2223,#2224,#2225,#2226,#2227),
 .UNSPECIFIED.,.F.,.F.,(4,1,4),(3.92523114670944E-17,0.00386292806155215,
0.00772585612310425),.UNSPECIFIED.);
#57=B_SPLINE_CURVE_WITH_KNOTS('',3,(#2317,#2318,#2319,#2320,#2321,#2322,
#2323),.UNSPECIFIED.,.F.,.F.,(4,1,1,1,4),(0.,0.0019564287046636,0.0039128574093272,
0.00586928611399079,0.00782571481865439),.UNSPECIFIED.);
#58=B_SPLINE_CURVE_WITH_KNOTS('',3,(#2324,#2325,#2326,#2327,#2328,#2329,
#2330),.UNSPECIFIED.,.F.,.F.,(4,1,1,1,4),(3.2453871443831E-15,0.00203528842722106,
0.00407057685443888,0.0061058652816567,0.00814115370887452),
 .UNSPECIFIED.);
#59=B_SPLINE_CURVE_WITH_KNOTS('',3,(#2358,#2359,#2360,#2361,#2362),
 .UNSPECIFIED.,.F.,.F.,(4,1,4),(5.20417042793042E-17,0.00386293553361087,
0.00772587106722169),.UNSPECIFIED.);
#60=B_SPLINE_CURVE_WITH_KNOTS('',3,(#2363,#2364,#2365,#2366,#2367),
 .UNSPECIFIED.,.F.,.F.,(4,1,4),(7.43538988620307E-16,0.00394152147472713,
0.00788304294945351),.UNSPECIFIED.);
#61=B_SPLINE_CURVE_WITH_KNOTS('',3,(#2440,#2441,#2442,#2443),
 .UNSPECIFIED.,.F.,.F.,(4,4),(0.500062965681227,0.5000726),
 .UNSPECIFIED.);
#62=B_SPLINE_CURVE_WITH_KNOTS('',3,(#2451,#2452,#2453,#2454),
 .UNSPECIFIED.,.F.,.F.,(4,4),(0.,1.),.UNSPECIFIED.);
#63=B_SPLINE_CURVE_WITH_KNOTS('',3,(#2471,#2472,#2473,#2474,#2475,#2476,
#2477),.UNSPECIFIED.,.F.,.F.,(4,1,1,1,4),(3.93542963207742E-15,0.00157168037716107,
0.0031433607543182,0.00471504113147534,0.00628672150863247),
 .UNSPECIFIED.);
#64=B_SPLINE_CURVE_WITH_KNOTS('',3,(#2479,#2480,#2481,#2482,#2483,#2484,
#2485),.UNSPECIFIED.,.F.,.F.,(4,1,1,1,4),(3.7018478719226E-15,0.00200100413354163,
0.00400200826707956,0.00600301240061749,0.00800401653415542),
 .UNSPECIFIED.);
#65=B_SPLINE_CURVE_WITH_KNOTS('',3,(#2497,#2498,#2499,#2500,#2501,#2502,
#2503),.UNSPECIFIED.,.F.,.F.,(4,1,1,1,4),(1.65300156534815E-10,0.00201717454277893,
0.00403434892025771,0.00605152329773648,0.00806869767521526),
 .UNSPECIFIED.);
#66=B_SPLINE_CURVE_WITH_KNOTS('',3,(#2505,#2506,#2507,#2508),
 .UNSPECIFIED.,.F.,.F.,(4,4),(0.,1.),.UNSPECIFIED.);
#67=B_SPLINE_CURVE_WITH_KNOTS('',3,(#2509,#2510,#2511,#2512),
 .UNSPECIFIED.,.F.,.F.,(4,4),(0.,1.),.UNSPECIFIED.);
#68=B_SPLINE_CURVE_WITH_KNOTS('',3,(#2523,#2524,#2525,#2526,#2527,#2528,
#2529),.UNSPECIFIED.,.F.,.F.,(4,1,1,1,4),(3.68582653345394E-15,0.00201686174213857,
0.00403372348427346,0.00605058522640835,0.00806744696854324),
 .UNSPECIFIED.);
#69=B_SPLINE_CURVE_WITH_KNOTS('',3,(#2543,#2544,#2545,#2546,#2547),
 .UNSPECIFIED.,.F.,.F.,(4,1,4),(0.,0.5,1.),.UNSPECIFIED.);
#70=B_SPLINE_CURVE_WITH_KNOTS('',3,(#2548,#2549,#2550,#2551,#2552,#2553,
#2554),.UNSPECIFIED.,.F.,.F.,(4,1,1,1,4),(0.,0.00201686987574459,0.00403373975148918,
0.00605060962723377,0.00806747950297836),.UNSPECIFIED.);
#71=B_SPLINE_CURVE_WITH_KNOTS('',3,(#2568,#2569,#2570,#2571,#2572),
 .UNSPECIFIED.,.F.,.F.,(4,1,4),(0.,0.5,1.),.UNSPECIFIED.);
#72=B_SPLINE_CURVE_WITH_KNOTS('',3,(#2573,#2574,#2575,#2576,#2577,#2578,
#2579),.UNSPECIFIED.,.F.,.F.,(4,1,1,1,4),(0.,0.00201700492774091,0.00403400985548182,
0.00605101478322272,0.00806801971096363),.UNSPECIFIED.);
#73=B_SPLINE_CURVE_WITH_KNOTS('',3,(#2583,#2584,#2585,#2586,#2587,#2588,
#2589),.UNSPECIFIED.,.F.,.F.,(4,1,1,1,4),(0.,0.00164050828113897,0.00328101656227795,
0.00492152484341692,0.00656203312455589),.UNSPECIFIED.);
#74=B_SPLINE_CURVE_WITH_KNOTS('',3,(#2594,#2595,#2596,#2597,#2598,#2599,
#2600),.UNSPECIFIED.,.F.,.F.,(4,1,1,1,4),(0.,0.00164050940834657,0.00328101881669315,
0.00492152822503972,0.00656203763338629),.UNSPECIFIED.);
#75=B_SPLINE_CURVE_WITH_KNOTS('',3,(#2602,#2603,#2604,#2605,#2606,#2607,
#2608),.UNSPECIFIED.,.F.,.F.,(4,1,1,1,4),(3.46944695195361E-18,0.00164050828109121,
0.00328101656218241,0.00492152484327362,0.00656203312436482),
 .UNSPECIFIED.);
#76=B_SPLINE_CURVE_WITH_KNOTS('',3,(#2612,#2613,#2614,#2615,#2616,#2617,
#2618),.UNSPECIFIED.,.F.,.F.,(4,1,1,1,4),(0.,0.00164050940835703,0.00328101881671406,
0.0049215282250711,0.00656203763342813),.UNSPECIFIED.);
#77=B_SPLINE_CURVE_WITH_KNOTS('',3,(#2876,#2877,#2878,#2879),
 .UNSPECIFIED.,.F.,.F.,(4,4),(0.,1.),.UNSPECIFIED.);
#78=B_SPLINE_CURVE_WITH_KNOTS('',3,(#2880,#2881,#2882,#2883),
 .UNSPECIFIED.,.F.,.F.,(4,4),(0.,1.),.UNSPECIFIED.);
#79=B_SPLINE_CURVE_WITH_KNOTS('',3,(#2914,#2915,#2916,#2917),
 .UNSPECIFIED.,.F.,.F.,(4,4),(0.,1.),.UNSPECIFIED.);
#80=ORIENTED_EDGE('',*,*,#512,.T.);
#81=ORIENTED_EDGE('',*,*,#513,.T.);
#82=ORIENTED_EDGE('',*,*,#514,.T.);
#83=ORIENTED_EDGE('',*,*,#515,.T.);
#84=ORIENTED_EDGE('',*,*,#516,.T.);
#85=ORIENTED_EDGE('',*,*,#517,.T.);
#86=ORIENTED_EDGE('',*,*,#518,.T.);
#87=ORIENTED_EDGE('',*,*,#519,.T.);
#88=ORIENTED_EDGE('',*,*,#520,.F.);
#89=ORIENTED_EDGE('',*,*,#521,.T.);
#90=ORIENTED_EDGE('',*,*,#522,.T.);
#91=ORIENTED_EDGE('',*,*,#523,.F.);
#92=ORIENTED_EDGE('',*,*,#524,.T.);
#93=ORIENTED_EDGE('',*,*,#525,.F.);
#94=ORIENTED_EDGE('',*,*,#526,.T.);
#95=ORIENTED_EDGE('',*,*,#527,.F.);
#96=ORIENTED_EDGE('',*,*,#528,.F.);
#97=ORIENTED_EDGE('',*,*,#529,.T.);
#98=ORIENTED_EDGE('',*,*,#530,.F.);
#99=ORIENTED_EDGE('',*,*,#531,.F.);
#100=ORIENTED_EDGE('',*,*,#532,.F.);
#101=ORIENTED_EDGE('',*,*,#533,.T.);
#102=ORIENTED_EDGE('',*,*,#534,.F.);
#103=ORIENTED_EDGE('',*,*,#529,.F.);
#104=ORIENTED_EDGE('',*,*,#535,.F.);
#105=ORIENTED_EDGE('',*,*,#536,.F.);
#106=ORIENTED_EDGE('',*,*,#537,.T.);
#107=ORIENTED_EDGE('',*,*,#538,.T.);
#108=ORIENTED_EDGE('',*,*,#539,.F.);
#109=ORIENTED_EDGE('',*,*,#540,.F.);
#110=ORIENTED_EDGE('',*,*,#541,.F.);
#111=ORIENTED_EDGE('',*,*,#538,.F.);
#112=ORIENTED_EDGE('',*,*,#542,.F.);
#113=ORIENTED_EDGE('',*,*,#543,.T.);
#114=ORIENTED_EDGE('',*,*,#544,.F.);
#115=ORIENTED_EDGE('',*,*,#545,.F.);
#116=ORIENTED_EDGE('',*,*,#546,.F.);
#117=ORIENTED_EDGE('',*,*,#547,.T.);
#118=ORIENTED_EDGE('',*,*,#548,.F.);
#119=ORIENTED_EDGE('',*,*,#549,.F.);
#120=ORIENTED_EDGE('',*,*,#550,.F.);
#121=ORIENTED_EDGE('',*,*,#551,.T.);
#122=ORIENTED_EDGE('',*,*,#552,.F.);
#123=ORIENTED_EDGE('',*,*,#549,.T.);
#124=ORIENTED_EDGE('',*,*,#553,.F.);
#125=ORIENTED_EDGE('',*,*,#554,.F.);
#126=ORIENTED_EDGE('',*,*,#555,.F.);
#127=ORIENTED_EDGE('',*,*,#547,.F.);
#128=ORIENTED_EDGE('',*,*,#556,.F.);
#129=ORIENTED_EDGE('',*,*,#557,.T.);
#130=ORIENTED_EDGE('',*,*,#558,.F.);
#131=ORIENTED_EDGE('',*,*,#551,.F.);
#132=ORIENTED_EDGE('',*,*,#559,.F.);
#133=ORIENTED_EDGE('',*,*,#560,.F.);
#134=ORIENTED_EDGE('',*,*,#561,.F.);
#135=ORIENTED_EDGE('',*,*,#554,.T.);
#136=ORIENTED_EDGE('',*,*,#562,.F.);
#137=ORIENTED_EDGE('',*,*,#563,.F.);
#138=ORIENTED_EDGE('',*,*,#564,.F.);
#139=ORIENTED_EDGE('',*,*,#557,.F.);
#140=ORIENTED_EDGE('',*,*,#565,.F.);
#141=ORIENTED_EDGE('',*,*,#566,.F.);
#142=ORIENTED_EDGE('',*,*,#567,.T.);
#143=ORIENTED_EDGE('',*,*,#560,.T.);
#144=ORIENTED_EDGE('',*,*,#568,.F.);
#145=ORIENTED_EDGE('',*,*,#563,.T.);
#146=ORIENTED_EDGE('',*,*,#569,.F.);
#147=ORIENTED_EDGE('',*,*,#566,.T.);
#148=ORIENTED_EDGE('',*,*,#570,.F.);
#149=ORIENTED_EDGE('',*,*,#571,.F.);
#150=ORIENTED_EDGE('',*,*,#572,.F.);
#151=ORIENTED_EDGE('',*,*,#573,.T.);
#152=ORIENTED_EDGE('',*,*,#574,.F.);
#153=ORIENTED_EDGE('',*,*,#575,.F.);
#154=ORIENTED_EDGE('',*,*,#576,.F.);
#155=ORIENTED_EDGE('',*,*,#573,.F.);
#156=ORIENTED_EDGE('',*,*,#577,.F.);
#157=ORIENTED_EDGE('',*,*,#578,.T.);
#158=ORIENTED_EDGE('',*,*,#579,.F.);
#159=ORIENTED_EDGE('',*,*,#575,.T.);
#160=ORIENTED_EDGE('',*,*,#580,.F.);
#161=ORIENTED_EDGE('',*,*,#581,.F.);
#162=ORIENTED_EDGE('',*,*,#582,.F.);
#163=ORIENTED_EDGE('',*,*,#578,.F.);
#164=ORIENTED_EDGE('',*,*,#583,.F.);
#165=ORIENTED_EDGE('',*,*,#584,.F.);
#166=ORIENTED_EDGE('',*,*,#585,.F.);
#167=ORIENTED_EDGE('',*,*,#581,.T.);
#168=ORIENTED_EDGE('',*,*,#586,.F.);
#169=ORIENTED_EDGE('',*,*,#587,.T.);
#170=ORIENTED_EDGE('',*,*,#588,.F.);
#171=ORIENTED_EDGE('',*,*,#589,.T.);
#172=ORIENTED_EDGE('',*,*,#590,.F.);
#173=ORIENTED_EDGE('',*,*,#591,.T.);
#174=ORIENTED_EDGE('',*,*,#592,.T.);
#175=ORIENTED_EDGE('',*,*,#593,.F.);
#176=ORIENTED_EDGE('',*,*,#594,.F.);
#177=ORIENTED_EDGE('',*,*,#595,.F.);
#178=ORIENTED_EDGE('',*,*,#596,.F.);
#179=ORIENTED_EDGE('',*,*,#597,.F.);
#180=ORIENTED_EDGE('',*,*,#598,.F.);
#181=ORIENTED_EDGE('',*,*,#599,.T.);
#182=ORIENTED_EDGE('',*,*,#600,.F.);
#183=ORIENTED_EDGE('',*,*,#601,.F.);
#184=ORIENTED_EDGE('',*,*,#602,.T.);
#185=ORIENTED_EDGE('',*,*,#603,.F.);
#186=ORIENTED_EDGE('',*,*,#604,.F.);
#187=ORIENTED_EDGE('',*,*,#605,.T.);
#188=ORIENTED_EDGE('',*,*,#606,.F.);
#189=ORIENTED_EDGE('',*,*,#607,.T.);
#190=ORIENTED_EDGE('',*,*,#608,.F.);
#191=ORIENTED_EDGE('',*,*,#605,.F.);
#192=ORIENTED_EDGE('',*,*,#609,.F.);
#193=ORIENTED_EDGE('',*,*,#610,.F.);
#194=ORIENTED_EDGE('',*,*,#611,.F.);
#195=ORIENTED_EDGE('',*,*,#607,.F.);
#196=ORIENTED_EDGE('',*,*,#612,.F.);
#197=ORIENTED_EDGE('',*,*,#613,.T.);
#198=ORIENTED_EDGE('',*,*,#614,.F.);
#199=ORIENTED_EDGE('',*,*,#610,.T.);
#200=ORIENTED_EDGE('',*,*,#615,.F.);
#201=ORIENTED_EDGE('',*,*,#616,.F.);
#202=ORIENTED_EDGE('',*,*,#617,.F.);
#203=ORIENTED_EDGE('',*,*,#613,.F.);
#204=ORIENTED_EDGE('',*,*,#618,.F.);
#205=ORIENTED_EDGE('',*,*,#619,.F.);
#206=ORIENTED_EDGE('',*,*,#620,.F.);
#207=ORIENTED_EDGE('',*,*,#616,.T.);
#208=ORIENTED_EDGE('',*,*,#621,.F.);
#209=ORIENTED_EDGE('',*,*,#622,.F.);
#210=ORIENTED_EDGE('',*,*,#623,.F.);
#211=ORIENTED_EDGE('',*,*,#619,.T.);
#212=ORIENTED_EDGE('',*,*,#624,.F.);
#213=ORIENTED_EDGE('',*,*,#625,.F.);
#214=ORIENTED_EDGE('',*,*,#626,.T.);
#215=ORIENTED_EDGE('',*,*,#627,.F.);
#216=ORIENTED_EDGE('',*,*,#628,.F.);
#217=ORIENTED_EDGE('',*,*,#629,.F.);
#218=ORIENTED_EDGE('',*,*,#630,.F.);
#219=ORIENTED_EDGE('',*,*,#604,.T.);
#220=ORIENTED_EDGE('',*,*,#631,.F.);
#221=ORIENTED_EDGE('',*,*,#524,.F.);
#222=ORIENTED_EDGE('',*,*,#632,.F.);
#223=ORIENTED_EDGE('',*,*,#589,.F.);
#224=ORIENTED_EDGE('',*,*,#633,.T.);
#225=ORIENTED_EDGE('',*,*,#634,.T.);
#226=ORIENTED_EDGE('',*,*,#520,.T.);
#227=ORIENTED_EDGE('',*,*,#631,.T.);
#228=ORIENTED_EDGE('',*,*,#603,.T.);
#229=ORIENTED_EDGE('',*,*,#635,.T.);
#230=ORIENTED_EDGE('',*,*,#636,.F.);
#231=ORIENTED_EDGE('',*,*,#628,.T.);
#232=ORIENTED_EDGE('',*,*,#637,.T.);
#233=ORIENTED_EDGE('',*,*,#545,.T.);
#234=ORIENTED_EDGE('',*,*,#638,.F.);
#235=ORIENTED_EDGE('',*,*,#639,.T.);
#236=ORIENTED_EDGE('',*,*,#640,.F.);
#237=ORIENTED_EDGE('',*,*,#531,.T.);
#238=ORIENTED_EDGE('',*,*,#597,.T.);
#239=ORIENTED_EDGE('',*,*,#641,.F.);
#240=ORIENTED_EDGE('',*,*,#642,.F.);
#241=ORIENTED_EDGE('',*,*,#571,.T.);
#242=ORIENTED_EDGE('',*,*,#643,.F.);
#243=ORIENTED_EDGE('',*,*,#644,.F.);
#244=ORIENTED_EDGE('',*,*,#598,.T.);
#245=ORIENTED_EDGE('',*,*,#530,.T.);
#246=ORIENTED_EDGE('',*,*,#534,.T.);
#247=ORIENTED_EDGE('',*,*,#645,.T.);
#248=ORIENTED_EDGE('',*,*,#646,.F.);
#249=ORIENTED_EDGE('',*,*,#535,.T.);
#250=ORIENTED_EDGE('',*,*,#647,.T.);
#251=ORIENTED_EDGE('',*,*,#587,.F.);
#252=ORIENTED_EDGE('',*,*,#648,.F.);
#253=ORIENTED_EDGE('',*,*,#649,.T.);
#254=ORIENTED_EDGE('',*,*,#612,.T.);
#255=ORIENTED_EDGE('',*,*,#650,.F.);
#256=ORIENTED_EDGE('',*,*,#576,.T.);
#257=ORIENTED_EDGE('',*,*,#651,.T.);
#258=ORIENTED_EDGE('',*,*,#652,.T.);
#259=ORIENTED_EDGE('',*,*,#653,.T.);
#260=ORIENTED_EDGE('',*,*,#654,.T.);
#261=ORIENTED_EDGE('',*,*,#655,.F.);
#262=ORIENTED_EDGE('',*,*,#626,.F.);
#263=ORIENTED_EDGE('',*,*,#656,.F.);
#264=ORIENTED_EDGE('',*,*,#657,.T.);
#265=ORIENTED_EDGE('',*,*,#658,.T.);
#266=ORIENTED_EDGE('',*,*,#659,.T.);
#267=ORIENTED_EDGE('',*,*,#528,.T.);
#268=ORIENTED_EDGE('',*,*,#660,.T.);
#269=ORIENTED_EDGE('',*,*,#639,.F.);
#270=ORIENTED_EDGE('',*,*,#661,.F.);
#271=ORIENTED_EDGE('',*,*,#662,.T.);
#272=ORIENTED_EDGE('',*,*,#663,.T.);
#273=ORIENTED_EDGE('',*,*,#586,.T.);
#274=ORIENTED_EDGE('',*,*,#583,.T.);
#275=ORIENTED_EDGE('',*,*,#580,.T.);
#276=ORIENTED_EDGE('',*,*,#577,.T.);
#277=ORIENTED_EDGE('',*,*,#572,.T.);
#278=ORIENTED_EDGE('',*,*,#642,.T.);
#279=ORIENTED_EDGE('',*,*,#664,.F.);
#280=ORIENTED_EDGE('',*,*,#629,.T.);
#281=ORIENTED_EDGE('',*,*,#636,.T.);
#282=ORIENTED_EDGE('',*,*,#665,.F.);
#283=ORIENTED_EDGE('',*,*,#622,.T.);
#284=ORIENTED_EDGE('',*,*,#666,.T.);
#285=ORIENTED_EDGE('',*,*,#667,.T.);
#286=ORIENTED_EDGE('',*,*,#668,.T.);
#287=ORIENTED_EDGE('',*,*,#656,.T.);
#288=ORIENTED_EDGE('',*,*,#669,.F.);
#289=ORIENTED_EDGE('',*,*,#670,.T.);
#290=ORIENTED_EDGE('',*,*,#671,.T.);
#291=ORIENTED_EDGE('',*,*,#667,.F.);
#292=ORIENTED_EDGE('',*,*,#672,.F.);
#293=ORIENTED_EDGE('',*,*,#671,.F.);
#294=ORIENTED_EDGE('',*,*,#673,.T.);
#295=ORIENTED_EDGE('',*,*,#657,.F.);
#296=ORIENTED_EDGE('',*,*,#668,.F.);
#297=ORIENTED_EDGE('',*,*,#674,.F.);
#298=ORIENTED_EDGE('',*,*,#675,.T.);
#299=ORIENTED_EDGE('',*,*,#653,.F.);
#300=ORIENTED_EDGE('',*,*,#676,.T.);
#301=ORIENTED_EDGE('',*,*,#677,.F.);
#302=ORIENTED_EDGE('',*,*,#678,.T.);
#303=ORIENTED_EDGE('',*,*,#674,.T.);
#304=ORIENTED_EDGE('',*,*,#679,.T.);
#305=ORIENTED_EDGE('',*,*,#680,.F.);
#306=ORIENTED_EDGE('',*,*,#681,.T.);
#307=ORIENTED_EDGE('',*,*,#682,.F.);
#308=ORIENTED_EDGE('',*,*,#683,.T.);
#309=ORIENTED_EDGE('',*,*,#684,.T.);
#310=ORIENTED_EDGE('',*,*,#685,.T.);
#311=ORIENTED_EDGE('',*,*,#686,.T.);
#312=ORIENTED_EDGE('',*,*,#687,.T.);
#313=ORIENTED_EDGE('',*,*,#599,.F.);
#314=ORIENTED_EDGE('',*,*,#644,.T.);
#315=ORIENTED_EDGE('',*,*,#688,.F.);
#316=ORIENTED_EDGE('',*,*,#542,.T.);
#317=ORIENTED_EDGE('',*,*,#689,.F.);
#318=ORIENTED_EDGE('',*,*,#525,.T.);
#319=ORIENTED_EDGE('',*,*,#659,.F.);
#320=ORIENTED_EDGE('',*,*,#641,.T.);
#321=ORIENTED_EDGE('',*,*,#600,.T.);
#322=ORIENTED_EDGE('',*,*,#687,.F.);
#323=ORIENTED_EDGE('',*,*,#664,.T.);
#324=ORIENTED_EDGE('',*,*,#690,.F.);
#325=ORIENTED_EDGE('',*,*,#621,.T.);
#326=ORIENTED_EDGE('',*,*,#691,.T.);
#327=ORIENTED_EDGE('',*,*,#585,.T.);
#328=ORIENTED_EDGE('',*,*,#692,.T.);
#329=ORIENTED_EDGE('',*,*,#615,.T.);
#330=ORIENTED_EDGE('',*,*,#649,.F.);
#331=ORIENTED_EDGE('',*,*,#579,.T.);
#332=ORIENTED_EDGE('',*,*,#691,.F.);
#333=ORIENTED_EDGE('',*,*,#618,.T.);
#334=ORIENTED_EDGE('',*,*,#692,.F.);
#335=ORIENTED_EDGE('',*,*,#582,.T.);
#336=ORIENTED_EDGE('',*,*,#693,.T.);
#337=ORIENTED_EDGE('',*,*,#694,.F.);
#338=ORIENTED_EDGE('',*,*,#652,.F.);
#339=ORIENTED_EDGE('',*,*,#694,.T.);
#340=ORIENTED_EDGE('',*,*,#672,.T.);
#341=ORIENTED_EDGE('',*,*,#666,.F.);
#342=ORIENTED_EDGE('',*,*,#625,.T.);
#343=ORIENTED_EDGE('',*,*,#695,.F.);
#344=ORIENTED_EDGE('',*,*,#696,.T.);
#345=ORIENTED_EDGE('',*,*,#658,.F.);
#346=ORIENTED_EDGE('',*,*,#697,.T.);
#347=ORIENTED_EDGE('',*,*,#685,.F.);
#348=ORIENTED_EDGE('',*,*,#697,.F.);
#349=ORIENTED_EDGE('',*,*,#673,.F.);
#350=ORIENTED_EDGE('',*,*,#698,.T.);
#351=ORIENTED_EDGE('',*,*,#686,.F.);
#352=ORIENTED_EDGE('',*,*,#696,.F.);
#353=ORIENTED_EDGE('',*,*,#684,.F.);
#354=ORIENTED_EDGE('',*,*,#699,.T.);
#355=ORIENTED_EDGE('',*,*,#676,.F.);
#356=ORIENTED_EDGE('',*,*,#698,.F.);
#357=ORIENTED_EDGE('',*,*,#670,.F.);
#358=ORIENTED_EDGE('',*,*,#700,.F.);
#359=ORIENTED_EDGE('',*,*,#681,.F.);
#360=ORIENTED_EDGE('',*,*,#699,.F.);
#361=ORIENTED_EDGE('',*,*,#683,.F.);
#362=ORIENTED_EDGE('',*,*,#701,.F.);
#363=ORIENTED_EDGE('',*,*,#679,.F.);
#364=ORIENTED_EDGE('',*,*,#700,.T.);
#365=ORIENTED_EDGE('',*,*,#702,.T.);
#366=ORIENTED_EDGE('',*,*,#701,.T.);
#367=ORIENTED_EDGE('',*,*,#682,.T.);
#368=ORIENTED_EDGE('',*,*,#651,.F.);
#369=ORIENTED_EDGE('',*,*,#680,.T.);
#370=ORIENTED_EDGE('',*,*,#703,.T.);
#371=ORIENTED_EDGE('',*,*,#536,.T.);
#372=ORIENTED_EDGE('',*,*,#704,.F.);
#373=ORIENTED_EDGE('',*,*,#640,.T.);
#374=ORIENTED_EDGE('',*,*,#660,.F.);
#375=ORIENTED_EDGE('',*,*,#527,.T.);
#376=ORIENTED_EDGE('',*,*,#703,.F.);
#377=ORIENTED_EDGE('',*,*,#526,.F.);
#378=ORIENTED_EDGE('',*,*,#689,.T.);
#379=ORIENTED_EDGE('',*,*,#537,.F.);
#380=ORIENTED_EDGE('',*,*,#602,.F.);
#381=ORIENTED_EDGE('',*,*,#655,.T.);
#382=ORIENTED_EDGE('',*,*,#705,.T.);
#383=ORIENTED_EDGE('',*,*,#633,.F.);
#384=ORIENTED_EDGE('',*,*,#627,.T.);
#385=ORIENTED_EDGE('',*,*,#645,.F.);
#386=ORIENTED_EDGE('',*,*,#533,.F.);
#387=ORIENTED_EDGE('',*,*,#646,.T.);
#388=ORIENTED_EDGE('',*,*,#706,.T.);
#389=ORIENTED_EDGE('',*,*,#540,.T.);
#390=ORIENTED_EDGE('',*,*,#688,.T.);
#391=ORIENTED_EDGE('',*,*,#523,.T.);
#392=ORIENTED_EDGE('',*,*,#707,.T.);
#393=ORIENTED_EDGE('',*,*,#596,.T.);
#394=ORIENTED_EDGE('',*,*,#708,.T.);
#395=ORIENTED_EDGE('',*,*,#709,.F.);
#396=ORIENTED_EDGE('',*,*,#710,.F.);
#397=ORIENTED_EDGE('',*,*,#711,.T.);
#398=ORIENTED_EDGE('',*,*,#546,.T.);
#399=ORIENTED_EDGE('',*,*,#637,.F.);
#400=ORIENTED_EDGE('',*,*,#704,.T.);
#401=ORIENTED_EDGE('',*,*,#539,.T.);
#402=ORIENTED_EDGE('',*,*,#541,.T.);
#403=ORIENTED_EDGE('',*,*,#706,.F.);
#404=ORIENTED_EDGE('',*,*,#648,.T.);
#405=ORIENTED_EDGE('',*,*,#590,.T.);
#406=ORIENTED_EDGE('',*,*,#632,.T.);
#407=ORIENTED_EDGE('',*,*,#650,.T.);
#408=ORIENTED_EDGE('',*,*,#609,.T.);
#409=ORIENTED_EDGE('',*,*,#630,.T.);
#410=ORIENTED_EDGE('',*,*,#588,.T.);
#411=ORIENTED_EDGE('',*,*,#647,.F.);
#412=ORIENTED_EDGE('',*,*,#532,.T.);
#413=ORIENTED_EDGE('',*,*,#643,.T.);
#414=ORIENTED_EDGE('',*,*,#574,.T.);
#415=ORIENTED_EDGE('',*,*,#712,.T.);
#416=ORIENTED_EDGE('',*,*,#559,.T.);
#417=ORIENTED_EDGE('',*,*,#713,.T.);
#418=ORIENTED_EDGE('',*,*,#661,.T.);
#419=ORIENTED_EDGE('',*,*,#638,.T.);
#420=ORIENTED_EDGE('',*,*,#544,.T.);
#421=ORIENTED_EDGE('',*,*,#556,.T.);
#422=ORIENTED_EDGE('',*,*,#550,.T.);
#423=ORIENTED_EDGE('',*,*,#552,.T.);
#424=ORIENTED_EDGE('',*,*,#558,.T.);
#425=ORIENTED_EDGE('',*,*,#564,.T.);
#426=ORIENTED_EDGE('',*,*,#570,.T.);
#427=ORIENTED_EDGE('',*,*,#568,.T.);
#428=ORIENTED_EDGE('',*,*,#562,.T.);
#429=ORIENTED_EDGE('',*,*,#714,.F.);
#430=ORIENTED_EDGE('',*,*,#565,.T.);
#431=ORIENTED_EDGE('',*,*,#712,.F.);
#432=ORIENTED_EDGE('',*,*,#543,.F.);
#433=ORIENTED_EDGE('',*,*,#711,.F.);
#434=ORIENTED_EDGE('',*,*,#715,.T.);
#435=ORIENTED_EDGE('',*,*,#569,.T.);
#436=ORIENTED_EDGE('',*,*,#714,.T.);
#437=ORIENTED_EDGE('',*,*,#710,.T.);
#438=ORIENTED_EDGE('',*,*,#716,.F.);
#439=ORIENTED_EDGE('',*,*,#567,.F.);
#440=ORIENTED_EDGE('',*,*,#715,.F.);
#441=ORIENTED_EDGE('',*,*,#709,.T.);
#442=ORIENTED_EDGE('',*,*,#717,.T.);
#443=ORIENTED_EDGE('',*,*,#561,.T.);
#444=ORIENTED_EDGE('',*,*,#716,.T.);
#445=ORIENTED_EDGE('',*,*,#708,.F.);
#446=ORIENTED_EDGE('',*,*,#595,.T.);
#447=ORIENTED_EDGE('',*,*,#718,.F.);
#448=ORIENTED_EDGE('',*,*,#555,.T.);
#449=ORIENTED_EDGE('',*,*,#717,.F.);
#450=ORIENTED_EDGE('',*,*,#594,.T.);
#451=ORIENTED_EDGE('',*,*,#593,.T.);
#452=ORIENTED_EDGE('',*,*,#719,.T.);
#453=ORIENTED_EDGE('',*,*,#677,.T.);
#454=ORIENTED_EDGE('',*,*,#702,.F.);
#455=ORIENTED_EDGE('',*,*,#669,.T.);
#456=ORIENTED_EDGE('',*,*,#695,.T.);
#457=ORIENTED_EDGE('',*,*,#624,.T.);
#458=ORIENTED_EDGE('',*,*,#690,.T.);
#459=ORIENTED_EDGE('',*,*,#584,.T.);
#460=ORIENTED_EDGE('',*,*,#663,.F.);
#461=ORIENTED_EDGE('',*,*,#720,.T.);
#462=ORIENTED_EDGE('',*,*,#548,.T.);
#463=ORIENTED_EDGE('',*,*,#718,.T.);
#464=ORIENTED_EDGE('',*,*,#713,.F.);
#465=ORIENTED_EDGE('',*,*,#553,.T.);
#466=ORIENTED_EDGE('',*,*,#720,.F.);
#467=ORIENTED_EDGE('',*,*,#662,.F.);
#468=ORIENTED_EDGE('',*,*,#635,.F.);
#469=ORIENTED_EDGE('',*,*,#606,.T.);
#470=ORIENTED_EDGE('',*,*,#608,.T.);
#471=ORIENTED_EDGE('',*,*,#611,.T.);
#472=ORIENTED_EDGE('',*,*,#614,.T.);
#473=ORIENTED_EDGE('',*,*,#617,.T.);
#474=ORIENTED_EDGE('',*,*,#620,.T.);
#475=ORIENTED_EDGE('',*,*,#623,.T.);
#476=ORIENTED_EDGE('',*,*,#665,.T.);
#477=ORIENTED_EDGE('',*,*,#601,.T.);
#478=ORIENTED_EDGE('',*,*,#721,.F.);
#479=ORIENTED_EDGE('',*,*,#517,.F.);
#480=ORIENTED_EDGE('',*,*,#722,.F.);
#481=ORIENTED_EDGE('',*,*,#678,.F.);
#482=ORIENTED_EDGE('',*,*,#722,.T.);
#483=ORIENTED_EDGE('',*,*,#516,.F.);
#484=ORIENTED_EDGE('',*,*,#723,.F.);
#485=ORIENTED_EDGE('',*,*,#675,.F.);
#486=ORIENTED_EDGE('',*,*,#719,.F.);
#487=ORIENTED_EDGE('',*,*,#592,.F.);
#488=ORIENTED_EDGE('',*,*,#724,.F.);
#489=ORIENTED_EDGE('',*,*,#518,.F.);
#490=ORIENTED_EDGE('',*,*,#721,.T.);
#491=ORIENTED_EDGE('',*,*,#723,.T.);
#492=ORIENTED_EDGE('',*,*,#515,.F.);
#493=ORIENTED_EDGE('',*,*,#725,.F.);
#494=ORIENTED_EDGE('',*,*,#654,.F.);
#495=ORIENTED_EDGE('',*,*,#707,.F.);
#496=ORIENTED_EDGE('',*,*,#522,.F.);
#497=ORIENTED_EDGE('',*,*,#726,.F.);
#498=ORIENTED_EDGE('',*,*,#512,.F.);
#499=ORIENTED_EDGE('',*,*,#724,.T.);
#500=ORIENTED_EDGE('',*,*,#591,.F.);
#501=ORIENTED_EDGE('',*,*,#725,.T.);
#502=ORIENTED_EDGE('',*,*,#514,.F.);
#503=ORIENTED_EDGE('',*,*,#727,.F.);
#504=ORIENTED_EDGE('',*,*,#705,.F.);
#505=ORIENTED_EDGE('',*,*,#521,.F.);
#506=ORIENTED_EDGE('',*,*,#634,.F.);
#507=ORIENTED_EDGE('',*,*,#727,.T.);
#508=ORIENTED_EDGE('',*,*,#513,.F.);
#509=ORIENTED_EDGE('',*,*,#726,.T.);
#510=ORIENTED_EDGE('',*,*,#693,.F.);
#511=ORIENTED_EDGE('',*,*,#519,.F.);
#512=EDGE_CURVE('',#728,#729,#864,.T.);
#513=EDGE_CURVE('',#729,#730,#865,.T.);
#514=EDGE_CURVE('',#730,#731,#866,.T.);
#515=EDGE_CURVE('',#731,#732,#867,.T.);
#516=EDGE_CURVE('',#732,#733,#50,.T.);
#517=EDGE_CURVE('',#733,#734,#51,.T.);
#518=EDGE_CURVE('',#734,#728,#868,.T.);
#519=EDGE_CURVE('',#735,#735,#36,.T.);
#520=EDGE_CURVE('',#736,#737,#869,.T.);
#521=EDGE_CURVE('',#736,#738,#870,.F.);
#522=EDGE_CURVE('',#738,#739,#871,.F.);
#523=EDGE_CURVE('',#740,#739,#872,.T.);
#524=EDGE_CURVE('',#740,#737,#873,.T.);
#525=EDGE_CURVE('',#741,#742,#52,.T.);
#526=EDGE_CURVE('',#741,#743,#37,.T.);
#527=EDGE_CURVE('',#744,#743,#38,.T.);
#528=EDGE_CURVE('',#742,#744,#39,.T.);
#529=EDGE_CURVE('',#745,#746,#874,.T.);
#530=EDGE_CURVE('',#747,#746,#875,.T.);
#531=EDGE_CURVE('',#748,#747,#876,.T.);
#532=EDGE_CURVE('',#745,#748,#877,.T.);
#533=EDGE_CURVE('',#749,#750,#878,.T.);
#534=EDGE_CURVE('',#746,#750,#879,.T.);
#535=EDGE_CURVE('',#749,#745,#880,.T.);
#536=EDGE_CURVE('',#751,#752,#40,.T.);
#537=EDGE_CURVE('',#751,#753,#41,.T.);
#538=EDGE_CURVE('',#753,#754,#881,.T.);
#539=EDGE_CURVE('',#752,#754,#42,.T.);
#540=EDGE_CURVE('',#755,#756,#882,.T.);
#541=EDGE_CURVE('',#754,#755,#883,.T.);
#542=EDGE_CURVE('',#756,#753,#884,.T.);
#543=EDGE_CURVE('',#757,#758,#885,.T.);
#544=EDGE_CURVE('',#759,#758,#886,.T.);
#545=EDGE_CURVE('',#760,#759,#887,.T.);
#546=EDGE_CURVE('',#757,#760,#888,.T.);
#547=EDGE_CURVE('',#761,#762,#889,.T.);
#548=EDGE_CURVE('',#763,#762,#890,.T.);
#549=EDGE_CURVE('',#764,#763,#891,.T.);
#550=EDGE_CURVE('',#761,#764,#892,.T.);
#551=EDGE_CURVE('',#765,#766,#893,.T.);
#552=EDGE_CURVE('',#764,#766,#894,.T.);
#553=EDGE_CURVE('',#765,#763,#895,.T.);
#554=EDGE_CURVE('',#767,#768,#896,.T.);
#555=EDGE_CURVE('',#762,#767,#897,.T.);
#556=EDGE_CURVE('',#768,#761,#898,.T.);
#557=EDGE_CURVE('',#769,#770,#899,.T.);
#558=EDGE_CURVE('',#766,#770,#900,.T.);
#559=EDGE_CURVE('',#769,#765,#901,.T.);
#560=EDGE_CURVE('',#771,#772,#902,.T.);
#561=EDGE_CURVE('',#767,#771,#903,.T.);
#562=EDGE_CURVE('',#772,#768,#904,.T.);
#563=EDGE_CURVE('',#773,#774,#905,.T.);
#564=EDGE_CURVE('',#770,#773,#906,.T.);
#565=EDGE_CURVE('',#774,#769,#907,.T.);
#566=EDGE_CURVE('',#775,#776,#908,.T.);
#567=EDGE_CURVE('',#775,#771,#909,.T.);
#568=EDGE_CURVE('',#776,#772,#910,.T.);
#569=EDGE_CURVE('',#775,#774,#911,.T.);
#570=EDGE_CURVE('',#773,#776,#912,.T.);
#571=EDGE_CURVE('',#777,#778,#913,.T.);
#572=EDGE_CURVE('',#779,#777,#914,.T.);
#573=EDGE_CURVE('',#779,#780,#915,.T.);
#574=EDGE_CURVE('',#778,#780,#916,.T.);
#575=EDGE_CURVE('',#781,#782,#917,.T.);
#576=EDGE_CURVE('',#780,#781,#53,.T.);
#577=EDGE_CURVE('',#782,#779,#54,.T.);
#578=EDGE_CURVE('',#783,#784,#918,.T.);
#579=EDGE_CURVE('',#781,#784,#919,.T.);
#580=EDGE_CURVE('',#783,#782,#920,.T.);
#581=EDGE_CURVE('',#785,#786,#921,.T.);
#582=EDGE_CURVE('',#784,#785,#55,.T.);
#583=EDGE_CURVE('',#786,#783,#56,.T.);
#584=EDGE_CURVE('',#787,#788,#922,.T.);
#585=EDGE_CURVE('',#785,#787,#923,.T.);
#586=EDGE_CURVE('',#788,#786,#924,.T.);
#587=EDGE_CURVE('',#789,#790,#925,.T.);
#588=EDGE_CURVE('',#791,#790,#926,.T.);
#589=EDGE_CURVE('',#791,#792,#927,.T.);
#590=EDGE_CURVE('',#789,#792,#928,.T.);
#591=EDGE_CURVE('',#793,#794,#929,.F.);
#592=EDGE_CURVE('',#794,#795,#930,.T.);
#593=EDGE_CURVE('',#796,#795,#931,.T.);
#594=EDGE_CURVE('',#797,#796,#932,.T.);
#595=EDGE_CURVE('',#798,#797,#933,.T.);
#596=EDGE_CURVE('',#793,#798,#934,.T.);
#597=EDGE_CURVE('',#747,#799,#935,.T.);
#598=EDGE_CURVE('',#800,#747,#936,.T.);
#599=EDGE_CURVE('',#800,#801,#937,.T.);
#600=EDGE_CURVE('',#799,#801,#938,.T.);
#601=EDGE_CURVE('',#802,#802,#43,.T.);
#602=EDGE_CURVE('',#803,#803,#44,.T.);
#603=EDGE_CURVE('',#804,#805,#939,.T.);
#604=EDGE_CURVE('',#806,#804,#940,.T.);
#605=EDGE_CURVE('',#806,#807,#941,.T.);
#606=EDGE_CURVE('',#805,#807,#942,.T.);
#607=EDGE_CURVE('',#808,#809,#943,.T.);
#608=EDGE_CURVE('',#807,#809,#944,.T.);
#609=EDGE_CURVE('',#808,#806,#945,.T.);
#610=EDGE_CURVE('',#810,#811,#946,.T.);
#611=EDGE_CURVE('',#809,#810,#57,.T.);
#612=EDGE_CURVE('',#811,#808,#58,.T.);
#613=EDGE_CURVE('',#812,#813,#947,.T.);
#614=EDGE_CURVE('',#810,#813,#948,.T.);
#615=EDGE_CURVE('',#812,#811,#949,.T.);
#616=EDGE_CURVE('',#814,#815,#950,.T.);
#617=EDGE_CURVE('',#813,#814,#59,.T.);
#618=EDGE_CURVE('',#815,#812,#60,.T.);
#619=EDGE_CURVE('',#816,#817,#951,.T.);
#620=EDGE_CURVE('',#814,#816,#952,.T.);
#621=EDGE_CURVE('',#817,#815,#953,.T.);
#622=EDGE_CURVE('',#818,#819,#954,.T.);
#623=EDGE_CURVE('',#816,#818,#955,.T.);
#624=EDGE_CURVE('',#820,#817,#956,.T.);
#625=EDGE_CURVE('',#819,#820,#957,.T.);
#626=EDGE_CURVE('',#821,#822,#958,.T.);
#627=EDGE_CURVE('',#823,#822,#959,.T.);
#628=EDGE_CURVE('',#824,#823,#960,.T.);
#629=EDGE_CURVE('',#821,#824,#961,.T.);
#630=EDGE_CURVE('',#806,#791,#962,.T.);
#631=EDGE_CURVE('',#737,#804,#963,.T.);
#632=EDGE_CURVE('',#792,#740,#964,.T.);
#633=EDGE_CURVE('',#823,#825,#965,.T.);
#634=EDGE_CURVE('',#825,#736,#966,.T.);
#635=EDGE_CURVE('',#805,#826,#967,.T.);
#636=EDGE_CURVE('',#824,#826,#968,.T.);
#637=EDGE_CURVE('',#827,#760,#969,.T.);
#638=EDGE_CURVE('',#828,#759,#970,.T.);
#639=EDGE_CURVE('',#828,#829,#971,.T.);
#640=EDGE_CURVE('',#827,#829,#972,.T.);
#641=EDGE_CURVE('',#830,#799,#973,.T.);
#642=EDGE_CURVE('',#777,#830,#974,.T.);
#643=EDGE_CURVE('',#748,#778,#975,.T.);
#644=EDGE_CURVE('',#800,#831,#976,.T.);
#645=EDGE_CURVE('',#750,#831,#977,.T.);
#646=EDGE_CURVE('',#749,#832,#978,.T.);
#647=EDGE_CURVE('',#745,#790,#979,.T.);
#648=EDGE_CURVE('',#832,#789,#980,.T.);
#649=EDGE_CURVE('',#781,#811,#981,.T.);
#650=EDGE_CURVE('',#780,#808,#982,.T.);
#651=EDGE_CURVE('',#833,#833,#45,.T.);
#652=EDGE_CURVE('',#834,#834,#46,.T.);
#653=EDGE_CURVE('',#835,#836,#61,.T.);
#654=EDGE_CURVE('',#836,#837,#983,.T.);
#655=EDGE_CURVE('',#822,#837,#984,.T.);
#656=EDGE_CURVE('',#838,#821,#985,.T.);
#657=EDGE_CURVE('',#838,#839,#62,.T.);
#658=EDGE_CURVE('',#839,#835,#986,.T.);
#659=EDGE_CURVE('',#840,#742,#987,.T.);
#660=EDGE_CURVE('',#744,#829,#988,.T.);
#661=EDGE_CURVE('',#841,#828,#989,.T.);
#662=EDGE_CURVE('',#841,#842,#990,.T.);
#663=EDGE_CURVE('',#842,#788,#991,.T.);
#664=EDGE_CURVE('',#840,#830,#992,.T.);
#665=EDGE_CURVE('',#818,#826,#993,.T.);
#666=EDGE_CURVE('',#819,#843,#994,.T.);
#667=EDGE_CURVE('',#843,#844,#63,.T.);
#668=EDGE_CURVE('',#844,#838,#64,.T.);
#669=EDGE_CURVE('',#845,#846,#995,.T.);
#670=EDGE_CURVE('',#845,#847,#65,.T.);
#671=EDGE_CURVE('',#847,#844,#66,.T.);
#672=EDGE_CURVE('',#846,#843,#67,.T.);
#673=EDGE_CURVE('',#847,#839,#68,.T.);
#674=EDGE_CURVE('',#848,#849,#996,.T.);
#675=EDGE_CURVE('',#848,#836,#69,.T.);
#676=EDGE_CURVE('',#835,#849,#70,.T.);
#677=EDGE_CURVE('',#850,#851,#997,.T.);
#678=EDGE_CURVE('',#850,#848,#71,.T.);
#679=EDGE_CURVE('',#849,#851,#72,.T.);
#680=EDGE_CURVE('',#852,#852,#47,.T.);
#681=EDGE_CURVE('',#853,#854,#73,.T.);
#682=EDGE_CURVE('',#855,#854,#998,.T.);
#683=EDGE_CURVE('',#855,#856,#74,.T.);
#684=EDGE_CURVE('',#856,#857,#75,.T.);
#685=EDGE_CURVE('',#857,#858,#999,.T.);
#686=EDGE_CURVE('',#858,#853,#76,.T.);
#687=EDGE_CURVE('',#840,#801,#1000,.T.);
#688=EDGE_CURVE('',#756,#831,#1001,.T.);
#689=EDGE_CURVE('',#741,#753,#1002,.T.);
#690=EDGE_CURVE('',#817,#787,#1003,.T.);
#691=EDGE_CURVE('',#815,#785,#1004,.T.);
#692=EDGE_CURVE('',#784,#812,#1005,.T.);
#693=EDGE_CURVE('',#859,#859,#48,.F.);
#694=EDGE_CURVE('',#860,#860,#49,.T.);
#695=EDGE_CURVE('',#846,#820,#1006,.T.);
#696=EDGE_CURVE('',#857,#835,#1007,.T.);
#697=EDGE_CURVE('',#839,#858,#1008,.T.);
#698=EDGE_CURVE('',#847,#853,#1009,.T.);
#699=EDGE_CURVE('',#856,#849,#1010,.T.);
#700=EDGE_CURVE('',#854,#845,#1011,.T.);
#701=EDGE_CURVE('',#851,#855,#1012,.T.);
#702=EDGE_CURVE('',#845,#851,#1013,.T.);
#703=EDGE_CURVE('',#743,#751,#1014,.T.);
#704=EDGE_CURVE('',#827,#752,#1015,.T.);
#705=EDGE_CURVE('',#837,#825,#1016,.T.);
#706=EDGE_CURVE('',#832,#755,#1017,.T.);
#707=EDGE_CURVE('',#739,#793,#1018,.T.);
#708=EDGE_CURVE('',#798,#861,#1019,.T.);
#709=EDGE_CURVE('',#862,#861,#1020,.T.);
#710=EDGE_CURVE('',#863,#862,#1021,.T.);
#711=EDGE_CURVE('',#863,#757,#1022,.T.);
#712=EDGE_CURVE('',#758,#769,#1023,.T.);
#713=EDGE_CURVE('',#765,#841,#1024,.T.);
#714=EDGE_CURVE('',#774,#863,#1025,.T.);
#715=EDGE_CURVE('',#862,#775,#1026,.T.);
#716=EDGE_CURVE('',#771,#861,#1027,.T.);
#717=EDGE_CURVE('',#797,#767,#1028,.T.);
#718=EDGE_CURVE('',#762,#796,#1029,.T.);
#719=EDGE_CURVE('',#795,#850,#1030,.T.);
#720=EDGE_CURVE('',#842,#763,#1031,.T.);
#721=EDGE_CURVE('',#734,#850,#77,.T.);
#722=EDGE_CURVE('',#848,#733,#78,.F.);
#723=EDGE_CURVE('',#836,#732,#79,.T.);
#724=EDGE_CURVE('',#728,#794,#1032,.F.);
#725=EDGE_CURVE('',#837,#731,#1033,.F.);
#726=EDGE_CURVE('',#729,#738,#1034,.F.);
#727=EDGE_CURVE('',#825,#730,#1035,.F.);
#728=VERTEX_POINT('',#2004);
#729=VERTEX_POINT('',#2005);
#730=VERTEX_POINT('',#2007);
#731=VERTEX_POINT('',#2009);
#732=VERTEX_POINT('',#2011);
#733=VERTEX_POINT('',#2016);
#734=VERTEX_POINT('',#2021);
#735=VERTEX_POINT('',#2024);
#736=VERTEX_POINT('',#2027);
#737=VERTEX_POINT('',#2028);
#738=VERTEX_POINT('',#2030);
#739=VERTEX_POINT('',#2032);
#740=VERTEX_POINT('',#2034);
#741=VERTEX_POINT('',#2041);
#742=VERTEX_POINT('',#2042);
#743=VERTEX_POINT('',#2044);
#744=VERTEX_POINT('',#2046);
#745=VERTEX_POINT('',#2050);
#746=VERTEX_POINT('',#2051);
#747=VERTEX_POINT('',#2053);
#748=VERTEX_POINT('',#2055);
#749=VERTEX_POINT('',#2059);
#750=VERTEX_POINT('',#2060);
#751=VERTEX_POINT('',#2065);
#752=VERTEX_POINT('',#2066);
#753=VERTEX_POINT('',#2068);
#754=VERTEX_POINT('',#2070);
#755=VERTEX_POINT('',#2074);
#756=VERTEX_POINT('',#2075);
#757=VERTEX_POINT('',#2080);
#758=VERTEX_POINT('',#2081);
#759=VERTEX_POINT('',#2083);
#760=VERTEX_POINT('',#2085);
#761=VERTEX_POINT('',#2089);
#762=VERTEX_POINT('',#2090);
#763=VERTEX_POINT('',#2092);
#764=VERTEX_POINT('',#2094);
#765=VERTEX_POINT('',#2098);
#766=VERTEX_POINT('',#2099);
#767=VERTEX_POINT('',#2104);
#768=VERTEX_POINT('',#2105);
#769=VERTEX_POINT('',#2110);
#770=VERTEX_POINT('',#2111);
#771=VERTEX_POINT('',#2116);
#772=VERTEX_POINT('',#2117);
#773=VERTEX_POINT('',#2122);
#774=VERTEX_POINT('',#2123);
#775=VERTEX_POINT('',#2128);
#776=VERTEX_POINT('',#2129);
#777=VERTEX_POINT('',#2137);
#778=VERTEX_POINT('',#2138);
#779=VERTEX_POINT('',#2140);
#780=VERTEX_POINT('',#2142);
#781=VERTEX_POINT('',#2175);
#782=VERTEX_POINT('',#2176);
#783=VERTEX_POINT('',#2193);
#784=VERTEX_POINT('',#2194);
#785=VERTEX_POINT('',#2216);
#786=VERTEX_POINT('',#2217);
#787=VERTEX_POINT('',#2230);
#788=VERTEX_POINT('',#2231);
#789=VERTEX_POINT('',#2236);
#790=VERTEX_POINT('',#2237);
#791=VERTEX_POINT('',#2239);
#792=VERTEX_POINT('',#2241);
#793=VERTEX_POINT('',#2245);
#794=VERTEX_POINT('',#2246);
#795=VERTEX_POINT('',#2248);
#796=VERTEX_POINT('',#2250);
#797=VERTEX_POINT('',#2252);
#798=VERTEX_POINT('',#2254);
#799=VERTEX_POINT('',#2258);
#800=VERTEX_POINT('',#2260);
#801=VERTEX_POINT('',#2262);
#802=VERTEX_POINT('',#2266);
#803=VERTEX_POINT('',#2268);
#804=VERTEX_POINT('',#2271);
#805=VERTEX_POINT('',#2272);
#806=VERTEX_POINT('',#2274);
#807=VERTEX_POINT('',#2276);
#808=VERTEX_POINT('',#2280);
#809=VERTEX_POINT('',#2281);
#810=VERTEX_POINT('',#2315);
#811=VERTEX_POINT('',#2316);
#812=VERTEX_POINT('',#2333);
#813=VERTEX_POINT('',#2334);
#814=VERTEX_POINT('',#2356);
#815=VERTEX_POINT('',#2357);
#816=VERTEX_POINT('',#2370);
#817=VERTEX_POINT('',#2371);
#818=VERTEX_POINT('',#2376);
#819=VERTEX_POINT('',#2377);
#820=VERTEX_POINT('',#2380);
#821=VERTEX_POINT('',#2384);
#822=VERTEX_POINT('',#2385);
#823=VERTEX_POINT('',#2387);
#824=VERTEX_POINT('',#2389);
#825=VERTEX_POINT('',#2397);
#826=VERTEX_POINT('',#2400);
#827=VERTEX_POINT('',#2404);
#828=VERTEX_POINT('',#2406);
#829=VERTEX_POINT('',#2408);
#830=VERTEX_POINT('',#2412);
#831=VERTEX_POINT('',#2417);
#832=VERTEX_POINT('',#2421);
#833=VERTEX_POINT('',#2436);
#834=VERTEX_POINT('',#2438);
#835=VERTEX_POINT('',#2444);
#836=VERTEX_POINT('',#2445);
#837=VERTEX_POINT('',#2447);
#838=VERTEX_POINT('',#2450);
#839=VERTEX_POINT('',#2455);
#840=VERTEX_POINT('',#2459);
#841=VERTEX_POINT('',#2462);
#842=VERTEX_POINT('',#2464);
#843=VERTEX_POINT('',#2470);
#844=VERTEX_POINT('',#2478);
#845=VERTEX_POINT('',#2495);
#846=VERTEX_POINT('',#2496);
#847=VERTEX_POINT('',#2504);
#848=VERTEX_POINT('',#2541);
#849=VERTEX_POINT('',#2542);
#850=VERTEX_POINT('',#2566);
#851=VERTEX_POINT('',#2567);
#852=VERTEX_POINT('',#2582);
#853=VERTEX_POINT('',#2590);
#854=VERTEX_POINT('',#2591);
#855=VERTEX_POINT('',#2593);
#856=VERTEX_POINT('',#2601);
#857=VERTEX_POINT('',#2609);
#858=VERTEX_POINT('',#2611);
#859=VERTEX_POINT('',#2639);
#860=VERTEX_POINT('',#2641);
#861=VERTEX_POINT('',#2810);
#862=VERTEX_POINT('',#2812);
#863=VERTEX_POINT('',#2814);
#864=LINE('',#2003,#1036);
#865=LINE('',#2006,#1037);
#866=LINE('',#2008,#1038);
#867=LINE('',#2010,#1039);
#868=LINE('',#2022,#1040);
#869=LINE('',#2026,#1041);
#870=LINE('',#2029,#1042);
#871=LINE('',#2031,#1043);
#872=LINE('',#2033,#1044);
#873=LINE('',#2035,#1045);
#874=LINE('',#2049,#1046);
#875=LINE('',#2052,#1047);
#876=LINE('',#2054,#1048);
#877=LINE('',#2056,#1049);
#878=LINE('',#2058,#1050);
#879=LINE('',#2061,#1051);
#880=LINE('',#2062,#1052);
#881=LINE('',#2069,#1053);
#882=LINE('',#2073,#1054);
#883=LINE('',#2076,#1055);
#884=LINE('',#2077,#1056);
#885=LINE('',#2079,#1057);
#886=LINE('',#2082,#1058);
#887=LINE('',#2084,#1059);
#888=LINE('',#2086,#1060);
#889=LINE('',#2088,#1061);
#890=LINE('',#2091,#1062);
#891=LINE('',#2093,#1063);
#892=LINE('',#2095,#1064);
#893=LINE('',#2097,#1065);
#894=LINE('',#2100,#1066);
#895=LINE('',#2101,#1067);
#896=LINE('',#2103,#1068);
#897=LINE('',#2106,#1069);
#898=LINE('',#2107,#1070);
#899=LINE('',#2109,#1071);
#900=LINE('',#2112,#1072);
#901=LINE('',#2113,#1073);
#902=LINE('',#2115,#1074);
#903=LINE('',#2118,#1075);
#904=LINE('',#2119,#1076);
#905=LINE('',#2121,#1077);
#906=LINE('',#2124,#1078);
#907=LINE('',#2125,#1079);
#908=LINE('',#2127,#1080);
#909=LINE('',#2130,#1081);
#910=LINE('',#2131,#1082);
#911=LINE('',#2133,#1083);
#912=LINE('',#2134,#1084);
#913=LINE('',#2136,#1085);
#914=LINE('',#2139,#1086);
#915=LINE('',#2141,#1087);
#916=LINE('',#2143,#1088);
#917=LINE('',#2174,#1089);
#918=LINE('',#2192,#1090);
#919=LINE('',#2195,#1091);
#920=LINE('',#2196,#1092);
#921=LINE('',#2215,#1093);
#922=LINE('',#2229,#1094);
#923=LINE('',#2232,#1095);
#924=LINE('',#2233,#1096);
#925=LINE('',#2235,#1097);
#926=LINE('',#2238,#1098);
#927=LINE('',#2240,#1099);
#928=LINE('',#2242,#1100);
#929=LINE('',#2244,#1101);
#930=LINE('',#2247,#1102);
#931=LINE('',#2249,#1103);
#932=LINE('',#2251,#1104);
#933=LINE('',#2253,#1105);
#934=LINE('',#2255,#1106);
#935=LINE('',#2257,#1107);
#936=LINE('',#2259,#1108);
#937=LINE('',#2261,#1109);
#938=LINE('',#2263,#1110);
#939=LINE('',#2270,#1111);
#940=LINE('',#2273,#1112);
#941=LINE('',#2275,#1113);
#942=LINE('',#2277,#1114);
#943=LINE('',#2279,#1115);
#944=LINE('',#2282,#1116);
#945=LINE('',#2283,#1117);
#946=LINE('',#2314,#1118);
#947=LINE('',#2332,#1119);
#948=LINE('',#2335,#1120);
#949=LINE('',#2336,#1121);
#950=LINE('',#2355,#1122);
#951=LINE('',#2369,#1123);
#952=LINE('',#2372,#1124);
#953=LINE('',#2373,#1125);
#954=LINE('',#2375,#1126);
#955=LINE('',#2378,#1127);
#956=LINE('',#2379,#1128);
#957=LINE('',#2381,#1129);
#958=LINE('',#2383,#1130);
#959=LINE('',#2386,#1131);
#960=LINE('',#2388,#1132);
#961=LINE('',#2390,#1133);
#962=LINE('',#2392,#1134);
#963=LINE('',#2393,#1135);
#964=LINE('',#2394,#1136);
#965=LINE('',#2396,#1137);
#966=LINE('',#2398,#1138);
#967=LINE('',#2399,#1139);
#968=LINE('',#2401,#1140);
#969=LINE('',#2403,#1141);
#970=LINE('',#2405,#1142);
#971=LINE('',#2407,#1143);
#972=LINE('',#2409,#1144);
#973=LINE('',#2411,#1145);
#974=LINE('',#2413,#1146);
#975=LINE('',#2414,#1147);
#976=LINE('',#2416,#1148);
#977=LINE('',#2418,#1149);
#978=LINE('',#2420,#1150);
#979=LINE('',#2422,#1151);
#980=LINE('',#2423,#1152);
#981=LINE('',#2432,#1153);
#982=LINE('',#2433,#1154);
#983=LINE('',#2446,#1155);
#984=LINE('',#2448,#1156);
#985=LINE('',#2449,#1157);
#986=LINE('',#2456,#1158);
#987=LINE('',#2458,#1159);
#988=LINE('',#2460,#1160);
#989=LINE('',#2461,#1161);
#990=LINE('',#2463,#1162);
#991=LINE('',#2465,#1163);
#992=LINE('',#2466,#1164);
#993=LINE('',#2468,#1165);
#994=LINE('',#2469,#1166);
#995=LINE('',#2494,#1167);
#996=LINE('',#2540,#1168);
#997=LINE('',#2565,#1169);
#998=LINE('',#2592,#1170);
#999=LINE('',#2610,#1171);
#1000=LINE('',#2620,#1172);
#1001=LINE('',#2621,#1173);
#1002=LINE('',#2622,#1174);
#1003=LINE('',#2625,#1175);
#1004=LINE('',#2626,#1176);
#1005=LINE('',#2628,#1177);
#1006=LINE('',#2644,#1178);
#1007=LINE('',#2646,#1179);
#1008=LINE('',#2647,#1180);
#1009=LINE('',#2684,#1181);
#1010=LINE('',#2721,#1182);
#1011=LINE('',#2758,#1183);
#1012=LINE('',#2795,#1184);
#1013=LINE('',#2797,#1185);
#1014=LINE('',#2800,#1186);
#1015=LINE('',#2801,#1187);
#1016=LINE('',#2804,#1188);
#1017=LINE('',#2806,#1189);
#1018=LINE('',#2808,#1190);
#1019=LINE('',#2809,#1191);
#1020=LINE('',#2811,#1192);
#1021=LINE('',#2813,#1193);
#1022=LINE('',#2815,#1194);
#1023=LINE('',#2818,#1195);
#1024=LINE('',#2819,#1196);
#1025=LINE('',#2822,#1197);
#1026=LINE('',#2824,#1198);
#1027=LINE('',#2826,#1199);
#1028=LINE('',#2828,#1200);
#1029=LINE('',#2830,#1201);
#1030=LINE('',#2832,#1202);
#1031=LINE('',#2833,#1203);
#1032=LINE('',#2919,#1204);
#1033=LINE('',#2921,#1205);
#1034=LINE('',#2923,#1206);
#1035=LINE('',#2925,#1207);
#1036=VECTOR('',#1659,1.);
#1037=VECTOR('',#1660,1.);
#1038=VECTOR('',#1661,1.);
#1039=VECTOR('',#1662,1.);
#1040=VECTOR('',#1663,1.);
#1041=VECTOR('',#1668,1.);
#1042=VECTOR('',#1669,1.);
#1043=VECTOR('',#1670,1.);
#1044=VECTOR('',#1671,1.);
#1045=VECTOR('',#1672,1.);
#1046=VECTOR('',#1683,1.);
#1047=VECTOR('',#1684,1.);
#1048=VECTOR('',#1685,1.);
#1049=VECTOR('',#1686,1.);
#1050=VECTOR('',#1689,1.);
#1051=VECTOR('',#1690,1.);
#1052=VECTOR('',#1691,1.);
#1053=VECTOR('',#1698,1.);
#1054=VECTOR('',#1703,1.);
#1055=VECTOR('',#1704,1.);
#1056=VECTOR('',#1705,1.);
#1057=VECTOR('',#1708,1.);
#1058=VECTOR('',#1709,1.);
#1059=VECTOR('',#1710,1.);
#1060=VECTOR('',#1711,1.);
#1061=VECTOR('',#1714,1.);
#1062=VECTOR('',#1715,1.);
#1063=VECTOR('',#1716,1.);
#1064=VECTOR('',#1717,1.);
#1065=VECTOR('',#1720,1.);
#1066=VECTOR('',#1721,1.);
#1067=VECTOR('',#1722,1.);
#1068=VECTOR('',#1725,1.);
#1069=VECTOR('',#1726,1.);
#1070=VECTOR('',#1727,1.);
#1071=VECTOR('',#1730,1.);
#1072=VECTOR('',#1731,1.);
#1073=VECTOR('',#1732,1.);
#1074=VECTOR('',#1735,1.);
#1075=VECTOR('',#1736,1.);
#1076=VECTOR('',#1737,1.);
#1077=VECTOR('',#1740,1.);
#1078=VECTOR('',#1741,1.);
#1079=VECTOR('',#1742,1.);
#1080=VECTOR('',#1745,1.);
#1081=VECTOR('',#1746,1.);
#1082=VECTOR('',#1747,1.);
#1083=VECTOR('',#1750,1.);
#1084=VECTOR('',#1751,1.);
#1085=VECTOR('',#1754,1.);
#1086=VECTOR('',#1755,1.);
#1087=VECTOR('',#1756,1.);
#1088=VECTOR('',#1757,1.);
#1089=VECTOR('',#1758,1.);
#1090=VECTOR('',#1761,1.);
#1091=VECTOR('',#1762,1.);
#1092=VECTOR('',#1763,1.);
#1093=VECTOR('',#1764,1.);
#1094=VECTOR('',#1767,1.);
#1095=VECTOR('',#1768,1.);
#1096=VECTOR('',#1769,1.);
#1097=VECTOR('',#1772,1.);
#1098=VECTOR('',#1773,1.);
#1099=VECTOR('',#1774,1.);
#1100=VECTOR('',#1775,1.);
#1101=VECTOR('',#1778,1.);
#1102=VECTOR('',#1779,1.);
#1103=VECTOR('',#1780,1.);
#1104=VECTOR('',#1781,1.);
#1105=VECTOR('',#1782,1.);
#1106=VECTOR('',#1783,1.);
#1107=VECTOR('',#1786,1.);
#1108=VECTOR('',#1787,1.);
#1109=VECTOR('',#1788,1.);
#1110=VECTOR('',#1789,1.);
#1111=VECTOR('',#1798,1.);
#1112=VECTOR('',#1799,1.);
#1113=VECTOR('',#1800,1.);
#1114=VECTOR('',#1801,1.);
#1115=VECTOR('',#1804,1.);
#1116=VECTOR('',#1805,1.);
#1117=VECTOR('',#1806,1.);
#1118=VECTOR('',#1807,1.);
#1119=VECTOR('',#1810,1.);
#1120=VECTOR('',#1811,1.);
#1121=VECTOR('',#1812,1.);
#1122=VECTOR('',#1813,1.);
#1123=VECTOR('',#1816,1.);
#1124=VECTOR('',#1817,1.);
#1125=VECTOR('',#1818,1.);
#1126=VECTOR('',#1821,1.);
#1127=VECTOR('',#1822,1.);
#1128=VECTOR('',#1823,1.);
#1129=VECTOR('',#1824,1.);
#1130=VECTOR('',#1827,1.);
#1131=VECTOR('',#1828,1.);
#1132=VECTOR('',#1829,1.);
#1133=VECTOR('',#1830,1.);
#1134=VECTOR('',#1833,1.);
#1135=VECTOR('',#1834,1.);
#1136=VECTOR('',#1835,1.);
#1137=VECTOR('',#1838,1.);
#1138=VECTOR('',#1839,1.);
#1139=VECTOR('',#1840,1.);
#1140=VECTOR('',#1841,1.);
#1141=VECTOR('',#1844,1.);
#1142=VECTOR('',#1845,1.);
#1143=VECTOR('',#1846,1.);
#1144=VECTOR('',#1847,1.);
#1145=VECTOR('',#1850,1.);
#1146=VECTOR('',#1851,1.);
#1147=VECTOR('',#1852,1.);
#1148=VECTOR('',#1855,1.);
#1149=VECTOR('',#1856,1.);
#1150=VECTOR('',#1859,1.);
#1151=VECTOR('',#1860,1.);
#1152=VECTOR('',#1861,1.);
#1153=VECTOR('',#1862,1.);
#1154=VECTOR('',#1863,1.);
#1155=VECTOR('',#1872,1.);
#1156=VECTOR('',#1873,1.);
#1157=VECTOR('',#1874,1.);
#1158=VECTOR('',#1875,1.);
#1159=VECTOR('',#1878,1.);
#1160=VECTOR('',#1879,1.);
#1161=VECTOR('',#1880,1.);
#1162=VECTOR('',#1881,1.);
#1163=VECTOR('',#1882,1.);
#1164=VECTOR('',#1883,1.);
#1165=VECTOR('',#1886,1.);
#1166=VECTOR('',#1887,1.);
#1167=VECTOR('',#1888,1.);
#1168=VECTOR('',#1889,1.);
#1169=VECTOR('',#1890,1.);
#1170=VECTOR('',#1895,1.);
#1171=VECTOR('',#1896,1.);
#1172=VECTOR('',#1899,1.);
#1173=VECTOR('',#1900,1.);
#1174=VECTOR('',#1901,1.);
#1175=VECTOR('',#1906,1.);
#1176=VECTOR('',#1907,1.);
#1177=VECTOR('',#1910,1.);
#1178=VECTOR('',#1921,1.);
#1179=VECTOR('',#1924,1.);
#1180=VECTOR('',#1925,1.);
#1181=VECTOR('',#1926,1.);
#1182=VECTOR('',#1927,1.);
#1183=VECTOR('',#1928,1.);
#1184=VECTOR('',#1929,1.);
#1185=VECTOR('',#1932,1.);
#1186=VECTOR('',#1937,1.);
#1187=VECTOR('',#1938,1.);
#1188=VECTOR('',#1943,1.);
#1189=VECTOR('',#1946,1.);
#1190=VECTOR('',#1949,1.);
#1191=VECTOR('',#1950,1.);
#1192=VECTOR('',#1951,1.);
#1193=VECTOR('',#1952,1.);
#1194=VECTOR('',#1953,1.);
#1195=VECTOR('',#1958,1.);
#1196=VECTOR('',#1959,1.);
#1197=VECTOR('',#1964,1.);
#1198=VECTOR('',#1967,1.);
#1199=VECTOR('',#1970,1.);
#1200=VECTOR('',#1973,1.);
#1201=VECTOR('',#1976,1.);
#1202=VECTOR('',#1979,1.);
#1203=VECTOR('',#1980,1.);
#1204=VECTOR('',#1987,1.);
#1205=VECTOR('',#1990,1.);
#1206=VECTOR('',#1993,1.);
#1207=VECTOR('',#1996,1.);
#1208=EDGE_LOOP('',(#80,#81,#82,#83,#84,#85,#86));
#1209=EDGE_LOOP('',(#87));
#1210=EDGE_LOOP('',(#88,#89,#90,#91,#92));
#1211=EDGE_LOOP('',(#93,#94,#95,#96));
#1212=EDGE_LOOP('',(#97,#98,#99,#100));
#1213=EDGE_LOOP('',(#101,#102,#103,#104));
#1214=EDGE_LOOP('',(#105,#106,#107,#108));
#1215=EDGE_LOOP('',(#109,#110,#111,#112));
#1216=EDGE_LOOP('',(#113,#114,#115,#116));
#1217=EDGE_LOOP('',(#117,#118,#119,#120));
#1218=EDGE_LOOP('',(#121,#122,#123,#124));
#1219=EDGE_LOOP('',(#125,#126,#127,#128));
#1220=EDGE_LOOP('',(#129,#130,#131,#132));
#1221=EDGE_LOOP('',(#133,#134,#135,#136));
#1222=EDGE_LOOP('',(#137,#138,#139,#140));
#1223=EDGE_LOOP('',(#141,#142,#143,#144));
#1224=EDGE_LOOP('',(#145,#146,#147,#148));
#1225=EDGE_LOOP('',(#149,#150,#151,#152));
#1226=EDGE_LOOP('',(#153,#154,#155,#156));
#1227=EDGE_LOOP('',(#157,#158,#159,#160));
#1228=EDGE_LOOP('',(#161,#162,#163,#164));
#1229=EDGE_LOOP('',(#165,#166,#167,#168));
#1230=EDGE_LOOP('',(#169,#170,#171,#172));
#1231=EDGE_LOOP('',(#173,#174,#175,#176,#177,#178));
#1232=EDGE_LOOP('',(#179,#180,#181,#182));
#1233=EDGE_LOOP('',(#183));
#1234=EDGE_LOOP('',(#184));
#1235=EDGE_LOOP('',(#185,#186,#187,#188));
#1236=EDGE_LOOP('',(#189,#190,#191,#192));
#1237=EDGE_LOOP('',(#193,#194,#195,#196));
#1238=EDGE_LOOP('',(#197,#198,#199,#200));
#1239=EDGE_LOOP('',(#201,#202,#203,#204));
#1240=EDGE_LOOP('',(#205,#206,#207,#208));
#1241=EDGE_LOOP('',(#209,#210,#211,#212,#213));
#1242=EDGE_LOOP('',(#214,#215,#216,#217));
#1243=EDGE_LOOP('',(#218,#219,#220,#221,#222,#223));
#1244=EDGE_LOOP('',(#224,#225,#226,#227,#228,#229,#230,#231));
#1245=EDGE_LOOP('',(#232,#233,#234,#235,#236));
#1246=EDGE_LOOP('',(#237,#238,#239,#240,#241,#242));
#1247=EDGE_LOOP('',(#243,#244,#245,#246,#247));
#1248=EDGE_LOOP('',(#248,#249,#250,#251,#252));
#1249=EDGE_LOOP('',(#253,#254,#255,#256));
#1250=EDGE_LOOP('',(#257));
#1251=EDGE_LOOP('',(#258));
#1252=EDGE_LOOP('',(#259,#260,#261,#262,#263,#264,#265));
#1253=EDGE_LOOP('',(#266,#267,#268,#269,#270,#271,#272,#273,#274,#275,#276,
#277,#278,#279));
#1254=EDGE_LOOP('',(#280,#281,#282,#283,#284,#285,#286,#287));
#1255=EDGE_LOOP('',(#288,#289,#290,#291,#292));
#1256=EDGE_LOOP('',(#293,#294,#295,#296));
#1257=EDGE_LOOP('',(#297,#298,#299,#300));
#1258=EDGE_LOOP('',(#301,#302,#303,#304));
#1259=EDGE_LOOP('',(#305));
#1260=EDGE_LOOP('',(#306,#307,#308,#309,#310,#311));
#1261=EDGE_LOOP('',(#312,#313,#314,#315,#316,#317,#318,#319));
#1262=EDGE_LOOP('',(#320,#321,#322,#323));
#1263=EDGE_LOOP('',(#324,#325,#326,#327));
#1264=EDGE_LOOP('',(#328,#329,#330,#331));
#1265=EDGE_LOOP('',(#332,#333,#334,#335));
#1266=EDGE_LOOP('',(#336));
#1267=EDGE_LOOP('',(#337));
#1268=EDGE_LOOP('',(#338));
#1269=EDGE_LOOP('',(#339));
#1270=EDGE_LOOP('',(#340,#341,#342,#343));
#1271=EDGE_LOOP('',(#344,#345,#346,#347));
#1272=EDGE_LOOP('',(#348,#349,#350,#351));
#1273=EDGE_LOOP('',(#352,#353,#354,#355));
#1274=EDGE_LOOP('',(#356,#357,#358,#359));
#1275=EDGE_LOOP('',(#360,#361,#362,#363));
#1276=EDGE_LOOP('',(#364,#365,#366,#367));
#1277=EDGE_LOOP('',(#368));
#1278=EDGE_LOOP('',(#369));
#1279=EDGE_LOOP('',(#370,#371,#372,#373,#374,#375));
#1280=EDGE_LOOP('',(#376,#377,#378,#379));
#1281=EDGE_LOOP('',(#380));
#1282=EDGE_LOOP('',(#381,#382,#383,#384));
#1283=EDGE_LOOP('',(#385,#386,#387,#388,#389,#390));
#1284=EDGE_LOOP('',(#391,#392,#393,#394,#395,#396,#397,#398,#399,#400,#401,
#402,#403,#404,#405,#406));
#1285=EDGE_LOOP('',(#407,#408,#409,#410,#411,#412,#413,#414));
#1286=EDGE_LOOP('',(#415,#416,#417,#418,#419,#420));
#1287=EDGE_LOOP('',(#421,#422,#423,#424,#425,#426,#427,#428));
#1288=EDGE_LOOP('',(#429,#430,#431,#432,#433));
#1289=EDGE_LOOP('',(#434,#435,#436,#437));
#1290=EDGE_LOOP('',(#438,#439,#440,#441));
#1291=EDGE_LOOP('',(#442,#443,#444,#445,#446));
#1292=EDGE_LOOP('',(#447,#448,#449,#450));
#1293=EDGE_LOOP('',(#451,#452,#453,#454,#455,#456,#457,#458,#459,#460,#461,
#462,#463));
#1294=EDGE_LOOP('',(#464,#465,#466,#467));
#1295=EDGE_LOOP('',(#468,#469,#470,#471,#472,#473,#474,#475,#476));
#1296=EDGE_LOOP('',(#477));
#1297=EDGE_LOOP('',(#478,#479,#480,#481));
#1298=EDGE_LOOP('',(#482,#483,#484,#485));
#1299=EDGE_LOOP('',(#486,#487,#488,#489,#490));
#1300=EDGE_LOOP('',(#491,#492,#493,#494));
#1301=EDGE_LOOP('',(#495,#496,#497,#498,#499,#500));
#1302=EDGE_LOOP('',(#501,#502,#503,#504));
#1303=EDGE_LOOP('',(#505,#506,#507,#508,#509));
#1304=EDGE_LOOP('',(#510));
#1305=EDGE_LOOP('',(#511));
#1306=FACE_BOUND('',#1208,.T.);
#1307=FACE_BOUND('',#1209,.T.);
#1308=FACE_BOUND('',#1210,.T.);
#1309=FACE_BOUND('',#1211,.T.);
#1310=FACE_BOUND('',#1212,.T.);
#1311=FACE_BOUND('',#1213,.T.);
#1312=FACE_BOUND('',#1214,.T.);
#1313=FACE_BOUND('',#1215,.T.);
#1314=FACE_BOUND('',#1216,.T.);
#1315=FACE_BOUND('',#1217,.T.);
#1316=FACE_BOUND('',#1218,.T.);
#1317=FACE_BOUND('',#1219,.T.);
#1318=FACE_BOUND('',#1220,.T.);
#1319=FACE_BOUND('',#1221,.T.);
#1320=FACE_BOUND('',#1222,.T.);
#1321=FACE_BOUND('',#1223,.T.);
#1322=FACE_BOUND('',#1224,.T.);
#1323=FACE_BOUND('',#1225,.T.);
#1324=FACE_BOUND('',#1226,.T.);
#1325=FACE_BOUND('',#1227,.T.);
#1326=FACE_BOUND('',#1228,.T.);
#1327=FACE_BOUND('',#1229,.T.);
#1328=FACE_BOUND('',#1230,.T.);
#1329=FACE_BOUND('',#1231,.T.);
#1330=FACE_BOUND('',#1232,.T.);
#1331=FACE_BOUND('',#1233,.T.);
#1332=FACE_BOUND('',#1234,.T.);
#1333=FACE_BOUND('',#1235,.T.);
#1334=FACE_BOUND('',#1236,.T.);
#1335=FACE_BOUND('',#1237,.T.);
#1336=FACE_BOUND('',#1238,.T.);
#1337=FACE_BOUND('',#1239,.T.);
#1338=FACE_BOUND('',#1240,.T.);
#1339=FACE_BOUND('',#1241,.T.);
#1340=FACE_BOUND('',#1242,.T.);
#1341=FACE_BOUND('',#1243,.T.);
#1342=FACE_BOUND('',#1244,.T.);
#1343=FACE_BOUND('',#1245,.T.);
#1344=FACE_BOUND('',#1246,.T.);
#1345=FACE_BOUND('',#1247,.T.);
#1346=FACE_BOUND('',#1248,.T.);
#1347=FACE_BOUND('',#1249,.T.);
#1348=FACE_BOUND('',#1250,.T.);
#1349=FACE_BOUND('',#1251,.T.);
#1350=FACE_BOUND('',#1252,.T.);
#1351=FACE_BOUND('',#1253,.T.);
#1352=FACE_BOUND('',#1254,.T.);
#1353=FACE_BOUND('',#1255,.T.);
#1354=FACE_BOUND('',#1256,.T.);
#1355=FACE_BOUND('',#1257,.T.);
#1356=FACE_BOUND('',#1258,.T.);
#1357=FACE_BOUND('',#1259,.T.);
#1358=FACE_BOUND('',#1260,.T.);
#1359=FACE_BOUND('',#1261,.T.);
#1360=FACE_BOUND('',#1262,.T.);
#1361=FACE_BOUND('',#1263,.T.);
#1362=FACE_BOUND('',#1264,.T.);
#1363=FACE_BOUND('',#1265,.T.);
#1364=FACE_BOUND('',#1266,.T.);
#1365=FACE_BOUND('',#1267,.T.);
#1366=FACE_BOUND('',#1268,.T.);
#1367=FACE_BOUND('',#1269,.T.);
#1368=FACE_BOUND('',#1270,.T.);
#1369=FACE_BOUND('',#1271,.T.);
#1370=FACE_BOUND('',#1272,.T.);
#1371=FACE_BOUND('',#1273,.T.);
#1372=FACE_BOUND('',#1274,.T.);
#1373=FACE_BOUND('',#1275,.T.);
#1374=FACE_BOUND('',#1276,.T.);
#1375=FACE_BOUND('',#1277,.T.);
#1376=FACE_BOUND('',#1278,.T.);
#1377=FACE_BOUND('',#1279,.T.);
#1378=FACE_BOUND('',#1280,.T.);
#1379=FACE_BOUND('',#1281,.T.);
#1380=FACE_BOUND('',#1282,.T.);
#1381=FACE_BOUND('',#1283,.T.);
#1382=FACE_BOUND('',#1284,.T.);
#1383=FACE_BOUND('',#1285,.T.);
#1384=FACE_BOUND('',#1286,.T.);
#1385=FACE_BOUND('',#1287,.T.);
#1386=FACE_BOUND('',#1288,.T.);
#1387=FACE_BOUND('',#1289,.T.);
#1388=FACE_BOUND('',#1290,.T.);
#1389=FACE_BOUND('',#1291,.T.);
#1390=FACE_BOUND('',#1292,.T.);
#1391=FACE_BOUND('',#1293,.T.);
#1392=FACE_BOUND('',#1294,.T.);
#1393=FACE_BOUND('',#1295,.T.);
#1394=FACE_BOUND('',#1296,.T.);
#1395=FACE_BOUND('',#1297,.T.);
#1396=FACE_BOUND('',#1298,.T.);
#1397=FACE_BOUND('',#1299,.T.);
#1398=FACE_BOUND('',#1300,.T.);
#1399=FACE_BOUND('',#1301,.T.);
#1400=FACE_BOUND('',#1302,.T.);
#1401=FACE_BOUND('',#1303,.T.);
#1402=FACE_BOUND('',#1304,.T.);
#1403=FACE_BOUND('',#1305,.T.);
#1404=PLANE('',#1569);
#1405=PLANE('',#1571);
#1406=PLANE('',#1576);
#1407=PLANE('',#1577);
#1408=PLANE('',#1582);
#1409=PLANE('',#1583);
#1410=PLANE('',#1584);
#1411=PLANE('',#1585);
#1412=PLANE('',#1586);
#1413=PLANE('',#1587);
#1414=PLANE('',#1588);
#1415=PLANE('',#1589);
#1416=PLANE('',#1590);
#1417=PLANE('',#1591);
#1418=PLANE('',#1592);
#1419=PLANE('',#1593);
#1420=PLANE('',#1594);
#1421=PLANE('',#1595);
#1422=PLANE('',#1596);
#1423=PLANE('',#1597);
#1424=PLANE('',#1601);
#1425=PLANE('',#1602);
#1426=PLANE('',#1603);
#1427=PLANE('',#1604);
#1428=PLANE('',#1605);
#1429=PLANE('',#1606);
#1430=PLANE('',#1607);
#1431=PLANE('',#1608);
#1432=PLANE('',#1609);
#1433=PLANE('',#1610);
#1434=PLANE('',#1611);
#1435=PLANE('',#1612);
#1436=PLANE('',#1616);
#1437=PLANE('',#1617);
#1438=PLANE('',#1618);
#1439=PLANE('',#1619);
#1440=PLANE('',#1621);
#1441=PLANE('',#1622);
#1442=PLANE('',#1623);
#1443=PLANE('',#1624);
#1444=PLANE('',#1628);
#1445=PLANE('',#1629);
#1446=PLANE('',#1630);
#1447=PLANE('',#1631);
#1448=PLANE('',#1633);
#1449=PLANE('',#1635);
#1450=PLANE('',#1636);
#1451=PLANE('',#1637);
#1452=PLANE('',#1638);
#1453=PLANE('',#1639);
#1454=PLANE('',#1640);
#1455=PLANE('',#1641);
#1456=PLANE('',#1642);
#1457=PLANE('',#1643);
#1458=PLANE('',#1644);
#1459=PLANE('',#1645);
#1460=PLANE('',#1646);
#1461=PLANE('',#1647);
#1462=PLANE('',#1648);
#1463=PLANE('',#1649);
#1464=PLANE('',#1650);
#1465=PLANE('',#1651);
#1466=PLANE('',#1652);
#1467=PLANE('',#1653);
#1468=ADVANCED_FACE('',(#1306,#1307),#1404,.F.);
#1469=ADVANCED_FACE('',(#1308),#1405,.F.);
#1470=ADVANCED_FACE('',(#1309),#31,.F.);
#1471=ADVANCED_FACE('',(#1310),#1406,.F.);
#1472=ADVANCED_FACE('',(#1311),#1407,.T.);
#1473=ADVANCED_FACE('',(#1312),#32,.F.);
#1474=ADVANCED_FACE('',(#1313),#1408,.F.);
#1475=ADVANCED_FACE('',(#1314),#1409,.F.);
#1476=ADVANCED_FACE('',(#1315),#1410,.F.);
#1477=ADVANCED_FACE('',(#1316),#1411,.F.);
#1478=ADVANCED_FACE('',(#1317),#1412,.T.);
#1479=ADVANCED_FACE('',(#1318),#1413,.T.);
#1480=ADVANCED_FACE('',(#1319),#1414,.F.);
#1481=ADVANCED_FACE('',(#1320),#1415,.F.);
#1482=ADVANCED_FACE('',(#1321),#1416,.T.);
#1483=ADVANCED_FACE('',(#1322),#1417,.F.);
#1484=ADVANCED_FACE('',(#1323),#1418,.F.);
#1485=ADVANCED_FACE('',(#1324),#15,.T.);
#1486=ADVANCED_FACE('',(#1325),#1419,.T.);
#1487=ADVANCED_FACE('',(#1326),#16,.T.);
#1488=ADVANCED_FACE('',(#1327),#1420,.T.);
#1489=ADVANCED_FACE('',(#1328),#1421,.F.);
#1490=ADVANCED_FACE('',(#1329),#1422,.T.);
#1491=ADVANCED_FACE('',(#1330),#1423,.F.);
#1492=ADVANCED_FACE('',(#1331,#1332),#33,.F.);
#1493=ADVANCED_FACE('',(#1333),#1424,.T.);
#1494=ADVANCED_FACE('',(#1334),#1425,.F.);
#1495=ADVANCED_FACE('',(#1335),#17,.T.);
#1496=ADVANCED_FACE('',(#1336),#1426,.T.);
#1497=ADVANCED_FACE('',(#1337),#18,.T.);
#1498=ADVANCED_FACE('',(#1338),#1427,.T.);
#1499=ADVANCED_FACE('',(#1339),#1428,.T.);
#1500=ADVANCED_FACE('',(#1340),#1429,.F.);
#1501=ADVANCED_FACE('',(#1341),#1430,.T.);
#1502=ADVANCED_FACE('',(#1342),#1431,.F.);
#1503=ADVANCED_FACE('',(#1343),#1432,.F.);
#1504=ADVANCED_FACE('',(#1344),#1433,.F.);
#1505=ADVANCED_FACE('',(#1345),#1434,.F.);
#1506=ADVANCED_FACE('',(#1346),#1435,.T.);
#1507=ADVANCED_FACE('',(#1347),#19,.T.);
#1508=ADVANCED_FACE('',(#1348,#1349),#12,.F.);
#1509=ADVANCED_FACE('',(#1350),#1436,.F.);
#1510=ADVANCED_FACE('',(#1351),#1437,.F.);
#1511=ADVANCED_FACE('',(#1352),#1438,.F.);
#1512=ADVANCED_FACE('',(#1353),#20,.T.);
#1513=ADVANCED_FACE('',(#1354),#21,.T.);
#1514=ADVANCED_FACE('',(#1355),#22,.T.);
#1515=ADVANCED_FACE('',(#1356),#23,.T.);
#1516=ADVANCED_FACE('',(#1357,#1358),#1439,.T.);
#1517=ADVANCED_FACE('',(#1359),#1440,.F.);
#1518=ADVANCED_FACE('',(#1360),#1441,.F.);
#1519=ADVANCED_FACE('',(#1361),#1442,.T.);
#1520=ADVANCED_FACE('',(#1362),#1443,.T.);
#1521=ADVANCED_FACE('',(#1363),#24,.T.);
#1522=ADVANCED_FACE('',(#1364,#1365),#13,.F.);
#1523=ADVANCED_FACE('',(#1366,#1367),#1444,.T.);
#1524=ADVANCED_FACE('',(#1368),#1445,.T.);
#1525=ADVANCED_FACE('',(#1369),#1446,.T.);
#1526=ADVANCED_FACE('',(#1370),#25,.T.);
#1527=ADVANCED_FACE('',(#1371),#26,.T.);
#1528=ADVANCED_FACE('',(#1372),#27,.T.);
#1529=ADVANCED_FACE('',(#1373),#28,.T.);
#1530=ADVANCED_FACE('',(#1374),#1447,.F.);
#1531=ADVANCED_FACE('',(#1375,#1376),#34,.F.);
#1532=ADVANCED_FACE('',(#1377),#1448,.F.);
#1533=ADVANCED_FACE('',(#1378,#1379),#14,.F.);
#1534=ADVANCED_FACE('',(#1380),#1449,.F.);
#1535=ADVANCED_FACE('',(#1381),#1450,.F.);
#1536=ADVANCED_FACE('',(#1382),#1451,.F.);
#1537=ADVANCED_FACE('',(#1383),#1452,.F.);
#1538=ADVANCED_FACE('',(#1384),#1453,.F.);
#1539=ADVANCED_FACE('',(#1385),#1454,.T.);
#1540=ADVANCED_FACE('',(#1386),#1455,.T.);
#1541=ADVANCED_FACE('',(#1387),#1456,.T.);
#1542=ADVANCED_FACE('',(#1388),#1457,.F.);
#1543=ADVANCED_FACE('',(#1389),#1458,.T.);
#1544=ADVANCED_FACE('',(#1390),#1459,.F.);
#1545=ADVANCED_FACE('',(#1391),#1460,.T.);
#1546=ADVANCED_FACE('',(#1392),#1461,.T.);
#1547=ADVANCED_FACE('',(#1393,#1394),#1462,.F.);
#1548=ADVANCED_FACE('',(#1395),#29,.T.);
#1549=ADVANCED_FACE('',(#1396),#30,.T.);
#1550=ADVANCED_FACE('',(#1397),#1463,.T.);
#1551=ADVANCED_FACE('',(#1398),#1464,.F.);
#1552=ADVANCED_FACE('',(#1399),#1465,.F.);
#1553=ADVANCED_FACE('',(#1400),#1466,.F.);
#1554=ADVANCED_FACE('',(#1401),#1467,.F.);
#1555=ADVANCED_FACE('',(#1402,#1403),#35,.F.);
#1556=CLOSED_SHELL('',(#1468,#1469,#1470,#1471,#1472,#1473,#1474,#1475,
#1476,#1477,#1478,#1479,#1480,#1481,#1482,#1483,#1484,#1485,#1486,#1487,
#1488,#1489,#1490,#1491,#1492,#1493,#1494,#1495,#1496,#1497,#1498,#1499,
#1500,#1501,#1502,#1503,#1504,#1505,#1506,#1507,#1508,#1509,#1510,#1511,
#1512,#1513,#1514,#1515,#1516,#1517,#1518,#1519,#1520,#1521,#1522,#1523,
#1524,#1525,#1526,#1527,#1528,#1529,#1530,#1531,#1532,#1533,#1534,#1535,
#1536,#1537,#1538,#1539,#1540,#1541,#1542,#1543,#1544,#1545,#1546,#1547,
#1548,#1549,#1550,#1551,#1552,#1553,#1554,#1555));
#1557=STYLED_ITEM('',(#1558),#1565);
#1558=PRESENTATION_STYLE_ASSIGNMENT((#1559));
#1559=SURFACE_STYLE_USAGE(.BOTH.,#1560);
#1560=SURFACE_SIDE_STYLE('',(#1561));
#1561=SURFACE_STYLE_FILL_AREA(#1562);
#1562=FILL_AREA_STYLE('',(#1563));
#1563=FILL_AREA_STYLE_COLOUR('',#1564);
#1564=COLOUR_RGB('',0.43921568627451,0.474509803921569,0.501960784313726);
#1565=MANIFOLD_SOLID_BREP('Extrusion_Mount_A',#1556);
#1566=SHAPE_DEFINITION_REPRESENTATION(#2934,#1567);
#1567=SHAPE_REPRESENTATION('Extrusion_Mount_A',(#1568),#2929);
#1568=AXIS2_PLACEMENT_3D('',#2001,#1655,#1656);
#1569=AXIS2_PLACEMENT_3D('',#2002,#1657,#1658);
#1570=AXIS2_PLACEMENT_3D('',#2023,#1664,#1665);
#1571=AXIS2_PLACEMENT_3D('',#2025,#1666,#1667);
#1572=AXIS2_PLACEMENT_3D('',#2036,#1673,#1674);
#1573=AXIS2_PLACEMENT_3D('',#2043,#1675,#1676);
#1574=AXIS2_PLACEMENT_3D('',#2045,#1677,#1678);
#1575=AXIS2_PLACEMENT_3D('',#2047,#1679,#1680);
#1576=AXIS2_PLACEMENT_3D('',#2048,#1681,#1682);
#1577=AXIS2_PLACEMENT_3D('',#2057,#1687,#1688);
#1578=AXIS2_PLACEMENT_3D('',#2063,#1692,#1693);
#1579=AXIS2_PLACEMENT_3D('',#2064,#1694,#1695);
#1580=AXIS2_PLACEMENT_3D('',#2067,#1696,#1697);
#1581=AXIS2_PLACEMENT_3D('',#2071,#1699,#1700);
#1582=AXIS2_PLACEMENT_3D('',#2072,#1701,#1702);
#1583=AXIS2_PLACEMENT_3D('',#2078,#1706,#1707);
#1584=AXIS2_PLACEMENT_3D('',#2087,#1712,#1713);
#1585=AXIS2_PLACEMENT_3D('',#2096,#1718,#1719);
#1586=AXIS2_PLACEMENT_3D('',#2102,#1723,#1724);
#1587=AXIS2_PLACEMENT_3D('',#2108,#1728,#1729);
#1588=AXIS2_PLACEMENT_3D('',#2114,#1733,#1734);
#1589=AXIS2_PLACEMENT_3D('',#2120,#1738,#1739);
#1590=AXIS2_PLACEMENT_3D('',#2126,#1743,#1744);
#1591=AXIS2_PLACEMENT_3D('',#2132,#1748,#1749);
#1592=AXIS2_PLACEMENT_3D('',#2135,#1752,#1753);
#1593=AXIS2_PLACEMENT_3D('',#2191,#1759,#1760);
#1594=AXIS2_PLACEMENT_3D('',#2228,#1765,#1766);
#1595=AXIS2_PLACEMENT_3D('',#2234,#1770,#1771);
#1596=AXIS2_PLACEMENT_3D('',#2243,#1776,#1777);
#1597=AXIS2_PLACEMENT_3D('',#2256,#1784,#1785);
#1598=AXIS2_PLACEMENT_3D('',#2264,#1790,#1791);
#1599=AXIS2_PLACEMENT_3D('',#2265,#1792,#1793);
#1600=AXIS2_PLACEMENT_3D('',#2267,#1794,#1795);
#1601=AXIS2_PLACEMENT_3D('',#2269,#1796,#1797);
#1602=AXIS2_PLACEMENT_3D('',#2278,#1802,#1803);
#1603=AXIS2_PLACEMENT_3D('',#2331,#1808,#1809);
#1604=AXIS2_PLACEMENT_3D('',#2368,#1814,#1815);
#1605=AXIS2_PLACEMENT_3D('',#2374,#1819,#1820);
#1606=AXIS2_PLACEMENT_3D('',#2382,#1825,#1826);
#1607=AXIS2_PLACEMENT_3D('',#2391,#1831,#1832);
#1608=AXIS2_PLACEMENT_3D('',#2395,#1836,#1837);
#1609=AXIS2_PLACEMENT_3D('',#2402,#1842,#1843);
#1610=AXIS2_PLACEMENT_3D('',#2410,#1848,#1849);
#1611=AXIS2_PLACEMENT_3D('',#2415,#1853,#1854);
#1612=AXIS2_PLACEMENT_3D('',#2419,#1857,#1858);
#1613=AXIS2_PLACEMENT_3D('',#2434,#1864,#1865);
#1614=AXIS2_PLACEMENT_3D('',#2435,#1866,#1867);
#1615=AXIS2_PLACEMENT_3D('',#2437,#1868,#1869);
#1616=AXIS2_PLACEMENT_3D('',#2439,#1870,#1871);
#1617=AXIS2_PLACEMENT_3D('',#2457,#1876,#1877);
#1618=AXIS2_PLACEMENT_3D('',#2467,#1884,#1885);
#1619=AXIS2_PLACEMENT_3D('',#2580,#1891,#1892);
#1620=AXIS2_PLACEMENT_3D('',#2581,#1893,#1894);
#1621=AXIS2_PLACEMENT_3D('',#2619,#1897,#1898);
#1622=AXIS2_PLACEMENT_3D('',#2623,#1902,#1903);
#1623=AXIS2_PLACEMENT_3D('',#2624,#1904,#1905);
#1624=AXIS2_PLACEMENT_3D('',#2627,#1908,#1909);
#1625=AXIS2_PLACEMENT_3D('',#2637,#1911,#1912);
#1626=AXIS2_PLACEMENT_3D('',#2638,#1913,#1914);
#1627=AXIS2_PLACEMENT_3D('',#2640,#1915,#1916);
#1628=AXIS2_PLACEMENT_3D('',#2642,#1917,#1918);
#1629=AXIS2_PLACEMENT_3D('',#2643,#1919,#1920);
#1630=AXIS2_PLACEMENT_3D('',#2645,#1922,#1923);
#1631=AXIS2_PLACEMENT_3D('',#2796,#1930,#1931);
#1632=AXIS2_PLACEMENT_3D('',#2798,#1933,#1934);
#1633=AXIS2_PLACEMENT_3D('',#2799,#1935,#1936);
#1634=AXIS2_PLACEMENT_3D('',#2802,#1939,#1940);
#1635=AXIS2_PLACEMENT_3D('',#2803,#1941,#1942);
#1636=AXIS2_PLACEMENT_3D('',#2805,#1944,#1945);
#1637=AXIS2_PLACEMENT_3D('',#2807,#1947,#1948);
#1638=AXIS2_PLACEMENT_3D('',#2816,#1954,#1955);
#1639=AXIS2_PLACEMENT_3D('',#2817,#1956,#1957);
#1640=AXIS2_PLACEMENT_3D('',#2820,#1960,#1961);
#1641=AXIS2_PLACEMENT_3D('',#2821,#1962,#1963);
#1642=AXIS2_PLACEMENT_3D('',#2823,#1965,#1966);
#1643=AXIS2_PLACEMENT_3D('',#2825,#1968,#1969);
#1644=AXIS2_PLACEMENT_3D('',#2827,#1971,#1972);
#1645=AXIS2_PLACEMENT_3D('',#2829,#1974,#1975);
#1646=AXIS2_PLACEMENT_3D('',#2831,#1977,#1978);
#1647=AXIS2_PLACEMENT_3D('',#2834,#1981,#1982);
#1648=AXIS2_PLACEMENT_3D('',#2835,#1983,#1984);
#1649=AXIS2_PLACEMENT_3D('',#2918,#1985,#1986);
#1650=AXIS2_PLACEMENT_3D('',#2920,#1988,#1989);
#1651=AXIS2_PLACEMENT_3D('',#2922,#1991,#1992);
#1652=AXIS2_PLACEMENT_3D('',#2924,#1994,#1995);
#1653=AXIS2_PLACEMENT_3D('',#2926,#1997,#1998);
#1654=AXIS2_PLACEMENT_3D('',#2927,#1999,#2000);
#1655=DIRECTION('',(0.,0.,1.));
#1656=DIRECTION('',(1.,0.,0.));
#1657=DIRECTION('',(0.,0.,1.));
#1658=DIRECTION('',(1.,0.,0.));
#1659=DIRECTION('',(0.,1.,0.));
#1660=DIRECTION('',(1.,0.,0.));
#1661=DIRECTION('',(0.979398347690075,-0.201937803647438,0.));
#1662=DIRECTION('',(1.,0.,0.));
#1663=DIRECTION('',(-1.,0.,0.));
#1664=DIRECTION('',(0.,0.,1.));
#1665=DIRECTION('',(1.,0.,0.));
#1666=DIRECTION('',(0.707106781186548,-0.707106781186548,0.));
#1667=DIRECTION('',(0.,0.,-1.));
#1668=DIRECTION('',(0.,0.,1.));
#1669=DIRECTION('',(0.577350269189626,0.577350269189626,0.577350269189626));
#1670=DIRECTION('',(0.577350269189626,0.577350269189626,-0.577350269189626));
#1671=DIRECTION('',(0.,0.,-1.));
#1672=DIRECTION('',(0.577350269189636,0.577350269189621,0.577350269189621));
#1673=DIRECTION('',(-1.,0.,0.));
#1674=DIRECTION('',(0.,0.,1.));
#1675=DIRECTION('',(1.,0.,0.));
#1676=DIRECTION('',(0.,0.,-1.));
#1677=DIRECTION('',(-2.3061898415973E-14,1.,-1.92454012585453E-14));
#1678=DIRECTION('',(0.762700998256438,2.99702561408341E-14,0.646751256093587));
#1679=DIRECTION('',(1.,0.,0.));
#1680=DIRECTION('',(0.,0.,-1.));
#1681=DIRECTION('',(0.707106781186548,-0.707106781186548,0.));
#1682=DIRECTION('',(0.,0.,1.));
#1683=DIRECTION('',(-0.577350269189626,-0.577350269189626,0.577350269189626));
#1684=DIRECTION('',(0.,0.,-1.));
#1685=DIRECTION('',(-0.577350269189626,-0.577350269189626,0.577350269189626));
#1686=DIRECTION('',(0.,0.,1.));
#1687=DIRECTION('',(-0.707106781186548,0.,-0.707106781186548));
#1688=DIRECTION('',(0.,-1.,0.));
#1689=DIRECTION('',(-0.577350269189626,0.577350269189626,0.577350269189626));
#1690=DIRECTION('',(0.,-1.,0.));
#1691=DIRECTION('',(0.,1.,0.));
#1692=DIRECTION('',(-1.,0.,0.));
#1693=DIRECTION('',(0.,0.,1.));
#1694=DIRECTION('',(3.38021783920186E-14,-1.,2.82082799444107E-14));
#1695=DIRECTION('',(0.772804317789469,4.39914286034103E-14,0.634644377904629));
#1696=DIRECTION('',(1.,0.,0.));
#1697=DIRECTION('',(0.,0.,-1.));
#1698=DIRECTION('',(-0.707106781186568,0.48549276585726,-0.514098020128689));
#1699=DIRECTION('',(1.,0.,0.));
#1700=DIRECTION('',(0.,0.,-1.));
#1701=DIRECTION('',(0.707106781186526,0.48549276585727,-0.514098020128738));
#1702=DIRECTION('',(0.,-0.727044392455195,-0.686590453909356));
#1703=DIRECTION('',(0.67638251441425,-0.67638251441425,0.291570554736438));
#1704=DIRECTION('',(0.,0.727044392455195,0.686590453909356));
#1705=DIRECTION('',(0.,-0.727044392455195,-0.686590453909356));
#1706=DIRECTION('',(0.707106781186548,0.,-0.707106781186548));
#1707=DIRECTION('',(0.,1.,0.));
#1708=DIRECTION('',(0.577350269189612,-0.577350269189633,0.577350269189633));
#1709=DIRECTION('',(0.,-1.,0.));
#1710=DIRECTION('',(0.577350269189611,-0.577350269189636,0.577350269189631));
#1711=DIRECTION('',(0.,1.,0.));
#1712=DIRECTION('',(0.707106781186548,0.707106781186548,0.));
#1713=DIRECTION('',(0.,0.,1.));
#1714=DIRECTION('',(0.680186824806486,-0.680186824806463,-0.273297944960025));
#1715=DIRECTION('',(0.,0.,-1.));
#1716=DIRECTION('',(0.680186824806486,-0.680186824806463,0.273297944960025));
#1717=DIRECTION('',(0.,0.,1.));
#1718=DIRECTION('',(0.707106781186523,0.510529282850239,-0.489244163329983));
#1719=DIRECTION('',(0.,0.691895731093116,0.721997435795393));
#1720=DIRECTION('',(-0.676958559519949,0.288884436038674,-0.676958559519926));
#1721=DIRECTION('',(0.,0.691895731093116,0.721997435795393));
#1722=DIRECTION('',(0.,-0.691895731093116,-0.721997435795393));
#1723=DIRECTION('',(-0.707106781186523,-0.510529282850239,-0.489244163329983));
#1724=DIRECTION('',(0.,-0.691895731093116,0.721997435795393));
#1725=DIRECTION('',(-0.676958559519949,0.288884436038674,0.676958559519926));
#1726=DIRECTION('',(0.,0.691895731093116,-0.721997435795393));
#1727=DIRECTION('',(0.,-0.691895731093116,0.721997435795393));
#1728=DIRECTION('',(-0.707106781186548,0.,0.707106781186548));
#1729=DIRECTION('',(0.,1.,0.));
#1730=DIRECTION('',(-0.678598344545876,-0.281084637714739,-0.678598344545852));
#1731=DIRECTION('',(0.,1.,0.));
#1732=DIRECTION('',(0.,-1.,0.));
#1733=DIRECTION('',(0.707106781186548,0.,0.707106781186548));
#1734=DIRECTION('',(0.,-1.,0.));
#1735=DIRECTION('',(-0.678598344545847,-0.281084637714876,0.678598344545824));
#1736=DIRECTION('',(0.,1.,0.));
#1737=DIRECTION('',(0.,-1.,0.));
#1738=DIRECTION('',(0.707106781186505,-0.50000000000003,-0.50000000000003));
#1739=DIRECTION('',(0.,0.707106781186548,-0.707106781186548));
#1740=DIRECTION('',(0.678598344545882,0.678598344545835,0.281084637714765));
#1741=DIRECTION('',(0.,0.707106781186548,-0.707106781186548));
#1742=DIRECTION('',(0.,-0.707106781186548,0.707106781186548));
#1743=DIRECTION('',(-0.70710678118656,0.499999999999989,-0.499999999999993));
#1744=DIRECTION('',(0.,0.707106781186551,0.707106781186545));
#1745=DIRECTION('',(-0.678598344545853,-0.678598344545806,0.281084637714905));
#1746=DIRECTION('',(0.,-0.707106781186551,-0.707106781186545));
#1747=DIRECTION('',(0.,-0.707106781186551,-0.707106781186545));
#1748=DIRECTION('',(0.707106781186548,-0.707106781186548,0.));
#1749=DIRECTION('',(0.,0.,-1.));
#1750=DIRECTION('',(0.,0.,1.));
#1751=DIRECTION('',(0.,0.,-1.));
#1752=DIRECTION('',(0.707106781186548,-0.707106781186548,0.));
#1753=DIRECTION('',(0.,0.,1.));
#1754=DIRECTION('',(0.577350269189636,0.577350269189621,-0.577350269189621));
#1755=DIRECTION('',(0.,0.,-1.));
#1756=DIRECTION('',(0.707106781186557,0.707106781186538,0.));
#1757=DIRECTION('',(0.,0.,1.));
#1758=DIRECTION('',(-0.707106781186548,0.,-0.707106781186548));
#1759=DIRECTION('',(-0.707106781186548,0.,0.707106781186548));
#1760=DIRECTION('',(0.,-1.,0.));
#1761=DIRECTION('',(0.707106781186548,0.,0.707106781186548));
#1762=DIRECTION('',(0.,-1.,0.));
#1763=DIRECTION('',(0.,1.,0.));
#1764=DIRECTION('',(-0.707106781186382,0.500000000000669,-0.499999999999565));
#1765=DIRECTION('',(-0.707106781186551,-0.5,0.5));
#1766=DIRECTION('',(0.,-0.707106781186548,-0.707106781186548));
#1767=DIRECTION('',(-0.577350269189618,0.,-0.816496580927732));
#1768=DIRECTION('',(0.,-0.707106781186548,-0.707106781186548));
#1769=DIRECTION('',(0.,0.707106781186548,0.707106781186548));
#1770=DIRECTION('',(0.707106781186548,-0.707106781186548,0.));
#1771=DIRECTION('',(0.,0.,-1.));
#1772=DIRECTION('',(0.707106781186557,0.707106781186538,0.));
#1773=DIRECTION('',(0.,0.,1.));
#1774=DIRECTION('',(-0.577350269189636,-0.577350269189621,-0.577350269189621));
#1775=DIRECTION('',(0.,0.,-1.));
#1776=DIRECTION('',(-0.707106781186548,-0.707106781186548,0.));
#1777=DIRECTION('',(0.,0.,1.));
#1778=DIRECTION('',(-0.577350269189626,0.577350269189626,0.577350269189626));
#1779=DIRECTION('',(0.577350269189626,-0.577350269189626,0.577350269189626));
#1780=DIRECTION('',(0.,0.,-1.));
#1781=DIRECTION('',(0.56898094377044,-0.56898094377046,0.593735101920189));
#1782=DIRECTION('',(0.707106781186535,-0.70710678118656,0.));
#1783=DIRECTION('',(0.,0.,1.));
#1784=DIRECTION('',(0.707106781186548,0.,-0.707106781186548));
#1785=DIRECTION('',(0.,-1.,0.));
#1786=DIRECTION('',(0.577350269189626,-0.577350269189626,0.577350269189626));
#1787=DIRECTION('',(0.,1.,0.));
#1788=DIRECTION('',(0.566019551551876,0.599369447437911,0.566019551551876));
#1789=DIRECTION('',(0.,-1.,0.));
#1790=DIRECTION('',(1.,0.,0.));
#1791=DIRECTION('',(0.,0.,-1.));
#1792=DIRECTION('',(-1.,0.,0.));
#1793=DIRECTION('',(0.,0.,1.));
#1794=DIRECTION('',(-1.,0.,0.));
#1795=DIRECTION('',(0.,0.,1.));
#1796=DIRECTION('',(0.707106781186556,0.499999999999994,-0.499999999999994));
#1797=DIRECTION('',(0.,-0.707106781186548,-0.707106781186548));
#1798=DIRECTION('',(0.577350269189617,0.,0.816496580927732));
#1799=DIRECTION('',(0.,-0.707106781186548,-0.707106781186548));
#1800=DIRECTION('',(0.678598344545836,-0.67859834454586,0.281084637714815));
#1801=DIRECTION('',(0.,0.707106781186548,0.707106781186548));
#1802=DIRECTION('',(-0.707106781186548,-0.707106781186548,0.));
#1803=DIRECTION('',(0.,0.,1.));
#1804=DIRECTION('',(0.707106781186557,-0.707106781186538,0.));
#1805=DIRECTION('',(0.,0.,1.));
#1806=DIRECTION('',(0.,0.,-1.));
#1807=DIRECTION('',(-0.707106781186548,0.,0.707106781186548));
#1808=DIRECTION('',(0.707106781186548,0.,0.707106781186548));
#1809=DIRECTION('',(0.,-1.,0.));
#1810=DIRECTION('',(0.707106781186548,0.,-0.707106781186548));
#1811=DIRECTION('',(0.,-1.,0.));
#1812=DIRECTION('',(0.,1.,0.));
#1813=DIRECTION('',(-0.707106781186733,-0.49999999999985,0.499999999999887));
#1814=DIRECTION('',(0.707106781186559,-0.499999999999992,0.499999999999992));
#1815=DIRECTION('',(0.,-0.707106781186548,-0.707106781186548));
#1816=DIRECTION('',(-0.678598344545835,-0.678598344545859,0.281084637714821));
#1817=DIRECTION('',(0.,-0.707106781186548,-0.707106781186548));
#1818=DIRECTION('',(0.,0.707106781186548,0.707106781186548));
#1819=DIRECTION('',(0.707106781186548,-0.707106781186548,0.));
#1820=DIRECTION('',(0.,0.,-1.));
#1821=DIRECTION('',(-0.707106781186535,-0.70710678118656,0.));
#1822=DIRECTION('',(0.,0.,-1.));
#1823=DIRECTION('',(0.,0.,1.));
#1824=DIRECTION('',(-0.568980943770433,-0.568980943770453,-0.593735101920202));
#1825=DIRECTION('',(-0.142791590337022,-0.692539213134557,-0.707106781186542));
#1826=DIRECTION('',(-0.979398347690075,0.201937803647438,0.));
#1827=DIRECTION('',(0.980213693689945,0.,-0.197942200408893));
#1828=DIRECTION('',(0.979398347690075,-0.201937803647438,0.));
#1829=DIRECTION('',(0.980213693689945,0.,-0.197942200408893));
#1830=DIRECTION('',(-0.979398347690075,0.201937803647438,0.));
#1831=DIRECTION('',(0.,0.707106781186548,-0.707106781186548));
#1832=DIRECTION('',(-1.,0.,0.));
#1833=DIRECTION('',(-1.,0.,0.));
#1834=DIRECTION('',(1.,0.,0.));
#1835=DIRECTION('',(0.,-0.707106781186548,-0.707106781186548));
#1836=DIRECTION('',(0.,-1.,0.));
#1837=DIRECTION('',(0.,0.,-1.));
#1838=DIRECTION('',(0.,0.,-1.));
#1839=DIRECTION('',(-1.,0.,0.));
#1840=DIRECTION('',(0.,0.,-1.));
#1841=DIRECTION('',(-1.,0.,0.));
#1842=DIRECTION('',(0.,-0.707106781186548,-0.707106781186548));
#1843=DIRECTION('',(-1.,0.,0.));
#1844=DIRECTION('',(0.,-0.707106781186551,0.707106781186545));
#1845=DIRECTION('',(-1.,0.,0.));
#1846=DIRECTION('',(0.,0.707106781186551,-0.707106781186545));
#1847=DIRECTION('',(1.,0.,0.));
#1848=DIRECTION('',(0.,-0.707106781186548,-0.707106781186548));
#1849=DIRECTION('',(1.,0.,0.));
#1850=DIRECTION('',(-1.,0.,0.));
#1851=DIRECTION('',(0.,-0.707106781186548,0.707106781186548));
#1852=DIRECTION('',(1.,0.,0.));
#1853=DIRECTION('',(1.,0.,0.));
#1854=DIRECTION('',(0.,0.,-1.));
#1855=DIRECTION('',(0.,-0.727044392455195,-0.686590453909356));
#1856=DIRECTION('',(0.,0.,1.));
#1857=DIRECTION('',(0.,0.,-1.));
#1858=DIRECTION('',(-1.,0.,0.));
#1859=DIRECTION('',(0.707106781186548,-0.707106781186548,0.));
#1860=DIRECTION('',(1.,0.,0.));
#1861=DIRECTION('',(0.,1.,0.));
#1862=DIRECTION('',(1.,0.,0.));
#1863=DIRECTION('',(1.,0.,0.));
#1864=DIRECTION('',(0.,0.,1.));
#1865=DIRECTION('',(1.,0.,0.));
#1866=DIRECTION('',(0.,0.,1.));
#1867=DIRECTION('',(1.,0.,0.));
#1868=DIRECTION('',(0.,0.,-1.));
#1869=DIRECTION('',(-1.,0.,0.));
#1870=DIRECTION('',(0.,-1.,0.));
#1871=DIRECTION('',(0.,0.,-1.));
#1872=DIRECTION('',(-1.,0.,0.));
#1873=DIRECTION('',(0.,0.,-1.));
#1874=DIRECTION('',(1.,0.,0.));
#1875=DIRECTION('',(1.,0.,0.));
#1876=DIRECTION('',(1.,0.,0.));
#1877=DIRECTION('',(0.,0.,-1.));
#1878=DIRECTION('',(0.,-0.727044392455195,-0.686590453909356));
#1879=DIRECTION('',(0.,0.,1.));
#1880=DIRECTION('',(0.,1.,0.));
#1881=DIRECTION('',(0.,-0.691895731093116,-0.721997435795393));
#1882=DIRECTION('',(0.,0.,1.));
#1883=DIRECTION('',(0.,1.,0.));
#1884=DIRECTION('',(0.,0.,-1.));
#1885=DIRECTION('',(1.,0.,0.));
#1886=DIRECTION('',(0.,1.,0.));
#1887=DIRECTION('',(1.,0.,0.));
#1888=DIRECTION('',(0.,0.,-1.));
#1889=DIRECTION('',(0.,0.,1.));
#1890=DIRECTION('',(0.,0.,1.));
#1891=DIRECTION('',(0.,0.,1.));
#1892=DIRECTION('',(1.,0.,0.));
#1893=DIRECTION('',(0.,0.,1.));
#1894=DIRECTION('',(1.,0.,0.));
#1895=DIRECTION('',(-1.,0.,0.));
#1896=DIRECTION('',(-1.,0.,0.));
#1897=DIRECTION('',(0.,0.686590453909356,-0.727044392455195));
#1898=DIRECTION('',(0.,0.727044392455195,0.686590453909356));
#1899=DIRECTION('',(-1.,0.,0.));
#1900=DIRECTION('',(-0.588050898669934,0.588050898669934,0.555330785340562));
#1901=DIRECTION('',(-1.,0.,0.));
#1902=DIRECTION('',(0.,0.,-1.));
#1903=DIRECTION('',(-1.,0.,0.));
#1904=DIRECTION('',(0.,-0.707106781186548,0.707106781186548));
#1905=DIRECTION('',(1.,0.,0.));
#1906=DIRECTION('',(-1.,0.,0.));
#1907=DIRECTION('',(-1.,-3.77302356024943E-13,-3.77302356024943E-13));
#1908=DIRECTION('',(0.,0.,1.));
#1909=DIRECTION('',(1.,0.,0.));
#1910=DIRECTION('',(1.,3.74049749507492E-13,0.));
#1911=DIRECTION('',(0.,0.,-1.));
#1912=DIRECTION('',(-1.,0.,0.));
#1913=DIRECTION('',(0.,0.,1.));
#1914=DIRECTION('',(1.,0.,0.));
#1915=DIRECTION('',(0.,0.,-1.));
#1916=DIRECTION('',(-1.,0.,0.));
#1917=DIRECTION('',(0.,0.,-1.));
#1918=DIRECTION('',(1.,0.,0.));
#1919=DIRECTION('',(0.,-0.721997435795405,0.691895731093103));
#1920=DIRECTION('',(1.,0.,0.));
#1921=DIRECTION('',(-1.,0.,0.));
#1922=DIRECTION('',(0.,0.707106781186548,0.707106781186548));
#1923=DIRECTION('',(-1.,0.,0.));
#1924=DIRECTION('',(0.,0.707106781186546,-0.707106781186549));
#1925=DIRECTION('',(0.,-0.707106781186544,0.707106781186551));
#1926=DIRECTION('',(0.707106950379474,0.000202660774775213,0.707106582951714));
#1927=DIRECTION('',(0.707106942690915,-0.000196963110464532,-0.707106592250306));
#1928=DIRECTION('',(0.,-0.707106781186548,-0.707106781186548));
#1929=DIRECTION('',(0.,0.707106781186548,0.707106781186548));
#1930=DIRECTION('',(0.,0.707106781186548,-0.707106781186548));
#1931=DIRECTION('',(1.,0.,0.));
#1932=DIRECTION('',(1.,0.,0.));
#1933=DIRECTION('',(0.,0.,1.));
#1934=DIRECTION('',(1.,0.,0.));
#1935=DIRECTION('',(0.,-1.,0.));
#1936=DIRECTION('',(0.,0.,-1.));
#1937=DIRECTION('',(-1.,0.,0.));
#1938=DIRECTION('',(0.,0.,-1.));
#1939=DIRECTION('',(-1.,0.,0.));
#1940=DIRECTION('',(0.,0.,1.));
#1941=DIRECTION('',(-0.201937803647438,-0.979398347690075,0.));
#1942=DIRECTION('',(0.979398347690075,-0.201937803647438,0.));
#1943=DIRECTION('',(-0.979398347690075,0.201937803647438,0.));
#1944=DIRECTION('',(0.707106781186548,0.707106781186548,0.));
#1945=DIRECTION('',(0.,0.,-1.));
#1946=DIRECTION('',(0.,0.,1.));
#1947=DIRECTION('',(1.,0.,0.));
#1948=DIRECTION('',(0.,0.,-1.));
#1949=DIRECTION('',(0.,-1.,0.));
#1950=DIRECTION('',(0.,1.,0.));
#1951=DIRECTION('',(0.,-0.707106781186551,-0.707106781186545));
#1952=DIRECTION('',(0.,0.,-1.));
#1953=DIRECTION('',(0.,-0.707106781186548,0.707106781186548));
#1954=DIRECTION('',(0.,-1.,0.));
#1955=DIRECTION('',(0.,0.,-1.));
#1956=DIRECTION('',(0.,0.,-1.));
#1957=DIRECTION('',(-1.,0.,0.));
#1958=DIRECTION('',(-1.,0.,0.));
#1959=DIRECTION('',(1.,0.,0.));
#1960=DIRECTION('',(-1.,0.,0.));
#1961=DIRECTION('',(0.,-1.,0.));
#1962=DIRECTION('',(0.,0.707106781186548,0.707106781186548));
#1963=DIRECTION('',(1.,0.,0.));
#1964=DIRECTION('',(1.,0.,0.));
#1965=DIRECTION('',(0.,1.,0.));
#1966=DIRECTION('',(0.,0.,1.));
#1967=DIRECTION('',(-1.,0.,0.));
#1968=DIRECTION('',(0.,-0.707106781186548,0.707106781186548));
#1969=DIRECTION('',(1.,0.,0.));
#1970=DIRECTION('',(1.,0.,0.));
#1971=DIRECTION('',(0.,0.,-1.));
#1972=DIRECTION('',(-1.,0.,0.));
#1973=DIRECTION('',(-1.,0.,0.));
#1974=DIRECTION('',(0.,0.721997435795393,0.691895731093116));
#1975=DIRECTION('',(1.,0.,0.));
#1976=DIRECTION('',(1.,0.,0.));
#1977=DIRECTION('',(0.,-1.,0.));
#1978=DIRECTION('',(0.,0.,-1.));
#1979=DIRECTION('',(1.,0.,0.));
#1980=DIRECTION('',(-1.,0.,0.));
#1981=DIRECTION('',(0.,-0.721997435795393,0.691895731093116));
#1982=DIRECTION('',(-1.,0.,0.));
#1983=DIRECTION('',(-1.,0.,0.));
#1984=DIRECTION('',(0.,0.,1.));
#1985=DIRECTION('',(0.,-0.707106781186548,-0.707106781186548));
#1986=DIRECTION('',(-1.,0.,0.));
#1987=DIRECTION('',(0.577350269189626,0.577350269189626,-0.577350269189626));
#1988=DIRECTION('',(0.,-0.707106781186548,0.707106781186548));
#1989=DIRECTION('',(1.,0.,0.));
#1990=DIRECTION('',(0.0719519086849345,0.705274032854108,0.705274032854108));
#1991=DIRECTION('',(0.707106781186548,0.,0.707106781186548));
#1992=DIRECTION('',(0.,1.,0.));
#1993=DIRECTION('',(0.577350269189626,-0.577350269189626,-0.577350269189626));
#1994=DIRECTION('',(-0.142791590337021,-0.692539213134553,0.707106781186546));
#1995=DIRECTION('',(0.979398347690075,-0.201937803647438,0.));
#1996=DIRECTION('',(0.0719519086849345,0.705274032854108,0.705274032854108));
#1997=DIRECTION('',(0.,-0.707106781186548,0.707106781186548));
#1998=DIRECTION('',(1.,0.,0.));
#1999=DIRECTION('',(0.,0.,-1.));
#2000=DIRECTION('',(-1.,0.,0.));
#2001=CARTESIAN_POINT('',(0.,0.,0.));
#2002=CARTESIAN_POINT('',(-0.047,-0.0282,-0.073));
#2003=CARTESIAN_POINT('',(-0.0981,-0.0282,-0.073));
#2004=CARTESIAN_POINT('',(-0.0981,-0.0328,-0.073));
#2005=CARTESIAN_POINT('',(-0.0981,-0.0153010309278351,-0.073));
#2006=CARTESIAN_POINT('',(-0.047,-0.0153010309278351,-0.073));
#2007=CARTESIAN_POINT('',(-0.0855408079159776,-0.0153010309278351,-0.073));
#2008=CARTESIAN_POINT('',(-0.0460205243313683,-0.023449543007136,-0.073));
#2009=CARTESIAN_POINT('',(-0.0452908079159778,-0.0236,-0.073));
#2010=CARTESIAN_POINT('',(-0.047,-0.0236,-0.073));
#2011=CARTESIAN_POINT('',(-0.0295000007332531,-0.0236000937386781,-0.073));
#2012=CARTESIAN_POINT('',(-0.0295000014665061,-0.0236001874773561,-0.073));
#2013=CARTESIAN_POINT('',(-0.0263736997829495,-0.023624642380501,-0.073));
#2014=CARTESIAN_POINT('',(-0.0249217314333674,-0.025055257301532,-0.073));
#2015=CARTESIAN_POINT('',(-0.0249004273103365,-0.0281997637861408,-0.073));
#2016=CARTESIAN_POINT('',(-0.0249003101619359,-0.0281997645226196,-0.0730000390490911));
#2017=CARTESIAN_POINT('',(-0.0249002711170581,-0.0281997647680834,-0.073));
#2018=CARTESIAN_POINT('',(-0.024919928892132,-0.0313266406433718,-0.073));
#2019=CARTESIAN_POINT('',(-0.0263749575042553,-0.0327938530058431,-0.073));
#2020=CARTESIAN_POINT('',(-0.0295000000005639,-0.0328,-0.073));
#2021=CARTESIAN_POINT('',(-0.0295000000005639,-0.0328,-0.073));
#2022=CARTESIAN_POINT('',(-0.0983,-0.0328,-0.073));
#2023=CARTESIAN_POINT('',(-0.047,-0.0282,-0.073));
#2024=CARTESIAN_POINT('',(-0.0436,-0.0282,-0.073));
#2025=CARTESIAN_POINT('',(-0.0985,-0.0151010309278351,-0.064));
#2026=CARTESIAN_POINT('',(-0.0983,-0.0149010309278351,-0.064));
#2027=CARTESIAN_POINT('',(-0.0983,-0.0149010309278351,-0.0726));
#2028=CARTESIAN_POINT('',(-0.0983,-0.0149010309278351,-0.0639010309278351));
#2029=CARTESIAN_POINT('',(-0.0814666666666667,0.00193230240549823,-0.0557666666666667));
#2030=CARTESIAN_POINT('',(-0.0984,-0.0150010309278351,-0.0727));
#2031=CARTESIAN_POINT('',(-0.102599656357388,-0.0192006872852234,-0.0685003436426117));
#2032=CARTESIAN_POINT('',(-0.0985,-0.0151010309278351,-0.0726));
#2033=CARTESIAN_POINT('',(-0.0985,-0.0151010309278351,-0.064));
#2034=CARTESIAN_POINT('',(-0.0985,-0.015101030927835,-0.0641010309278351));
#2035=CARTESIAN_POINT('',(-0.098466323024055,-0.01506735395189,-0.0640673539518901));
#2036=CARTESIAN_POINT('',(-0.0925,-0.0232,-0.054));
#2037=CARTESIAN_POINT('',(-0.0923,-0.0213977000584878,-0.0559084915301948));
#2038=CARTESIAN_POINT('',(-0.0923,-0.0211353960853324,-0.0556607825789122));
#2039=CARTESIAN_POINT('',(-0.0923754820936639,-0.0208836049899134,-0.0554230015516626));
#2040=CARTESIAN_POINT('',(-0.0925,-0.0206386434282063,-0.0551916700517044));
#2041=CARTESIAN_POINT('',(-0.0923,-0.0213977000584879,-0.0559084915301948));
#2042=CARTESIAN_POINT('',(-0.0925,-0.0206386434282063,-0.0551916700517043));
#2043=CARTESIAN_POINT('',(-0.0923,-0.0232,-0.054));
#2044=CARTESIAN_POINT('',(-0.0923,-0.0247,-0.0518457890075482));
#2045=CARTESIAN_POINT('',(-0.107598027846286,-0.0247000000000006,-0.0644088753441272));
#2046=CARTESIAN_POINT('',(-0.0925,-0.0247,-0.0516061276140947));
#2047=CARTESIAN_POINT('',(-0.0925,-0.0232,-0.054));
#2048=CARTESIAN_POINT('',(-0.0996058920042238,-0.0142,-0.064));
#2049=CARTESIAN_POINT('',(-0.0990566235119757,-0.0136507315077519,-0.0574492684922481));
#2050=CARTESIAN_POINT('',(-0.0996058920042238,-0.0142,-0.0569));
#2051=CARTESIAN_POINT('',(-0.0998058920042238,-0.0144,-0.0567));
#2052=CARTESIAN_POINT('',(-0.0998058920042238,-0.0144,-0.0319));
#2053=CARTESIAN_POINT('',(-0.0998058920042238,-0.0144,-0.0513));
#2054=CARTESIAN_POINT('',(-0.0920705946694825,-0.00666470266525873,-0.0590352973347413));
#2055=CARTESIAN_POINT('',(-0.0996058920042238,-0.0142,-0.0515));
#2056=CARTESIAN_POINT('',(-0.0996058920042238,-0.0142,-0.064));
#2057=CARTESIAN_POINT('',(-0.0996058920042238,-0.0125521945232556,-0.0569));
#2058=CARTESIAN_POINT('',(-0.0992428105595551,-0.0177856211191103,-0.0572630814446687));
#2059=CARTESIAN_POINT('',(-0.0996058920042238,-0.0174225396744416,-0.0569));
#2060=CARTESIAN_POINT('',(-0.0998058920042238,-0.0172225396744416,-0.0567));
#2061=CARTESIAN_POINT('',(-0.0998058920042238,-0.0172225396744416,-0.0567));
#2062=CARTESIAN_POINT('',(-0.0996058920042238,-0.0142,-0.0569));
#2063=CARTESIAN_POINT('',(-0.0985,-0.0232,-0.054));
#2064=CARTESIAN_POINT('',(-0.113598027846621,-0.0247000000000008,-0.0644088753444075));
#2065=CARTESIAN_POINT('',(-0.0983,-0.0247,-0.0518457890075482));
#2066=CARTESIAN_POINT('',(-0.0985,-0.0247,-0.0516061276140947));
#2067=CARTESIAN_POINT('',(-0.0983,-0.0232,-0.054));
#2068=CARTESIAN_POINT('',(-0.0983,-0.0213977000584879,-0.0559084915301948));
#2069=CARTESIAN_POINT('',(-0.0983,-0.0213977000584878,-0.0559084915301948));
#2070=CARTESIAN_POINT('',(-0.0985,-0.021260381967706,-0.0560539004086859));
#2071=CARTESIAN_POINT('',(-0.0985,-0.0232,-0.054));
#2072=CARTESIAN_POINT('',(-0.0983,-0.0194768290666818,-0.0540945009405532));
#2073=CARTESIAN_POINT('',(-0.0980969947035416,-0.0189314369751238,-0.0533002354099304));
#2074=CARTESIAN_POINT('',(-0.0985,-0.0185284316786655,-0.0534739602998352));
#2075=CARTESIAN_POINT('',(-0.0983,-0.0187284316786655,-0.0533877456066629));
#2076=CARTESIAN_POINT('',(-0.0985,-0.0288951671049895,-0.0632638736198208));
#2077=CARTESIAN_POINT('',(-0.0983,-0.0194768290666818,-0.0540945009405532));
#2078=CARTESIAN_POINT('',(-0.0985,-0.0282,-0.0513));
#2079=CARTESIAN_POINT('',(-0.0987333333333333,-0.0286666666666667,-0.0515333333333333));
#2080=CARTESIAN_POINT('',(-0.0985,-0.0289,-0.0513));
#2081=CARTESIAN_POINT('',(-0.0983,-0.0291,-0.0511));
#2082=CARTESIAN_POINT('',(-0.0983,-0.0232,-0.0511));
#2083=CARTESIAN_POINT('',(-0.0983,-0.0251,-0.0511));
#2084=CARTESIAN_POINT('',(-0.0967,-0.0267,-0.0495));
#2085=CARTESIAN_POINT('',(-0.0985,-0.0249,-0.0513));
#2086=CARTESIAN_POINT('',(-0.0985,-0.0282,-0.0513));
#2087=CARTESIAN_POINT('',(-0.1019,-0.033,-0.0555));
#2088=CARTESIAN_POINT('',(-0.1017,-0.0332,-0.0566956919723597));
#2089=CARTESIAN_POINT('',(-0.1019,-0.033,-0.0566153323020477));
#2090=CARTESIAN_POINT('',(-0.1017,-0.0332,-0.0566956919723597));
#2091=CARTESIAN_POINT('',(-0.1017,-0.0332,-0.067));
#2092=CARTESIAN_POINT('',(-0.1017,-0.0332,-0.0513043080276405));
#2093=CARTESIAN_POINT('',(-0.111277050891927,-0.0236229491080731,-0.0551523512888223));
#2094=CARTESIAN_POINT('',(-0.1019,-0.033,-0.0513846676979524));
#2095=CARTESIAN_POINT('',(-0.1019,-0.033,-0.0555));
#2096=CARTESIAN_POINT('',(-0.1019,0.00190135937507223,-0.0149648852911949));
#2097=CARTESIAN_POINT('',(-0.103617338684889,-0.0321860073601226,-0.0530173386848888));
#2098=CARTESIAN_POINT('',(-0.1017,-0.0330042100357369,-0.0511));
#2099=CARTESIAN_POINT('',(-0.1019,-0.0329188622897114,-0.0513));
#2100=CARTESIAN_POINT('',(-0.1019,0.00190135937507223,-0.0149648852911949));
#2101=CARTESIAN_POINT('',(-0.1017,-0.0330042100357369,-0.0511));
#2102=CARTESIAN_POINT('',(-0.1017,-0.0332,-0.0566956919723597));
#2103=CARTESIAN_POINT('',(-0.101755339598548,-0.0329805944857268,-0.0568446604014519));
#2104=CARTESIAN_POINT('',(-0.1017,-0.0330042100357369,-0.0569));
#2105=CARTESIAN_POINT('',(-0.1019,-0.0329188622897114,-0.0567));
#2106=CARTESIAN_POINT('',(-0.1017,-0.0330042100357369,-0.0569));
#2107=CARTESIAN_POINT('',(-0.1019,-0.0330556005128409,-0.0565573128261411));
#2108=CARTESIAN_POINT('',(-0.1017,-0.0232,-0.0511));
#2109=CARTESIAN_POINT('',(-0.112364069055985,-0.0335172020330709,-0.0617640690559849));
#2110=CARTESIAN_POINT('',(-0.1017,-0.0291,-0.0511));
#2111=CARTESIAN_POINT('',(-0.1019,-0.0291828427124746,-0.0513));
#2112=CARTESIAN_POINT('',(-0.1019,-0.0291,-0.0513));
#2113=CARTESIAN_POINT('',(-0.1017,-0.0330042100357369,-0.0511));
#2114=CARTESIAN_POINT('',(-0.1019,0.0442,-0.0567));
#2115=CARTESIAN_POINT('',(-0.0879026946167063,-0.0233849689860353,-0.0706973053832932));
#2116=CARTESIAN_POINT('',(-0.1017,-0.0291,-0.0569));
#2117=CARTESIAN_POINT('',(-0.1019,-0.0291828427124746,-0.0567));
#2118=CARTESIAN_POINT('',(-0.1017,-0.0232,-0.0569));
#2119=CARTESIAN_POINT('',(-0.1019,0.0442,-0.0567));
#2120=CARTESIAN_POINT('',(-0.1019,0.0096085786437627,-0.0900914213562373));
#2121=CARTESIAN_POINT('',(-0.10264717256461,-0.0296471725646101,-0.0518923317221692));
#2122=CARTESIAN_POINT('',(-0.1019,-0.0289,-0.0515828427124746));
#2123=CARTESIAN_POINT('',(-0.1017,-0.0287,-0.0515));
#2124=CARTESIAN_POINT('',(-0.1019,0.0096085786437627,-0.0900914213562373));
#2125=CARTESIAN_POINT('',(-0.1017,-0.0291,-0.0511));
#2126=CARTESIAN_POINT('',(-0.1019,0.00810857864376301,-0.0194085786437627));
#2127=CARTESIAN_POINT('',(-0.0919168565870373,-0.018916856587038,-0.0605523106842914));
#2128=CARTESIAN_POINT('',(-0.1017,-0.0287,-0.0565));
#2129=CARTESIAN_POINT('',(-0.1019,-0.0289,-0.0564171572875254));
#2130=CARTESIAN_POINT('',(-0.1017,-0.0291,-0.0569));
#2131=CARTESIAN_POINT('',(-0.1019,0.00810857864376301,-0.0194085786437627));
#2132=CARTESIAN_POINT('',(-0.1019,-0.0289,-0.0555));
#2133=CARTESIAN_POINT('',(-0.1017,-0.0287,-0.0557137765740976));
#2134=CARTESIAN_POINT('',(-0.1019,-0.0289,-0.0555));
#2135=CARTESIAN_POINT('',(-0.0923,-0.0142,-0.064));
#2136=CARTESIAN_POINT('',(-0.0881333333333333,-0.0100333333333334,-0.0556666666666666));
#2137=CARTESIAN_POINT('',(-0.0925,-0.0144,-0.0513));
#2138=CARTESIAN_POINT('',(-0.0923,-0.0142,-0.0515));
#2139=CARTESIAN_POINT('',(-0.0925,-0.0144,-0.064));
#2140=CARTESIAN_POINT('',(-0.0925,-0.0144,-0.049));
#2141=CARTESIAN_POINT('',(-0.0924,-0.0143,-0.049));
#2142=CARTESIAN_POINT('',(-0.0923,-0.0142,-0.049));
#2143=CARTESIAN_POINT('',(-0.0923,-0.0142,-0.064));
#2144=CARTESIAN_POINT('',(-0.092296688010804,-0.014196688010804,-0.049));
#2145=CARTESIAN_POINT('',(-0.092296688010804,-0.0141972263400576,-0.0483343686869403));
#2146=CARTESIAN_POINT('',(-0.092296688010804,-0.0142632941074213,-0.0476543685238607));
#2147=CARTESIAN_POINT('',(-0.092296688010804,-0.0146343352044259,-0.0463578281587032));
#2148=CARTESIAN_POINT('',(-0.092296688010804,-0.0149633277617394,-0.0457278625883346));
#2149=CARTESIAN_POINT('',(-0.092296688010804,-0.01594953763494,-0.0447499656176984));
#2150=CARTESIAN_POINT('',(-0.092296688010804,-0.0165861732723381,-0.0444230278213507));
#2151=CARTESIAN_POINT('',(-0.092296688010804,-0.0178800471605927,-0.0440591179774246));
#2152=CARTESIAN_POINT('',(-0.092296688010804,-0.0185359998083576,-0.0439977386656654));
#2153=CARTESIAN_POINT('',(-0.092296688010804,-0.0192,-0.043996688010804));
#2154=CARTESIAN_POINT('',(-0.0923,-0.0142,-0.049));
#2155=CARTESIAN_POINT('',(-0.0923,-0.0142005361858099,-0.048334588800011));
#2156=CARTESIAN_POINT('',(-0.0923,-0.0142665879179372,-0.0476548860976027));
#2157=CARTESIAN_POINT('',(-0.0923,-0.0146374041285857,-0.0463591525125341));
#2158=CARTESIAN_POINT('',(-0.0923,-0.0149661309301977,-0.0457297473773778));
#2159=CARTESIAN_POINT('',(-0.0923,-0.015951401902355,-0.0447527810554694));
#2160=CARTESIAN_POINT('',(-0.0923,-0.0165874763854121,-0.0444261043449587));
#2161=CARTESIAN_POINT('',(-0.0923,-0.0178805521444659,-0.0440624138846845));
#2162=CARTESIAN_POINT('',(-0.0923,-0.0185362199756722,-0.0440010484022713));
#2163=CARTESIAN_POINT('',(-0.0923,-0.0192,-0.044));
#2164=CARTESIAN_POINT('',(-0.0925,-0.0144,-0.049));
#2165=CARTESIAN_POINT('',(-0.0925,-0.0144004067503852,-0.0483478806954679));
#2166=CARTESIAN_POINT('',(-0.0925,-0.0144654901679744,-0.0476861406525789));
#2167=CARTESIAN_POINT('',(-0.0925,-0.0148227262403569,-0.0464391258308314));
#2168=CARTESIAN_POINT('',(-0.0925,-0.0151354049400131,-0.0458435635121369));
#2169=CARTESIAN_POINT('',(-0.0925,-0.0160639788043125,-0.0449227959682241));
#2170=CARTESIAN_POINT('',(-0.0925,-0.0166661670451295,-0.044611885362104));
#2171=CARTESIAN_POINT('',(-0.0925,-0.0179110464391851,-0.0442614427501107));
#2172=CARTESIAN_POINT('',(-0.0925,-0.0185495151467336,-0.0442009123758569));
#2173=CARTESIAN_POINT('',(-0.0925,-0.0192,-0.0442));
#2174=CARTESIAN_POINT('',(-0.0924,-0.0192,-0.0441));
#2175=CARTESIAN_POINT('',(-0.0923,-0.0192,-0.044));
#2176=CARTESIAN_POINT('',(-0.0925,-0.0192,-0.0442));
#2177=CARTESIAN_POINT('',(-0.0923,-0.0142,-0.0489999999999968));
#2178=CARTESIAN_POINT('',(-0.0922994530635531,-0.0142000000000004,-0.048321247166505));
#2179=CARTESIAN_POINT('',(-0.0923003564277778,-0.0143212907558257,-0.046971470879346));
#2180=CARTESIAN_POINT('',(-0.0922997552937718,-0.0153047046437269,-0.0451007399122906));
#2181=CARTESIAN_POINT('',(-0.0923006696181485,-0.0171599266977931,-0.0441255334430539));
#2182=CARTESIAN_POINT('',(-0.0922989271063144,-0.0185207136073757,-0.0440000000000002));
#2183=CARTESIAN_POINT('',(-0.0923,-0.0191999999999968,-0.044));
#2184=CARTESIAN_POINT('',(-0.0925,-0.0192,-0.0442));
#2185=CARTESIAN_POINT('',(-0.0925,-0.0185475793627253,-0.0442009150910048));
#2186=CARTESIAN_POINT('',(-0.0925,-0.0172508219225462,-0.0443123774931956));
#2187=CARTESIAN_POINT('',(-0.0925,-0.0154436914351259,-0.0452504208323378));
#2188=CARTESIAN_POINT('',(-0.0925,-0.0145171201075586,-0.0470402219384287));
#2189=CARTESIAN_POINT('',(-0.0925,-0.0144004070578484,-0.0483473877575922));
#2190=CARTESIAN_POINT('',(-0.0925,-0.0144,-0.049));
#2191=CARTESIAN_POINT('',(-0.0925,-0.0282,-0.0442));
#2192=CARTESIAN_POINT('',(-0.0924,-0.0220578643762736,-0.0441));
#2193=CARTESIAN_POINT('',(-0.0925,-0.0220578643762736,-0.0442));
#2194=CARTESIAN_POINT('',(-0.0923,-0.0220578643762741,-0.044));
#2195=CARTESIAN_POINT('',(-0.0923,-0.0220578643762737,-0.044));
#2196=CARTESIAN_POINT('',(-0.0925,-0.0192,-0.0442));
#2197=CARTESIAN_POINT('',(-0.0925,-0.0289875108319017,-0.0470703535443762));
#2198=CARTESIAN_POINT('',(-0.0925,-0.0280820004216255,-0.0461599348140406));
#2199=CARTESIAN_POINT('',(-0.0925,-0.0269986779855455,-0.0454052360223985));
#2200=CARTESIAN_POINT('',(-0.0925,-0.0246416121266516,-0.0444287674713));
#2201=CARTESIAN_POINT('',(-0.0925,-0.0233422488562334,-0.0441965068960863));
#2202=CARTESIAN_POINT('',(-0.0925,-0.0220578643762736,-0.0442));
#2203=CARTESIAN_POINT('',(-0.0923,-0.0291289321881391,-0.0469289321881391));
#2204=CARTESIAN_POINT('',(-0.0923,-0.0282079090079116,-0.0460027638977672));
#2205=CARTESIAN_POINT('',(-0.0923,-0.0271014593657125,-0.0452313325818882));
#2206=CARTESIAN_POINT('',(-0.0923,-0.0246919033494815,-0.0442331187798833));
#2207=CARTESIAN_POINT('',(-0.0923,-0.0233643604237361,-0.0439963388164228));
#2208=CARTESIAN_POINT('',(-0.0923,-0.0220578643762736,-0.044));
#2209=CARTESIAN_POINT('',(-0.0922959713540601,-0.0291317808710022,-0.046926083505276));
#2210=CARTESIAN_POINT('',(-0.0922959713540601,-0.0282104452134863,-0.0459995979678986));
#2211=CARTESIAN_POINT('',(-0.0922959713540601,-0.027103529714662,-0.0452278296049405));
#2212=CARTESIAN_POINT('',(-0.0922959713540601,-0.0246929163771348,-0.0442291777833516));
#2213=CARTESIAN_POINT('',(-0.0922959713540601,-0.0233648058221194,-0.0439923067848156));
#2214=CARTESIAN_POINT('',(-0.0922959713540601,-0.0220578643762736,-0.0439959713540601));
#2215=CARTESIAN_POINT('',(-0.0924,-0.0290582215100202,-0.0469996428662576));
#2216=CARTESIAN_POINT('',(-0.0923,-0.0291289321881379,-0.0469289321881379));
#2217=CARTESIAN_POINT('',(-0.0925,-0.0289875108319017,-0.0470703535443763));
#2218=CARTESIAN_POINT('',(-0.0923,-0.0220578643762748,-0.044));
#2219=CARTESIAN_POINT('',(-0.0923036829347346,-0.0233721223400463,-0.0440000000000005));
#2220=CARTESIAN_POINT('',(-0.0922963279481602,-0.026003053531783,-0.044462875671267));
#2221=CARTESIAN_POINT('',(-0.0923036616265668,-0.0281993746203529,-0.0459993746203508));
#2222=CARTESIAN_POINT('',(-0.0923,-0.0291289321881379,-0.0469289321881378));
#2223=CARTESIAN_POINT('',(-0.0925,-0.0289875108319017,-0.0470703535443762));
#2224=CARTESIAN_POINT('',(-0.0925,-0.0280791254834272,-0.046157044292237));
#2225=CARTESIAN_POINT('',(-0.0925,-0.025932527899154,-0.0446592996264736));
#2226=CARTESIAN_POINT('',(-0.0925,-0.0233463692376491,-0.0441964956900022));
#2227=CARTESIAN_POINT('',(-0.0925,-0.0220578643762736,-0.0442));
#2228=CARTESIAN_POINT('',(-0.0925,-0.0370585786437627,-0.0551414213562373));
#2229=CARTESIAN_POINT('',(-0.0847424723326569,-0.0332,-0.0403120418748332));
#2230=CARTESIAN_POINT('',(-0.0923,-0.0332,-0.051));
#2231=CARTESIAN_POINT('',(-0.0925,-0.0332,-0.0512828427124746));
#2232=CARTESIAN_POINT('',(-0.0923,-0.0332,-0.051));
#2233=CARTESIAN_POINT('',(-0.0925,-0.0289875108319019,-0.0470703535443765));
#2234=CARTESIAN_POINT('',(-0.0985,-0.0144,-0.064));
#2235=CARTESIAN_POINT('',(-0.0985,-0.0144,-0.0569));
#2236=CARTESIAN_POINT('',(-0.0985,-0.0144,-0.0569));
#2237=CARTESIAN_POINT('',(-0.0983,-0.0142,-0.0569));
#2238=CARTESIAN_POINT('',(-0.0983,-0.0142,-0.064));
#2239=CARTESIAN_POINT('',(-0.0983,-0.0142,-0.0632));
#2240=CARTESIAN_POINT('',(-0.1029,-0.0188,-0.0678));
#2241=CARTESIAN_POINT('',(-0.0985,-0.0144,-0.0634));
#2242=CARTESIAN_POINT('',(-0.0985,-0.0144,-0.064));
#2243=CARTESIAN_POINT('',(-0.0983,-0.0332,-0.067));
#2244=CARTESIAN_POINT('',(-0.100233333333333,-0.0312666666666667,-0.0708666666666667));
#2245=CARTESIAN_POINT('',(-0.0985,-0.033,-0.0726));
#2246=CARTESIAN_POINT('',(-0.0984,-0.0331,-0.0727));
#2247=CARTESIAN_POINT('',(-0.0964333333333333,-0.0350666666666666,-0.0707333333333333));
#2248=CARTESIAN_POINT('',(-0.0983,-0.0332,-0.0726));
#2249=CARTESIAN_POINT('',(-0.0983,-0.0332,-0.0686));
#2250=CARTESIAN_POINT('',(-0.0983,-0.0332,-0.0566956919723597));
#2251=CARTESIAN_POINT('',(-0.0816921731726189,-0.0498078268273817,-0.0393653228941181));
#2252=CARTESIAN_POINT('',(-0.098495789964263,-0.0330042100357369,-0.0569));
#2253=CARTESIAN_POINT('',(-0.0983,-0.0332,-0.0569));
#2254=CARTESIAN_POINT('',(-0.0985,-0.033,-0.0569));
#2255=CARTESIAN_POINT('',(-0.0985,-0.033,-0.0566956919723597));
#2256=CARTESIAN_POINT('',(-0.0996058920042238,-0.0162,-0.0511));
#2257=CARTESIAN_POINT('',(-0.0923372613361492,-0.0218686306680746,-0.0438313693319254));
#2258=CARTESIAN_POINT('',(-0.0996058920042238,-0.0146,-0.0511));
#2259=CARTESIAN_POINT('',(-0.0998058920042238,-0.0145,-0.0513));
#2260=CARTESIAN_POINT('',(-0.0998058920042238,-0.0165176760126718,-0.0513));
#2261=CARTESIAN_POINT('',(-0.0995699676307717,-0.0162678509651705,-0.0510640756265479));
#2262=CARTESIAN_POINT('',(-0.0996058920042238,-0.0163058920042238,-0.0511));
#2263=CARTESIAN_POINT('',(-0.0996058920042238,-0.0162,-0.0511));
#2264=CARTESIAN_POINT('',(-0.0895,-0.0232,-0.054));
#2265=CARTESIAN_POINT('',(-0.0895,-0.0232,-0.054));
#2266=CARTESIAN_POINT('',(-0.0895,-0.0232,-0.051175));
#2267=CARTESIAN_POINT('',(-0.0897,-0.0232,-0.054));
#2268=CARTESIAN_POINT('',(-0.0897,-0.0232,-0.051375));
#2269=CARTESIAN_POINT('',(-0.0895,-0.0117414213562373,-0.0604585786437627));
#2270=CARTESIAN_POINT('',(-0.0966799878013702,-0.0149010309278351,-0.0737722243417318));
#2271=CARTESIAN_POINT('',(-0.0897,-0.0149010309278351,-0.0639010309278351));
#2272=CARTESIAN_POINT('',(-0.0895,-0.0149010309278351,-0.0636181882153605));
#2273=CARTESIAN_POINT('',(-0.0897,-0.0149010309278351,-0.0639010309278351));
#2274=CARTESIAN_POINT('',(-0.0897,-0.0142,-0.0632));
#2275=CARTESIAN_POINT('',(-0.0858535251739655,-0.0180464748260346,-0.0616067379597298));
#2276=CARTESIAN_POINT('',(-0.0895,-0.0144,-0.0631171572875254));
#2277=CARTESIAN_POINT('',(-0.0895,-0.0143414213562373,-0.0630585786437627));
#2278=CARTESIAN_POINT('',(-0.0895,-0.0144,-0.044));
#2279=CARTESIAN_POINT('',(-0.0896,-0.0143,-0.049));
#2280=CARTESIAN_POINT('',(-0.0897,-0.0142,-0.049));
#2281=CARTESIAN_POINT('',(-0.0895,-0.0144,-0.049));
#2282=CARTESIAN_POINT('',(-0.0895,-0.0144,-0.044));
#2283=CARTESIAN_POINT('',(-0.0897,-0.0142,-0.064));
#2284=CARTESIAN_POINT('',(-0.089703311989196,-0.0192,-0.043996688010804));
#2285=CARTESIAN_POINT('',(-0.089703311989196,-0.0185343686869403,-0.0439972263400576));
#2286=CARTESIAN_POINT('',(-0.089703311989196,-0.0178543685238607,-0.0440632941074213));
#2287=CARTESIAN_POINT('',(-0.089703311989196,-0.0165578281587033,-0.0444343352044259));
#2288=CARTESIAN_POINT('',(-0.089703311989196,-0.0159278625883345,-0.0447633277617392));
#2289=CARTESIAN_POINT('',(-0.089703311989196,-0.0149499656176983,-0.0457495376349401));
#2290=CARTESIAN_POINT('',(-0.089703311989196,-0.0146230278213507,-0.046386173272338));
#2291=CARTESIAN_POINT('',(-0.089703311989196,-0.0142591179774246,-0.0476800471605928));
#2292=CARTESIAN_POINT('',(-0.089703311989196,-0.0141977386656654,-0.0483359998083576));
#2293=CARTESIAN_POINT('',(-0.089703311989196,-0.014196688010804,-0.049));
#2294=CARTESIAN_POINT('',(-0.0897,-0.0192,-0.044));
#2295=CARTESIAN_POINT('',(-0.0897,-0.018534588800011,-0.0440005361858099));
#2296=CARTESIAN_POINT('',(-0.0897,-0.0178548860976027,-0.0440665879179372));
#2297=CARTESIAN_POINT('',(-0.0897,-0.0165591525125341,-0.0444374041285857));
#2298=CARTESIAN_POINT('',(-0.0897,-0.0159297473773778,-0.0447661309301976));
#2299=CARTESIAN_POINT('',(-0.0897,-0.0149527810554693,-0.0457514019023551));
#2300=CARTESIAN_POINT('',(-0.0897,-0.0146261043449587,-0.0463874763854121));
#2301=CARTESIAN_POINT('',(-0.0897,-0.0142624138846845,-0.047680552144466));
#2302=CARTESIAN_POINT('',(-0.0897,-0.0142010484022713,-0.0483362199756722));
#2303=CARTESIAN_POINT('',(-0.0897,-0.0142,-0.049));
#2304=CARTESIAN_POINT('',(-0.0895,-0.0192,-0.0442));
#2305=CARTESIAN_POINT('',(-0.0895,-0.0185478806954679,-0.0442004067503852));
#2306=CARTESIAN_POINT('',(-0.0895,-0.017886140652579,-0.0442654901679743));
#2307=CARTESIAN_POINT('',(-0.0895,-0.0166391258308314,-0.0446227262403569));
#2308=CARTESIAN_POINT('',(-0.0895,-0.016043563512137,-0.0449354049400131));
#2309=CARTESIAN_POINT('',(-0.0895,-0.0151227959682241,-0.0458639788043125));
#2310=CARTESIAN_POINT('',(-0.0895,-0.014811885362104,-0.0464661670451295));
#2311=CARTESIAN_POINT('',(-0.0895,-0.0144614427501107,-0.0477110464391851));
#2312=CARTESIAN_POINT('',(-0.0895,-0.0144009123758569,-0.0483495151467335));
#2313=CARTESIAN_POINT('',(-0.0895,-0.0144,-0.049));
#2314=CARTESIAN_POINT('',(-0.0896,-0.0192,-0.0441));
#2315=CARTESIAN_POINT('',(-0.0895,-0.0192,-0.0442));
#2316=CARTESIAN_POINT('',(-0.0897,-0.0192,-0.044));
#2317=CARTESIAN_POINT('',(-0.0895,-0.0144,-0.049));
#2318=CARTESIAN_POINT('',(-0.0895,-0.0144009151012593,-0.0483475720517455));
#2319=CARTESIAN_POINT('',(-0.0895,-0.0145123680775704,-0.0470508303875599));
#2320=CARTESIAN_POINT('',(-0.0895,-0.0154504585412399,-0.0452436560452005));
#2321=CARTESIAN_POINT('',(-0.0895,-0.0172401999849136,-0.0443171337122397));
#2322=CARTESIAN_POINT('',(-0.0895,-0.0185473852556345,-0.0442004070594089));
#2323=CARTESIAN_POINT('',(-0.0895,-0.0192,-0.0442));
#2324=CARTESIAN_POINT('',(-0.0897,-0.0191999999999968,-0.044));
#2325=CARTESIAN_POINT('',(-0.0897005469364469,-0.018521247166505,-0.0440000000000005));
#2326=CARTESIAN_POINT('',(-0.0896996435722221,-0.0171714708793458,-0.0441212907558257));
#2327=CARTESIAN_POINT('',(-0.0897002447062282,-0.0153007399122906,-0.045104704643727));
#2328=CARTESIAN_POINT('',(-0.0896993303818515,-0.0143255334430539,-0.0469599266977931));
#2329=CARTESIAN_POINT('',(-0.0897010728936856,-0.0142000000000002,-0.0483207136073757));
#2330=CARTESIAN_POINT('',(-0.0897,-0.0142,-0.0489999999999968));
#2331=CARTESIAN_POINT('',(-0.0897,-0.0204115751912633,-0.044));
#2332=CARTESIAN_POINT('',(-0.0896,-0.0220578643762727,-0.0441));
#2333=CARTESIAN_POINT('',(-0.0897,-0.022057864376273,-0.044));
#2334=CARTESIAN_POINT('',(-0.0895,-0.0220578643762727,-0.0442));
#2335=CARTESIAN_POINT('',(-0.0895,-0.0220578643762726,-0.0442));
#2336=CARTESIAN_POINT('',(-0.0897,-0.0192,-0.044));
#2337=CARTESIAN_POINT('',(-0.0897041505514322,-0.0291318670712016,-0.0469259973050748));
#2338=CARTESIAN_POINT('',(-0.0897041505514322,-0.0282105219582263,-0.0459995021679082));
#2339=CARTESIAN_POINT('',(-0.0897041505514322,-0.0271035923627347,-0.0452277236060173));
#2340=CARTESIAN_POINT('',(-0.0897041505514322,-0.0246929470310151,-0.0442290585301012));
#2341=CARTESIAN_POINT('',(-0.0897041505514322,-0.0233648192997259,-0.043992184776874));
#2342=CARTESIAN_POINT('',(-0.0897041505514322,-0.0220578643762726,-0.0439958494485678));
#2343=CARTESIAN_POINT('',(-0.0897,-0.0291289321881382,-0.0469289321881381));
#2344=CARTESIAN_POINT('',(-0.0897,-0.0282079090079106,-0.0460027638977664));
#2345=CARTESIAN_POINT('',(-0.0897,-0.0271014593657114,-0.0452313325818876));
#2346=CARTESIAN_POINT('',(-0.0897,-0.0246919033494804,-0.044233118779883));
#2347=CARTESIAN_POINT('',(-0.0897,-0.023364360423735,-0.0439963388164226));
#2348=CARTESIAN_POINT('',(-0.0897,-0.0220578643762726,-0.044));
#2349=CARTESIAN_POINT('',(-0.0895,-0.0289875108319007,-0.0470703535443753));
#2350=CARTESIAN_POINT('',(-0.0895,-0.0280820004216245,-0.0461599348140397));
#2351=CARTESIAN_POINT('',(-0.0895,-0.0269986779855445,-0.0454052360223979));
#2352=CARTESIAN_POINT('',(-0.0895,-0.0246416121266505,-0.0444287674712997));
#2353=CARTESIAN_POINT('',(-0.0895,-0.0233422488562324,-0.0441965068960863));
#2354=CARTESIAN_POINT('',(-0.0895,-0.0220578643762726,-0.0442));
#2355=CARTESIAN_POINT('',(-0.0896,-0.0290582215100194,-0.0469996428662568));
#2356=CARTESIAN_POINT('',(-0.0895,-0.0289875108319008,-0.0470703535443754));
#2357=CARTESIAN_POINT('',(-0.0897,-0.0291289321881378,-0.0469289321881378));
#2358=CARTESIAN_POINT('',(-0.0895,-0.0220578643762726,-0.0442));
#2359=CARTESIAN_POINT('',(-0.0895,-0.0233459793514102,-0.0441964967503647));
#2360=CARTESIAN_POINT('',(-0.0895,-0.0259236487112111,-0.0446556044884629));
#2361=CARTESIAN_POINT('',(-0.0895,-0.028078906167746,-0.046156823787755));
#2362=CARTESIAN_POINT('',(-0.0895,-0.0289875108319007,-0.0470703535443753));
#2363=CARTESIAN_POINT('',(-0.0897,-0.0291289321881374,-0.0469289321881372));
#2364=CARTESIAN_POINT('',(-0.0896963393059559,-0.0281996113549054,-0.0459996113549037));
#2365=CARTESIAN_POINT('',(-0.0897036725852357,-0.0260119838941469,-0.0444665752408243));
#2366=CARTESIAN_POINT('',(-0.0896963161205234,-0.0233724594719417,-0.0440000000000002));
#2367=CARTESIAN_POINT('',(-0.0897,-0.0220578643762737,-0.044));
#2368=CARTESIAN_POINT('',(-0.0897,-0.0332,-0.051));
#2369=CARTESIAN_POINT('',(-0.0866481028827113,-0.0301481028827112,-0.0522641371769484));
#2370=CARTESIAN_POINT('',(-0.0895,-0.033,-0.0510828427124747));
#2371=CARTESIAN_POINT('',(-0.0897,-0.0332,-0.051));
#2372=CARTESIAN_POINT('',(-0.0895,-0.0330585786437627,-0.0511414213562373));
#2373=CARTESIAN_POINT('',(-0.0897,-0.029128932188138,-0.046928932188138));
#2374=CARTESIAN_POINT('',(-0.0897,-0.0332,-0.067));
#2375=CARTESIAN_POINT('',(-0.0514987500000006,0.00500125000000076,-0.064));
#2376=CARTESIAN_POINT('',(-0.0895,-0.033,-0.064));
#2377=CARTESIAN_POINT('',(-0.089504210035737,-0.0330042100357369,-0.064));
#2378=CARTESIAN_POINT('',(-0.0895,-0.033,-0.0642043080276403));
#2379=CARTESIAN_POINT('',(-0.0897,-0.0332,-0.051));
#2380=CARTESIAN_POINT('',(-0.0897,-0.0332,-0.0642043080276403));
#2381=CARTESIAN_POINT('',(-0.0906444517292412,-0.0341444517292412,-0.0651898491953353));
#2382=CARTESIAN_POINT('',(-0.0632643287456816,-0.0198941194165559,-0.064));
#2383=CARTESIAN_POINT('',(-0.0464269663452305,-0.0232,-0.0641623260012772));
#2384=CARTESIAN_POINT('',(-0.0472308079159778,-0.0232,-0.064));
#2385=CARTESIAN_POINT('',(-0.04525,-0.0232,-0.0644));
#2386=CARTESIAN_POINT('',(-0.05825,-0.020519587628866,-0.0644));
#2387=CARTESIAN_POINT('',(-0.0855,-0.0149010309278351,-0.0644));
#2388=CARTESIAN_POINT('',(-0.109598082394592,-0.0149010309278351,-0.059533686169121));
#2389=CARTESIAN_POINT('',(-0.0874808079159778,-0.0149010309278351,-0.064));
#2390=CARTESIAN_POINT('',(-0.0632643287456816,-0.0198941194165559,-0.064));
#2391=CARTESIAN_POINT('',(-0.1105,-0.015,-0.064));
#2392=CARTESIAN_POINT('',(-0.0941,-0.0142,-0.0632));
#2393=CARTESIAN_POINT('',(-0.1105,-0.0149010309278351,-0.0639010309278351));
#2394=CARTESIAN_POINT('',(-0.0985,-0.015,-0.064));
#2395=CARTESIAN_POINT('',(-0.1105,-0.0149010309278351,-0.064));
#2396=CARTESIAN_POINT('',(-0.0855,-0.0149010309278351,-0.064));
#2397=CARTESIAN_POINT('',(-0.0855,-0.0149010309278351,-0.0726));
#2398=CARTESIAN_POINT('',(-0.1105,-0.0149010309278351,-0.0726));
#2399=CARTESIAN_POINT('',(-0.0895,-0.0149010309278351,-0.064));
#2400=CARTESIAN_POINT('',(-0.0895,-0.0149010309278351,-0.064));
#2401=CARTESIAN_POINT('',(-0.0569975,-0.0149010309278351,-0.064));
#2402=CARTESIAN_POINT('',(-0.0935,-0.0251,-0.0511));
#2403=CARTESIAN_POINT('',(-0.0985,-0.0251,-0.0511));
#2404=CARTESIAN_POINT('',(-0.0985,-0.0247,-0.0515));
#2405=CARTESIAN_POINT('',(-0.0935,-0.0251,-0.0511));
#2406=CARTESIAN_POINT('',(-0.0925,-0.0251,-0.0511));
#2407=CARTESIAN_POINT('',(-0.0925,-0.0202,-0.056));
#2408=CARTESIAN_POINT('',(-0.0925,-0.0247,-0.0515));
#2409=CARTESIAN_POINT('',(-0.0895,-0.0247,-0.0515));
#2410=CARTESIAN_POINT('',(-0.077,-0.0142,-0.0515));
#2411=CARTESIAN_POINT('',(-0.077,-0.0146,-0.0511));
#2412=CARTESIAN_POINT('',(-0.0925,-0.0146,-0.0511));
#2413=CARTESIAN_POINT('',(-0.0925,-0.0142,-0.0515));
#2414=CARTESIAN_POINT('',(-0.077,-0.0142,-0.0515));
#2415=CARTESIAN_POINT('',(-0.0998058920042238,-0.0145,-0.0319));
#2416=CARTESIAN_POINT('',(-0.0998058920042238,-0.0194768290666818,-0.0540945009405532));
#2417=CARTESIAN_POINT('',(-0.0998058920042238,-0.0172225396744416,-0.0519656438953397));
#2418=CARTESIAN_POINT('',(-0.0998058920042238,-0.0172225396744416,-0.0319));
#2419=CARTESIAN_POINT('',(-0.0935,-0.0232,-0.0569));
#2420=CARTESIAN_POINT('',(-0.101188118577705,-0.0158403131009605,-0.0569));
#2421=CARTESIAN_POINT('',(-0.0985,-0.0185284316786655,-0.0569));
#2422=CARTESIAN_POINT('',(-0.0979,-0.0142,-0.0569));
#2423=CARTESIAN_POINT('',(-0.0985,-0.0282,-0.0569));
#2424=CARTESIAN_POINT('',(-0.0923168883262722,-0.0142,-0.0489999999999967));
#2425=CARTESIAN_POINT('',(-0.0896831116737275,-0.0142,-0.0489999999999967));
#2426=CARTESIAN_POINT('',(-0.0923168883262722,-0.0142000000000011,-0.0456666666666667));
#2427=CARTESIAN_POINT('',(-0.0896831116737275,-0.0142000000000011,-0.0456666666666667));
#2428=CARTESIAN_POINT('',(-0.0923168883262723,-0.0158666666666667,-0.0440000000000011));
#2429=CARTESIAN_POINT('',(-0.0896831116737275,-0.0158666666666667,-0.0440000000000011));
#2430=CARTESIAN_POINT('',(-0.0923168883262722,-0.0191999999999967,-0.044));
#2431=CARTESIAN_POINT('',(-0.0896831116737274,-0.0191999999999967,-0.044));
#2432=CARTESIAN_POINT('',(-0.0881,-0.0192,-0.044));
#2433=CARTESIAN_POINT('',(-0.0881,-0.0142,-0.049));
#2434=CARTESIAN_POINT('',(-0.047,-0.0282,-0.067));
#2435=CARTESIAN_POINT('',(-0.047,-0.0282,-0.0624));
#2436=CARTESIAN_POINT('',(-0.04525,-0.0282,-0.0624));
#2437=CARTESIAN_POINT('',(-0.047,-0.0282,-0.067));
#2438=CARTESIAN_POINT('',(-0.04875,-0.0282,-0.067));
#2439=CARTESIAN_POINT('',(-0.047,-0.0232,-0.067));
#2440=CARTESIAN_POINT('',(-0.0295,-0.0232,-0.062965681226977));
#2441=CARTESIAN_POINT('',(-0.0295,-0.0232,-0.0661771208179733));
#2442=CARTESIAN_POINT('',(-0.0295,-0.0232,-0.0693885604089908));
#2443=CARTESIAN_POINT('',(-0.0295,-0.0232,-0.072599999999987));
#2444=CARTESIAN_POINT('',(-0.0295000037808559,-0.0232000642442207,-0.0629656812271545));
#2445=CARTESIAN_POINT('',(-0.0295000005139022,-0.0232000881432287,-0.0726000000000866));
#2446=CARTESIAN_POINT('',(-0.047,-0.0232,-0.0726));
#2447=CARTESIAN_POINT('',(-0.04525,-0.0232,-0.0726));
#2448=CARTESIAN_POINT('',(-0.04525,-0.0232,-0.064));
#2449=CARTESIAN_POINT('',(-0.047,-0.0232,-0.064));
#2450=CARTESIAN_POINT('',(-0.0645,-0.0232,-0.064));
#2451=CARTESIAN_POINT('',(-0.0644999989728088,-0.0232,-0.064));
#2452=CARTESIAN_POINT('',(-0.0644999989728087,-0.0232,-0.0636552270450437));
#2453=CARTESIAN_POINT('',(-0.0644999989728087,-0.0232,-0.0633104540900873));
#2454=CARTESIAN_POINT('',(-0.0644999989728087,-0.0232,-0.062965681135131));
#2455=CARTESIAN_POINT('',(-0.0644999962860159,-0.0232000642513552,-0.062965681135131));
#2456=CARTESIAN_POINT('',(-0.047,-0.0232,-0.0629656854249492));
#2457=CARTESIAN_POINT('',(-0.0925,-0.0282,-0.064));
#2458=CARTESIAN_POINT('',(-0.0925,-0.0194768290666818,-0.0540945009405532));
#2459=CARTESIAN_POINT('',(-0.0925,-0.0163058920042238,-0.0511));
#2460=CARTESIAN_POINT('',(-0.0925,-0.0247,-0.054));
#2461=CARTESIAN_POINT('',(-0.0925,-0.0282,-0.0511));
#2462=CARTESIAN_POINT('',(-0.0925,-0.0330042100357369,-0.0511));
#2463=CARTESIAN_POINT('',(-0.0925,-0.0371484956092595,-0.0554245873949243));
#2464=CARTESIAN_POINT('',(-0.0925,-0.0332,-0.0513043080276405));
#2465=CARTESIAN_POINT('',(-0.0925,-0.0332,-0.067));
#2466=CARTESIAN_POINT('',(-0.0925,-0.0282,-0.0511));
#2467=CARTESIAN_POINT('',(-0.0569975,0.0105,-0.064));
#2468=CARTESIAN_POINT('',(-0.0895,0.0105,-0.064));
#2469=CARTESIAN_POINT('',(-0.0645,-0.0330042100357369,-0.064));
#2470=CARTESIAN_POINT('',(-0.0662830478980336,-0.0330042100357371,-0.064));
#2471=CARTESIAN_POINT('',(-0.0662829875615087,-0.0330039655705667,-0.064));
#2472=CARTESIAN_POINT('',(-0.0667974755025746,-0.0328769846502104,-0.064));
#2473=CARTESIAN_POINT('',(-0.0677886994051458,-0.0324805161127259,-0.0640000000000001));
#2474=CARTESIAN_POINT('',(-0.0688989556795883,-0.0312956937470724,-0.064));
#2475=CARTESIAN_POINT('',(-0.0694193430592228,-0.0297779219897397,-0.064));
#2476=CARTESIAN_POINT('',(-0.0694999999999997,-0.0287283689408482,-0.064));
#2477=CARTESIAN_POINT('',(-0.0695,-0.0282000000000059,-0.064));
#2478=CARTESIAN_POINT('',(-0.0695,-0.0282,-0.064));
#2479=CARTESIAN_POINT('',(-0.0694998256137407,-0.0282000010112956,-0.064));
#2480=CARTESIAN_POINT('',(-0.069495902392914,-0.0275234893566246,-0.064));
#2481=CARTESIAN_POINT('',(-0.069376070110772,-0.0261969250442127,-0.0639999999999999));
#2482=CARTESIAN_POINT('',(-0.0684077173165448,-0.0243047086457668,-0.064));
#2483=CARTESIAN_POINT('',(-0.066542641404011,-0.0233334465868675,-0.064));
#2484=CARTESIAN_POINT('',(-0.0651807189588799,-0.0232041442461318,-0.064));
#2485=CARTESIAN_POINT('',(-0.0644999989727939,-0.0232001762158032,-0.064));
#2486=CARTESIAN_POINT('',(-0.0694998231989968,-0.028139823230626,-0.0642117474148787));
#2487=CARTESIAN_POINT('',(-0.0694998231989968,-0.028139823230626,-0.0629569707673209));
#2488=CARTESIAN_POINT('',(-0.0695194036092919,-0.0315127352068608,-0.0642117474148787));
#2489=CARTESIAN_POINT('',(-0.0695194036092919,-0.0315127352068608,-0.0629569707673209));
#2490=CARTESIAN_POINT('',(-0.0678527959091263,-0.0331994590726345,-0.0642117474148787));
#2491=CARTESIAN_POINT('',(-0.0678527959091263,-0.0331994590726345,-0.0629569707673209));
#2492=CARTESIAN_POINT('',(-0.0644999988762777,-0.0331999936057257,-0.0642117474148788));
#2493=CARTESIAN_POINT('',(-0.0644999988762777,-0.0331999936057257,-0.062956970767321));
#2494=CARTESIAN_POINT('',(-0.0645,-0.0332,-0.0634828429040722));
#2495=CARTESIAN_POINT('',(-0.0645000002094263,-0.0331999968027398,-0.0629656840825024));
#2496=CARTESIAN_POINT('',(-0.0645,-0.0332,-0.0642043080276403));
#2497=CARTESIAN_POINT('',(-0.0645000002059919,-0.0331999947407913,-0.062965684545836));
#2498=CARTESIAN_POINT('',(-0.0651785975964846,-0.0331998864622664,-0.0629702428726437));
#2499=CARTESIAN_POINT('',(-0.0665262216205298,-0.0330779281880944,-0.0629631145992905));
#2500=CARTESIAN_POINT('',(-0.0683970429820051,-0.0320995586060871,-0.0629664475167932));
#2501=CARTESIAN_POINT('',(-0.0693777615055947,-0.0302292568086515,-0.0629634849460531));
#2502=CARTESIAN_POINT('',(-0.0694999779169437,-0.0288793925318133,-0.0629704107510761));
#2503=CARTESIAN_POINT('',(-0.069499999994717,-0.0282003249985989,-0.0629656913875529));
#2504=CARTESIAN_POINT('',(-0.0695000001634334,-0.0282003250336233,-0.0629656863492508));
#2505=CARTESIAN_POINT('',(-0.0695,-0.028200001011317,-0.0629656863492508));
#2506=CARTESIAN_POINT('',(-0.0695,-0.028200001011317,-0.0633104575661672));
#2507=CARTESIAN_POINT('',(-0.0695,-0.028200001011317,-0.0636552287830836));
#2508=CARTESIAN_POINT('',(-0.0695,-0.028200001011317,-0.064));
#2509=CARTESIAN_POINT('',(-0.064499999997869,-0.0331999936055469,-0.0642043013549893));
#2510=CARTESIAN_POINT('',(-0.0651595633336604,-0.0331998883780571,-0.0642041915494588));
#2511=CARTESIAN_POINT('',(-0.0657538730950023,-0.0331345504942903,-0.0641360110673139));
#2512=CARTESIAN_POINT('',(-0.0662829292818947,-0.0330039799542464,-0.0639997599085545));
#2513=CARTESIAN_POINT('',(-0.0644401721010416,-0.0232000000317189,-0.064));
#2514=CARTESIAN_POINT('',(-0.0644401721010416,-0.0232000000317189,-0.0629524533105939));
#2515=CARTESIAN_POINT('',(-0.0661267041189339,-0.0232001315289638,-0.064));
#2516=CARTESIAN_POINT('',(-0.0661267041189339,-0.0232001315289638,-0.0629524533105939));
#2517=CARTESIAN_POINT('',(-0.0686869144026683,-0.0240132482755047,-0.0639999999999999));
#2518=CARTESIAN_POINT('',(-0.0686869144026683,-0.0240132482755047,-0.0629524533105939));
#2519=CARTESIAN_POINT('',(-0.0694999722462524,-0.0265735174621964,-0.064));
#2520=CARTESIAN_POINT('',(-0.0694999722462524,-0.0265735174621964,-0.0629524533105939));
#2521=CARTESIAN_POINT('',(-0.069499999998579,-0.0282601532250067,-0.064));
#2522=CARTESIAN_POINT('',(-0.069499999998579,-0.0282601532250067,-0.0629524533105939));
#2523=CARTESIAN_POINT('',(-0.0694998274923858,-0.0282003258433135,-0.0629655143870928));
#2524=CARTESIAN_POINT('',(-0.0694959155681997,-0.0275220766943084,-0.0629662488616561));
#2525=CARTESIAN_POINT('',(-0.069371863382308,-0.0261766060314279,-0.0629555926875335));
#2526=CARTESIAN_POINT('',(-0.0683996982596201,-0.0242991748506185,-0.0629708083186405));
#2527=CARTESIAN_POINT('',(-0.0665351378552205,-0.0233319513040351,-0.0629556589865003));
#2528=CARTESIAN_POINT('',(-0.0651789528286992,-0.0232041337436273,-0.0629662785820804));
#2529=CARTESIAN_POINT('',(-0.0644999958232065,-0.0232001761974442,-0.0629655129004913));
#2530=CARTESIAN_POINT('',(-0.0245000000014212,-0.0282601863283312,-0.0726000000000021));
#2531=CARTESIAN_POINT('',(-0.0245000000014212,-0.0282601863283312,-0.0629008847667416));
#2532=CARTESIAN_POINT('',(-0.0245000277549057,-0.0265735450147322,-0.0726000000000021));
#2533=CARTESIAN_POINT('',(-0.0245000277549057,-0.0265735450147322,-0.0629008847667416));
#2534=CARTESIAN_POINT('',(-0.0253130707515325,-0.0240132498771905,-0.072600000000002));
#2535=CARTESIAN_POINT('',(-0.0253130707515325,-0.0240132498771905,-0.0629008847667415));
#2536=CARTESIAN_POINT('',(-0.0278732925095408,-0.0232001335010314,-0.0726000000000021));
#2537=CARTESIAN_POINT('',(-0.0278732925095408,-0.0232001335010314,-0.0629008847667416));
#2538=CARTESIAN_POINT('',(-0.0295598281082704,-0.023200000032677,-0.0726000000000021));
#2539=CARTESIAN_POINT('',(-0.0295598281082704,-0.023200000032677,-0.0629008847667416));
#2540=CARTESIAN_POINT('',(-0.0245001773084075,-0.028199998960181,-0.0657828431049825));
#2541=CARTESIAN_POINT('',(-0.0245003217949353,-0.0281999998992031,-0.072600000000001));
#2542=CARTESIAN_POINT('',(-0.0245000000550633,-0.0282003579513905,-0.0629656862099622));
#2543=CARTESIAN_POINT('',(-0.024500174584835,-0.0281999991456726,-0.0726));
#2544=CARTESIAN_POINT('',(-0.0245097891926818,-0.0265430055364891,-0.0726));
#2545=CARTESIAN_POINT('',(-0.0253234888399519,-0.0240234887496968,-0.0725999999999999));
#2546=CARTESIAN_POINT('',(-0.0278430533256405,-0.0232098368013241,-0.0726));
#2547=CARTESIAN_POINT('',(-0.0295000010278047,-0.0232001762864575,-0.0726));
#2548=CARTESIAN_POINT('',(-0.0295000042578347,-0.0232001762676259,-0.062965512834182));
#2549=CARTESIAN_POINT('',(-0.0288217527523554,-0.0232041304700556,-0.0629662221734365));
#2550=CARTESIAN_POINT('',(-0.027476283486239,-0.0233282658060616,-0.0629555399395607));
#2551=CARTESIAN_POINT('',(-0.0255989099668352,-0.0243005622334199,-0.0629708104224302));
#2552=CARTESIAN_POINT('',(-0.0246318203008956,-0.0261652028800528,-0.0629557045414552));
#2553=CARTESIAN_POINT('',(-0.0245040884440201,-0.0275213989683178,-0.0629663031640661));
#2554=CARTESIAN_POINT('',(-0.0245001725045471,-0.0282003587460668,-0.062965514131571));
#2555=CARTESIAN_POINT('',(-0.0295000000246111,-0.0332,-0.0726000000000021));
#2556=CARTESIAN_POINT('',(-0.0295000000246111,-0.0332,-0.0629005588466615));
#2557=CARTESIAN_POINT('',(-0.0278333627243442,-0.0332000000040776,-0.0726000000000021));
#2558=CARTESIAN_POINT('',(-0.0278333627243442,-0.0332000000040776,-0.0629005588466615));
#2559=CARTESIAN_POINT('',(-0.0253283701374041,-0.0323717179986388,-0.0726000000000021));
#2560=CARTESIAN_POINT('',(-0.0253283701374041,-0.0323717179986388,-0.0629005588466615));
#2561=CARTESIAN_POINT('',(-0.0245098942712667,-0.0298569192723975,-0.0726000000000021));
#2562=CARTESIAN_POINT('',(-0.0245098942712667,-0.0298569192723975,-0.0629005588466614));
#2563=CARTESIAN_POINT('',(-0.0245001773085467,-0.028199998938928,-0.0726000000000021));
#2564=CARTESIAN_POINT('',(-0.0245001773085467,-0.028199998938928,-0.0629005588466615));
#2565=CARTESIAN_POINT('',(-0.0295,-0.0332,-0.0657828428967433));
#2566=CARTESIAN_POINT('',(-0.0295,-0.0332,-0.0726));
#2567=CARTESIAN_POINT('',(-0.0295000000188221,-0.0332,-0.0629656872761523));
#2568=CARTESIAN_POINT('',(-0.0295000000005873,-0.0332,-0.0726));
#2569=CARTESIAN_POINT('',(-0.0278333627083045,-0.0332000000000974,-0.0726));
#2570=CARTESIAN_POINT('',(-0.0253283701334584,-0.0323717179905726,-0.0726));
#2571=CARTESIAN_POINT('',(-0.0245098942712434,-0.0298569192684169,-0.0726));
#2572=CARTESIAN_POINT('',(-0.0245001773085467,-0.028199998938928,-0.0726));
#2573=CARTESIAN_POINT('',(-0.0245001794150433,-0.0282003570681992,-0.0629655121763038));
#2574=CARTESIAN_POINT('',(-0.0245041813760461,-0.0288787224576502,-0.0629661937942297));
#2575=CARTESIAN_POINT('',(-0.0246303819648884,-0.0302244679497462,-0.062954340817252));
#2576=CARTESIAN_POINT('',(-0.0256001317527377,-0.0320998314289251,-0.062968866568567));
#2577=CARTESIAN_POINT('',(-0.0274715418658748,-0.0330792079982518,-0.0629646921197286));
#2578=CARTESIAN_POINT('',(-0.0288211190667995,-0.0332000000016609,-0.0629704124999476));
#2579=CARTESIAN_POINT('',(-0.0295000000246111,-0.0332,-0.0629656891274461));
#2580=CARTESIAN_POINT('',(-0.047,-0.0282,-0.062));
#2581=CARTESIAN_POINT('',(-0.047,-0.0282,-0.062));
#2582=CARTESIAN_POINT('',(-0.04485,-0.0282,-0.062));
#2583=CARTESIAN_POINT('',(-0.0685343137010275,-0.0282000022129958,-0.062));
#2584=CARTESIAN_POINT('',(-0.068532647497441,-0.0287512526295397,-0.062));
#2585=CARTESIAN_POINT('',(-0.0684515635474611,-0.0298430325639813,-0.062));
#2586=CARTESIAN_POINT('',(-0.0677009684741753,-0.0314021465460686,-0.062));
#2587=CARTESIAN_POINT('',(-0.0661493970339523,-0.0321494374919685,-0.0620000000000001));
#2588=CARTESIAN_POINT('',(-0.0650517231931009,-0.0322326903995338,-0.062));
#2589=CARTESIAN_POINT('',(-0.0644999999975154,-0.032234313730587,-0.062));
#2590=CARTESIAN_POINT('',(-0.0685343143246888,-0.0282000022148809,-0.062));
#2591=CARTESIAN_POINT('',(-0.0644999999987577,-0.0322343141528189,-0.062));
#2592=CARTESIAN_POINT('',(-0.047,-0.0322343145750508,-0.062));
#2593=CARTESIAN_POINT('',(-0.0295000000011944,-0.0322343141413872,-0.062));
#2594=CARTESIAN_POINT('',(-0.0295000000023889,-0.0322343137077235,-0.062));
#2595=CARTESIAN_POINT('',(-0.0289487492123847,-0.0322326476246686,-0.062));
#2596=CARTESIAN_POINT('',(-0.0278569685001649,-0.0321515639211873,-0.0619999999999999));
#2597=CARTESIAN_POINT('',(-0.0262978532692257,-0.0314009686588196,-0.062));
#2598=CARTESIAN_POINT('',(-0.025550562100026,-0.0298493958390922,-0.062));
#2599=CARTESIAN_POINT('',(-0.025467309470075,-0.0287517213420273,-0.062));
#2600=CARTESIAN_POINT('',(-0.0254656862628986,-0.0281999977833791,-0.062));
#2601=CARTESIAN_POINT('',(-0.0254656856753112,-0.0281999977851078,-0.062));
#2602=CARTESIAN_POINT('',(-0.0254656862989725,-0.0281999977869929,-0.062));
#2603=CARTESIAN_POINT('',(-0.0254673525025595,-0.027648747370465,-0.062));
#2604=CARTESIAN_POINT('',(-0.0255484364525379,-0.0265569674360575,-0.062));
#2605=CARTESIAN_POINT('',(-0.0262990315257703,-0.0249978534540018,-0.062));
#2606=CARTESIAN_POINT('',(-0.0278506029659125,-0.0242505625080656,-0.062));
#2607=CARTESIAN_POINT('',(-0.0289482768067376,-0.0241673096004767,-0.062));
#2608=CARTESIAN_POINT('',(-0.0295000000023079,-0.0241656862694136,-0.062));
#2609=CARTESIAN_POINT('',(-0.0295000000011539,-0.0241656858471813,-0.062));
#2610=CARTESIAN_POINT('',(-0.047,-0.0241656854249492,-0.062));
#2611=CARTESIAN_POINT('',(-0.0644999999987797,-0.0241656858586128,-0.062));
#2612=CARTESIAN_POINT('',(-0.0644999999975594,-0.0241656862922764,-0.062));
#2613=CARTESIAN_POINT('',(-0.0650512507875669,-0.0241673523753284,-0.062));
#2614=CARTESIAN_POINT('',(-0.0661430314997935,-0.024248436078803,-0.062));
#2615=CARTESIAN_POINT('',(-0.0677021467307521,-0.0249990313411551,-0.062));
#2616=CARTESIAN_POINT('',(-0.0684494378999715,-0.0265506041608867,-0.062));
#2617=CARTESIAN_POINT('',(-0.0685326905299242,-0.0276482786579581,-0.062));
#2618=CARTESIAN_POINT('',(-0.0685343137371014,-0.0282000022166096,-0.062));
#2619=CARTESIAN_POINT('',(-0.0835,-0.0194768290666818,-0.0540945009405532));
#2620=CARTESIAN_POINT('',(-0.0835,-0.0163058920042238,-0.0511));
#2621=CARTESIAN_POINT('',(-0.0976237294141871,-0.0194047022644783,-0.054026387391535));
#2622=CARTESIAN_POINT('',(-0.0835,-0.0213977000584879,-0.0559084915301948));
#2623=CARTESIAN_POINT('',(-0.0935,-0.0232,-0.0511));
#2624=CARTESIAN_POINT('',(-0.0815,-0.0332,-0.051));
#2625=CARTESIAN_POINT('',(-0.047,-0.0332,-0.051));
#2626=CARTESIAN_POINT('',(-0.0815,-0.029128932188135,-0.046928932188135));
#2627=CARTESIAN_POINT('',(-0.0795,-0.0204115751912633,-0.044));
#2628=CARTESIAN_POINT('',(-0.0815,-0.0220578643762696,-0.044));
#2629=CARTESIAN_POINT('',(-0.0896827732100355,-0.0291289321881379,-0.0469289321881378));
#2630=CARTESIAN_POINT('',(-0.0923172179584796,-0.0291289321881379,-0.0469289321881378));
#2631=CARTESIAN_POINT('',(-0.0896827732100355,-0.0271763107293838,-0.0449763107293797));
#2632=CARTESIAN_POINT('',(-0.0923172179584796,-0.0271763107293838,-0.0449763107293797));
#2633=CARTESIAN_POINT('',(-0.0896827732100355,-0.024819288125429,-0.0440000000000005));
#2634=CARTESIAN_POINT('',(-0.0923172179584796,-0.024819288125429,-0.0440000000000005));
#2635=CARTESIAN_POINT('',(-0.0896827732100355,-0.0220578643762737,-0.044));
#2636=CARTESIAN_POINT('',(-0.0923172179584796,-0.0220578643762737,-0.044));
#2637=CARTESIAN_POINT('',(-0.047,-0.0282,-0.067));
#2638=CARTESIAN_POINT('',(-0.047,-0.0282,-0.0726));
#2639=CARTESIAN_POINT('',(-0.044,-0.0282,-0.0726));
#2640=CARTESIAN_POINT('',(-0.047,-0.0282,-0.067));
#2641=CARTESIAN_POINT('',(-0.05,-0.0282,-0.067));
#2642=CARTESIAN_POINT('',(-0.0568506342940467,0.0116493782059533,-0.067));
#2643=CARTESIAN_POINT('',(-0.047,-0.0332,-0.0642043080276403));
#2644=CARTESIAN_POINT('',(-0.0795,-0.0332,-0.0642043080276403));
#2645=CARTESIAN_POINT('',(-0.047,-0.0234828427124746,-0.0626828427124746));
#2646=CARTESIAN_POINT('',(-0.0295,-0.0236876711395993,-0.0624780142853499));
#2647=CARTESIAN_POINT('',(-0.0645,-0.0236780144668867,-0.0624876709580625));
#2648=CARTESIAN_POINT('',(-0.0644996330697584,-0.0241715789305442,-0.0619941062563967));
#2649=CARTESIAN_POINT('',(-0.0650845148152093,-0.0241733869502513,-0.0619940291408477));
#2650=CARTESIAN_POINT('',(-0.0659510794891242,-0.0242525737494193,-0.0619941979938533));
#2651=CARTESIAN_POINT('',(-0.0669640522098924,-0.0246510102653214,-0.0619939782367551));
#2652=CARTESIAN_POINT('',(-0.0675904675467405,-0.0251085827030145,-0.0619941626107705));
#2653=CARTESIAN_POINT('',(-0.0680474033184131,-0.0257321080091109,-0.0619940094582323));
#2654=CARTESIAN_POINT('',(-0.0684451186868716,-0.0267399497531107,-0.0619941820273946));
#2655=CARTESIAN_POINT('',(-0.0685266416863961,-0.0276142463257148,-0.0619940137016026));
#2656=CARTESIAN_POINT('',(-0.0685284210722233,-0.0282003711729457,-0.0619941062536283));
#2657=CARTESIAN_POINT('',(-0.0644995324748627,-0.0238447958691805,-0.0623208891869545));
#2658=CARTESIAN_POINT('',(-0.0651062671158353,-0.0238475192991981,-0.0623208124098815));
#2659=CARTESIAN_POINT('',(-0.0660131887386479,-0.0239266009098501,-0.0623209805774334));
#2660=CARTESIAN_POINT('',(-0.067119274441979,-0.0243593449773824,-0.0623207613182955));
#2661=CARTESIAN_POINT('',(-0.0678252196148434,-0.0248736279036271,-0.0623209455602526));
#2662=CARTESIAN_POINT('',(-0.0683389147037258,-0.0255764890565367,-0.0623207925594531));
#2663=CARTESIAN_POINT('',(-0.0687709413993822,-0.0266772282167912,-0.0623209645098764));
#2664=CARTESIAN_POINT('',(-0.0688525102692449,-0.0275924591577911,-0.062320797033563));
#2665=CARTESIAN_POINT('',(-0.0688552041363249,-0.0282004747748957,-0.0623208891814505));
#2666=CARTESIAN_POINT('',(-0.064499442386294,-0.0235180127886482,-0.0626476720983411));
#2667=CARTESIAN_POINT('',(-0.0651280679562113,-0.0235216664280409,-0.0626475956992673));
#2668=CARTESIAN_POINT('',(-0.0660752189345389,-0.0236006035027351,-0.0626477631324441));
#2669=CARTESIAN_POINT('',(-0.0672745293990753,-0.02406769234545,-0.0626475443952179));
#2670=CARTESIAN_POINT('',(-0.0680599678524215,-0.0246386792960779,-0.0626477285120696));
#2671=CARTESIAN_POINT('',(-0.0686304130470165,-0.0254208370348139,-0.0626475756542521));
#2672=CARTESIAN_POINT('',(-0.0690967896888294,-0.0266145884320831,-0.0626477469748929));
#2673=CARTESIAN_POINT('',(-0.0691783633696382,-0.0275706209879115,-0.0626475803787265));
#2674=CARTESIAN_POINT('',(-0.0691819872208838,-0.0282005675559343,-0.0626476720888072));
#2675=CARTESIAN_POINT('',(-0.0644993600557011,-0.023191229699694,-0.0629744550013035));
#2676=CARTESIAN_POINT('',(-0.0651498951630868,-0.0231958214810831,-0.062974378977976));
#2677=CARTESIAN_POINT('',(-0.0661372064782773,-0.0232745931394431,-0.0629745457065274));
#2678=CARTESIAN_POINT('',(-0.0674298002838436,-0.0237760456406145,-0.062974327467461));
#2679=CARTESIAN_POINT('',(-0.0682947140400987,-0.0244037336419692,-0.062974511466531));
#2680=CARTESIAN_POINT('',(-0.0689219053213396,-0.0252651689289313,-0.0629743587425192));
#2681=CARTESIAN_POINT('',(-0.0694226514385224,-0.0265519927629477,-0.0629745294684229));
#2682=CARTESIAN_POINT('',(-0.0695042081742222,-0.02754875502852,-0.0629743637073377));
#2683=CARTESIAN_POINT('',(-0.0695087703144736,-0.028200652346817,-0.0629744549871378));
#2684=CARTESIAN_POINT('',(-0.0690219860245752,-0.028200512809952,-0.0624876709501187));
#2685=CARTESIAN_POINT('',(-0.0254715788435602,-0.0282003669302683,-0.0619941063433806));
#2686=CARTESIAN_POINT('',(-0.0254733868635116,-0.0276154851789973,-0.0619940292278311));
#2687=CARTESIAN_POINT('',(-0.0255525736626519,-0.0267489204943417,-0.0619941980808366));
#2688=CARTESIAN_POINT('',(-0.0259510101876861,-0.0257359477487888,-0.0619939783237389));
#2689=CARTESIAN_POINT('',(-0.0264085826404759,-0.0251095323907732,-0.0619941626977523));
#2690=CARTESIAN_POINT('',(-0.0270321079676893,-0.0246525966039925,-0.0619940095452147));
#2691=CARTESIAN_POINT('',(-0.0280399497364154,-0.0242548812263995,-0.0619941821143792));
#2692=CARTESIAN_POINT('',(-0.0289142463199157,-0.0241733582268624,-0.0619940137885874));
#2693=CARTESIAN_POINT('',(-0.0295003711729733,-0.0241715788407923,-0.0619941063406127));
#2694=CARTESIAN_POINT('',(-0.025144795811365,-0.0282004675251533,-0.0623208892447701));
#2695=CARTESIAN_POINT('',(-0.025147519241547,-0.027593732880304,-0.0623208124676977));
#2696=CARTESIAN_POINT('',(-0.0252266008521736,-0.0266868112503758,-0.0623209806352493));
#2697=CARTESIAN_POINT('',(-0.025659344925783,-0.025580725530551,-0.0623207613761114));
#2698=CARTESIAN_POINT('',(-0.0261736278620587,-0.0248747803436217,-0.0623209456180701));
#2699=CARTESIAN_POINT('',(-0.0268764890289982,-0.0243610852446994,-0.0623207926172704));
#2700=CARTESIAN_POINT('',(-0.0279772282057103,-0.0239290585429682,-0.0623209645676912));
#2701=CARTESIAN_POINT('',(-0.0288924591539273,-0.0238474896731052,-0.0623207970913775));
#2702=CARTESIAN_POINT('',(-0.0295004747749122,-0.0238447958058603,-0.0623208892392653));
#2703=CARTESIAN_POINT('',(-0.0248180127600007,-0.0282005576137131,-0.0626476721269885));
#2704=CARTESIAN_POINT('',(-0.0248216663994761,-0.0275719320418718,-0.0626475957279144));
#2705=CARTESIAN_POINT('',(-0.0249006034741557,-0.0266247810600246,-0.0626477631610916));
#2706=CARTESIAN_POINT('',(-0.0253676923198839,-0.0254254705873113,-0.0626475444238651));
#2707=CARTESIAN_POINT('',(-0.0259386792754836,-0.0246400321269996,-0.0626477285407156));
#2708=CARTESIAN_POINT('',(-0.0267208370211691,-0.0240695869274305,-0.0626475756828978));
#2709=CARTESIAN_POINT('',(-0.0279145884265955,-0.0236032102826033,-0.062647747003541));
#2710=CARTESIAN_POINT('',(-0.028870620985995,-0.0235216366017954,-0.0626475804073751));
#2711=CARTESIAN_POINT('',(-0.0295005675559417,-0.0235180127504677,-0.0626476721174556));
#2712=CARTESIAN_POINT('',(-0.0244912297002146,-0.0282006399442987,-0.0629744550007829));
#2713=CARTESIAN_POINT('',(-0.0244958214816022,-0.0275501048369442,-0.0629743789774556));
#2714=CARTESIAN_POINT('',(-0.0245745931399635,-0.0265627935218195,-0.0629745457060062));
#2715=CARTESIAN_POINT('',(-0.0250760456410798,-0.0252701997164018,-0.0629743274669408));
#2716=CARTESIAN_POINT('',(-0.025703733642344,-0.0244052859602735,-0.0629745114660112));
#2717=CARTESIAN_POINT('',(-0.0265651689291798,-0.023778094679123,-0.0629743587419999));
#2718=CARTESIAN_POINT('',(-0.0278519927630485,-0.0232773485619974,-0.0629745294679016));
#2719=CARTESIAN_POINT('',(-0.0288487550285551,-0.023195791826298,-0.0629743637068161));
#2720=CARTESIAN_POINT('',(-0.0295006523468169,-0.023191229686048,-0.0629744549866163));
#2721=CARTESIAN_POINT('',(-0.0249828420905361,-0.0282005032386638,-0.0624828428547504));
#2722=CARTESIAN_POINT('',(-0.0685284211564819,-0.0281996330697316,-0.0619941063434227));
#2723=CARTESIAN_POINT('',(-0.0685266131365306,-0.0287845148210053,-0.0619940292278735));
#2724=CARTESIAN_POINT('',(-0.0684474263373929,-0.029651079505667,-0.0619941980808816));
#2725=CARTESIAN_POINT('',(-0.068048989812352,-0.0306640522512317,-0.0619939783237816));
#2726=CARTESIAN_POINT('',(-0.0675914173595549,-0.0312904676092576,-0.0619941626977952));
#2727=CARTESIAN_POINT('',(-0.0669678920323312,-0.031747403396046,-0.061994009545258));
#2728=CARTESIAN_POINT('',(-0.0659600502635934,-0.0321451187736451,-0.061994182114424));
#2729=CARTESIAN_POINT('',(-0.0650857536800868,-0.03222664177318,-0.0619940137886299));
#2730=CARTESIAN_POINT('',(-0.0644996288270267,-0.0322284211592503,-0.0619941063406553));
#2731=CARTESIAN_POINT('',(-0.0688552041886715,-0.0281995324748469,-0.0623208892448066));
#2732=CARTESIAN_POINT('',(-0.068852480758489,-0.0288062671196986,-0.0623208124677337));
#2733=CARTESIAN_POINT('',(-0.0687733991478608,-0.0297131887496308,-0.0623209806352837));
#2734=CARTESIAN_POINT('',(-0.0683406550742491,-0.030819274469466,-0.0623207613761472));
#2735=CARTESIAN_POINT('',(-0.0678263721379671,-0.0315252196564039,-0.0623209456181058));
#2736=CARTESIAN_POINT('',(-0.0671235109710185,-0.0320389147553321,-0.0623207926173057));
#2737=CARTESIAN_POINT('',(-0.0660227717942966,-0.0324709414570665,-0.0623209645677257));
#2738=CARTESIAN_POINT('',(-0.0651075408460754,-0.0325525103269304,-0.0623207970914133));
#2739=CARTESIAN_POINT('',(-0.0644995252250879,-0.0325552041941757,-0.0623208892393014));
#2740=CARTESIAN_POINT('',(-0.0691819872400269,-0.0281994423862868,-0.0626476721270162));
#2741=CARTESIAN_POINT('',(-0.0691783336005522,-0.0288280679581301,-0.0626475957279428));
#2742=CARTESIAN_POINT('',(-0.0690993965258721,-0.0297752189399807,-0.0626477631611194));
#2743=CARTESIAN_POINT('',(-0.0686323076801411,-0.030974529412702,-0.0626475444238931));
#2744=CARTESIAN_POINT('',(-0.0680613207245367,-0.0317599678730208,-0.0626477285407439));
#2745=CARTESIAN_POINT('',(-0.0672791629788444,-0.032330413072595,-0.0626475756829265));
#2746=CARTESIAN_POINT('',(-0.0660854115734095,-0.0327967897174243,-0.0626477470035687));
#2747=CARTESIAN_POINT('',(-0.0651293790140069,-0.0328783633982331,-0.0626475804074038));
#2748=CARTESIAN_POINT('',(-0.0644994324440582,-0.0328819872495601,-0.0626476721174835));
#2749=CARTESIAN_POINT('',(-0.0695087702998076,-0.0281993600557012,-0.0629744550008051));
#2750=CARTESIAN_POINT('',(-0.069504178518419,-0.0288498951630571,-0.062974378977477));
#2751=CARTESIAN_POINT('',(-0.0694254068600597,-0.0298372064781852,-0.0629745457060294));
#2752=CARTESIAN_POINT('',(-0.0689239543589397,-0.0311298002836088,-0.0629743274669626));
#2753=CARTESIAN_POINT('',(-0.0682962663576716,-0.0319947140397421,-0.0629745114660328));
#2754=CARTESIAN_POINT('',(-0.0674348310708304,-0.032621905320896,-0.0629743587420212));
#2755=CARTESIAN_POINT('',(-0.0661480072369562,-0.0331226514380258,-0.0629745294679247));
#2756=CARTESIAN_POINT('',(-0.0651512449714461,-0.033204208173723,-0.0629743637068371));
#2757=CARTESIAN_POINT('',(-0.0644993476531831,-0.033208770313974,-0.0629744549866382));
#2758=CARTESIAN_POINT('',(-0.0645,-0.0327171572875253,-0.0624828427124746));
#2759=CARTESIAN_POINT('',(-0.0295003669302415,-0.032228421069488,-0.0619941062564289));
#2760=CARTESIAN_POINT('',(-0.0289154851847854,-0.0322266130497788,-0.0619940291408779));
#2761=CARTESIAN_POINT('',(-0.0280489205108681,-0.0321474262506123,-0.0619941979938853));
#2762=CARTESIAN_POINT('',(-0.0270359477900909,-0.0317489897347062,-0.0619939782367869));
#2763=CARTESIAN_POINT('',(-0.026409532453237,-0.0312914172970064,-0.0619941626108006));
#2764=CARTESIAN_POINT('',(-0.0259525966815591,-0.030667891990903,-0.0619940094582631));
#2765=CARTESIAN_POINT('',(-0.0255548813130958,-0.0296600502468952,-0.0619941820274274));
#2766=CARTESIAN_POINT('',(-0.0254733583135723,-0.028785753674287,-0.0619940137016342));
#2767=CARTESIAN_POINT('',(-0.0254715789277442,-0.0281996288270543,-0.0619941062536608));
#2768=CARTESIAN_POINT('',(-0.0295004675251373,-0.0325552041308452,-0.0623208891869802));
#2769=CARTESIAN_POINT('',(-0.0288937328841593,-0.0325524807008283,-0.0623208124099083));
#2770=CARTESIAN_POINT('',(-0.0279868112613453,-0.0324733990901758,-0.0623209805774597));
#2771=CARTESIAN_POINT('',(-0.0268807255580069,-0.0320406550226404,-0.062320761318322));
#2772=CARTESIAN_POINT('',(-0.0261747803851359,-0.0315263720963918,-0.0623209455602799));
#2773=CARTESIAN_POINT('',(-0.0256610852962493,-0.0308235109434754,-0.0623207925594805));
#2774=CARTESIAN_POINT('',(-0.0252290586005923,-0.0297227717832127,-0.0623209645099017));
#2775=CARTESIAN_POINT('',(-0.0251474897307295,-0.0288075408422105,-0.0623207970335887));
#2776=CARTESIAN_POINT('',(-0.0251447958636502,-0.0281995252251042,-0.0623208891814754));
#2777=CARTESIAN_POINT('',(-0.029500557613706,-0.0328819872113727,-0.0626476720983621));
#2778=CARTESIAN_POINT('',(-0.0288719320437838,-0.0328783335719806,-0.0626475956992888));
#2779=CARTESIAN_POINT('',(-0.0279247810654549,-0.0327993964972841,-0.0626477631324639));
#2780=CARTESIAN_POINT('',(-0.0267254706009138,-0.0323323076545667,-0.0626475443952376));
#2781=CARTESIAN_POINT('',(-0.0259400321475631,-0.0317613207039354,-0.0626477285120899));
#2782=CARTESIAN_POINT('',(-0.0253695869529658,-0.0309791629651941,-0.0626475756542711));
#2783=CARTESIAN_POINT('',(-0.0249032103111501,-0.0297854115679207,-0.0626477469749138));
#2784=CARTESIAN_POINT('',(-0.0248216366303399,-0.0288293790120896,-0.0626475803787486));
#2785=CARTESIAN_POINT('',(-0.0248180127790938,-0.0281994324440657,-0.0626476720888296));
#2786=CARTESIAN_POINT('',(-0.0295006399442989,-0.0332087703003231,-0.0629744550013205));
#2787=CARTESIAN_POINT('',(-0.0288501048369085,-0.0332041785189321,-0.0629743789779915));
#2788=CARTESIAN_POINT('',(-0.0278627935217173,-0.0331254068605747,-0.0629745457065455));
#2789=CARTESIAN_POINT('',(-0.0265701997161456,-0.0326239543594009,-0.0629743274674795));
#2790=CARTESIAN_POINT('',(-0.0257052859598879,-0.0319962663580418,-0.0629745114665479));
#2791=CARTESIAN_POINT('',(-0.0250780946786432,-0.0311348310710766,-0.0629743587425379));
#2792=CARTESIAN_POINT('',(-0.0245773485614603,-0.0298480072370546,-0.06297452946844));
#2793=CARTESIAN_POINT('',(-0.0244957918257624,-0.0288512449714808,-0.0629743637073533));
#2794=CARTESIAN_POINT('',(-0.024491229685511,-0.028199347653183,-0.0629744549871532));
#2795=CARTESIAN_POINT('',(-0.0295,-0.0327171572875254,-0.0624828427124746));
#2796=CARTESIAN_POINT('',(-0.047,-0.0325171572875254,-0.0622828427124746));
#2797=CARTESIAN_POINT('',(-0.047,-0.0332,-0.0629656854249492));
#2798=CARTESIAN_POINT('',(-0.047,-0.0282,-0.062));
#2799=CARTESIAN_POINT('',(-0.0895,-0.0247,-0.054));
#2800=CARTESIAN_POINT('',(-0.0645,-0.0247,-0.0518457890075482));
#2801=CARTESIAN_POINT('',(-0.0985,-0.0247,-0.064));
#2802=CARTESIAN_POINT('',(-0.0645,-0.0232,-0.054));
#2803=CARTESIAN_POINT('',(-0.05825,-0.020519587628866,-0.064));
#2804=CARTESIAN_POINT('',(-0.05825,-0.020519587628866,-0.0726));
#2805=CARTESIAN_POINT('',(-0.0976112698372208,-0.0194171618414446,-0.054));
#2806=CARTESIAN_POINT('',(-0.0985,-0.0185284316786655,-0.064));
#2807=CARTESIAN_POINT('',(-0.0985,-0.0282,-0.064));
#2808=CARTESIAN_POINT('',(-0.0985,-0.0282,-0.0726));
#2809=CARTESIAN_POINT('',(-0.0985,-0.0282,-0.0569));
#2810=CARTESIAN_POINT('',(-0.0985,-0.0291,-0.0569));
#2811=CARTESIAN_POINT('',(-0.0985,-0.0322,-0.06));
#2812=CARTESIAN_POINT('',(-0.0985,-0.0287,-0.0565));
#2813=CARTESIAN_POINT('',(-0.0985,-0.0287,-0.0557137765740976));
#2814=CARTESIAN_POINT('',(-0.0985,-0.0287,-0.0515));
#2815=CARTESIAN_POINT('',(-0.0985,-0.0222,-0.058));
#2816=CARTESIAN_POINT('',(-0.077,-0.0142,-0.064));
#2817=CARTESIAN_POINT('',(-0.0935,-0.0232,-0.0511));
#2818=CARTESIAN_POINT('',(-0.0975,-0.0291,-0.0511));
#2819=CARTESIAN_POINT('',(-0.0835,-0.0330042100357369,-0.0511));
#2820=CARTESIAN_POINT('',(-0.1019,0.0442,-0.0555));
#2821=CARTESIAN_POINT('',(-0.0935,-0.0291,-0.0511));
#2822=CARTESIAN_POINT('',(-0.0945,-0.0287,-0.0515));
#2823=CARTESIAN_POINT('',(-0.0945,-0.0287,-0.0557137765740976));
#2824=CARTESIAN_POINT('',(-0.0945,-0.0287,-0.0565));
#2825=CARTESIAN_POINT('',(-0.0935,-0.0291,-0.0569));
#2826=CARTESIAN_POINT('',(-0.0935,-0.0291,-0.0569));
#2827=CARTESIAN_POINT('',(-0.0935,-0.0232,-0.0569));
#2828=CARTESIAN_POINT('',(-0.0935,-0.0330042100357369,-0.0569));
#2829=CARTESIAN_POINT('',(-0.047,-0.0332,-0.0566956919723597));
#2830=CARTESIAN_POINT('',(-0.047,-0.0332,-0.0566956919723597));
#2831=CARTESIAN_POINT('',(-0.047,-0.0332,-0.067));
#2832=CARTESIAN_POINT('',(-0.0295,-0.0332,-0.0726));
#2833=CARTESIAN_POINT('',(-0.0929,-0.0332,-0.0513043080276405));
#2834=CARTESIAN_POINT('',(-0.0935,-0.0330042100357369,-0.0511));
#2835=CARTESIAN_POINT('',(-0.0895,-0.0282,-0.044));
#2836=CARTESIAN_POINT('',(-0.0295000000005874,-0.0332024623180334,-0.0725975376819666));
#2837=CARTESIAN_POINT('',(-0.0288148846040114,-0.0332007800214713,-0.0725975376819666));
#2838=CARTESIAN_POINT('',(-0.0281273258026553,-0.0331356792955454,-0.0725975376819666));
#2839=CARTESIAN_POINT('',(-0.0267618020731058,-0.0327307107371971,-0.0725975376819666));
#2840=CARTESIAN_POINT('',(-0.0260935245383319,-0.0323571498366001,-0.0725975376819666));
#2841=CARTESIAN_POINT('',(-0.0251115879700861,-0.0312350024541375,-0.0725975376819666));
#2842=CARTESIAN_POINT('',(-0.0248234190874912,-0.0305464737427526,-0.0725975376819666));
#2843=CARTESIAN_POINT('',(-0.0245432451519202,-0.0292889577499022,-0.0725975376819666));
#2844=CARTESIAN_POINT('',(-0.0244986473117755,-0.028718697883922,-0.0725975376819666));
#2845=CARTESIAN_POINT('',(-0.0244976572320567,-0.02815344270511,-0.0725975376819666));
#2846=CARTESIAN_POINT('',(-0.0295000000005873,-0.0332,-0.0726));
#2847=CARTESIAN_POINT('',(-0.0288150528636004,-0.0331983200819424,-0.0726));
#2848=CARTESIAN_POINT('',(-0.0281277163119713,-0.0331332302890873,-0.0726));
#2849=CARTESIAN_POINT('',(-0.0267628354073188,-0.0327284454345865,-0.0726));
#2850=CARTESIAN_POINT('',(-0.0260950246838427,-0.0323551223909177,-0.0726));
#2851=CARTESIAN_POINT('',(-0.0251137846236314,-0.0312337763299143,-0.0726));
#2852=CARTESIAN_POINT('',(-0.0248257605776155,-0.0305456596383524,-0.0726));
#2853=CARTESIAN_POINT('',(-0.0245456985123816,-0.0292886472645221,-0.0726));
#2854=CARTESIAN_POINT('',(-0.0245011091719424,-0.0287185669738552,-0.0726));
#2855=CARTESIAN_POINT('',(-0.0245001193192015,-0.028153437211234,-0.0726));
#2856=CARTESIAN_POINT('',(-0.0295000000005639,-0.0328,-0.073));
#2857=CARTESIAN_POINT('',(-0.0288423863902596,-0.0327987064665441,-0.073));
#2858=CARTESIAN_POINT('',(-0.0281911539850426,-0.0327353927352191,-0.073));
#2859=CARTESIAN_POINT('',(-0.026930699054329,-0.0323604503048163,-0.073));
#2860=CARTESIAN_POINT('',(-0.0263387211504181,-0.0320257667748205,-0.073));
#2861=CARTESIAN_POINT('',(-0.0254706278121057,-0.0310345942248291,-0.073));
#2862=CARTESIAN_POINT('',(-0.0252061322586989,-0.0304134095570655,-0.073));
#2863=CARTESIAN_POINT('',(-0.024944243367774,-0.0292382093639882,-0.073));
#2864=CARTESIAN_POINT('',(-0.0249010347921967,-0.0286973008230106,-0.073));
#2865=CARTESIAN_POINT('',(-0.0249000818116825,-0.02815254473904,-0.073));
#2866=CARTESIAN_POINT('',(-0.0295000000005638,-0.0327975210643453,-0.0730024789356547));
#2867=CARTESIAN_POINT('',(-0.0288425557853941,-0.0327962299254459,-0.0730024789356547));
#2868=CARTESIAN_POINT('',(-0.0281915471298167,-0.0327329272009765,-0.0730024789356547));
#2869=CARTESIAN_POINT('',(-0.0269317393622782,-0.0323581697141965,-0.0730024789356547));
#2870=CARTESIAN_POINT('',(-0.0263402314200678,-0.032023725646371,-0.0730024789356547));
#2871=CARTESIAN_POINT('',(-0.0254728392903633,-0.0310333598257739,-0.0730024789356547));
#2872=CARTESIAN_POINT('',(-0.0252084895510046,-0.0304125899584609,-0.0730024789356547));
#2873=CARTESIAN_POINT('',(-0.024946713285404,-0.0292378967832133,-0.0730024789356547));
#2874=CARTESIAN_POINT('',(-0.0249035132668948,-0.0286971690294617,-0.0730024789356547));
#2875=CARTESIAN_POINT('',(-0.0249025605148904,-0.0281525392080871,-0.0730024789356547));
#2876=CARTESIAN_POINT('',(-0.0295000000005639,-0.0328,-0.073));
#2877=CARTESIAN_POINT('',(-0.0295000000005717,-0.0329333333333333,-0.0728666666666666));
#2878=CARTESIAN_POINT('',(-0.0295000000005795,-0.0330666666666667,-0.0727333333333333));
#2879=CARTESIAN_POINT('',(-0.0295000000005873,-0.0332,-0.0726));
#2880=CARTESIAN_POINT('',(-0.0249003492068137,-0.028199764277156,-0.0730000780981822));
#2881=CARTESIAN_POINT('',(-0.0247669791478951,-0.028199872511644,-0.0728666982386008));
#2882=CARTESIAN_POINT('',(-0.0246336090069633,-0.0281999505973043,-0.0727333183790203));
#2883=CARTESIAN_POINT('',(-0.0245002387932835,-0.028199998588978,-0.0725999385194391));
#2884=CARTESIAN_POINT('',(-0.0244977191432351,-0.0282462715350498,-0.0725974546434856));
#2885=CARTESIAN_POINT('',(-0.0244989834798397,-0.0276845303683106,-0.0725974546434856));
#2886=CARTESIAN_POINT('',(-0.0245432503211234,-0.0271111030464926,-0.0725974546434856));
#2887=CARTESIAN_POINT('',(-0.024821809586515,-0.0258517366185991,-0.0725974546434856));
#2888=CARTESIAN_POINT('',(-0.0251084627469719,-0.0251626840330462,-0.0725974546434856));
#2889=CARTESIAN_POINT('',(-0.0261004363915593,-0.0240389735803884,-0.0725974546434856));
#2890=CARTESIAN_POINT('',(-0.0267785327103023,-0.0236690152147483,-0.0725974546434856));
#2891=CARTESIAN_POINT('',(-0.0281362071323658,-0.0232691941647667,-0.0725974546434856));
#2892=CARTESIAN_POINT('',(-0.0288164773603143,-0.0232031450299497,-0.0725974546434856));
#2893=CARTESIAN_POINT('',(-0.0294999861878454,-0.0231976309732035,-0.0725974546434856));
#2894=CARTESIAN_POINT('',(-0.0245002641820222,-0.0282462772486251,-0.0726));
#2895=CARTESIAN_POINT('',(-0.0245015281572649,-0.0276846647004242,-0.0726));
#2896=CARTESIAN_POINT('',(-0.0245457862839184,-0.0271114225435192,-0.0726));
#2897=CARTESIAN_POINT('',(-0.0248242310155525,-0.0258525762962101,-0.0726));
#2898=CARTESIAN_POINT('',(-0.0251107369722063,-0.0251639515350944,-0.0726));
#2899=CARTESIAN_POINT('',(-0.026101972629026,-0.0240410818350176,-0.0726));
#2900=CARTESIAN_POINT('',(-0.0267795844102927,-0.0236713620449472,-0.0726));
#2901=CARTESIAN_POINT('',(-0.028136612997497,-0.0232717249223997,-0.0726));
#2902=CARTESIAN_POINT('',(-0.0288166615516925,-0.0232056870707935,-0.0726));
#2903=CARTESIAN_POINT('',(-0.0295000010278048,-0.0232001762864575,-0.0726));
#2904=CARTESIAN_POINT('',(-0.0249002142515135,-0.028247175130748,-0.073));
#2905=CARTESIAN_POINT('',(-0.0249014214391454,-0.0277057748455649,-0.073));
#2906=CARTESIAN_POINT('',(-0.024944310071159,-0.0271616311527864,-0.073));
#2907=CARTESIAN_POINT('',(-0.0252047559477399,-0.0259845307169277,-0.073));
#2908=CARTESIAN_POINT('',(-0.0254681289872839,-0.0253631380994916,-0.073));
#2909=CARTESIAN_POINT('',(-0.0263433906713387,-0.0243723917505034,-0.073));
#2910=CARTESIAN_POINT('',(-0.0269448579166949,-0.024040163850999,-0.073));
#2911=CARTESIAN_POINT('',(-0.0282003942601772,-0.0236694307241122,-0.073));
#2912=CARTESIAN_POINT('',(-0.0288456070258906,-0.0236051660167739,-0.073));
#2913=CARTESIAN_POINT('',(-0.0295023331112291,-0.0236001694881334,-0.073));
#2914=CARTESIAN_POINT('',(-0.0295,-0.0232,-0.0726));
#2915=CARTESIAN_POINT('',(-0.0295,-0.0233333333333333,-0.0727333333333333));
#2916=CARTESIAN_POINT('',(-0.0295,-0.0234666666666667,-0.0728666666666666));
#2917=CARTESIAN_POINT('',(-0.0295,-0.0236,-0.073));
#2918=CARTESIAN_POINT('',(-0.047,-0.0332,-0.0726));
#2919=CARTESIAN_POINT('',(-0.0965666666666667,-0.0312666666666667,-0.0745333333333333));
#2920=CARTESIAN_POINT('',(-0.047,-0.0236,-0.073));
#2921=CARTESIAN_POINT('',(-0.0452869506517719,-0.0235621910199185,-0.0729621910199186));
#2922=CARTESIAN_POINT('',(-0.0981,-0.0282,-0.073));
#2923=CARTESIAN_POINT('',(-0.0938003436426117,-0.0196006872852234,-0.0772996563573883));
#2924=CARTESIAN_POINT('',(-0.0460205243313683,-0.023449543007136,-0.073));
#2925=CARTESIAN_POINT('',(-0.0857497112269948,-0.017348705316611,-0.0750476743887759));
#2926=CARTESIAN_POINT('',(-0.047,-0.0153010309278351,-0.073));
#2927=CARTESIAN_POINT('',(-0.047,-0.0282,-0.073));
#2928=MECHANICAL_DESIGN_GEOMETRIC_PRESENTATION_REPRESENTATION('',(#1557),
#2929);
#2929=(
GEOMETRIC_REPRESENTATION_CONTEXT(3)
GLOBAL_UNCERTAINTY_ASSIGNED_CONTEXT((#2930))
GLOBAL_UNIT_ASSIGNED_CONTEXT((#2933,#2932,#2931))
REPRESENTATION_CONTEXT('Extrusion_Mount_A','TOP_LEVEL_ASSEMBLY_PART')
);
#2930=UNCERTAINTY_MEASURE_WITH_UNIT(LENGTH_MEASURE(5.32964073264283E-5),
#2933,'DISTANCE_ACCURACY_VALUE','Maximum Tolerance applied to model');
#2931=(
NAMED_UNIT(*)
SI_UNIT($,.STERADIAN.)
SOLID_ANGLE_UNIT()
);
#2932=(
NAMED_UNIT(*)
PLANE_ANGLE_UNIT()
SI_UNIT($,.RADIAN.)
);
#2933=(
LENGTH_UNIT()
NAMED_UNIT(*)
SI_UNIT($,.METRE.)
);
#2934=PRODUCT_DEFINITION_SHAPE('','',#2935);
#2935=PRODUCT_DEFINITION('','',#2937,#2936);
#2936=PRODUCT_DEFINITION_CONTEXT('',#2943,'design');
#2937=PRODUCT_DEFINITION_FORMATION_WITH_SPECIFIED_SOURCE('','',#2939,
 .NOT_KNOWN.);
#2938=PRODUCT_RELATED_PRODUCT_CATEGORY('','',(#2939));
#2939=PRODUCT('Extrusion_Mount_A','Extrusion_Mount_A',
'Extrusion_Mount_A',(#2941));
#2940=PRODUCT_CATEGORY('','');
#2941=PRODUCT_CONTEXT('',#2943,'mechanical');
#2942=APPLICATION_PROTOCOL_DEFINITION('international standard',
'ap242_managed_model_based_3d_engineering',2020,#2943);
#2943=APPLICATION_CONTEXT('managed model based 3d engineering');
ENDSEC;
END-ISO-10303-21;
