ISO-10303-21;
HEADER;
/* Generated by software containing ST-Developer
 * from STEP Tools, Inc. (www.steptools.com) 
 */
/* OPTION: using custom renumber hook */

FILE_DESCRIPTION(
/* description */ ('STEP AP242 Edition 2',
'CAx-IF Rec.Pracs.---Representation and Presentation of Product Manufa
cturing Information (PMI)---4.0---2014-10-13',
'CAx-IF Rec.Pracs.---3D Tessellated Geometry---0.4---2014-09-14','2;1',
'CAx-IF Rec.Pracs.---User Defined Attributes---1.5---2016-08-15'),
/* implementation_level */ '2;1');

FILE_NAME(
/* name */ 'Pneuma_101 - Rear_Cover',
/* time_stamp */ '2026-04-29T18:02:33Z',
/* author */ (''),
/* organization */ (''),
/* preprocessor_version */ 'ST-DEVELOPER v20',
/* originating_system */ 'ONSHAPE BY PTC INC, 1.214',
/* authorisation */ '  ');

FILE_SCHEMA (('AP242_MANAGED_MODEL_BASED_3D_ENGINEERING_MIM_LF { 1 0 10303 442 3 1 4 }'));
ENDSEC;

DATA;
#10=SHAPE_REPRESENTATION_RELATIONSHIP('','',#3386,#11);
#11=ADVANCED_BREP_SHAPE_REPRESENTATION('',(#3384),#6795);
#12=B_SPLINE_CURVE_WITH_KNOTS('',3,(#4583,#4584,#4585,#4586,#4587,#4588,
#4589,#4590,#4591),.UNSPECIFIED.,.F.,.F.,(4,1,1,1,1,1,4),(0.,0.00391250740492311,
0.00586876110738467,0.00782501480984623,0.00978126851230779,0.0117375222147693,
0.0156500296196925),.UNSPECIFIED.);
#13=B_SPLINE_CURVE_WITH_KNOTS('',3,(#4592,#4593,#4594,#4595,#4596,#4597,
#4598,#4599,#4600),.UNSPECIFIED.,.F.,.F.,(4,1,1,1,1,1,4),(1.19421569400957E-15,
0.00407065596253971,0.00610598394380896,0.00814131192507822,0.0101766399063475,
0.0122119678876167,0.0162826238501552),.UNSPECIFIED.);
#14=B_SPLINE_CURVE_WITH_KNOTS('',3,(#4646,#4647,#4648,#4649,#4650,#4651,
#4652,#4653,#4654),.UNSPECIFIED.,.F.,.F.,(4,1,1,1,1,1,4),(1.9991722838696E-15,
0.00407065596254033,0.0061059839438095,0.00814131192507867,0.0101766399063478,
0.012211967887617,0.0162826238501553),.UNSPECIFIED.);
#15=B_SPLINE_CURVE_WITH_KNOTS('',3,(#4655,#4656,#4657,#4658,#4659,#4660,
#4661,#4662,#4663),.UNSPECIFIED.,.F.,.F.,(4,1,1,1,1,1,4),(0.,0.00391241734295686,
0.00586862601443529,0.00782483468591372,0.00978104335739215,0.0117372520288706,
0.0156496693718274),.UNSPECIFIED.);
#16=B_SPLINE_CURVE_WITH_KNOTS('',3,(#4721,#4722,#4723,#4724,#4725,#4726,
#4727,#4728,#4729),.UNSPECIFIED.,.F.,.F.,(4,1,1,1,1,1,4),(0.,0.00391250740492308,
0.00586876110738462,0.00782501480984616,0.00978126851230771,0.0117375222147692,
0.0156500296196923),.UNSPECIFIED.);
#17=B_SPLINE_CURVE_WITH_KNOTS('',3,(#4730,#4731,#4732,#4733,#4734,#4735,
#4736,#4737,#4738),.UNSPECIFIED.,.F.,.F.,(4,1,1,1,1,1,4),(1.20092990588726E-15,
0.00407065596253973,0.006105983943809,0.00814131192507826,0.0101766399063475,
0.0122119678876168,0.0162826238501553),.UNSPECIFIED.);
#18=B_SPLINE_CURVE_WITH_KNOTS('',3,(#4784,#4785,#4786,#4787,#4788,#4789,
#4790,#4791,#4792),.UNSPECIFIED.,.F.,.F.,(4,1,1,1,1,1,4),(1.20115039424257E-15,
0.00407065596253968,0.00610598394380892,0.00814131192507817,0.0101766399063474,
0.0122119678876166,0.0162826238501551),.UNSPECIFIED.);
#19=B_SPLINE_CURVE_WITH_KNOTS('',3,(#4793,#4794,#4795,#4796,#4797,#4798,
#4799,#4800,#4801),.UNSPECIFIED.,.F.,.F.,(4,1,1,1,1,1,4),(0.,0.00391241734295657,
0.00586862601443486,0.00782483468591315,0.00978104335739144,0.0117372520288697,
0.0156496693718263),.UNSPECIFIED.);
#20=B_SPLINE_CURVE_WITH_KNOTS('',3,(#4889,#4890,#4891,#4892),
 .UNSPECIFIED.,.F.,.F.,(4,4),(0.,0.000637112160035835),.UNSPECIFIED.);
#21=B_SPLINE_CURVE_WITH_KNOTS('',3,(#4914,#4915,#4916,#4917),
 .UNSPECIFIED.,.F.,.F.,(4,4),(0.,1.),.UNSPECIFIED.);
#22=B_SPLINE_CURVE_WITH_KNOTS('',3,(#4963,#4964,#4965,#4966,#4967,#4968,
#4969,#4970,#4971,#4972),.UNSPECIFIED.,.F.,.F.,(4,1,1,1,1,1,1,4),(0.,0.00235963657099513,
0.00471927314199026,0.00707890971298538,0.00943854628398051,0.0117981828549756,
0.0141578194259708,0.018877092567961),.UNSPECIFIED.);
#23=B_SPLINE_CURVE_WITH_KNOTS('',3,(#4976,#4977,#4978,#4979,#4980,#4981,
#4982,#4983,#4984),.UNSPECIFIED.,.F.,.F.,(4,1,1,1,1,1,4),(0.,0.00503771685098163,
0.00755657527647244,0.0100754337019633,0.0125942921274541,0.0151131505529449,
0.0201508674039265),.UNSPECIFIED.);
#24=B_SPLINE_CURVE_WITH_KNOTS('',3,(#4994,#4995,#4996,#4997),
 .UNSPECIFIED.,.F.,.F.,(4,4),(0.,0.000637112160035835),.UNSPECIFIED.);
#25=B_SPLINE_CURVE_WITH_KNOTS('',3,(#5024,#5025,#5026,#5027,#5028,#5029,
#5030,#5031,#5032),.UNSPECIFIED.,.F.,.F.,(4,1,1,1,1,1,4),(0.,0.0027734953710131,
0.00416024305651965,0.00554699074202621,0.00693373842753276,0.00832048611303931,
0.0110939814840524),.UNSPECIFIED.);
#26=B_SPLINE_CURVE_WITH_KNOTS('',3,(#5036,#5037,#5038,#5039,#5040,#5041,
#5042),.UNSPECIFIED.,.F.,.F.,(4,1,1,1,4),(0.,0.00272874637392756,0.00545749274785511,
0.00818623912178267,0.0109149854957102),.UNSPECIFIED.);
#27=B_SPLINE_CURVE_WITH_KNOTS('',3,(#5110,#5111,#5112,#5113,#5114,#5115,
#5116,#5117,#5118),.UNSPECIFIED.,.F.,.F.,(4,1,1,1,1,1,4),(0.,0.00390167781229595,
0.00585251671844393,0.0078033556245919,0.00975419453073988,0.0117050334368879,
0.0156067112491838),.UNSPECIFIED.);
#28=B_SPLINE_CURVE_WITH_KNOTS('',3,(#5122,#5123,#5124,#5125,#5126,#5127,
#5128,#5129,#5130),.UNSPECIFIED.,.F.,.F.,(4,1,1,1,1,1,4),(0.,0.00421800462747798,
0.00632700694121698,0.00843600925495597,0.010545011568695,0.012654013882434,
0.0168720185099119),.UNSPECIFIED.);
#29=B_SPLINE_CURVE_WITH_KNOTS('',3,(#5143,#5144,#5145,#5146),
 .UNSPECIFIED.,.F.,.F.,(4,4),(0.,1.),.UNSPECIFIED.);
#30=B_SPLINE_CURVE_WITH_KNOTS('',3,(#5160,#5161,#5162,#5163,#5164,#5165,
#5166,#5167,#5168),.UNSPECIFIED.,.F.,.F.,(4,1,1,1,1,1,4),(0.,0.00277349537764561,
0.00416024306646842,0.00554699075529123,0.00693373844411404,0.00832048613293684,
0.0110939815105825),.UNSPECIFIED.);
#31=B_SPLINE_CURVE_WITH_KNOTS('',3,(#5172,#5173,#5174,#5175,#5176,#5177,
#5178),.UNSPECIFIED.,.F.,.F.,(4,1,1,1,4),(0.,0.0027287463738602,0.0054574927477204,
0.0081862391215806,0.0109149854954408),.UNSPECIFIED.);
#32=B_SPLINE_CURVE_WITH_KNOTS('',3,(#5188,#5189,#5190,#5191),
 .UNSPECIFIED.,.F.,.F.,(4,4),(0.,0.000637112160035843),.UNSPECIFIED.);
#33=B_SPLINE_CURVE_WITH_KNOTS('',3,(#5213,#5214,#5215,#5216),
 .UNSPECIFIED.,.F.,.F.,(4,4),(0.,0.000637112160035843),.UNSPECIFIED.);
#34=B_SPLINE_CURVE_WITH_KNOTS('',3,(#5261,#5262,#5263,#5264,#5265,#5266,
#5267,#5268,#5269),.UNSPECIFIED.,.F.,.F.,(4,1,1,1,1,1,4),(0.,0.00503771685098163,
0.00755657527647245,0.0100754337019633,0.0125942921274541,0.0151131505529449,
0.0201508674039265),.UNSPECIFIED.);
#35=B_SPLINE_CURVE_WITH_KNOTS('',3,(#5274,#5275,#5276,#5277,#5278,#5279,
#5280,#5281,#5282,#5283),.UNSPECIFIED.,.F.,.F.,(4,1,1,1,1,1,1,4),(0.,0.00235963657099511,
0.00471927314199023,0.00707890971298534,0.00943854628398045,0.0117981828549756,
0.0141578194259707,0.0188770925679609),.UNSPECIFIED.);
#36=B_SPLINE_CURVE_WITH_KNOTS('',3,(#5353,#5354,#5355,#5356,#5357,#5358,
#5359,#5360,#5361),.UNSPECIFIED.,.F.,.F.,(4,1,1,1,1,1,4),(0.,0.00390167781229591,
0.00585251671844386,0.00780335562459182,0.00975419453073977,0.0117050334368877,
0.0156067112491836),.UNSPECIFIED.);
#37=B_SPLINE_CURVE_WITH_KNOTS('',3,(#5365,#5366,#5367,#5368,#5369,#5370,
#5371,#5372,#5373),.UNSPECIFIED.,.F.,.F.,(4,1,1,1,1,1,4),(0.,0.00421800462747803,
0.00632700694121704,0.00843600925495605,0.0105450115686951,0.0126540138824341,
0.0168720185099121),.UNSPECIFIED.);
#38=B_SPLINE_CURVE_WITH_KNOTS('',3,(#5466,#5467,#5468,#5469,#5470,#5471,
#5472),.UNSPECIFIED.,.F.,.F.,(4,1,1,1,4),(0.,0.00269423371487515,0.0053884674297503,
0.00808270114462546,0.0107769348595006),.UNSPECIFIED.);
#39=B_SPLINE_CURVE_WITH_KNOTS('',3,(#5478,#5479,#5480,#5481),
 .UNSPECIFIED.,.F.,.F.,(4,4),(0.,0.000637112160035837),.UNSPECIFIED.);
#40=B_SPLINE_CURVE_WITH_KNOTS('',3,(#5521,#5522,#5523,#5524),
 .UNSPECIFIED.,.F.,.F.,(4,4),(0.,0.000637112160035836),.UNSPECIFIED.);
#41=B_SPLINE_CURVE_WITH_KNOTS('',3,(#5572,#5573,#5574,#5575,#5576,#5577,
#5578),.UNSPECIFIED.,.F.,.F.,(4,1,1,1,4),(0.,0.00269423371487517,0.00538846742975035,
0.00808270114462552,0.0107769348595007),.UNSPECIFIED.);
#42=B_SPLINE_CURVE_WITH_KNOTS('',3,(#5611,#5612,#5613,#5614),
 .UNSPECIFIED.,.F.,.F.,(4,4),(0.,0.00059104601155687),.UNSPECIFIED.);
#43=B_SPLINE_CURVE_WITH_KNOTS('',3,(#5619,#5620,#5621,#5622),
 .UNSPECIFIED.,.F.,.F.,(4,4),(0.,0.00059104601155687),.UNSPECIFIED.);
#44=B_SPLINE_CURVE_WITH_KNOTS('',3,(#5624,#5625,#5626,#5627),
 .UNSPECIFIED.,.F.,.F.,(4,4),(2.40370335797945E-17,0.000591046011556868),
 .UNSPECIFIED.);
#45=B_SPLINE_CURVE_WITH_KNOTS('',3,(#5632,#5633,#5634,#5635),
 .UNSPECIFIED.,.F.,.F.,(4,4),(0.,0.000591046011556845),.UNSPECIFIED.);
#46=B_SPLINE_CURVE_WITH_KNOTS('',3,(#5645,#5646,#5647,#5648),
 .UNSPECIFIED.,.F.,.F.,(4,4),(0.,0.000591046011556901),.UNSPECIFIED.);
#47=B_SPLINE_CURVE_WITH_KNOTS('',3,(#5654,#5655,#5656,#5657),
 .UNSPECIFIED.,.F.,.F.,(4,4),(5.81585287368077E-17,0.000591046011556842),
 .UNSPECIFIED.);
#48=B_SPLINE_CURVE_WITH_KNOTS('',3,(#5728,#5729,#5730,#5731,#5732,#5733,
#5734,#5735,#5736),.UNSPECIFIED.,.F.,.F.,(4,1,1,1,1,1,4),(0.,0.00390167781229593,
0.0058525167184439,0.00780335562459187,0.00975419453073983,0.0117050334368878,
0.0156067112491837),.UNSPECIFIED.);
#49=B_SPLINE_CURVE_WITH_KNOTS('',3,(#5740,#5741,#5742,#5743,#5744,#5745,
#5746,#5747,#5748),.UNSPECIFIED.,.F.,.F.,(4,1,1,1,1,1,4),(0.,0.00421800462747798,
0.00632700694121697,0.00843600925495596,0.0105450115686949,0.0126540138824339,
0.0168720185099119),.UNSPECIFIED.);
#50=B_SPLINE_CURVE_WITH_KNOTS('',3,(#5791,#5792,#5793,#5794,#5795,#5796,
#5797,#5798,#5799),.UNSPECIFIED.,.F.,.F.,(4,1,1,1,1,1,4),(0.,0.00503771685098167,
0.0075565752764725,0.0100754337019633,0.0125942921274542,0.015113150552945,
0.0201508674039267),.UNSPECIFIED.);
#51=B_SPLINE_CURVE_WITH_KNOTS('',3,(#5804,#5805,#5806,#5807,#5808,#5809,
#5810,#5811,#5812,#5813),.UNSPECIFIED.,.F.,.F.,(4,1,1,1,1,1,1,4),(0.,0.00235963657099518,
0.00471927314199036,0.00707890971298554,0.00943854628398072,0.0117981828549759,
0.0141578194259711,0.0188770925679614),.UNSPECIFIED.);
#52=B_SPLINE_CURVE_WITH_KNOTS('',3,(#5823,#5824,#5825,#5826),
 .UNSPECIFIED.,.F.,.F.,(4,4),(0.,0.000637112160035835),.UNSPECIFIED.);
#53=B_SPLINE_CURVE_WITH_KNOTS('',3,(#5868,#5869,#5870,#5871),
 .UNSPECIFIED.,.F.,.F.,(4,4),(0.,0.000637112160035835),.UNSPECIFIED.);
#54=B_SPLINE_CURVE_WITH_KNOTS('',3,(#5927,#5928,#5929,#5930,#5931,#5932,
#5933),.UNSPECIFIED.,.F.,.F.,(4,1,1,1,4),(0.,0.00269423371487436,0.00538846742974872,
0.00808270114462308,0.0107769348594974),.UNSPECIFIED.);
#55=B_SPLINE_CURVE_WITH_KNOTS('',3,(#5934,#5935,#5936,#5937,#5938,#5939,
#5940,#5941,#5942),.UNSPECIFIED.,.F.,.F.,(4,1,1,1,1,1,4),(0.,0.00277349537100929,
0.00416024305651394,0.00554699074201859,0.00693373842752324,0.00832048611302788,
0.0110939814840372),.UNSPECIFIED.);
#56=B_SPLINE_CURVE_WITH_KNOTS('',3,(#5955,#5956,#5957,#5958),
 .UNSPECIFIED.,.F.,.F.,(4,4),(0.,1.),.UNSPECIFIED.);
#57=B_SPLINE_CURVE_WITH_KNOTS('',3,(#5978,#5979,#5980,#5981,#5982,#5983,
#5984),.UNSPECIFIED.,.F.,.F.,(4,1,1,1,4),(0.,0.00272534550680622,0.00545069101361245,
0.00817603652041867,0.0109013820272249),.UNSPECIFIED.);
#58=B_SPLINE_CURVE_WITH_KNOTS('',3,(#5992,#5993,#5994,#5995),
 .UNSPECIFIED.,.F.,.F.,(4,4),(0.,0.000591046011556866),.UNSPECIFIED.);
#59=B_SPLINE_CURVE_WITH_KNOTS('',3,(#6005,#6006,#6007,#6008),
 .UNSPECIFIED.,.F.,.F.,(4,4),(0.,0.00059104601155687),.UNSPECIFIED.);
#60=B_SPLINE_CURVE_WITH_KNOTS('',3,(#6051,#6052,#6053,#6054),
 .UNSPECIFIED.,.F.,.F.,(4,4),(0.,1.),.UNSPECIFIED.);
#61=B_SPLINE_CURVE_WITH_KNOTS('',3,(#6070,#6071,#6072,#6073,#6074,#6075,
#6076,#6077,#6078),.UNSPECIFIED.,.F.,.F.,(4,1,1,1,1,1,4),(0.,0.00277349537496199,
0.00416024306244298,0.00554699074992397,0.00693373843740496,0.00832048612488596,
0.0110939814998479),.UNSPECIFIED.);
#62=B_SPLINE_CURVE_WITH_KNOTS('',3,(#6082,#6083,#6084,#6085,#6086,#6087,
#6088),.UNSPECIFIED.,.F.,.F.,(4,1,1,1,4),(0.,0.00272874637392757,0.00545749274785515,
0.00818623912178272,0.0109149854957103),.UNSPECIFIED.);
#63=B_SPLINE_CURVE_WITH_KNOTS('',3,(#6145,#6146,#6147,#6148,#6149,#6150,
#6151,#6152,#6153),.UNSPECIFIED.,.F.,.F.,(4,1,1,1,1,1,4),(0.,0.00503771685098171,
0.00755657527647256,0.0100754337019634,0.0125942921274543,0.0151131505529451,
0.0201508674039268),.UNSPECIFIED.);
#64=B_SPLINE_CURVE_WITH_KNOTS('',3,(#6157,#6158,#6159,#6160,#6161,#6162,
#6163,#6164,#6165),.UNSPECIFIED.,.F.,.F.,(4,1,1,1,1,1,4),(0.,0.00471922832738497,
0.00707884249107746,0.00943845665476995,0.0117980708184624,0.0141576849821549,
0.0188769133095399),.UNSPECIFIED.);
#65=B_SPLINE_CURVE_WITH_KNOTS('',3,(#6236,#6237,#6238,#6239,#6240,#6241,
#6242,#6243,#6244),.UNSPECIFIED.,.F.,.F.,(4,1,1,1,1,1,4),(0.,0.0039016778122959,
0.00585251671844385,0.0078033556245918,0.00975419453073975,0.0117050334368877,
0.0156067112491836),.UNSPECIFIED.);
#66=B_SPLINE_CURVE_WITH_KNOTS('',3,(#6246,#6247,#6248,#6249,#6250,#6251,
#6252,#6253,#6254),.UNSPECIFIED.,.F.,.F.,(4,1,1,1,1,1,4),(0.,0.00421800462747799,
0.00632700694121699,0.00843600925495599,0.010545011568695,0.012654013882434,
0.016872018509912),.UNSPECIFIED.);
#67=B_SPLINE_CURVE_WITH_KNOTS('',3,(#6280,#6281,#6282,#6283),
 .UNSPECIFIED.,.F.,.F.,(4,4),(2.8609792490764E-17,0.000591046011556868),
 .UNSPECIFIED.);
#68=B_SPLINE_CURVE_WITH_KNOTS('',3,(#6291,#6292,#6293,#6294),
 .UNSPECIFIED.,.F.,.F.,(4,4),(0.,0.000591046011556841),.UNSPECIFIED.);
#69=B_SPLINE_CURVE_WITH_KNOTS('',3,(#6298,#6299,#6300,#6301),
 .UNSPECIFIED.,.F.,.F.,(4,4),(0.,0.000637112160035843),.UNSPECIFIED.);
#70=B_SPLINE_CURVE_WITH_KNOTS('',3,(#6305,#6306,#6307,#6308),
 .UNSPECIFIED.,.F.,.F.,(4,4),(0.,0.000637112160035843),.UNSPECIFIED.);
#71=B_SPLINE_CURVE_WITH_KNOTS('',3,(#6359,#6360,#6361,#6362,#6363,#6364,
#6365),.UNSPECIFIED.,.F.,.F.,(4,1,1,1,4),(0.,0.00269423371487516,0.00538846742975033,
0.00808270114462549,0.0107769348595007),.UNSPECIFIED.);
#72=B_SPLINE_CURVE_WITH_KNOTS('',3,(#6371,#6372,#6373,#6374,#6375,#6376,
#6377,#6378,#6379),.UNSPECIFIED.,.F.,.F.,(4,1,1,1,1,1,4),(4.87890977618477E-19,
0.00333332711541161,0.00499999067311742,0.00666665423082322,0.00833331778852903,
0.00999998134623483,0.0133333084616464),.UNSPECIFIED.);
#73=B_SPLINE_CURVE_WITH_KNOTS('',3,(#6381,#6382,#6383,#6384,#6385,#6386,
#6387,#6388,#6389),.UNSPECIFIED.,.F.,.F.,(4,1,1,1,1,1,4),(1.82589266921609E-15,
0.00454110493089465,0.00681165739634105,0.00908220986178746,0.0113527623272339,
0.0136233147926803,0.0181644197235731),.UNSPECIFIED.);
#74=B_SPLINE_CURVE_WITH_KNOTS('',3,(#6460,#6461,#6462,#6463,#6464,#6465,
#6466,#6467,#6468),.UNSPECIFIED.,.F.,.F.,(4,1,1,1,1,1,4),(0.,0.00333447284690632,
0.00500170927035948,0.00666894569381264,0.0083361821172658,0.010003418540719,
0.0133378913876253),.UNSPECIFIED.);
#75=B_SPLINE_CURVE_WITH_KNOTS('',3,(#6470,#6471,#6472,#6473,#6474,#6475,
#6476,#6477),.UNSPECIFIED.,.F.,.F.,(4,1,1,1,1,4),(0.,0.00362258740150094,
0.0054338811022514,0.00724517480300187,0.0108677622045028,0.0144903496060037),
 .UNSPECIFIED.);
#76=B_SPLINE_CURVE_WITH_KNOTS('',3,(#6487,#6488,#6489,#6490,#6491,#6492,
#6493,#6494,#6495),.UNSPECIFIED.,.F.,.F.,(4,1,1,1,1,1,4),(6.49908078829942E-16,
0.0042507543335827,0.00637613150037372,0.00850150866716474,0.0106268858339558,
0.0127522630007468,0.0170030173343288),.UNSPECIFIED.);
#77=B_SPLINE_CURVE_WITH_KNOTS('',3,(#6497,#6498,#6499,#6500,#6501,#6502,
#6503,#6504),.UNSPECIFIED.,.F.,.F.,(4,1,1,1,1,4),(9.75781955236954E-19,
0.00362143274556408,0.00543214911834613,0.00724286549112817,0.0108642982366923,
0.0144857309822563),.UNSPECIFIED.);
#78=B_SPLINE_CURVE_WITH_KNOTS('',3,(#6505,#6506,#6507,#6508,#6509,#6510,
#6511,#6512,#6513),.UNSPECIFIED.,.F.,.F.,(4,1,1,1,1,1,4),(4.58103866071838E-16,
0.00425075433359267,0.00637613150038878,0.00850150866718489,0.010626885833981,
0.0127522630007771,0.0170030173343693),.UNSPECIFIED.);
#79=B_SPLINE_CURVE_WITH_KNOTS('',3,(#6525,#6526,#6527,#6528,#6529,#6530,
#6531,#6532,#6533),.UNSPECIFIED.,.F.,.F.,(4,1,1,1,1,1,4),(2.22223426277517E-15,
0.00454110493089452,0.00681165739634067,0.00908220986178682,0.011352762327233,
0.0136233147926791,0.0181644197235714),.UNSPECIFIED.);
#80=B_SPLINE_CURVE_WITH_KNOTS('',3,(#6535,#6536,#6537,#6538),
 .UNSPECIFIED.,.F.,.F.,(4,4),(0.,0.000637112160035836),.UNSPECIFIED.);
#81=B_SPLINE_CURVE_WITH_KNOTS('',3,(#6578,#6579,#6580,#6581),
 .UNSPECIFIED.,.F.,.F.,(4,4),(0.,0.000637112160035837),.UNSPECIFIED.);
#82=B_SPLINE_CURVE_WITH_KNOTS('',3,(#6763,#6764,#6765,#6766),
 .UNSPECIFIED.,.F.,.F.,(4,4),(0.,0.000591046011556872),.UNSPECIFIED.);
#83=B_SPLINE_CURVE_WITH_KNOTS('',3,(#6772,#6773,#6774,#6775),
 .UNSPECIFIED.,.F.,.F.,(4,4),(0.,0.000591046011556873),.UNSPECIFIED.);
#84=B_SPLINE_SURFACE_WITH_KNOTS('',1,3,((#4538,#4539,#4540,#4541,#4542,
#4543,#4544,#4545,#4546,#4547,#4548,#4549,#4550,#4551),(#4552,#4553,#4554,
#4555,#4556,#4557,#4558,#4559,#4560,#4561,#4562,#4563,#4564,#4565),(#4566,
#4567,#4568,#4569,#4570,#4571,#4572,#4573,#4574,#4575,#4576,#4577,#4578,
#4579)),.RULED_SURF.,.F.,.F.,.F.,(2,1,2),(4,2,2,2,2,2,4),(-0.00996106140676561,
0.,1.),(0.,0.00384782887486523,0.00577174331229784,0.00769565774973046,
0.00961957218716307,0.0115434866245957,0.0153913154994609),
 .UNSPECIFIED.);
#85=B_SPLINE_SURFACE_WITH_KNOTS('',1,3,((#4601,#4602,#4603,#4604,#4605,
#4606,#4607,#4608,#4609,#4610,#4611,#4612,#4613,#4614),(#4615,#4616,#4617,
#4618,#4619,#4620,#4621,#4622,#4623,#4624,#4625,#4626,#4627,#4628),(#4629,
#4630,#4631,#4632,#4633,#4634,#4635,#4636,#4637,#4638,#4639,#4640,#4641,
#4642)),.RULED_SURF.,.F.,.F.,.F.,(2,1,2),(4,2,2,2,2,2,4),(-0.00996106140679378,
0.,1.),(0.,0.00384782887486524,0.00577174331229785,0.00769565774973047,
0.00961957218716309,0.0115434866245957,0.0153913154994609),
 .UNSPECIFIED.);
#86=B_SPLINE_SURFACE_WITH_KNOTS('',1,3,((#4676,#4677,#4678,#4679,#4680,
#4681,#4682,#4683,#4684,#4685,#4686,#4687,#4688,#4689),(#4690,#4691,#4692,
#4693,#4694,#4695,#4696,#4697,#4698,#4699,#4700,#4701,#4702,#4703),(#4704,
#4705,#4706,#4707,#4708,#4709,#4710,#4711,#4712,#4713,#4714,#4715,#4716,
#4717)),.RULED_SURF.,.F.,.F.,.F.,(2,1,2),(4,2,2,2,2,2,4),(-0.00996106140701522,
0.,1.),(0.,0.00384782887486523,0.00577174331229784,0.00769565774973045,
0.00961957218716306,0.0115434866245957,0.0153913154994609),
 .UNSPECIFIED.);
#87=B_SPLINE_SURFACE_WITH_KNOTS('',1,3,((#4739,#4740,#4741,#4742,#4743,
#4744,#4745,#4746,#4747,#4748,#4749,#4750,#4751,#4752),(#4753,#4754,#4755,
#4756,#4757,#4758,#4759,#4760,#4761,#4762,#4763,#4764,#4765,#4766),(#4767,
#4768,#4769,#4770,#4771,#4772,#4773,#4774,#4775,#4776,#4777,#4778,#4779,
#4780)),.RULED_SURF.,.F.,.F.,.F.,(2,1,2),(4,2,2,2,2,2,4),(-0.00996106140688128,
0.,1.),(0.,0.00384782887486525,0.00577174331229787,0.00769565774973049,
0.00961957218716311,0.0115434866245957,0.015391315499461),.UNSPECIFIED.);
#88=B_SPLINE_SURFACE_WITH_KNOTS('',3,1,((#4902,#4903),(#4904,#4905),(#4906,
#4907),(#4908,#4909)),.SURF_OF_LINEAR_EXTRUSION.,.F.,.F.,.F.,(4,4),(2,2),
(2.05414096887401E-13,0.999999999999882),(0.,1.),
 .PIECEWISE_BEZIER_KNOTS.);
#89=B_SPLINE_SURFACE_WITH_KNOTS('',1,3,((#4918,#4919,#4920,#4921,#4922,
#4923,#4924,#4925,#4926,#4927,#4928,#4929,#4930,#4931),(#4932,#4933,#4934,
#4935,#4936,#4937,#4938,#4939,#4940,#4941,#4942,#4943,#4944,#4945),(#4946,
#4947,#4948,#4949,#4950,#4951,#4952,#4953,#4954,#4955,#4956,#4957,#4958,
#4959)),.RULED_SURF.,.F.,.F.,.F.,(2,1,2),(4,2,2,2,2,2,4),(0.,1.,2.),(0.,
0.00503746346707056,0.00755619520060585,0.0100749269341411,0.0125936586676764,
0.0151123904012117,0.0201498538682823),.UNSPECIFIED.);
#90=B_SPLINE_SURFACE_WITH_KNOTS('',3,1,((#5012,#5013),(#5014,#5015),(#5016,
#5017),(#5018,#5019),(#5020,#5021)),.SURF_OF_LINEAR_EXTRUSION.,.F.,.F.,
 .F.,(4,1,4),(2,2),(4.84497291901023E-10,0.500000000121125,0.999999999757752),
(0.,1.),.UNSPECIFIED.);
#91=B_SPLINE_SURFACE_WITH_KNOTS('',1,3,((#5043,#5044,#5045,#5046,#5047,
#5048,#5049,#5050,#5051,#5052,#5053,#5054,#5055,#5056,#5057,#5058),(#5059,
#5060,#5061,#5062,#5063,#5064,#5065,#5066,#5067,#5068,#5069,#5070,#5071,
#5072,#5073,#5074),(#5075,#5076,#5077,#5078,#5079,#5080,#5081,#5082,#5083,
#5084,#5085,#5086,#5087,#5088,#5089,#5090),(#5091,#5092,#5093,#5094,#5095,
#5096,#5097,#5098,#5099,#5100,#5101,#5102,#5103,#5104,#5105,#5106)),
 .RULED_SURF.,.F.,.F.,.F.,(2,1,1,2),(4,3,2,2,2,3,4),(-0.199999999999965,
0.,1.,2.),(-0.00156275974392556,0.,0.00390689935981391,0.00781379871962782,
0.0117206980794417,0.0156275974392556,0.0171903571831812),.UNSPECIFIED.);
#92=B_SPLINE_SURFACE_WITH_KNOTS('',3,1,((#5131,#5132),(#5133,#5134),(#5135,
#5136),(#5137,#5138)),.SURF_OF_LINEAR_EXTRUSION.,.F.,.F.,.F.,(4,4),(2,2),
(1.97760402308399E-13,0.999999999999874),(0.,1.),
 .PIECEWISE_BEZIER_KNOTS.);
#93=B_SPLINE_SURFACE_WITH_KNOTS('',3,1,((#5147,#5148),(#5149,#5150),(#5151,
#5152),(#5153,#5154),(#5155,#5156)),.SURF_OF_LINEAR_EXTRUSION.,.F.,.F.,
 .F.,(4,1,4),(2,2),(2.42246551656015E-10,0.5,0.999999999757753),(0.,1.),
 .UNSPECIFIED.);
#94=B_SPLINE_SURFACE_WITH_KNOTS('',1,3,((#5219,#5220,#5221,#5222,#5223,
#5224,#5225,#5226,#5227,#5228,#5229,#5230,#5231,#5232),(#5233,#5234,#5235,
#5236,#5237,#5238,#5239,#5240,#5241,#5242,#5243,#5244,#5245,#5246),(#5247,
#5248,#5249,#5250,#5251,#5252,#5253,#5254,#5255,#5256,#5257,#5258,#5259,
#5260)),.RULED_SURF.,.F.,.F.,.F.,(2,1,2),(4,2,2,2,2,2,4),(0.,1.,2.),(0.,
0.00503746346707057,0.00755619520060586,0.0100749269341411,0.0125936586676764,
0.0151123904012117,0.0201498538682823),.UNSPECIFIED.);
#95=B_SPLINE_SURFACE_WITH_KNOTS('',1,3,((#5286,#5287,#5288,#5289,#5290,
#5291,#5292,#5293,#5294,#5295,#5296,#5297,#5298,#5299,#5300,#5301),(#5302,
#5303,#5304,#5305,#5306,#5307,#5308,#5309,#5310,#5311,#5312,#5313,#5314,
#5315,#5316,#5317),(#5318,#5319,#5320,#5321,#5322,#5323,#5324,#5325,#5326,
#5327,#5328,#5329,#5330,#5331,#5332,#5333),(#5334,#5335,#5336,#5337,#5338,
#5339,#5340,#5341,#5342,#5343,#5344,#5345,#5346,#5347,#5348,#5349)),
 .RULED_SURF.,.F.,.F.,.F.,(2,1,1,2),(4,3,2,2,2,3,4),(-0.199999999999844,
0.,1.,2.),(-0.00156275974392558,0.,0.00390689935981391,0.00781379871962783,
0.0117206980794417,0.0156275974392556,0.0171903571831812),.UNSPECIFIED.);
#96=B_SPLINE_SURFACE_WITH_KNOTS('',1,3,((#5424,#5425,#5426,#5427,#5428,
#5429,#5430,#5431,#5432,#5433),(#5434,#5435,#5436,#5437,#5438,#5439,#5440,
#5441,#5442,#5443),(#5444,#5445,#5446,#5447,#5448,#5449,#5450,#5451,#5452,
#5453),(#5454,#5455,#5456,#5457,#5458,#5459,#5460,#5461,#5462,#5463)),
 .RULED_SURF.,.F.,.F.,.F.,(2,1,1,2),(4,2,2,2,4),(-0.0355753442179651,-0.0293305587947978,
0.,1.),(0.,0.00264585572025085,0.0052917114405017,0.00793756716075255,0.0105834228810034),
 .UNSPECIFIED.);
#97=B_SPLINE_SURFACE_WITH_KNOTS('',1,3,((#5532,#5533,#5534,#5535,#5536,
#5537,#5538,#5539,#5540,#5541),(#5542,#5543,#5544,#5545,#5546,#5547,#5548,
#5549,#5550,#5551),(#5552,#5553,#5554,#5555,#5556,#5557,#5558,#5559,#5560,
#5561),(#5562,#5563,#5564,#5565,#5566,#5567,#5568,#5569,#5570,#5571)),
 .RULED_SURF.,.F.,.F.,.F.,(2,1,1,2),(4,2,2,2,4),(-0.0355753442337094,-0.0293305587947406,
0.,1.),(0.,0.00264585572025086,0.00529171144050172,0.00793756716075257,
0.0105834228810034),.UNSPECIFIED.);
#98=B_SPLINE_SURFACE_WITH_KNOTS('',1,3,((#5661,#5662,#5663,#5664,#5665,
#5666,#5667,#5668,#5669,#5670,#5671,#5672,#5673,#5674,#5675,#5676),(#5677,
#5678,#5679,#5680,#5681,#5682,#5683,#5684,#5685,#5686,#5687,#5688,#5689,
#5690,#5691,#5692),(#5693,#5694,#5695,#5696,#5697,#5698,#5699,#5700,#5701,
#5702,#5703,#5704,#5705,#5706,#5707,#5708),(#5709,#5710,#5711,#5712,#5713,
#5714,#5715,#5716,#5717,#5718,#5719,#5720,#5721,#5722,#5723,#5724)),
 .RULED_SURF.,.F.,.F.,.F.,(2,1,1,2),(4,3,2,2,2,3,4),(-0.199999999999912,
0.,1.,2.),(-0.00156275974392557,0.,0.00390689935981392,0.00781379871962784,
0.0117206980794418,0.0156275974392556,0.0171903571831812),.UNSPECIFIED.);
#99=B_SPLINE_SURFACE_WITH_KNOTS('',1,3,((#5749,#5750,#5751,#5752,#5753,
#5754,#5755,#5756,#5757,#5758,#5759,#5760,#5761,#5762),(#5763,#5764,#5765,
#5766,#5767,#5768,#5769,#5770,#5771,#5772,#5773,#5774,#5775,#5776),(#5777,
#5778,#5779,#5780,#5781,#5782,#5783,#5784,#5785,#5786,#5787,#5788,#5789,
#5790)),.RULED_SURF.,.F.,.F.,.F.,(2,1,2),(4,2,2,2,2,2,4),(0.,1.,2.),(0.,
0.00503746346707057,0.00755619520060586,0.0100749269341411,0.0125936586676764,
0.0151123904012117,0.0201498538682823),.UNSPECIFIED.);
#100=B_SPLINE_SURFACE_WITH_KNOTS('',1,3,((#5884,#5885,#5886,#5887,#5888,
#5889,#5890,#5891,#5892,#5893),(#5894,#5895,#5896,#5897,#5898,#5899,#5900,
#5901,#5902,#5903),(#5904,#5905,#5906,#5907,#5908,#5909,#5910,#5911,#5912,
#5913),(#5914,#5915,#5916,#5917,#5918,#5919,#5920,#5921,#5922,#5923)),
 .RULED_SURF.,.F.,.F.,.F.,(2,1,1,2),(4,2,2,2,4),(-0.0355753442333637,-0.0293305587946586,
0.,1.),(0.,0.00264585572025085,0.00529171144050171,0.00793756716075256,
0.0105834228810034),.UNSPECIFIED.);
#101=B_SPLINE_SURFACE_WITH_KNOTS('',3,1,((#5943,#5944),(#5945,#5946),(#5947,
#5948),(#5949,#5950)),.SURF_OF_LINEAR_EXTRUSION.,.F.,.F.,.F.,(4,4),(2,2),
(2.05412919776302E-13,0.999999999999876),(0.,1.),
 .PIECEWISE_BEZIER_KNOTS.);
#102=B_SPLINE_SURFACE_WITH_KNOTS('',3,1,((#5964,#5965),(#5966,#5967),(#5968,
#5969),(#5970,#5971),(#5972,#5973)),.SURF_OF_LINEAR_EXTRUSION.,.F.,.F.,
 .F.,(4,1,4),(2,2),(2.40503170624583E-10,0.499999999999129,0.999999999757754),
(0.,1.),.UNSPECIFIED.);
#103=B_SPLINE_SURFACE_WITH_KNOTS('',3,1,((#6039,#6040),(#6041,#6042),(#6043,
#6044),(#6045,#6046)),.SURF_OF_LINEAR_EXTRUSION.,.F.,.F.,.F.,(4,4),(2,2),
(2.05341027219629E-13,0.999999999999876),(0.,1.),
 .PIECEWISE_BEZIER_KNOTS.);
#104=B_SPLINE_SURFACE_WITH_KNOTS('',3,1,((#6057,#6058),(#6059,#6060),(#6061,
#6062),(#6063,#6064),(#6065,#6066)),.SURF_OF_LINEAR_EXTRUSION.,.F.,.F.,
 .F.,(4,1,4),(2,2),(4.84497446393268E-10,0.500000000121124,0.999999999757751),
(0.,1.),.UNSPECIFIED.);
#105=B_SPLINE_SURFACE_WITH_KNOTS('',1,3,((#6103,#6104,#6105,#6106,#6107,
#6108,#6109,#6110,#6111,#6112,#6113,#6114,#6115,#6116),(#6117,#6118,#6119,
#6120,#6121,#6122,#6123,#6124,#6125,#6126,#6127,#6128,#6129,#6130),(#6131,
#6132,#6133,#6134,#6135,#6136,#6137,#6138,#6139,#6140,#6141,#6142,#6143,
#6144)),.RULED_SURF.,.F.,.F.,.F.,(2,1,2),(4,2,2,2,2,2,4),(0.,1.,2.),(0.,
0.00503746346707057,0.00755619520060585,0.0100749269341411,0.0125936586676764,
0.0151123904012117,0.0201498538682823),.UNSPECIFIED.);
#106=B_SPLINE_SURFACE_WITH_KNOTS('',1,3,((#6172,#6173,#6174,#6175,#6176,
#6177,#6178,#6179,#6180,#6181,#6182,#6183,#6184,#6185,#6186,#6187),(#6188,
#6189,#6190,#6191,#6192,#6193,#6194,#6195,#6196,#6197,#6198,#6199,#6200,
#6201,#6202,#6203),(#6204,#6205,#6206,#6207,#6208,#6209,#6210,#6211,#6212,
#6213,#6214,#6215,#6216,#6217,#6218,#6219),(#6220,#6221,#6222,#6223,#6224,
#6225,#6226,#6227,#6228,#6229,#6230,#6231,#6232,#6233,#6234,#6235)),
 .RULED_SURF.,.F.,.F.,.F.,(2,1,1,2),(4,3,2,2,2,3,4),(-0.200000000000003,
0.,1.,2.),(-0.00156275974392557,0.,0.00390689935981391,0.00781379871962783,
0.0117206980794417,0.0156275974392556,0.0171903571831812),.UNSPECIFIED.);
#107=B_SPLINE_SURFACE_WITH_KNOTS('',1,3,((#6319,#6320,#6321,#6322,#6323,
#6324,#6325,#6326,#6327,#6328),(#6329,#6330,#6331,#6332,#6333,#6334,#6335,
#6336,#6337,#6338),(#6339,#6340,#6341,#6342,#6343,#6344,#6345,#6346,#6347,
#6348),(#6349,#6350,#6351,#6352,#6353,#6354,#6355,#6356,#6357,#6358)),
 .RULED_SURF.,.F.,.F.,.F.,(2,1,1,2),(4,2,2,2,4),(-0.0355753442329718,-0.0293305587947485,
0.,1.),(0.,0.00264585572025085,0.0052917114405017,0.00793756716075255,0.0105834228810034),
 .UNSPECIFIED.);
#108=B_SPLINE_SURFACE_WITH_KNOTS('',1,3,((#6412,#6413,#6414,#6415,#6416,
#6417,#6418,#6419,#6420,#6421,#6422,#6423,#6424,#6425,#6426,#6427),(#6428,
#6429,#6430,#6431,#6432,#6433,#6434,#6435,#6436,#6437,#6438,#6439,#6440,
#6441,#6442,#6443),(#6444,#6445,#6446,#6447,#6448,#6449,#6450,#6451,#6452,
#6453,#6454,#6455,#6456,#6457,#6458,#6459)),.RULED_SURF.,.F.,.F.,.F.,(2,
1,2),(4,2,2,2,2,2,2,4),(0.,1.,2.),(0.,0.00333845625674179,0.00500768438511269,
0.00667691251348358,0.00834614064185448,0.0100153687702254,0.0116845968985963,
0.0133538250269672),.UNSPECIFIED.);
#109=B_SPLINE_SURFACE_WITH_KNOTS('',1,3,((#6583,#6584,#6585,#6586,#6587,
#6588,#6589,#6590,#6591,#6592,#6593,#6594,#6595,#6596),(#6597,#6598,#6599,
#6600,#6601,#6602,#6603,#6604,#6605,#6606,#6607,#6608,#6609,#6610),(#6611,
#6612,#6613,#6614,#6615,#6616,#6617,#6618,#6619,#6620,#6621,#6622,#6623,
#6624)),.RULED_SURF.,.F.,.F.,.F.,(2,1,2),(4,2,2,2,2,2,4),(0.,1.,2.00000000000008),
(0.,0.00454700905944533,0.006820513589168,0.00909401811889066,0.0113675226486133,
0.013641027178336,0.0181880362377813),.UNSPECIFIED.);
#110=B_SPLINE_SURFACE_WITH_KNOTS('',1,3,((#6631,#6632,#6633,#6634,#6635,
#6636,#6637,#6638,#6639,#6640,#6641,#6642,#6643,#6644,#6645,#6646,#6647,
#6648,#6649,#6650,#6651,#6652),(#6653,#6654,#6655,#6656,#6657,#6658,#6659,
#6660,#6661,#6662,#6663,#6664,#6665,#6666,#6667,#6668,#6669,#6670,#6671,
#6672,#6673,#6674),(#6675,#6676,#6677,#6678,#6679,#6680,#6681,#6682,#6683,
#6684,#6685,#6686,#6687,#6688,#6689,#6690,#6691,#6692,#6693,#6694,#6695,
#6696),(#6697,#6698,#6699,#6700,#6701,#6702,#6703,#6704,#6705,#6706,#6707,
#6708,#6709,#6710,#6711,#6712,#6713,#6714,#6715,#6716,#6717,#6718)),
 .RULED_SURF.,.F.,.F.,.F.,(2,1,1,2),(4,3,2,2,2,2,2,2,3,4),(-0.200000000000182,
0.,1.,2.),(-0.00133538250269674,0.,0.00333845625674185,0.00500768438511278,
0.0066769125134837,0.00834614064185463,0.0100153687702255,0.0116845968985965,
0.0133538250269674,0.0146892075296641),.UNSPECIFIED.);
#111=B_SPLINE_SURFACE_WITH_KNOTS('',1,3,((#6720,#6721,#6722,#6723,#6724,
#6725,#6726,#6727,#6728,#6729,#6730,#6731,#6732,#6733),(#6734,#6735,#6736,
#6737,#6738,#6739,#6740,#6741,#6742,#6743,#6744,#6745,#6746,#6747),(#6748,
#6749,#6750,#6751,#6752,#6753,#6754,#6755,#6756,#6757,#6758,#6759,#6760,
#6761)),.RULED_SURF.,.F.,.F.,.F.,(2,1,2),(4,2,2,2,2,2,4),(0.,1.,2.00000000003143),
(0.,0.00454700905944634,0.00682051358916952,0.00909401811889269,0.0113675226486159,
0.013641027178339,0.0181880362377854),.UNSPECIFIED.);
#112=CYLINDRICAL_SURFACE('',#3430,0.0025);
#113=CYLINDRICAL_SURFACE('',#3437,0.00235);
#114=CYLINDRICAL_SURFACE('',#3439,0.00235);
#115=CYLINDRICAL_SURFACE('',#3441,0.00235);
#116=CYLINDRICAL_SURFACE('',#3462,0.0015);
#117=CYLINDRICAL_SURFACE('',#3469,0.0015);
#118=CYLINDRICAL_SURFACE('',#3508,0.0015);
#119=CYLINDRICAL_SURFACE('',#3542,0.0015);
#120=CYLINDRICAL_SURFACE('',#3544,0.0015);
#121=CYLINDRICAL_SURFACE('',#3587,0.0015);
#122=CYLINDRICAL_SURFACE('',#3599,0.0025);
#123=CYLINDRICAL_SURFACE('',#3600,0.0025);
#124=CYLINDRICAL_SURFACE('',#3601,0.0025);
#125=CYLINDRICAL_SURFACE('',#3602,0.0025);
#126=LINE('',#4403,#479);
#127=LINE('',#4406,#480);
#128=LINE('',#4408,#481);
#129=LINE('',#4410,#482);
#130=LINE('',#4412,#483);
#131=LINE('',#4418,#484);
#132=LINE('',#4424,#485);
#133=LINE('',#4425,#486);
#134=LINE('',#4427,#487);
#135=LINE('',#4430,#488);
#136=LINE('',#4432,#489);
#137=LINE('',#4434,#490);
#138=LINE('',#4436,#491);
#139=LINE('',#4442,#492);
#140=LINE('',#4448,#493);
#141=LINE('',#4449,#494);
#142=LINE('',#4451,#495);
#143=LINE('',#4456,#496);
#144=LINE('',#4460,#497);
#145=LINE('',#4463,#498);
#146=LINE('',#4464,#499);
#147=LINE('',#4466,#500);
#148=LINE('',#4469,#501);
#149=LINE('',#4470,#502);
#150=LINE('',#4475,#503);
#151=LINE('',#4480,#504);
#152=LINE('',#4484,#505);
#153=LINE('',#4487,#506);
#154=LINE('',#4488,#507);
#155=LINE('',#4490,#508);
#156=LINE('',#4493,#509);
#157=LINE('',#4494,#510);
#158=LINE('',#4499,#511);
#159=LINE('',#4500,#512);
#160=LINE('',#4502,#513);
#161=LINE('',#4503,#514);
#162=LINE('',#4505,#515);
#163=LINE('',#4506,#516);
#164=LINE('',#4508,#517);
#165=LINE('',#4509,#518);
#166=LINE('',#4530,#519);
#167=LINE('',#4533,#520);
#168=LINE('',#4535,#521);
#169=LINE('',#4537,#522);
#170=LINE('',#4580,#523);
#171=LINE('',#4643,#524);
#172=LINE('',#4665,#525);
#173=LINE('',#4668,#526);
#174=LINE('',#4669,#527);
#175=LINE('',#4671,#528);
#176=LINE('',#4674,#529);
#177=LINE('',#4675,#530);
#178=LINE('',#4718,#531);
#179=LINE('',#4781,#532);
#180=LINE('',#4803,#533);
#181=LINE('',#4804,#534);
#182=LINE('',#4806,#535);
#183=LINE('',#4809,#536);
#184=LINE('',#4811,#537);
#185=LINE('',#4813,#538);
#186=LINE('',#4815,#539);
#187=LINE('',#4818,#540);
#188=LINE('',#4819,#541);
#189=LINE('',#4821,#542);
#190=LINE('',#4824,#543);
#191=LINE('',#4825,#544);
#192=LINE('',#4827,#545);
#193=LINE('',#4830,#546);
#194=LINE('',#4832,#547);
#195=LINE('',#4834,#548);
#196=LINE('',#4836,#549);
#197=LINE('',#4839,#550);
#198=LINE('',#4840,#551);
#199=LINE('',#4842,#552);
#200=LINE('',#4845,#553);
#201=LINE('',#4847,#554);
#202=LINE('',#4849,#555);
#203=LINE('',#4851,#556);
#204=LINE('',#4854,#557);
#205=LINE('',#4855,#558);
#206=LINE('',#4857,#559);
#207=LINE('',#4859,#560);
#208=LINE('',#4860,#561);
#209=LINE('',#4862,#562);
#210=LINE('',#4864,#563);
#211=LINE('',#4865,#564);
#212=LINE('',#4867,#565);
#213=LINE('',#4869,#566);
#214=LINE('',#4871,#567);
#215=LINE('',#4872,#568);
#216=LINE('',#4874,#569);
#217=LINE('',#4876,#570);
#218=LINE('',#4879,#571);
#219=LINE('',#4881,#572);
#220=LINE('',#4883,#573);
#221=LINE('',#4885,#574);
#222=LINE('',#4887,#575);
#223=LINE('',#4895,#576);
#224=LINE('',#4897,#577);
#225=LINE('',#4899,#578);
#226=LINE('',#4901,#579);
#227=LINE('',#4910,#580);
#228=LINE('',#4912,#581);
#229=LINE('',#4960,#582);
#230=LINE('',#4974,#583);
#231=LINE('',#4986,#584);
#232=LINE('',#4990,#585);
#233=LINE('',#4999,#586);
#234=LINE('',#5001,#587);
#235=LINE('',#5003,#588);
#236=LINE('',#5005,#589);
#237=LINE('',#5007,#590);
#238=LINE('',#5009,#591);
#239=LINE('',#5011,#592);
#240=LINE('',#5022,#593);
#241=LINE('',#5034,#594);
#242=LINE('',#5107,#595);
#243=LINE('',#5120,#596);
#244=LINE('',#5139,#597);
#245=LINE('',#5141,#598);
#246=LINE('',#5157,#599);
#247=LINE('',#5170,#600);
#248=LINE('',#5180,#601);
#249=LINE('',#5183,#602);
#250=LINE('',#5184,#603);
#251=LINE('',#5186,#604);
#252=LINE('',#5194,#605);
#253=LINE('',#5195,#606);
#254=LINE('',#5197,#607);
#255=LINE('',#5199,#608);
#256=LINE('',#5204,#609);
#257=LINE('',#5207,#610);
#258=LINE('',#5210,#611);
#259=LINE('',#5212,#612);
#260=LINE('',#5218,#613);
#261=LINE('',#5272,#614);
#262=LINE('',#5285,#615);
#263=LINE('',#5350,#616);
#264=LINE('',#5363,#617);
#265=LINE('',#5375,#618);
#266=LINE('',#5376,#619);
#267=LINE('',#5378,#620);
#268=LINE('',#5379,#621);
#269=LINE('',#5381,#622);
#270=LINE('',#5383,#623);
#271=LINE('',#5385,#624);
#272=LINE('',#5387,#625);
#273=LINE('',#5389,#626);
#274=LINE('',#5391,#627);
#275=LINE('',#5392,#628);
#276=LINE('',#5396,#629);
#277=LINE('',#5398,#630);
#278=LINE('',#5400,#631);
#279=LINE('',#5402,#632);
#280=LINE('',#5404,#633);
#281=LINE('',#5406,#634);
#282=LINE('',#5408,#635);
#283=LINE('',#5410,#636);
#284=LINE('',#5412,#637);
#285=LINE('',#5414,#638);
#286=LINE('',#5416,#639);
#287=LINE('',#5418,#640);
#288=LINE('',#5422,#641);
#289=LINE('',#5423,#642);
#290=LINE('',#5464,#643);
#291=LINE('',#5474,#644);
#292=LINE('',#5476,#645);
#293=LINE('',#5483,#646);
#294=LINE('',#5485,#647);
#295=LINE('',#5487,#648);
#296=LINE('',#5491,#649);
#297=LINE('',#5493,#650);
#298=LINE('',#5495,#651);
#299=LINE('',#5497,#652);
#300=LINE('',#5499,#653);
#301=LINE('',#5501,#654);
#302=LINE('',#5503,#655);
#303=LINE('',#5505,#656);
#304=LINE('',#5507,#657);
#305=LINE('',#5509,#658);
#306=LINE('',#5511,#659);
#307=LINE('',#5516,#660);
#308=LINE('',#5518,#661);
#309=LINE('',#5519,#662);
#310=LINE('',#5525,#663);
#311=LINE('',#5527,#664);
#312=LINE('',#5529,#665);
#313=LINE('',#5531,#666);
#314=LINE('',#5580,#667);
#315=LINE('',#5584,#668);
#316=LINE('',#5586,#669);
#317=LINE('',#5588,#670);
#318=LINE('',#5590,#671);
#319=LINE('',#5592,#672);
#320=LINE('',#5594,#673);
#321=LINE('',#5597,#674);
#322=LINE('',#5598,#675);
#323=LINE('',#5600,#676);
#324=LINE('',#5602,#677);
#325=LINE('',#5604,#678);
#326=LINE('',#5608,#679);
#327=LINE('',#5609,#680);
#328=LINE('',#5616,#681);
#329=LINE('',#5617,#682);
#330=LINE('',#5629,#683);
#331=LINE('',#5630,#684);
#332=LINE('',#5637,#685);
#333=LINE('',#5650,#686);
#334=LINE('',#5652,#687);
#335=LINE('',#5725,#688);
#336=LINE('',#5738,#689);
#337=LINE('',#5802,#690);
#338=LINE('',#5815,#691);
#339=LINE('',#5817,#692);
#340=LINE('',#5820,#693);
#341=LINE('',#5821,#694);
#342=LINE('',#5829,#695);
#343=LINE('',#5831,#696);
#344=LINE('',#5832,#697);
#345=LINE('',#5834,#698);
#346=LINE('',#5838,#699);
#347=LINE('',#5840,#700);
#348=LINE('',#5842,#701);
#349=LINE('',#5844,#702);
#350=LINE('',#5846,#703);
#351=LINE('',#5848,#704);
#352=LINE('',#5850,#705);
#353=LINE('',#5852,#706);
#354=LINE('',#5854,#707);
#355=LINE('',#5856,#708);
#356=LINE('',#5858,#709);
#357=LINE('',#5863,#710);
#358=LINE('',#5865,#711);
#359=LINE('',#5866,#712);
#360=LINE('',#5873,#713);
#361=LINE('',#5875,#714);
#362=LINE('',#5877,#715);
#363=LINE('',#5879,#716);
#364=LINE('',#5882,#717);
#365=LINE('',#5883,#718);
#366=LINE('',#5924,#719);
#367=LINE('',#5951,#720);
#368=LINE('',#5953,#721);
#369=LINE('',#5960,#722);
#370=LINE('',#5962,#723);
#371=LINE('',#5963,#724);
#372=LINE('',#5974,#725);
#373=LINE('',#5976,#726);
#374=LINE('',#5986,#727);
#375=LINE('',#5987,#728);
#376=LINE('',#5989,#729);
#377=LINE('',#5990,#730);
#378=LINE('',#5999,#731);
#379=LINE('',#6001,#732);
#380=LINE('',#6003,#733);
#381=LINE('',#6013,#734);
#382=LINE('',#6016,#735);
#383=LINE('',#6017,#736);
#384=LINE('',#6019,#737);
#385=LINE('',#6024,#738);
#386=LINE('',#6028,#739);
#387=LINE('',#6030,#740);
#388=LINE('',#6032,#741);
#389=LINE('',#6034,#742);
#390=LINE('',#6036,#743);
#391=LINE('',#6038,#744);
#392=LINE('',#6047,#745);
#393=LINE('',#6049,#746);
#394=LINE('',#6056,#747);
#395=LINE('',#6067,#748);
#396=LINE('',#6080,#749);
#397=LINE('',#6090,#750);
#398=LINE('',#6091,#751);
#399=LINE('',#6093,#752);
#400=LINE('',#6094,#753);
#401=LINE('',#6096,#754);
#402=LINE('',#6098,#755);
#403=LINE('',#6101,#756);
#404=LINE('',#6102,#757);
#405=LINE('',#6155,#758);
#406=LINE('',#6167,#759);
#407=LINE('',#6170,#760);
#408=LINE('',#6171,#761);
#409=LINE('',#6256,#762);
#410=LINE('',#6258,#763);
#411=LINE('',#6261,#764);
#412=LINE('',#6265,#765);
#413=LINE('',#6267,#766);
#414=LINE('',#6269,#767);
#415=LINE('',#6274,#768);
#416=LINE('',#6276,#769);
#417=LINE('',#6278,#770);
#418=LINE('',#6284,#771);
#419=LINE('',#6286,#772);
#420=LINE('',#6288,#773);
#421=LINE('',#6289,#774);
#422=LINE('',#6296,#775);
#423=LINE('',#6302,#776);
#424=LINE('',#6310,#777);
#425=LINE('',#6312,#778);
#426=LINE('',#6314,#779);
#427=LINE('',#6316,#780);
#428=LINE('',#6318,#781);
#429=LINE('',#6367,#782);
#430=LINE('',#6369,#783);
#431=LINE('',#6391,#784);
#432=LINE('',#6393,#785);
#433=LINE('',#6395,#786);
#434=LINE('',#6397,#787);
#435=LINE('',#6399,#788);
#436=LINE('',#6401,#789);
#437=LINE('',#6403,#790);
#438=LINE('',#6405,#791);
#439=LINE('',#6407,#792);
#440=LINE('',#6409,#793);
#441=LINE('',#6411,#794);
#442=LINE('',#6479,#795);
#443=LINE('',#6481,#796);
#444=LINE('',#6483,#797);
#445=LINE('',#6485,#798);
#446=LINE('',#6515,#799);
#447=LINE('',#6516,#800);
#448=LINE('',#6518,#801);
#449=LINE('',#6520,#802);
#450=LINE('',#6522,#803);
#451=LINE('',#6540,#804);
#452=LINE('',#6542,#805);
#453=LINE('',#6544,#806);
#454=LINE('',#6548,#807);
#455=LINE('',#6550,#808);
#456=LINE('',#6552,#809);
#457=LINE('',#6554,#810);
#458=LINE('',#6556,#811);
#459=LINE('',#6558,#812);
#460=LINE('',#6561,#813);
#461=LINE('',#6562,#814);
#462=LINE('',#6564,#815);
#463=LINE('',#6566,#816);
#464=LINE('',#6568,#817);
#465=LINE('',#6573,#818);
#466=LINE('',#6575,#819);
#467=LINE('',#6576,#820);
#468=LINE('',#6582,#821);
#469=LINE('',#6628,#822);
#470=LINE('',#6719,#823);
#471=LINE('',#6768,#824);
#472=LINE('',#6770,#825);
#473=LINE('',#6778,#826);
#474=LINE('',#6780,#827);
#475=LINE('',#6782,#828);
#476=LINE('',#6784,#829);
#477=LINE('',#6786,#830);
#478=LINE('',#6788,#831);
#479=VECTOR('',#3620,1.);
#480=VECTOR('',#3621,1.);
#481=VECTOR('',#3622,1.);
#482=VECTOR('',#3623,1.);
#483=VECTOR('',#3626,1.);
#484=VECTOR('',#3633,1.);
#485=VECTOR('',#3640,1.);
#486=VECTOR('',#3641,1.);
#487=VECTOR('',#3644,1.);
#488=VECTOR('',#3645,1.);
#489=VECTOR('',#3646,1.);
#490=VECTOR('',#3647,1.);
#491=VECTOR('',#3650,1.);
#492=VECTOR('',#3657,1.);
#493=VECTOR('',#3664,1.);
#494=VECTOR('',#3665,1.);
#495=VECTOR('',#3668,1.);
#496=VECTOR('',#3671,1.);
#497=VECTOR('',#3676,1.);
#498=VECTOR('',#3677,1.);
#499=VECTOR('',#3678,1.);
#500=VECTOR('',#3681,1.);
#501=VECTOR('',#3682,1.);
#502=VECTOR('',#3683,1.);
#503=VECTOR('',#3692,1.);
#504=VECTOR('',#3695,1.);
#505=VECTOR('',#3700,1.);
#506=VECTOR('',#3701,1.);
#507=VECTOR('',#3702,1.);
#508=VECTOR('',#3705,1.);
#509=VECTOR('',#3706,1.);
#510=VECTOR('',#3707,1.);
#511=VECTOR('',#3716,1.);
#512=VECTOR('',#3717,1.);
#513=VECTOR('',#3720,1.);
#514=VECTOR('',#3721,1.);
#515=VECTOR('',#3724,1.);
#516=VECTOR('',#3725,1.);
#517=VECTOR('',#3728,1.);
#518=VECTOR('',#3729,1.);
#519=VECTOR('',#3758,1.);
#520=VECTOR('',#3759,1.);
#521=VECTOR('',#3760,1.);
#522=VECTOR('',#3761,1.);
#523=VECTOR('',#3762,1.);
#524=VECTOR('',#3763,1.);
#525=VECTOR('',#3766,1.);
#526=VECTOR('',#3767,1.);
#527=VECTOR('',#3768,1.);
#528=VECTOR('',#3771,1.);
#529=VECTOR('',#3772,1.);
#530=VECTOR('',#3773,1.);
#531=VECTOR('',#3774,1.);
#532=VECTOR('',#3775,1.);
#533=VECTOR('',#3778,1.);
#534=VECTOR('',#3779,1.);
#535=VECTOR('',#3782,1.);
#536=VECTOR('',#3783,1.);
#537=VECTOR('',#3784,1.);
#538=VECTOR('',#3785,1.);
#539=VECTOR('',#3788,1.);
#540=VECTOR('',#3789,1.);
#541=VECTOR('',#3790,1.);
#542=VECTOR('',#3793,1.);
#543=VECTOR('',#3794,1.);
#544=VECTOR('',#3795,1.);
#545=VECTOR('',#3798,1.);
#546=VECTOR('',#3799,1.);
#547=VECTOR('',#3800,1.);
#548=VECTOR('',#3801,1.);
#549=VECTOR('',#3804,1.);
#550=VECTOR('',#3805,1.);
#551=VECTOR('',#3806,1.);
#552=VECTOR('',#3809,1.);
#553=VECTOR('',#3810,1.);
#554=VECTOR('',#3811,1.);
#555=VECTOR('',#3812,1.);
#556=VECTOR('',#3815,1.);
#557=VECTOR('',#3816,1.);
#558=VECTOR('',#3817,1.);
#559=VECTOR('',#3820,1.);
#560=VECTOR('',#3821,1.);
#561=VECTOR('',#3822,1.);
#562=VECTOR('',#3823,1.);
#563=VECTOR('',#3826,1.);
#564=VECTOR('',#3827,1.);
#565=VECTOR('',#3828,1.);
#566=VECTOR('',#3829,1.);
#567=VECTOR('',#3832,1.);
#568=VECTOR('',#3833,1.);
#569=VECTOR('',#3834,1.);
#570=VECTOR('',#3835,1.);
#571=VECTOR('',#3840,1.);
#572=VECTOR('',#3841,1.);
#573=VECTOR('',#3844,1.);
#574=VECTOR('',#3847,1.);
#575=VECTOR('',#3848,1.);
#576=VECTOR('',#3851,1.);
#577=VECTOR('',#3852,1.);
#578=VECTOR('',#3853,1.);
#579=VECTOR('',#3854,1.);
#580=VECTOR('',#3855,1.);
#581=VECTOR('',#3856,1.);
#582=VECTOR('',#3857,1.);
#583=VECTOR('',#3858,1.);
#584=VECTOR('',#3861,1.);
#585=VECTOR('',#3864,1.);
#586=VECTOR('',#3869,1.);
#587=VECTOR('',#3870,1.);
#588=VECTOR('',#3871,1.);
#589=VECTOR('',#3872,1.);
#590=VECTOR('',#3875,1.);
#591=VECTOR('',#3876,1.);
#592=VECTOR('',#3877,1.);
#593=VECTOR('',#3878,1.);
#594=VECTOR('',#3879,1.);
#595=VECTOR('',#3880,1.);
#596=VECTOR('',#3881,1.);
#597=VECTOR('',#3882,1.);
#598=VECTOR('',#3883,1.);
#599=VECTOR('',#3884,1.);
#600=VECTOR('',#3885,1.);
#601=VECTOR('',#3888,1.);
#602=VECTOR('',#3889,1.);
#603=VECTOR('',#3890,1.);
#604=VECTOR('',#3891,1.);
#605=VECTOR('',#3894,1.);
#606=VECTOR('',#3895,1.);
#607=VECTOR('',#3896,1.);
#608=VECTOR('',#3899,1.);
#609=VECTOR('',#3902,1.);
#610=VECTOR('',#3907,1.);
#611=VECTOR('',#3908,1.);
#612=VECTOR('',#3909,1.);
#613=VECTOR('',#3910,1.);
#614=VECTOR('',#3911,1.);
#615=VECTOR('',#3912,1.);
#616=VECTOR('',#3913,1.);
#617=VECTOR('',#3914,1.);
#618=VECTOR('',#3917,1.);
#619=VECTOR('',#3918,1.);
#620=VECTOR('',#3921,1.);
#621=VECTOR('',#3922,1.);
#622=VECTOR('',#3925,1.);
#623=VECTOR('',#3928,1.);
#624=VECTOR('',#3929,1.);
#625=VECTOR('',#3930,1.);
#626=VECTOR('',#3931,1.);
#627=VECTOR('',#3932,1.);
#628=VECTOR('',#3933,1.);
#629=VECTOR('',#3938,1.);
#630=VECTOR('',#3939,1.);
#631=VECTOR('',#3940,1.);
#632=VECTOR('',#3943,1.);
#633=VECTOR('',#3944,1.);
#634=VECTOR('',#3945,1.);
#635=VECTOR('',#3948,1.);
#636=VECTOR('',#3949,1.);
#637=VECTOR('',#3950,1.);
#638=VECTOR('',#3953,1.);
#639=VECTOR('',#3954,1.);
#640=VECTOR('',#3955,1.);
#641=VECTOR('',#3960,1.);
#642=VECTOR('',#3961,1.);
#643=VECTOR('',#3962,1.);
#644=VECTOR('',#3965,1.);
#645=VECTOR('',#3966,1.);
#646=VECTOR('',#3969,1.);
#647=VECTOR('',#3970,1.);
#648=VECTOR('',#3973,1.);
#649=VECTOR('',#3976,1.);
#650=VECTOR('',#3977,1.);
#651=VECTOR('',#3980,1.);
#652=VECTOR('',#3981,1.);
#653=VECTOR('',#3982,1.);
#654=VECTOR('',#3985,1.);
#655=VECTOR('',#3986,1.);
#656=VECTOR('',#3987,1.);
#657=VECTOR('',#3990,1.);
#658=VECTOR('',#3991,1.);
#659=VECTOR('',#3992,1.);
#660=VECTOR('',#3997,1.);
#661=VECTOR('',#3998,1.);
#662=VECTOR('',#3999,1.);
#663=VECTOR('',#4002,1.);
#664=VECTOR('',#4003,1.);
#665=VECTOR('',#4006,1.);
#666=VECTOR('',#4007,1.);
#667=VECTOR('',#4010,1.);
#668=VECTOR('',#4013,1.);
#669=VECTOR('',#4014,1.);
#670=VECTOR('',#4017,1.);
#671=VECTOR('',#4018,1.);
#672=VECTOR('',#4019,1.);
#673=VECTOR('',#4022,1.);
#674=VECTOR('',#4023,1.);
#675=VECTOR('',#4024,1.);
#676=VECTOR('',#4027,1.);
#677=VECTOR('',#4028,1.);
#678=VECTOR('',#4029,1.);
#679=VECTOR('',#4034,1.);
#680=VECTOR('',#4035,1.);
#681=VECTOR('',#4040,1.);
#682=VECTOR('',#4041,1.);
#683=VECTOR('',#4048,1.);
#684=VECTOR('',#4049,1.);
#685=VECTOR('',#4054,1.);
#686=VECTOR('',#4067,1.);
#687=VECTOR('',#4070,1.);
#688=VECTOR('',#4079,1.);
#689=VECTOR('',#4080,1.);
#690=VECTOR('',#4081,1.);
#691=VECTOR('',#4082,1.);
#692=VECTOR('',#4085,1.);
#693=VECTOR('',#4086,1.);
#694=VECTOR('',#4087,1.);
#695=VECTOR('',#4090,1.);
#696=VECTOR('',#4091,1.);
#697=VECTOR('',#4092,1.);
#698=VECTOR('',#4095,1.);
#699=VECTOR('',#4098,1.);
#700=VECTOR('',#4099,1.);
#701=VECTOR('',#4102,1.);
#702=VECTOR('',#4103,1.);
#703=VECTOR('',#4104,1.);
#704=VECTOR('',#4107,1.);
#705=VECTOR('',#4108,1.);
#706=VECTOR('',#4109,1.);
#707=VECTOR('',#4112,1.);
#708=VECTOR('',#4113,1.);
#709=VECTOR('',#4114,1.);
#710=VECTOR('',#4119,1.);
#711=VECTOR('',#4120,1.);
#712=VECTOR('',#4121,1.);
#713=VECTOR('',#4124,1.);
#714=VECTOR('',#4125,1.);
#715=VECTOR('',#4126,1.);
#716=VECTOR('',#4129,1.);
#717=VECTOR('',#4130,1.);
#718=VECTOR('',#4131,1.);
#719=VECTOR('',#4132,1.);
#720=VECTOR('',#4133,1.);
#721=VECTOR('',#4134,1.);
#722=VECTOR('',#4137,1.);
#723=VECTOR('',#4140,1.);
#724=VECTOR('',#4141,1.);
#725=VECTOR('',#4142,1.);
#726=VECTOR('',#4143,1.);
#727=VECTOR('',#4146,1.);
#728=VECTOR('',#4147,1.);
#729=VECTOR('',#4150,1.);
#730=VECTOR('',#4151,1.);
#731=VECTOR('',#4158,1.);
#732=VECTOR('',#4161,1.);
#733=VECTOR('',#4162,1.);
#734=VECTOR('',#4173,1.);
#735=VECTOR('',#4174,1.);
#736=VECTOR('',#4175,1.);
#737=VECTOR('',#4178,1.);
#738=VECTOR('',#4181,1.);
#739=VECTOR('',#4186,1.);
#740=VECTOR('',#4187,1.);
#741=VECTOR('',#4188,1.);
#742=VECTOR('',#4191,1.);
#743=VECTOR('',#4192,1.);
#744=VECTOR('',#4193,1.);
#745=VECTOR('',#4194,1.);
#746=VECTOR('',#4195,1.);
#747=VECTOR('',#4198,1.);
#748=VECTOR('',#4199,1.);
#749=VECTOR('',#4200,1.);
#750=VECTOR('',#4203,1.);
#751=VECTOR('',#4204,1.);
#752=VECTOR('',#4205,1.);
#753=VECTOR('',#4206,1.);
#754=VECTOR('',#4207,1.);
#755=VECTOR('',#4210,1.);
#756=VECTOR('',#4211,1.);
#757=VECTOR('',#4212,1.);
#758=VECTOR('',#4213,1.);
#759=VECTOR('',#4216,1.);
#760=VECTOR('',#4217,1.);
#761=VECTOR('',#4218,1.);
#762=VECTOR('',#4219,1.);
#763=VECTOR('',#4222,1.);
#764=VECTOR('',#4223,1.);
#765=VECTOR('',#4226,1.);
#766=VECTOR('',#4227,1.);
#767=VECTOR('',#4230,1.);
#768=VECTOR('',#4233,1.);
#769=VECTOR('',#4234,1.);
#770=VECTOR('',#4235,1.);
#771=VECTOR('',#4238,1.);
#772=VECTOR('',#4241,1.);
#773=VECTOR('',#4244,1.);
#774=VECTOR('',#4245,1.);
#775=VECTOR('',#4250,1.);
#776=VECTOR('',#4251,1.);
#777=VECTOR('',#4258,1.);
#778=VECTOR('',#4259,1.);
#779=VECTOR('',#4262,1.);
#780=VECTOR('',#4265,1.);
#781=VECTOR('',#4266,1.);
#782=VECTOR('',#4267,1.);
#783=VECTOR('',#4270,1.);
#784=VECTOR('',#4271,1.);
#785=VECTOR('',#4274,1.);
#786=VECTOR('',#4275,1.);
#787=VECTOR('',#4276,1.);
#788=VECTOR('',#4279,1.);
#789=VECTOR('',#4280,1.);
#790=VECTOR('',#4281,1.);
#791=VECTOR('',#4284,1.);
#792=VECTOR('',#4285,1.);
#793=VECTOR('',#4288,1.);
#794=VECTOR('',#4289,1.);
#795=VECTOR('',#4290,1.);
#796=VECTOR('',#4293,1.);
#797=VECTOR('',#4294,1.);
#798=VECTOR('',#4295,1.);
#799=VECTOR('',#4300,1.);
#800=VECTOR('',#4301,1.);
#801=VECTOR('',#4302,1.);
#802=VECTOR('',#4303,1.);
#803=VECTOR('',#4306,1.);
#804=VECTOR('',#4313,1.);
#805=VECTOR('',#4314,1.);
#806=VECTOR('',#4317,1.);
#807=VECTOR('',#4320,1.);
#808=VECTOR('',#4321,1.);
#809=VECTOR('',#4324,1.);
#810=VECTOR('',#4325,1.);
#811=VECTOR('',#4326,1.);
#812=VECTOR('',#4329,1.);
#813=VECTOR('',#4330,1.);
#814=VECTOR('',#4331,1.);
#815=VECTOR('',#4334,1.);
#816=VECTOR('',#4335,1.);
#817=VECTOR('',#4336,1.);
#818=VECTOR('',#4341,1.);
#819=VECTOR('',#4342,1.);
#820=VECTOR('',#4343,1.);
#821=VECTOR('',#4346,1.);
#822=VECTOR('',#4351,1.);
#823=VECTOR('',#4354,1.);
#824=VECTOR('',#4359,1.);
#825=VECTOR('',#4362,1.);
#826=VECTOR('',#4369,1.);
#827=VECTOR('',#4370,1.);
#828=VECTOR('',#4371,1.);
#829=VECTOR('',#4374,1.);
#830=VECTOR('',#4377,1.);
#831=VECTOR('',#4380,1.);
#832=PLANE('',#3394);
#833=PLANE('',#3401);
#834=PLANE('',#3402);
#835=PLANE('',#3409);
#836=PLANE('',#3413);
#837=PLANE('',#3414);
#838=PLANE('',#3421);
#839=PLANE('',#3422);
#840=PLANE('',#3426);
#841=PLANE('',#3427);
#842=PLANE('',#3428);
#843=PLANE('',#3429);
#844=PLANE('',#3431);
#845=PLANE('',#3433);
#846=PLANE('',#3435);
#847=PLANE('',#3443);
#848=PLANE('',#3444);
#849=PLANE('',#3445);
#850=PLANE('',#3446);
#851=PLANE('',#3447);
#852=PLANE('',#3448);
#853=PLANE('',#3449);
#854=PLANE('',#3450);
#855=PLANE('',#3451);
#856=PLANE('',#3452);
#857=PLANE('',#3453);
#858=PLANE('',#3454);
#859=PLANE('',#3455);
#860=PLANE('',#3456);
#861=PLANE('',#3457);
#862=PLANE('',#3458);
#863=PLANE('',#3459);
#864=PLANE('',#3460);
#865=PLANE('',#3461);
#866=PLANE('',#3465);
#867=PLANE('',#3466);
#868=PLANE('',#3467);
#869=PLANE('',#3468);
#870=PLANE('',#3472);
#871=PLANE('',#3473);
#872=PLANE('',#3474);
#873=PLANE('',#3475);
#874=PLANE('',#3476);
#875=PLANE('',#3477);
#876=PLANE('',#3479);
#877=PLANE('',#3480);
#878=PLANE('',#3481);
#879=PLANE('',#3482);
#880=PLANE('',#3484);
#881=PLANE('',#3485);
#882=PLANE('',#3486);
#883=PLANE('',#3488);
#884=PLANE('',#3489);
#885=PLANE('',#3490);
#886=PLANE('',#3491);
#887=PLANE('',#3493);
#888=PLANE('',#3494);
#889=PLANE('',#3495);
#890=PLANE('',#3497);
#891=PLANE('',#3498);
#892=PLANE('',#3499);
#893=PLANE('',#3500);
#894=PLANE('',#3503);
#895=PLANE('',#3506);
#896=PLANE('',#3511);
#897=PLANE('',#3512);
#898=PLANE('',#3514);
#899=PLANE('',#3515);
#900=PLANE('',#3516);
#901=PLANE('',#3518);
#902=PLANE('',#3519);
#903=PLANE('',#3520);
#904=PLANE('',#3521);
#905=PLANE('',#3522);
#906=PLANE('',#3524);
#907=PLANE('',#3525);
#908=PLANE('',#3526);
#909=PLANE('',#3527);
#910=PLANE('',#3529);
#911=PLANE('',#3530);
#912=PLANE('',#3531);
#913=PLANE('',#3532);
#914=PLANE('',#3533);
#915=PLANE('',#3534);
#916=PLANE('',#3537);
#917=PLANE('',#3538);
#918=PLANE('',#3539);
#919=PLANE('',#3543);
#920=PLANE('',#3547);
#921=PLANE('',#3548);
#922=PLANE('',#3549);
#923=PLANE('',#3550);
#924=PLANE('',#3551);
#925=PLANE('',#3552);
#926=PLANE('',#3553);
#927=PLANE('',#3555);
#928=PLANE('',#3557);
#929=PLANE('',#3558);
#930=PLANE('',#3559);
#931=PLANE('',#3560);
#932=PLANE('',#3561);
#933=PLANE('',#3564);
#934=PLANE('',#3565);
#935=PLANE('',#3566);
#936=PLANE('',#3567);
#937=PLANE('',#3568);
#938=PLANE('',#3569);
#939=PLANE('',#3570);
#940=PLANE('',#3571);
#941=PLANE('',#3572);
#942=PLANE('',#3573);
#943=PLANE('',#3574);
#944=PLANE('',#3575);
#945=PLANE('',#3576);
#946=PLANE('',#3577);
#947=PLANE('',#3578);
#948=PLANE('',#3579);
#949=PLANE('',#3581);
#950=PLANE('',#3582);
#951=PLANE('',#3583);
#952=PLANE('',#3584);
#953=PLANE('',#3586);
#954=PLANE('',#3591);
#955=PLANE('',#3592);
#956=PLANE('',#3593);
#957=PLANE('',#3595);
#958=PLANE('',#3596);
#959=PLANE('',#3597);
#960=PLANE('',#3598);
#961=PLANE('',#3603);
#962=ORIENTED_EDGE('',*,*,#1912,.F.);
#963=ORIENTED_EDGE('',*,*,#1913,.T.);
#964=ORIENTED_EDGE('',*,*,#1914,.F.);
#965=ORIENTED_EDGE('',*,*,#1915,.T.);
#966=ORIENTED_EDGE('',*,*,#1916,.T.);
#967=ORIENTED_EDGE('',*,*,#1917,.F.);
#968=ORIENTED_EDGE('',*,*,#1918,.T.);
#969=ORIENTED_EDGE('',*,*,#1919,.F.);
#970=ORIENTED_EDGE('',*,*,#1920,.T.);
#971=ORIENTED_EDGE('',*,*,#1921,.T.);
#972=ORIENTED_EDGE('',*,*,#1918,.F.);
#973=ORIENTED_EDGE('',*,*,#1922,.F.);
#974=ORIENTED_EDGE('',*,*,#1923,.T.);
#975=ORIENTED_EDGE('',*,*,#1924,.F.);
#976=ORIENTED_EDGE('',*,*,#1916,.F.);
#977=ORIENTED_EDGE('',*,*,#1925,.T.);
#978=ORIENTED_EDGE('',*,*,#1920,.F.);
#979=ORIENTED_EDGE('',*,*,#1926,.F.);
#980=ORIENTED_EDGE('',*,*,#1923,.F.);
#981=ORIENTED_EDGE('',*,*,#1927,.F.);
#982=ORIENTED_EDGE('',*,*,#1928,.T.);
#983=ORIENTED_EDGE('',*,*,#1929,.F.);
#984=ORIENTED_EDGE('',*,*,#1930,.T.);
#985=ORIENTED_EDGE('',*,*,#1931,.F.);
#986=ORIENTED_EDGE('',*,*,#1932,.T.);
#987=ORIENTED_EDGE('',*,*,#1933,.T.);
#988=ORIENTED_EDGE('',*,*,#1930,.F.);
#989=ORIENTED_EDGE('',*,*,#1934,.F.);
#990=ORIENTED_EDGE('',*,*,#1935,.T.);
#991=ORIENTED_EDGE('',*,*,#1936,.F.);
#992=ORIENTED_EDGE('',*,*,#1928,.F.);
#993=ORIENTED_EDGE('',*,*,#1937,.T.);
#994=ORIENTED_EDGE('',*,*,#1932,.F.);
#995=ORIENTED_EDGE('',*,*,#1938,.F.);
#996=ORIENTED_EDGE('',*,*,#1935,.F.);
#997=ORIENTED_EDGE('',*,*,#1939,.F.);
#998=ORIENTED_EDGE('',*,*,#1940,.T.);
#999=ORIENTED_EDGE('',*,*,#1941,.F.);
#1000=ORIENTED_EDGE('',*,*,#1942,.T.);
#1001=ORIENTED_EDGE('',*,*,#1943,.T.);
#1002=ORIENTED_EDGE('',*,*,#1944,.T.);
#1003=ORIENTED_EDGE('',*,*,#1945,.F.);
#1004=ORIENTED_EDGE('',*,*,#1942,.F.);
#1005=ORIENTED_EDGE('',*,*,#1946,.F.);
#1006=ORIENTED_EDGE('',*,*,#1947,.T.);
#1007=ORIENTED_EDGE('',*,*,#1948,.F.);
#1008=ORIENTED_EDGE('',*,*,#1940,.F.);
#1009=ORIENTED_EDGE('',*,*,#1949,.F.);
#1010=ORIENTED_EDGE('',*,*,#1944,.F.);
#1011=ORIENTED_EDGE('',*,*,#1950,.F.);
#1012=ORIENTED_EDGE('',*,*,#1947,.F.);
#1013=ORIENTED_EDGE('',*,*,#1951,.T.);
#1014=ORIENTED_EDGE('',*,*,#1952,.T.);
#1015=ORIENTED_EDGE('',*,*,#1953,.F.);
#1016=ORIENTED_EDGE('',*,*,#1954,.T.);
#1017=ORIENTED_EDGE('',*,*,#1955,.T.);
#1018=ORIENTED_EDGE('',*,*,#1956,.T.);
#1019=ORIENTED_EDGE('',*,*,#1957,.F.);
#1020=ORIENTED_EDGE('',*,*,#1954,.F.);
#1021=ORIENTED_EDGE('',*,*,#1958,.F.);
#1022=ORIENTED_EDGE('',*,*,#1959,.T.);
#1023=ORIENTED_EDGE('',*,*,#1960,.F.);
#1024=ORIENTED_EDGE('',*,*,#1952,.F.);
#1025=ORIENTED_EDGE('',*,*,#1961,.F.);
#1026=ORIENTED_EDGE('',*,*,#1956,.F.);
#1027=ORIENTED_EDGE('',*,*,#1962,.F.);
#1028=ORIENTED_EDGE('',*,*,#1959,.F.);
#1029=ORIENTED_EDGE('',*,*,#1963,.T.);
#1030=ORIENTED_EDGE('',*,*,#1964,.T.);
#1031=ORIENTED_EDGE('',*,*,#1961,.T.);
#1032=ORIENTED_EDGE('',*,*,#1965,.F.);
#1033=ORIENTED_EDGE('',*,*,#1917,.T.);
#1034=ORIENTED_EDGE('',*,*,#1966,.T.);
#1035=ORIENTED_EDGE('',*,*,#1957,.T.);
#1036=ORIENTED_EDGE('',*,*,#1967,.F.);
#1037=ORIENTED_EDGE('',*,*,#1926,.T.);
#1038=ORIENTED_EDGE('',*,*,#1968,.T.);
#1039=ORIENTED_EDGE('',*,*,#1945,.T.);
#1040=ORIENTED_EDGE('',*,*,#1969,.F.);
#1041=ORIENTED_EDGE('',*,*,#1929,.T.);
#1042=ORIENTED_EDGE('',*,*,#1970,.T.);
#1043=ORIENTED_EDGE('',*,*,#1949,.T.);
#1044=ORIENTED_EDGE('',*,*,#1971,.F.);
#1045=ORIENTED_EDGE('',*,*,#1938,.T.);
#1046=ORIENTED_EDGE('',*,*,#1913,.F.);
#1047=ORIENTED_EDGE('',*,*,#1914,.T.);
#1048=ORIENTED_EDGE('',*,*,#1972,.T.);
#1049=ORIENTED_EDGE('',*,*,#1973,.T.);
#1050=ORIENTED_EDGE('',*,*,#1974,.T.);
#1051=ORIENTED_EDGE('',*,*,#1975,.T.);
#1052=ORIENTED_EDGE('',*,*,#1974,.F.);
#1053=ORIENTED_EDGE('',*,*,#1976,.T.);
#1054=ORIENTED_EDGE('',*,*,#1972,.F.);
#1055=ORIENTED_EDGE('',*,*,#1977,.T.);
#1056=ORIENTED_EDGE('',*,*,#1973,.F.);
#1057=ORIENTED_EDGE('',*,*,#1978,.T.);
#1058=ORIENTED_EDGE('',*,*,#1979,.F.);
#1059=ORIENTED_EDGE('',*,*,#1980,.T.);
#1060=ORIENTED_EDGE('',*,*,#1981,.F.);
#1061=ORIENTED_EDGE('',*,*,#1982,.F.);
#1062=ORIENTED_EDGE('',*,*,#1983,.F.);
#1063=ORIENTED_EDGE('',*,*,#1980,.F.);
#1064=ORIENTED_EDGE('',*,*,#1984,.F.);
#1065=ORIENTED_EDGE('',*,*,#1985,.F.);
#1066=ORIENTED_EDGE('',*,*,#1986,.F.);
#1067=ORIENTED_EDGE('',*,*,#1978,.F.);
#1068=ORIENTED_EDGE('',*,*,#1987,.F.);
#1069=ORIENTED_EDGE('',*,*,#1988,.T.);
#1070=ORIENTED_EDGE('',*,*,#1989,.F.);
#1071=ORIENTED_EDGE('',*,*,#1982,.T.);
#1072=ORIENTED_EDGE('',*,*,#1990,.F.);
#1073=ORIENTED_EDGE('',*,*,#1991,.T.);
#1074=ORIENTED_EDGE('',*,*,#1992,.F.);
#1075=ORIENTED_EDGE('',*,*,#1985,.T.);
#1076=ORIENTED_EDGE('',*,*,#1993,.F.);
#1077=ORIENTED_EDGE('',*,*,#1994,.F.);
#1078=ORIENTED_EDGE('',*,*,#1995,.F.);
#1079=ORIENTED_EDGE('',*,*,#1988,.F.);
#1080=ORIENTED_EDGE('',*,*,#1996,.F.);
#1081=ORIENTED_EDGE('',*,*,#1997,.F.);
#1082=ORIENTED_EDGE('',*,*,#1998,.F.);
#1083=ORIENTED_EDGE('',*,*,#1991,.F.);
#1084=ORIENTED_EDGE('',*,*,#1999,.F.);
#1085=ORIENTED_EDGE('',*,*,#1994,.T.);
#1086=ORIENTED_EDGE('',*,*,#2000,.F.);
#1087=ORIENTED_EDGE('',*,*,#1997,.T.);
#1088=ORIENTED_EDGE('',*,*,#2001,.F.);
#1089=ORIENTED_EDGE('',*,*,#2002,.F.);
#1090=ORIENTED_EDGE('',*,*,#2003,.F.);
#1091=ORIENTED_EDGE('',*,*,#2004,.T.);
#1092=ORIENTED_EDGE('',*,*,#2005,.F.);
#1093=ORIENTED_EDGE('',*,*,#2006,.T.);
#1094=ORIENTED_EDGE('',*,*,#2007,.F.);
#1095=ORIENTED_EDGE('',*,*,#2002,.T.);
#1096=ORIENTED_EDGE('',*,*,#2008,.F.);
#1097=ORIENTED_EDGE('',*,*,#2009,.F.);
#1098=ORIENTED_EDGE('',*,*,#2010,.F.);
#1099=ORIENTED_EDGE('',*,*,#2006,.F.);
#1100=ORIENTED_EDGE('',*,*,#2011,.F.);
#1101=ORIENTED_EDGE('',*,*,#2012,.T.);
#1102=ORIENTED_EDGE('',*,*,#2013,.F.);
#1103=ORIENTED_EDGE('',*,*,#2014,.T.);
#1104=ORIENTED_EDGE('',*,*,#2015,.F.);
#1105=ORIENTED_EDGE('',*,*,#2016,.F.);
#1106=ORIENTED_EDGE('',*,*,#2017,.F.);
#1107=ORIENTED_EDGE('',*,*,#2014,.F.);
#1108=ORIENTED_EDGE('',*,*,#2018,.F.);
#1109=ORIENTED_EDGE('',*,*,#2019,.F.);
#1110=ORIENTED_EDGE('',*,*,#2020,.F.);
#1111=ORIENTED_EDGE('',*,*,#2021,.T.);
#1112=ORIENTED_EDGE('',*,*,#2022,.F.);
#1113=ORIENTED_EDGE('',*,*,#2023,.T.);
#1114=ORIENTED_EDGE('',*,*,#2024,.F.);
#1115=ORIENTED_EDGE('',*,*,#2019,.T.);
#1116=ORIENTED_EDGE('',*,*,#2025,.F.);
#1117=ORIENTED_EDGE('',*,*,#2026,.F.);
#1118=ORIENTED_EDGE('',*,*,#2023,.F.);
#1119=ORIENTED_EDGE('',*,*,#2027,.F.);
#1120=ORIENTED_EDGE('',*,*,#2004,.F.);
#1121=ORIENTED_EDGE('',*,*,#2028,.F.);
#1122=ORIENTED_EDGE('',*,*,#2029,.F.);
#1123=ORIENTED_EDGE('',*,*,#2030,.F.);
#1124=ORIENTED_EDGE('',*,*,#2016,.T.);
#1125=ORIENTED_EDGE('',*,*,#2031,.F.);
#1126=ORIENTED_EDGE('',*,*,#2032,.F.);
#1127=ORIENTED_EDGE('',*,*,#2033,.F.);
#1128=ORIENTED_EDGE('',*,*,#2009,.T.);
#1129=ORIENTED_EDGE('',*,*,#2034,.F.);
#1130=ORIENTED_EDGE('',*,*,#2021,.F.);
#1131=ORIENTED_EDGE('',*,*,#2035,.F.);
#1132=ORIENTED_EDGE('',*,*,#2036,.F.);
#1133=ORIENTED_EDGE('',*,*,#2037,.F.);
#1134=ORIENTED_EDGE('',*,*,#2012,.F.);
#1135=ORIENTED_EDGE('',*,*,#2025,.T.);
#1136=ORIENTED_EDGE('',*,*,#2022,.T.);
#1137=ORIENTED_EDGE('',*,*,#2034,.T.);
#1138=ORIENTED_EDGE('',*,*,#2015,.T.);
#1139=ORIENTED_EDGE('',*,*,#2017,.T.);
#1140=ORIENTED_EDGE('',*,*,#2030,.T.);
#1141=ORIENTED_EDGE('',*,*,#2011,.T.);
#1142=ORIENTED_EDGE('',*,*,#2008,.T.);
#1143=ORIENTED_EDGE('',*,*,#2005,.T.);
#1144=ORIENTED_EDGE('',*,*,#2027,.T.);
#1145=ORIENTED_EDGE('',*,*,#1976,.F.);
#1146=ORIENTED_EDGE('',*,*,#1975,.F.);
#1147=ORIENTED_EDGE('',*,*,#1977,.F.);
#1148=ORIENTED_EDGE('',*,*,#2031,.T.);
#1149=ORIENTED_EDGE('',*,*,#2018,.T.);
#1150=ORIENTED_EDGE('',*,*,#2038,.T.);
#1151=ORIENTED_EDGE('',*,*,#2039,.T.);
#1152=ORIENTED_EDGE('',*,*,#2038,.F.);
#1153=ORIENTED_EDGE('',*,*,#2013,.T.);
#1154=ORIENTED_EDGE('',*,*,#2037,.T.);
#1155=ORIENTED_EDGE('',*,*,#2040,.F.);
#1156=ORIENTED_EDGE('',*,*,#2041,.F.);
#1157=ORIENTED_EDGE('',*,*,#2024,.T.);
#1158=ORIENTED_EDGE('',*,*,#2026,.T.);
#1159=ORIENTED_EDGE('',*,*,#2042,.F.);
#1160=ORIENTED_EDGE('',*,*,#2043,.F.);
#1161=ORIENTED_EDGE('',*,*,#2044,.F.);
#1162=ORIENTED_EDGE('',*,*,#2045,.F.);
#1163=ORIENTED_EDGE('',*,*,#2046,.F.);
#1164=ORIENTED_EDGE('',*,*,#2047,.F.);
#1165=ORIENTED_EDGE('',*,*,#2048,.T.);
#1166=ORIENTED_EDGE('',*,*,#1998,.T.);
#1167=ORIENTED_EDGE('',*,*,#2049,.T.);
#1168=ORIENTED_EDGE('',*,*,#2050,.F.);
#1169=ORIENTED_EDGE('',*,*,#2051,.F.);
#1170=ORIENTED_EDGE('',*,*,#2052,.T.);
#1171=ORIENTED_EDGE('',*,*,#2053,.F.);
#1172=ORIENTED_EDGE('',*,*,#2054,.F.);
#1173=ORIENTED_EDGE('',*,*,#2055,.F.);
#1174=ORIENTED_EDGE('',*,*,#2056,.F.);
#1175=ORIENTED_EDGE('',*,*,#2057,.T.);
#1176=ORIENTED_EDGE('',*,*,#2058,.T.);
#1177=ORIENTED_EDGE('',*,*,#2059,.F.);
#1178=ORIENTED_EDGE('',*,*,#2060,.F.);
#1179=ORIENTED_EDGE('',*,*,#2061,.T.);
#1180=ORIENTED_EDGE('',*,*,#2062,.T.);
#1181=ORIENTED_EDGE('',*,*,#2063,.F.);
#1182=ORIENTED_EDGE('',*,*,#2062,.F.);
#1183=ORIENTED_EDGE('',*,*,#2064,.F.);
#1184=ORIENTED_EDGE('',*,*,#2065,.T.);
#1185=ORIENTED_EDGE('',*,*,#2066,.F.);
#1186=ORIENTED_EDGE('',*,*,#2067,.F.);
#1187=ORIENTED_EDGE('',*,*,#2068,.F.);
#1188=ORIENTED_EDGE('',*,*,#2069,.F.);
#1189=ORIENTED_EDGE('',*,*,#2070,.F.);
#1190=ORIENTED_EDGE('',*,*,#2071,.F.);
#1191=ORIENTED_EDGE('',*,*,#2072,.F.);
#1192=ORIENTED_EDGE('',*,*,#2073,.F.);
#1193=ORIENTED_EDGE('',*,*,#2074,.T.);
#1194=ORIENTED_EDGE('',*,*,#2075,.T.);
#1195=ORIENTED_EDGE('',*,*,#1986,.T.);
#1196=ORIENTED_EDGE('',*,*,#2076,.T.);
#1197=ORIENTED_EDGE('',*,*,#2077,.F.);
#1198=ORIENTED_EDGE('',*,*,#2078,.T.);
#1199=ORIENTED_EDGE('',*,*,#2079,.F.);
#1200=ORIENTED_EDGE('',*,*,#2080,.T.);
#1201=ORIENTED_EDGE('',*,*,#2081,.F.);
#1202=ORIENTED_EDGE('',*,*,#2082,.F.);
#1203=ORIENTED_EDGE('',*,*,#2083,.F.);
#1204=ORIENTED_EDGE('',*,*,#2084,.T.);
#1205=ORIENTED_EDGE('',*,*,#2085,.F.);
#1206=ORIENTED_EDGE('',*,*,#2086,.F.);
#1207=ORIENTED_EDGE('',*,*,#2087,.F.);
#1208=ORIENTED_EDGE('',*,*,#2082,.T.);
#1209=ORIENTED_EDGE('',*,*,#2088,.F.);
#1210=ORIENTED_EDGE('',*,*,#2089,.F.);
#1211=ORIENTED_EDGE('',*,*,#2090,.T.);
#1212=ORIENTED_EDGE('',*,*,#2091,.T.);
#1213=ORIENTED_EDGE('',*,*,#2092,.F.);
#1214=ORIENTED_EDGE('',*,*,#2093,.T.);
#1215=ORIENTED_EDGE('',*,*,#2094,.F.);
#1216=ORIENTED_EDGE('',*,*,#2095,.T.);
#1217=ORIENTED_EDGE('',*,*,#2096,.F.);
#1218=ORIENTED_EDGE('',*,*,#2097,.T.);
#1219=ORIENTED_EDGE('',*,*,#2098,.F.);
#1220=ORIENTED_EDGE('',*,*,#2099,.F.);
#1221=ORIENTED_EDGE('',*,*,#2100,.F.);
#1222=ORIENTED_EDGE('',*,*,#2101,.T.);
#1223=ORIENTED_EDGE('',*,*,#2102,.F.);
#1224=ORIENTED_EDGE('',*,*,#2103,.F.);
#1225=ORIENTED_EDGE('',*,*,#2104,.F.);
#1226=ORIENTED_EDGE('',*,*,#2105,.F.);
#1227=ORIENTED_EDGE('',*,*,#2106,.T.);
#1228=ORIENTED_EDGE('',*,*,#2071,.T.);
#1229=ORIENTED_EDGE('',*,*,#2107,.F.);
#1230=ORIENTED_EDGE('',*,*,#2105,.T.);
#1231=ORIENTED_EDGE('',*,*,#2108,.F.);
#1232=ORIENTED_EDGE('',*,*,#2051,.T.);
#1233=ORIENTED_EDGE('',*,*,#2109,.F.);
#1234=ORIENTED_EDGE('',*,*,#2102,.T.);
#1235=ORIENTED_EDGE('',*,*,#2110,.F.);
#1236=ORIENTED_EDGE('',*,*,#2076,.F.);
#1237=ORIENTED_EDGE('',*,*,#1992,.T.);
#1238=ORIENTED_EDGE('',*,*,#2048,.F.);
#1239=ORIENTED_EDGE('',*,*,#2111,.F.);
#1240=ORIENTED_EDGE('',*,*,#2112,.T.);
#1241=ORIENTED_EDGE('',*,*,#2113,.T.);
#1242=ORIENTED_EDGE('',*,*,#2114,.T.);
#1243=ORIENTED_EDGE('',*,*,#2115,.T.);
#1244=ORIENTED_EDGE('',*,*,#2116,.T.);
#1245=ORIENTED_EDGE('',*,*,#2078,.F.);
#1246=ORIENTED_EDGE('',*,*,#2117,.F.);
#1247=ORIENTED_EDGE('',*,*,#2069,.T.);
#1248=ORIENTED_EDGE('',*,*,#2098,.T.);
#1249=ORIENTED_EDGE('',*,*,#2118,.F.);
#1250=ORIENTED_EDGE('',*,*,#2119,.T.);
#1251=ORIENTED_EDGE('',*,*,#2120,.T.);
#1252=ORIENTED_EDGE('',*,*,#2121,.T.);
#1253=ORIENTED_EDGE('',*,*,#2122,.T.);
#1254=ORIENTED_EDGE('',*,*,#2123,.T.);
#1255=ORIENTED_EDGE('',*,*,#2124,.T.);
#1256=ORIENTED_EDGE('',*,*,#2120,.F.);
#1257=ORIENTED_EDGE('',*,*,#2125,.F.);
#1258=ORIENTED_EDGE('',*,*,#2123,.F.);
#1259=ORIENTED_EDGE('',*,*,#2126,.T.);
#1260=ORIENTED_EDGE('',*,*,#2127,.F.);
#1261=ORIENTED_EDGE('',*,*,#2128,.T.);
#1262=ORIENTED_EDGE('',*,*,#2127,.T.);
#1263=ORIENTED_EDGE('',*,*,#2129,.F.);
#1264=ORIENTED_EDGE('',*,*,#2130,.F.);
#1265=ORIENTED_EDGE('',*,*,#2131,.F.);
#1266=ORIENTED_EDGE('',*,*,#2089,.T.);
#1267=ORIENTED_EDGE('',*,*,#2132,.F.);
#1268=ORIENTED_EDGE('',*,*,#2130,.T.);
#1269=ORIENTED_EDGE('',*,*,#2133,.T.);
#1270=ORIENTED_EDGE('',*,*,#2134,.F.);
#1271=ORIENTED_EDGE('',*,*,#2135,.F.);
#1272=ORIENTED_EDGE('',*,*,#2084,.F.);
#1273=ORIENTED_EDGE('',*,*,#2079,.T.);
#1274=ORIENTED_EDGE('',*,*,#2134,.T.);
#1275=ORIENTED_EDGE('',*,*,#2116,.F.);
#1276=ORIENTED_EDGE('',*,*,#2136,.T.);
#1277=ORIENTED_EDGE('',*,*,#2137,.F.);
#1278=ORIENTED_EDGE('',*,*,#2138,.F.);
#1279=ORIENTED_EDGE('',*,*,#2139,.F.);
#1280=ORIENTED_EDGE('',*,*,#2140,.F.);
#1281=ORIENTED_EDGE('',*,*,#2136,.F.);
#1282=ORIENTED_EDGE('',*,*,#2115,.F.);
#1283=ORIENTED_EDGE('',*,*,#2141,.T.);
#1284=ORIENTED_EDGE('',*,*,#2139,.T.);
#1285=ORIENTED_EDGE('',*,*,#2142,.T.);
#1286=ORIENTED_EDGE('',*,*,#2143,.T.);
#1287=ORIENTED_EDGE('',*,*,#2144,.T.);
#1288=ORIENTED_EDGE('',*,*,#2145,.F.);
#1289=ORIENTED_EDGE('',*,*,#2144,.F.);
#1290=ORIENTED_EDGE('',*,*,#2146,.F.);
#1291=ORIENTED_EDGE('',*,*,#2147,.T.);
#1292=ORIENTED_EDGE('',*,*,#2147,.F.);
#1293=ORIENTED_EDGE('',*,*,#2148,.T.);
#1294=ORIENTED_EDGE('',*,*,#2149,.F.);
#1295=ORIENTED_EDGE('',*,*,#2150,.F.);
#1296=ORIENTED_EDGE('',*,*,#2151,.T.);
#1297=ORIENTED_EDGE('',*,*,#2149,.T.);
#1298=ORIENTED_EDGE('',*,*,#2152,.F.);
#1299=ORIENTED_EDGE('',*,*,#2153,.F.);
#1300=ORIENTED_EDGE('',*,*,#2154,.F.);
#1301=ORIENTED_EDGE('',*,*,#2155,.T.);
#1302=ORIENTED_EDGE('',*,*,#2156,.F.);
#1303=ORIENTED_EDGE('',*,*,#2153,.T.);
#1304=ORIENTED_EDGE('',*,*,#2157,.T.);
#1305=ORIENTED_EDGE('',*,*,#2158,.F.);
#1306=ORIENTED_EDGE('',*,*,#2113,.F.);
#1307=ORIENTED_EDGE('',*,*,#2159,.T.);
#1308=ORIENTED_EDGE('',*,*,#2160,.T.);
#1309=ORIENTED_EDGE('',*,*,#2155,.F.);
#1310=ORIENTED_EDGE('',*,*,#2161,.T.);
#1311=ORIENTED_EDGE('',*,*,#2162,.F.);
#1312=ORIENTED_EDGE('',*,*,#2159,.F.);
#1313=ORIENTED_EDGE('',*,*,#2112,.F.);
#1314=ORIENTED_EDGE('',*,*,#2065,.F.);
#1315=ORIENTED_EDGE('',*,*,#2163,.F.);
#1316=ORIENTED_EDGE('',*,*,#2161,.F.);
#1317=ORIENTED_EDGE('',*,*,#2068,.T.);
#1318=ORIENTED_EDGE('',*,*,#2164,.F.);
#1319=ORIENTED_EDGE('',*,*,#2060,.T.);
#1320=ORIENTED_EDGE('',*,*,#2165,.F.);
#1321=ORIENTED_EDGE('',*,*,#2166,.T.);
#1322=ORIENTED_EDGE('',*,*,#2167,.T.);
#1323=ORIENTED_EDGE('',*,*,#2168,.F.);
#1324=ORIENTED_EDGE('',*,*,#2169,.F.);
#1325=ORIENTED_EDGE('',*,*,#2170,.F.);
#1326=ORIENTED_EDGE('',*,*,#2167,.F.);
#1327=ORIENTED_EDGE('',*,*,#2171,.T.);
#1328=ORIENTED_EDGE('',*,*,#2172,.F.);
#1329=ORIENTED_EDGE('',*,*,#2169,.T.);
#1330=ORIENTED_EDGE('',*,*,#2173,.T.);
#1331=ORIENTED_EDGE('',*,*,#2174,.F.);
#1332=ORIENTED_EDGE('',*,*,#2175,.F.);
#1333=ORIENTED_EDGE('',*,*,#2176,.T.);
#1334=ORIENTED_EDGE('',*,*,#2171,.F.);
#1335=ORIENTED_EDGE('',*,*,#2177,.T.);
#1336=ORIENTED_EDGE('',*,*,#2047,.T.);
#1337=ORIENTED_EDGE('',*,*,#2178,.F.);
#1338=ORIENTED_EDGE('',*,*,#2175,.T.);
#1339=ORIENTED_EDGE('',*,*,#2179,.T.);
#1340=ORIENTED_EDGE('',*,*,#2180,.F.);
#1341=ORIENTED_EDGE('',*,*,#2056,.T.);
#1342=ORIENTED_EDGE('',*,*,#2043,.T.);
#1343=ORIENTED_EDGE('',*,*,#2177,.F.);
#1344=ORIENTED_EDGE('',*,*,#2057,.F.);
#1345=ORIENTED_EDGE('',*,*,#2181,.T.);
#1346=ORIENTED_EDGE('',*,*,#2173,.F.);
#1347=ORIENTED_EDGE('',*,*,#2182,.T.);
#1348=ORIENTED_EDGE('',*,*,#2183,.F.);
#1349=ORIENTED_EDGE('',*,*,#2165,.T.);
#1350=ORIENTED_EDGE('',*,*,#2059,.T.);
#1351=ORIENTED_EDGE('',*,*,#2058,.F.);
#1352=ORIENTED_EDGE('',*,*,#2184,.F.);
#1353=ORIENTED_EDGE('',*,*,#2093,.F.);
#1354=ORIENTED_EDGE('',*,*,#2086,.T.);
#1355=ORIENTED_EDGE('',*,*,#2131,.T.);
#1356=ORIENTED_EDGE('',*,*,#2126,.F.);
#1357=ORIENTED_EDGE('',*,*,#2185,.T.);
#1358=ORIENTED_EDGE('',*,*,#2090,.F.);
#1359=ORIENTED_EDGE('',*,*,#2186,.T.);
#1360=ORIENTED_EDGE('',*,*,#2097,.F.);
#1361=ORIENTED_EDGE('',*,*,#2091,.F.);
#1362=ORIENTED_EDGE('',*,*,#2187,.F.);
#1363=ORIENTED_EDGE('',*,*,#2118,.T.);
#1364=ORIENTED_EDGE('',*,*,#2188,.T.);
#1365=ORIENTED_EDGE('',*,*,#2189,.F.);
#1366=ORIENTED_EDGE('',*,*,#2114,.F.);
#1367=ORIENTED_EDGE('',*,*,#2190,.T.);
#1368=ORIENTED_EDGE('',*,*,#2119,.F.);
#1369=ORIENTED_EDGE('',*,*,#2187,.T.);
#1370=ORIENTED_EDGE('',*,*,#2185,.F.);
#1371=ORIENTED_EDGE('',*,*,#2122,.F.);
#1372=ORIENTED_EDGE('',*,*,#2186,.F.);
#1373=ORIENTED_EDGE('',*,*,#2184,.T.);
#1374=ORIENTED_EDGE('',*,*,#2133,.F.);
#1375=ORIENTED_EDGE('',*,*,#2129,.T.);
#1376=ORIENTED_EDGE('',*,*,#2191,.F.);
#1377=ORIENTED_EDGE('',*,*,#2142,.F.);
#1378=ORIENTED_EDGE('',*,*,#2138,.T.);
#1379=ORIENTED_EDGE('',*,*,#2189,.T.);
#1380=ORIENTED_EDGE('',*,*,#2143,.F.);
#1381=ORIENTED_EDGE('',*,*,#2191,.T.);
#1382=ORIENTED_EDGE('',*,*,#2192,.F.);
#1383=ORIENTED_EDGE('',*,*,#2146,.T.);
#1384=ORIENTED_EDGE('',*,*,#2148,.F.);
#1385=ORIENTED_EDGE('',*,*,#2192,.T.);
#1386=ORIENTED_EDGE('',*,*,#2188,.F.);
#1387=ORIENTED_EDGE('',*,*,#2193,.T.);
#1388=ORIENTED_EDGE('',*,*,#2193,.F.);
#1389=ORIENTED_EDGE('',*,*,#2194,.T.);
#1390=ORIENTED_EDGE('',*,*,#2157,.F.);
#1391=ORIENTED_EDGE('',*,*,#2152,.T.);
#1392=ORIENTED_EDGE('',*,*,#2194,.F.);
#1393=ORIENTED_EDGE('',*,*,#2190,.F.);
#1394=ORIENTED_EDGE('',*,*,#2158,.T.);
#1395=ORIENTED_EDGE('',*,*,#2154,.T.);
#1396=ORIENTED_EDGE('',*,*,#2166,.F.);
#1397=ORIENTED_EDGE('',*,*,#2183,.T.);
#1398=ORIENTED_EDGE('',*,*,#2182,.F.);
#1399=ORIENTED_EDGE('',*,*,#2168,.T.);
#1400=ORIENTED_EDGE('',*,*,#2181,.F.);
#1401=ORIENTED_EDGE('',*,*,#2180,.T.);
#1402=ORIENTED_EDGE('',*,*,#2179,.F.);
#1403=ORIENTED_EDGE('',*,*,#2174,.T.);
#1404=ORIENTED_EDGE('',*,*,#2195,.F.);
#1405=ORIENTED_EDGE('',*,*,#2196,.F.);
#1406=ORIENTED_EDGE('',*,*,#2197,.F.);
#1407=ORIENTED_EDGE('',*,*,#2198,.T.);
#1408=ORIENTED_EDGE('',*,*,#2199,.F.);
#1409=ORIENTED_EDGE('',*,*,#2200,.F.);
#1410=ORIENTED_EDGE('',*,*,#2201,.T.);
#1411=ORIENTED_EDGE('',*,*,#2202,.F.);
#1412=ORIENTED_EDGE('',*,*,#2203,.F.);
#1413=ORIENTED_EDGE('',*,*,#2204,.F.);
#1414=ORIENTED_EDGE('',*,*,#2045,.T.);
#1415=ORIENTED_EDGE('',*,*,#2205,.F.);
#1416=ORIENTED_EDGE('',*,*,#2206,.F.);
#1417=ORIENTED_EDGE('',*,*,#2207,.F.);
#1418=ORIENTED_EDGE('',*,*,#2208,.T.);
#1419=ORIENTED_EDGE('',*,*,#2203,.T.);
#1420=ORIENTED_EDGE('',*,*,#2209,.F.);
#1421=ORIENTED_EDGE('',*,*,#2210,.T.);
#1422=ORIENTED_EDGE('',*,*,#2207,.T.);
#1423=ORIENTED_EDGE('',*,*,#2211,.F.);
#1424=ORIENTED_EDGE('',*,*,#2212,.T.);
#1425=ORIENTED_EDGE('',*,*,#2213,.T.);
#1426=ORIENTED_EDGE('',*,*,#2214,.F.);
#1427=ORIENTED_EDGE('',*,*,#2215,.F.);
#1428=ORIENTED_EDGE('',*,*,#2216,.F.);
#1429=ORIENTED_EDGE('',*,*,#2213,.F.);
#1430=ORIENTED_EDGE('',*,*,#2217,.F.);
#1431=ORIENTED_EDGE('',*,*,#2215,.T.);
#1432=ORIENTED_EDGE('',*,*,#2218,.T.);
#1433=ORIENTED_EDGE('',*,*,#2219,.T.);
#1434=ORIENTED_EDGE('',*,*,#2220,.F.);
#1435=ORIENTED_EDGE('',*,*,#2221,.F.);
#1436=ORIENTED_EDGE('',*,*,#2222,.T.);
#1437=ORIENTED_EDGE('',*,*,#2219,.F.);
#1438=ORIENTED_EDGE('',*,*,#2223,.T.);
#1439=ORIENTED_EDGE('',*,*,#2224,.T.);
#1440=ORIENTED_EDGE('',*,*,#2225,.T.);
#1441=ORIENTED_EDGE('',*,*,#2221,.T.);
#1442=ORIENTED_EDGE('',*,*,#2226,.T.);
#1443=ORIENTED_EDGE('',*,*,#2227,.F.);
#1444=ORIENTED_EDGE('',*,*,#2228,.F.);
#1445=ORIENTED_EDGE('',*,*,#2229,.F.);
#1446=ORIENTED_EDGE('',*,*,#2230,.F.);
#1447=ORIENTED_EDGE('',*,*,#2224,.F.);
#1448=ORIENTED_EDGE('',*,*,#2231,.T.);
#1449=ORIENTED_EDGE('',*,*,#2232,.F.);
#1450=ORIENTED_EDGE('',*,*,#2229,.T.);
#1451=ORIENTED_EDGE('',*,*,#2233,.F.);
#1452=ORIENTED_EDGE('',*,*,#2234,.F.);
#1453=ORIENTED_EDGE('',*,*,#2235,.F.);
#1454=ORIENTED_EDGE('',*,*,#2231,.F.);
#1455=ORIENTED_EDGE('',*,*,#2236,.T.);
#1456=ORIENTED_EDGE('',*,*,#2237,.T.);
#1457=ORIENTED_EDGE('',*,*,#1996,.T.);
#1458=ORIENTED_EDGE('',*,*,#2238,.T.);
#1459=ORIENTED_EDGE('',*,*,#2239,.F.);
#1460=ORIENTED_EDGE('',*,*,#2049,.F.);
#1461=ORIENTED_EDGE('',*,*,#2000,.T.);
#1462=ORIENTED_EDGE('',*,*,#2237,.F.);
#1463=ORIENTED_EDGE('',*,*,#2240,.F.);
#1464=ORIENTED_EDGE('',*,*,#2200,.T.);
#1465=ORIENTED_EDGE('',*,*,#2241,.F.);
#1466=ORIENTED_EDGE('',*,*,#2053,.T.);
#1467=ORIENTED_EDGE('',*,*,#2242,.F.);
#1468=ORIENTED_EDGE('',*,*,#2243,.F.);
#1469=ORIENTED_EDGE('',*,*,#2236,.F.);
#1470=ORIENTED_EDGE('',*,*,#2244,.F.);
#1471=ORIENTED_EDGE('',*,*,#2245,.F.);
#1472=ORIENTED_EDGE('',*,*,#2205,.T.);
#1473=ORIENTED_EDGE('',*,*,#2044,.T.);
#1474=ORIENTED_EDGE('',*,*,#2055,.T.);
#1475=ORIENTED_EDGE('',*,*,#2063,.T.);
#1476=ORIENTED_EDGE('',*,*,#2066,.T.);
#1477=ORIENTED_EDGE('',*,*,#2067,.T.);
#1478=ORIENTED_EDGE('',*,*,#2246,.F.);
#1479=ORIENTED_EDGE('',*,*,#2244,.T.);
#1480=ORIENTED_EDGE('',*,*,#2233,.T.);
#1481=ORIENTED_EDGE('',*,*,#2228,.T.);
#1482=ORIENTED_EDGE('',*,*,#2247,.T.);
#1483=ORIENTED_EDGE('',*,*,#2209,.T.);
#1484=ORIENTED_EDGE('',*,*,#2195,.T.);
#1485=ORIENTED_EDGE('',*,*,#2248,.F.);
#1486=ORIENTED_EDGE('',*,*,#2073,.T.);
#1487=ORIENTED_EDGE('',*,*,#2249,.F.);
#1488=ORIENTED_EDGE('',*,*,#2250,.F.);
#1489=ORIENTED_EDGE('',*,*,#2211,.T.);
#1490=ORIENTED_EDGE('',*,*,#2206,.T.);
#1491=ORIENTED_EDGE('',*,*,#2251,.F.);
#1492=ORIENTED_EDGE('',*,*,#2212,.F.);
#1493=ORIENTED_EDGE('',*,*,#2250,.T.);
#1494=ORIENTED_EDGE('',*,*,#2252,.F.);
#1495=ORIENTED_EDGE('',*,*,#2214,.T.);
#1496=ORIENTED_EDGE('',*,*,#2218,.F.);
#1497=ORIENTED_EDGE('',*,*,#2252,.T.);
#1498=ORIENTED_EDGE('',*,*,#2253,.F.);
#1499=ORIENTED_EDGE('',*,*,#2254,.T.);
#1500=ORIENTED_EDGE('',*,*,#2254,.F.);
#1501=ORIENTED_EDGE('',*,*,#2255,.T.);
#1502=ORIENTED_EDGE('',*,*,#2226,.F.);
#1503=ORIENTED_EDGE('',*,*,#2220,.T.);
#1504=ORIENTED_EDGE('',*,*,#2255,.F.);
#1505=ORIENTED_EDGE('',*,*,#2256,.T.);
#1506=ORIENTED_EDGE('',*,*,#2227,.T.);
#1507=ORIENTED_EDGE('',*,*,#2223,.F.);
#1508=ORIENTED_EDGE('',*,*,#2253,.T.);
#1509=ORIENTED_EDGE('',*,*,#2251,.T.);
#1510=ORIENTED_EDGE('',*,*,#2247,.F.);
#1511=ORIENTED_EDGE('',*,*,#2256,.F.);
#1512=ORIENTED_EDGE('',*,*,#2257,.T.);
#1513=ORIENTED_EDGE('',*,*,#2258,.T.);
#1514=ORIENTED_EDGE('',*,*,#2202,.T.);
#1515=ORIENTED_EDGE('',*,*,#2259,.F.);
#1516=ORIENTED_EDGE('',*,*,#2260,.F.);
#1517=ORIENTED_EDGE('',*,*,#2261,.F.);
#1518=ORIENTED_EDGE('',*,*,#2262,.T.);
#1519=ORIENTED_EDGE('',*,*,#2263,.F.);
#1520=ORIENTED_EDGE('',*,*,#2262,.F.);
#1521=ORIENTED_EDGE('',*,*,#2264,.T.);
#1522=ORIENTED_EDGE('',*,*,#2265,.F.);
#1523=ORIENTED_EDGE('',*,*,#2266,.T.);
#1524=ORIENTED_EDGE('',*,*,#2267,.F.);
#1525=ORIENTED_EDGE('',*,*,#2268,.F.);
#1526=ORIENTED_EDGE('',*,*,#2269,.F.);
#1527=ORIENTED_EDGE('',*,*,#2265,.T.);
#1528=ORIENTED_EDGE('',*,*,#2270,.T.);
#1529=ORIENTED_EDGE('',*,*,#1984,.T.);
#1530=ORIENTED_EDGE('',*,*,#2271,.T.);
#1531=ORIENTED_EDGE('',*,*,#2272,.F.);
#1532=ORIENTED_EDGE('',*,*,#2271,.F.);
#1533=ORIENTED_EDGE('',*,*,#1979,.T.);
#1534=ORIENTED_EDGE('',*,*,#2075,.F.);
#1535=ORIENTED_EDGE('',*,*,#2273,.T.);
#1536=ORIENTED_EDGE('',*,*,#2274,.F.);
#1537=ORIENTED_EDGE('',*,*,#2275,.F.);
#1538=ORIENTED_EDGE('',*,*,#2276,.F.);
#1539=ORIENTED_EDGE('',*,*,#2277,.F.);
#1540=ORIENTED_EDGE('',*,*,#2278,.T.);
#1541=ORIENTED_EDGE('',*,*,#2080,.F.);
#1542=ORIENTED_EDGE('',*,*,#2083,.T.);
#1543=ORIENTED_EDGE('',*,*,#2087,.T.);
#1544=ORIENTED_EDGE('',*,*,#2092,.T.);
#1545=ORIENTED_EDGE('',*,*,#2096,.T.);
#1546=ORIENTED_EDGE('',*,*,#2279,.T.);
#1547=ORIENTED_EDGE('',*,*,#2280,.T.);
#1548=ORIENTED_EDGE('',*,*,#2260,.T.);
#1549=ORIENTED_EDGE('',*,*,#2281,.T.);
#1550=ORIENTED_EDGE('',*,*,#2282,.T.);
#1551=ORIENTED_EDGE('',*,*,#2274,.T.);
#1552=ORIENTED_EDGE('',*,*,#2283,.T.);
#1553=ORIENTED_EDGE('',*,*,#2284,.F.);
#1554=ORIENTED_EDGE('',*,*,#2100,.T.);
#1555=ORIENTED_EDGE('',*,*,#2285,.F.);
#1556=ORIENTED_EDGE('',*,*,#2283,.F.);
#1557=ORIENTED_EDGE('',*,*,#2286,.F.);
#1558=ORIENTED_EDGE('',*,*,#2287,.F.);
#1559=ORIENTED_EDGE('',*,*,#2288,.F.);
#1560=ORIENTED_EDGE('',*,*,#2289,.T.);
#1561=ORIENTED_EDGE('',*,*,#2290,.F.);
#1562=ORIENTED_EDGE('',*,*,#2103,.T.);
#1563=ORIENTED_EDGE('',*,*,#2291,.F.);
#1564=ORIENTED_EDGE('',*,*,#2292,.F.);
#1565=ORIENTED_EDGE('',*,*,#2289,.F.);
#1566=ORIENTED_EDGE('',*,*,#2293,.T.);
#1567=ORIENTED_EDGE('',*,*,#2294,.F.);
#1568=ORIENTED_EDGE('',*,*,#2295,.T.);
#1569=ORIENTED_EDGE('',*,*,#2296,.T.);
#1570=ORIENTED_EDGE('',*,*,#2297,.T.);
#1571=ORIENTED_EDGE('',*,*,#2298,.T.);
#1572=ORIENTED_EDGE('',*,*,#2299,.T.);
#1573=ORIENTED_EDGE('',*,*,#2300,.T.);
#1574=ORIENTED_EDGE('',*,*,#2301,.T.);
#1575=ORIENTED_EDGE('',*,*,#2302,.T.);
#1576=ORIENTED_EDGE('',*,*,#2303,.F.);
#1577=ORIENTED_EDGE('',*,*,#2304,.T.);
#1578=ORIENTED_EDGE('',*,*,#2264,.F.);
#1579=ORIENTED_EDGE('',*,*,#2305,.T.);
#1580=ORIENTED_EDGE('',*,*,#2300,.F.);
#1581=ORIENTED_EDGE('',*,*,#2306,.F.);
#1582=ORIENTED_EDGE('',*,*,#2306,.T.);
#1583=ORIENTED_EDGE('',*,*,#2304,.F.);
#1584=ORIENTED_EDGE('',*,*,#2307,.F.);
#1585=ORIENTED_EDGE('',*,*,#2267,.T.);
#1586=ORIENTED_EDGE('',*,*,#2308,.F.);
#1587=ORIENTED_EDGE('',*,*,#2299,.F.);
#1588=ORIENTED_EDGE('',*,*,#2309,.F.);
#1589=ORIENTED_EDGE('',*,*,#2269,.T.);
#1590=ORIENTED_EDGE('',*,*,#2298,.F.);
#1591=ORIENTED_EDGE('',*,*,#2310,.T.);
#1592=ORIENTED_EDGE('',*,*,#2266,.F.);
#1593=ORIENTED_EDGE('',*,*,#2309,.T.);
#1594=ORIENTED_EDGE('',*,*,#2311,.T.);
#1595=ORIENTED_EDGE('',*,*,#2302,.F.);
#1596=ORIENTED_EDGE('',*,*,#2312,.T.);
#1597=ORIENTED_EDGE('',*,*,#2280,.F.);
#1598=ORIENTED_EDGE('',*,*,#2313,.F.);
#1599=ORIENTED_EDGE('',*,*,#2312,.F.);
#1600=ORIENTED_EDGE('',*,*,#2301,.F.);
#1601=ORIENTED_EDGE('',*,*,#2305,.F.);
#1602=ORIENTED_EDGE('',*,*,#2261,.T.);
#1603=ORIENTED_EDGE('',*,*,#2310,.F.);
#1604=ORIENTED_EDGE('',*,*,#2297,.F.);
#1605=ORIENTED_EDGE('',*,*,#2314,.T.);
#1606=ORIENTED_EDGE('',*,*,#2263,.T.);
#1607=ORIENTED_EDGE('',*,*,#2314,.F.);
#1608=ORIENTED_EDGE('',*,*,#2296,.F.);
#1609=ORIENTED_EDGE('',*,*,#2315,.T.);
#1610=ORIENTED_EDGE('',*,*,#2316,.F.);
#1611=ORIENTED_EDGE('',*,*,#2281,.F.);
#1612=ORIENTED_EDGE('',*,*,#2313,.T.);
#1613=ORIENTED_EDGE('',*,*,#2279,.F.);
#1614=ORIENTED_EDGE('',*,*,#2095,.F.);
#1615=ORIENTED_EDGE('',*,*,#2317,.F.);
#1616=ORIENTED_EDGE('',*,*,#2316,.T.);
#1617=ORIENTED_EDGE('',*,*,#2318,.F.);
#1618=ORIENTED_EDGE('',*,*,#2319,.T.);
#1619=ORIENTED_EDGE('',*,*,#2282,.F.);
#1620=ORIENTED_EDGE('',*,*,#2319,.F.);
#1621=ORIENTED_EDGE('',*,*,#2320,.F.);
#1622=ORIENTED_EDGE('',*,*,#2321,.F.);
#1623=ORIENTED_EDGE('',*,*,#2275,.T.);
#1624=ORIENTED_EDGE('',*,*,#2249,.T.);
#1625=ORIENTED_EDGE('',*,*,#2072,.T.);
#1626=ORIENTED_EDGE('',*,*,#2108,.T.);
#1627=ORIENTED_EDGE('',*,*,#2104,.T.);
#1628=ORIENTED_EDGE('',*,*,#2290,.T.);
#1629=ORIENTED_EDGE('',*,*,#2292,.T.);
#1630=ORIENTED_EDGE('',*,*,#2322,.T.);
#1631=ORIENTED_EDGE('',*,*,#2323,.T.);
#1632=ORIENTED_EDGE('',*,*,#2324,.T.);
#1633=ORIENTED_EDGE('',*,*,#2325,.T.);
#1634=ORIENTED_EDGE('',*,*,#2196,.T.);
#1635=ORIENTED_EDGE('',*,*,#2234,.T.);
#1636=ORIENTED_EDGE('',*,*,#2326,.F.);
#1637=ORIENTED_EDGE('',*,*,#2327,.F.);
#1638=ORIENTED_EDGE('',*,*,#2328,.F.);
#1639=ORIENTED_EDGE('',*,*,#2321,.T.);
#1640=ORIENTED_EDGE('',*,*,#2329,.F.);
#1641=ORIENTED_EDGE('',*,*,#2330,.T.);
#1642=ORIENTED_EDGE('',*,*,#2331,.F.);
#1643=ORIENTED_EDGE('',*,*,#2197,.T.);
#1644=ORIENTED_EDGE('',*,*,#2325,.F.);
#1645=ORIENTED_EDGE('',*,*,#2332,.T.);
#1646=ORIENTED_EDGE('',*,*,#2333,.F.);
#1647=ORIENTED_EDGE('',*,*,#2294,.T.);
#1648=ORIENTED_EDGE('',*,*,#2334,.F.);
#1649=ORIENTED_EDGE('',*,*,#2335,.T.);
#1650=ORIENTED_EDGE('',*,*,#2322,.F.);
#1651=ORIENTED_EDGE('',*,*,#2336,.F.);
#1652=ORIENTED_EDGE('',*,*,#2257,.F.);
#1653=ORIENTED_EDGE('',*,*,#2337,.T.);
#1654=ORIENTED_EDGE('',*,*,#2338,.F.);
#1655=ORIENTED_EDGE('',*,*,#2287,.T.);
#1656=ORIENTED_EDGE('',*,*,#2339,.F.);
#1657=ORIENTED_EDGE('',*,*,#2340,.T.);
#1658=ORIENTED_EDGE('',*,*,#2341,.F.);
#1659=ORIENTED_EDGE('',*,*,#2291,.T.);
#1660=ORIENTED_EDGE('',*,*,#2106,.F.);
#1661=ORIENTED_EDGE('',*,*,#2107,.T.);
#1662=ORIENTED_EDGE('',*,*,#2074,.F.);
#1663=ORIENTED_EDGE('',*,*,#2248,.T.);
#1664=ORIENTED_EDGE('',*,*,#2198,.F.);
#1665=ORIENTED_EDGE('',*,*,#2333,.T.);
#1666=ORIENTED_EDGE('',*,*,#2342,.T.);
#1667=ORIENTED_EDGE('',*,*,#2343,.F.);
#1668=ORIENTED_EDGE('',*,*,#2334,.T.);
#1669=ORIENTED_EDGE('',*,*,#2293,.F.);
#1670=ORIENTED_EDGE('',*,*,#2337,.F.);
#1671=ORIENTED_EDGE('',*,*,#2259,.T.);
#1672=ORIENTED_EDGE('',*,*,#2201,.F.);
#1673=ORIENTED_EDGE('',*,*,#2242,.T.);
#1674=ORIENTED_EDGE('',*,*,#2052,.F.);
#1675=ORIENTED_EDGE('',*,*,#2110,.T.);
#1676=ORIENTED_EDGE('',*,*,#2101,.F.);
#1677=ORIENTED_EDGE('',*,*,#2284,.T.);
#1678=ORIENTED_EDGE('',*,*,#2288,.T.);
#1679=ORIENTED_EDGE('',*,*,#2341,.T.);
#1680=ORIENTED_EDGE('',*,*,#2344,.T.);
#1681=ORIENTED_EDGE('',*,*,#2345,.T.);
#1682=ORIENTED_EDGE('',*,*,#2276,.T.);
#1683=ORIENTED_EDGE('',*,*,#2331,.T.);
#1684=ORIENTED_EDGE('',*,*,#2346,.T.);
#1685=ORIENTED_EDGE('',*,*,#2347,.T.);
#1686=ORIENTED_EDGE('',*,*,#2348,.T.);
#1687=ORIENTED_EDGE('',*,*,#2326,.T.);
#1688=ORIENTED_EDGE('',*,*,#2243,.T.);
#1689=ORIENTED_EDGE('',*,*,#2272,.T.);
#1690=ORIENTED_EDGE('',*,*,#2273,.F.);
#1691=ORIENTED_EDGE('',*,*,#2077,.T.);
#1692=ORIENTED_EDGE('',*,*,#2111,.T.);
#1693=ORIENTED_EDGE('',*,*,#2050,.T.);
#1694=ORIENTED_EDGE('',*,*,#2240,.T.);
#1695=ORIENTED_EDGE('',*,*,#2239,.T.);
#1696=ORIENTED_EDGE('',*,*,#2349,.F.);
#1697=ORIENTED_EDGE('',*,*,#2081,.T.);
#1698=ORIENTED_EDGE('',*,*,#2278,.F.);
#1699=ORIENTED_EDGE('',*,*,#2277,.T.);
#1700=ORIENTED_EDGE('',*,*,#2345,.F.);
#1701=ORIENTED_EDGE('',*,*,#2245,.T.);
#1702=ORIENTED_EDGE('',*,*,#2246,.T.);
#1703=ORIENTED_EDGE('',*,*,#2070,.T.);
#1704=ORIENTED_EDGE('',*,*,#2117,.T.);
#1705=ORIENTED_EDGE('',*,*,#2238,.F.);
#1706=ORIENTED_EDGE('',*,*,#1990,.T.);
#1707=ORIENTED_EDGE('',*,*,#2270,.F.);
#1708=ORIENTED_EDGE('',*,*,#2349,.T.);
#1709=ORIENTED_EDGE('',*,*,#2285,.T.);
#1710=ORIENTED_EDGE('',*,*,#2099,.T.);
#1711=ORIENTED_EDGE('',*,*,#2109,.T.);
#1712=ORIENTED_EDGE('',*,*,#2054,.T.);
#1713=ORIENTED_EDGE('',*,*,#2241,.T.);
#1714=ORIENTED_EDGE('',*,*,#2199,.T.);
#1715=ORIENTED_EDGE('',*,*,#2258,.F.);
#1716=ORIENTED_EDGE('',*,*,#2336,.T.);
#1717=ORIENTED_EDGE('',*,*,#2350,.T.);
#1718=ORIENTED_EDGE('',*,*,#2339,.T.);
#1719=ORIENTED_EDGE('',*,*,#2286,.T.);
#1720=ORIENTED_EDGE('',*,*,#1987,.T.);
#1721=ORIENTED_EDGE('',*,*,#1981,.T.);
#1722=ORIENTED_EDGE('',*,*,#1983,.T.);
#1723=ORIENTED_EDGE('',*,*,#1989,.T.);
#1724=ORIENTED_EDGE('',*,*,#1995,.T.);
#1725=ORIENTED_EDGE('',*,*,#2001,.T.);
#1726=ORIENTED_EDGE('',*,*,#1999,.T.);
#1727=ORIENTED_EDGE('',*,*,#1993,.T.);
#1728=ORIENTED_EDGE('',*,*,#1915,.F.);
#1729=ORIENTED_EDGE('',*,*,#1925,.F.);
#1730=ORIENTED_EDGE('',*,*,#1919,.T.);
#1731=ORIENTED_EDGE('',*,*,#1921,.F.);
#1732=ORIENTED_EDGE('',*,*,#1927,.T.);
#1733=ORIENTED_EDGE('',*,*,#1937,.F.);
#1734=ORIENTED_EDGE('',*,*,#1931,.T.);
#1735=ORIENTED_EDGE('',*,*,#1933,.F.);
#1736=ORIENTED_EDGE('',*,*,#1939,.T.);
#1737=ORIENTED_EDGE('',*,*,#2351,.F.);
#1738=ORIENTED_EDGE('',*,*,#2352,.F.);
#1739=ORIENTED_EDGE('',*,*,#2353,.F.);
#1740=ORIENTED_EDGE('',*,*,#2327,.T.);
#1741=ORIENTED_EDGE('',*,*,#2348,.F.);
#1742=ORIENTED_EDGE('',*,*,#2354,.F.);
#1743=ORIENTED_EDGE('',*,*,#2352,.T.);
#1744=ORIENTED_EDGE('',*,*,#2355,.F.);
#1745=ORIENTED_EDGE('',*,*,#2356,.T.);
#1746=ORIENTED_EDGE('',*,*,#2357,.T.);
#1747=ORIENTED_EDGE('',*,*,#2358,.F.);
#1748=ORIENTED_EDGE('',*,*,#2359,.F.);
#1749=ORIENTED_EDGE('',*,*,#2360,.F.);
#1750=ORIENTED_EDGE('',*,*,#2357,.F.);
#1751=ORIENTED_EDGE('',*,*,#2361,.T.);
#1752=ORIENTED_EDGE('',*,*,#2362,.F.);
#1753=ORIENTED_EDGE('',*,*,#2359,.T.);
#1754=ORIENTED_EDGE('',*,*,#2363,.T.);
#1755=ORIENTED_EDGE('',*,*,#2364,.F.);
#1756=ORIENTED_EDGE('',*,*,#2365,.F.);
#1757=ORIENTED_EDGE('',*,*,#2366,.T.);
#1758=ORIENTED_EDGE('',*,*,#2361,.F.);
#1759=ORIENTED_EDGE('',*,*,#2367,.T.);
#1760=ORIENTED_EDGE('',*,*,#2368,.T.);
#1761=ORIENTED_EDGE('',*,*,#2369,.T.);
#1762=ORIENTED_EDGE('',*,*,#2365,.T.);
#1763=ORIENTED_EDGE('',*,*,#2370,.T.);
#1764=ORIENTED_EDGE('',*,*,#2371,.F.);
#1765=ORIENTED_EDGE('',*,*,#2346,.F.);
#1766=ORIENTED_EDGE('',*,*,#2330,.F.);
#1767=ORIENTED_EDGE('',*,*,#2372,.T.);
#1768=ORIENTED_EDGE('',*,*,#2368,.F.);
#1769=ORIENTED_EDGE('',*,*,#2340,.F.);
#1770=ORIENTED_EDGE('',*,*,#2350,.F.);
#1771=ORIENTED_EDGE('',*,*,#2338,.T.);
#1772=ORIENTED_EDGE('',*,*,#2344,.F.);
#1773=ORIENTED_EDGE('',*,*,#2347,.F.);
#1774=ORIENTED_EDGE('',*,*,#2373,.F.);
#1775=ORIENTED_EDGE('',*,*,#2374,.T.);
#1776=ORIENTED_EDGE('',*,*,#2375,.T.);
#1777=ORIENTED_EDGE('',*,*,#2323,.F.);
#1778=ORIENTED_EDGE('',*,*,#2335,.F.);
#1779=ORIENTED_EDGE('',*,*,#2343,.T.);
#1780=ORIENTED_EDGE('',*,*,#2376,.T.);
#1781=ORIENTED_EDGE('',*,*,#2376,.F.);
#1782=ORIENTED_EDGE('',*,*,#2342,.F.);
#1783=ORIENTED_EDGE('',*,*,#2332,.F.);
#1784=ORIENTED_EDGE('',*,*,#2324,.F.);
#1785=ORIENTED_EDGE('',*,*,#2377,.F.);
#1786=ORIENTED_EDGE('',*,*,#2355,.T.);
#1787=ORIENTED_EDGE('',*,*,#2351,.T.);
#1788=ORIENTED_EDGE('',*,*,#2375,.F.);
#1789=ORIENTED_EDGE('',*,*,#2356,.F.);
#1790=ORIENTED_EDGE('',*,*,#2377,.T.);
#1791=ORIENTED_EDGE('',*,*,#2378,.F.);
#1792=ORIENTED_EDGE('',*,*,#2358,.T.);
#1793=ORIENTED_EDGE('',*,*,#2374,.F.);
#1794=ORIENTED_EDGE('',*,*,#2379,.T.);
#1795=ORIENTED_EDGE('',*,*,#2363,.F.);
#1796=ORIENTED_EDGE('',*,*,#2378,.T.);
#1797=ORIENTED_EDGE('',*,*,#2379,.F.);
#1798=ORIENTED_EDGE('',*,*,#2380,.T.);
#1799=ORIENTED_EDGE('',*,*,#2370,.F.);
#1800=ORIENTED_EDGE('',*,*,#2364,.T.);
#1801=ORIENTED_EDGE('',*,*,#2380,.F.);
#1802=ORIENTED_EDGE('',*,*,#2373,.T.);
#1803=ORIENTED_EDGE('',*,*,#2371,.T.);
#1804=ORIENTED_EDGE('',*,*,#2367,.F.);
#1805=ORIENTED_EDGE('',*,*,#2381,.T.);
#1806=ORIENTED_EDGE('',*,*,#2007,.T.);
#1807=ORIENTED_EDGE('',*,*,#2382,.F.);
#1808=ORIENTED_EDGE('',*,*,#2383,.F.);
#1809=ORIENTED_EDGE('',*,*,#2035,.T.);
#1810=ORIENTED_EDGE('',*,*,#2020,.T.);
#1811=ORIENTED_EDGE('',*,*,#2041,.T.);
#1812=ORIENTED_EDGE('',*,*,#2384,.F.);
#1813=ORIENTED_EDGE('',*,*,#2382,.T.);
#1814=ORIENTED_EDGE('',*,*,#2010,.T.);
#1815=ORIENTED_EDGE('',*,*,#2033,.T.);
#1816=ORIENTED_EDGE('',*,*,#2385,.T.);
#1817=ORIENTED_EDGE('',*,*,#2028,.T.);
#1818=ORIENTED_EDGE('',*,*,#2003,.T.);
#1819=ORIENTED_EDGE('',*,*,#2381,.F.);
#1820=ORIENTED_EDGE('',*,*,#2386,.F.);
#1821=ORIENTED_EDGE('',*,*,#1971,.T.);
#1822=ORIENTED_EDGE('',*,*,#1943,.F.);
#1823=ORIENTED_EDGE('',*,*,#1968,.F.);
#1824=ORIENTED_EDGE('',*,*,#1936,.T.);
#1825=ORIENTED_EDGE('',*,*,#1969,.T.);
#1826=ORIENTED_EDGE('',*,*,#1951,.F.);
#1827=ORIENTED_EDGE('',*,*,#1970,.F.);
#1828=ORIENTED_EDGE('',*,*,#1934,.T.);
#1829=ORIENTED_EDGE('',*,*,#1965,.T.);
#1830=ORIENTED_EDGE('',*,*,#1955,.F.);
#1831=ORIENTED_EDGE('',*,*,#1966,.F.);
#1832=ORIENTED_EDGE('',*,*,#1922,.T.);
#1833=ORIENTED_EDGE('',*,*,#1967,.T.);
#1834=ORIENTED_EDGE('',*,*,#1963,.F.);
#1835=ORIENTED_EDGE('',*,*,#1964,.F.);
#1836=ORIENTED_EDGE('',*,*,#1924,.T.);
#1837=ORIENTED_EDGE('',*,*,#2040,.T.);
#1838=ORIENTED_EDGE('',*,*,#2036,.T.);
#1839=ORIENTED_EDGE('',*,*,#2384,.T.);
#1840=ORIENTED_EDGE('',*,*,#2042,.T.);
#1841=ORIENTED_EDGE('',*,*,#2029,.T.);
#1842=ORIENTED_EDGE('',*,*,#2386,.T.);
#1843=ORIENTED_EDGE('',*,*,#2383,.T.);
#1844=ORIENTED_EDGE('',*,*,#2385,.F.);
#1845=ORIENTED_EDGE('',*,*,#2032,.T.);
#1846=ORIENTED_EDGE('',*,*,#2039,.F.);
#1847=ORIENTED_EDGE('',*,*,#2317,.T.);
#1848=ORIENTED_EDGE('',*,*,#2094,.T.);
#1849=ORIENTED_EDGE('',*,*,#2121,.F.);
#1850=ORIENTED_EDGE('',*,*,#2124,.F.);
#1851=ORIENTED_EDGE('',*,*,#2125,.T.);
#1852=ORIENTED_EDGE('',*,*,#2128,.F.);
#1853=ORIENTED_EDGE('',*,*,#2132,.T.);
#1854=ORIENTED_EDGE('',*,*,#2088,.T.);
#1855=ORIENTED_EDGE('',*,*,#2085,.T.);
#1856=ORIENTED_EDGE('',*,*,#2135,.T.);
#1857=ORIENTED_EDGE('',*,*,#2137,.T.);
#1858=ORIENTED_EDGE('',*,*,#2140,.T.);
#1859=ORIENTED_EDGE('',*,*,#2141,.F.);
#1860=ORIENTED_EDGE('',*,*,#2145,.T.);
#1861=ORIENTED_EDGE('',*,*,#2150,.T.);
#1862=ORIENTED_EDGE('',*,*,#2151,.F.);
#1863=ORIENTED_EDGE('',*,*,#2156,.T.);
#1864=ORIENTED_EDGE('',*,*,#2160,.F.);
#1865=ORIENTED_EDGE('',*,*,#2162,.T.);
#1866=ORIENTED_EDGE('',*,*,#2163,.T.);
#1867=ORIENTED_EDGE('',*,*,#2064,.T.);
#1868=ORIENTED_EDGE('',*,*,#2061,.F.);
#1869=ORIENTED_EDGE('',*,*,#2164,.T.);
#1870=ORIENTED_EDGE('',*,*,#2170,.T.);
#1871=ORIENTED_EDGE('',*,*,#2172,.T.);
#1872=ORIENTED_EDGE('',*,*,#2176,.F.);
#1873=ORIENTED_EDGE('',*,*,#2178,.T.);
#1874=ORIENTED_EDGE('',*,*,#2046,.T.);
#1875=ORIENTED_EDGE('',*,*,#2204,.T.);
#1876=ORIENTED_EDGE('',*,*,#2208,.F.);
#1877=ORIENTED_EDGE('',*,*,#2210,.F.);
#1878=ORIENTED_EDGE('',*,*,#2216,.T.);
#1879=ORIENTED_EDGE('',*,*,#2217,.T.);
#1880=ORIENTED_EDGE('',*,*,#2222,.F.);
#1881=ORIENTED_EDGE('',*,*,#2225,.F.);
#1882=ORIENTED_EDGE('',*,*,#2230,.T.);
#1883=ORIENTED_EDGE('',*,*,#2232,.T.);
#1884=ORIENTED_EDGE('',*,*,#2235,.T.);
#1885=ORIENTED_EDGE('',*,*,#2328,.T.);
#1886=ORIENTED_EDGE('',*,*,#2353,.T.);
#1887=ORIENTED_EDGE('',*,*,#2354,.T.);
#1888=ORIENTED_EDGE('',*,*,#2360,.T.);
#1889=ORIENTED_EDGE('',*,*,#2362,.T.);
#1890=ORIENTED_EDGE('',*,*,#2366,.F.);
#1891=ORIENTED_EDGE('',*,*,#2369,.F.);
#1892=ORIENTED_EDGE('',*,*,#2372,.F.);
#1893=ORIENTED_EDGE('',*,*,#2329,.T.);
#1894=ORIENTED_EDGE('',*,*,#2320,.T.);
#1895=ORIENTED_EDGE('',*,*,#2318,.T.);
#1896=ORIENTED_EDGE('',*,*,#2315,.F.);
#1897=ORIENTED_EDGE('',*,*,#2295,.F.);
#1898=ORIENTED_EDGE('',*,*,#2308,.T.);
#1899=ORIENTED_EDGE('',*,*,#2268,.T.);
#1900=ORIENTED_EDGE('',*,*,#2307,.T.);
#1901=ORIENTED_EDGE('',*,*,#2303,.T.);
#1902=ORIENTED_EDGE('',*,*,#2311,.F.);
#1903=ORIENTED_EDGE('',*,*,#1912,.T.);
#1904=ORIENTED_EDGE('',*,*,#1946,.T.);
#1905=ORIENTED_EDGE('',*,*,#1941,.T.);
#1906=ORIENTED_EDGE('',*,*,#1948,.T.);
#1907=ORIENTED_EDGE('',*,*,#1950,.T.);
#1908=ORIENTED_EDGE('',*,*,#1958,.T.);
#1909=ORIENTED_EDGE('',*,*,#1953,.T.);
#1910=ORIENTED_EDGE('',*,*,#1960,.T.);
#1911=ORIENTED_EDGE('',*,*,#1962,.T.);
#1912=EDGE_CURVE('',#2387,#2387,#2683,.T.);
#1913=EDGE_CURVE('',#2388,#2388,#2684,.T.);
#1914=EDGE_CURVE('',#2389,#2389,#2685,.T.);
#1915=EDGE_CURVE('',#2390,#2390,#2686,.T.);
#1916=EDGE_CURVE('',#2391,#2392,#126,.T.);
#1917=EDGE_CURVE('',#2393,#2392,#127,.T.);
#1918=EDGE_CURVE('',#2393,#2394,#128,.T.);
#1919=EDGE_CURVE('',#2391,#2394,#129,.T.);
#1920=EDGE_CURVE('',#2395,#2396,#130,.T.);
#1921=EDGE_CURVE('',#2396,#2394,#2687,.T.);
#1922=EDGE_CURVE('',#2395,#2393,#2688,.T.);
#1923=EDGE_CURVE('',#2397,#2398,#131,.T.);
#1924=EDGE_CURVE('',#2392,#2398,#2689,.T.);
#1925=EDGE_CURVE('',#2391,#2397,#2690,.T.);
#1926=EDGE_CURVE('',#2398,#2395,#132,.T.);
#1927=EDGE_CURVE('',#2396,#2397,#133,.T.);
#1928=EDGE_CURVE('',#2399,#2400,#134,.T.);
#1929=EDGE_CURVE('',#2401,#2400,#135,.T.);
#1930=EDGE_CURVE('',#2401,#2402,#136,.T.);
#1931=EDGE_CURVE('',#2399,#2402,#137,.T.);
#1932=EDGE_CURVE('',#2403,#2404,#138,.T.);
#1933=EDGE_CURVE('',#2404,#2402,#2691,.T.);
#1934=EDGE_CURVE('',#2403,#2401,#2692,.T.);
#1935=EDGE_CURVE('',#2405,#2406,#139,.T.);
#1936=EDGE_CURVE('',#2400,#2406,#2693,.T.);
#1937=EDGE_CURVE('',#2399,#2405,#2694,.T.);
#1938=EDGE_CURVE('',#2406,#2403,#140,.T.);
#1939=EDGE_CURVE('',#2404,#2405,#141,.T.);
#1940=EDGE_CURVE('',#2407,#2408,#142,.T.);
#1941=EDGE_CURVE('',#2409,#2408,#2695,.T.);
#1942=EDGE_CURVE('',#2409,#2410,#143,.T.);
#1943=EDGE_CURVE('',#2410,#2407,#2696,.T.);
#1944=EDGE_CURVE('',#2411,#2412,#144,.T.);
#1945=EDGE_CURVE('',#2410,#2412,#145,.T.);
#1946=EDGE_CURVE('',#2411,#2409,#146,.T.);
#1947=EDGE_CURVE('',#2413,#2414,#147,.T.);
#1948=EDGE_CURVE('',#2408,#2414,#148,.T.);
#1949=EDGE_CURVE('',#2413,#2407,#149,.T.);
#1950=EDGE_CURVE('',#2414,#2411,#2697,.T.);
#1951=EDGE_CURVE('',#2413,#2412,#2698,.T.);
#1952=EDGE_CURVE('',#2415,#2416,#150,.T.);
#1953=EDGE_CURVE('',#2417,#2416,#2699,.T.);
#1954=EDGE_CURVE('',#2417,#2418,#151,.T.);
#1955=EDGE_CURVE('',#2418,#2415,#2700,.T.);
#1956=EDGE_CURVE('',#2419,#2420,#152,.T.);
#1957=EDGE_CURVE('',#2418,#2420,#153,.T.);
#1958=EDGE_CURVE('',#2419,#2417,#154,.T.);
#1959=EDGE_CURVE('',#2421,#2422,#155,.T.);
#1960=EDGE_CURVE('',#2416,#2422,#156,.T.);
#1961=EDGE_CURVE('',#2421,#2415,#157,.T.);
#1962=EDGE_CURVE('',#2422,#2419,#2701,.T.);
#1963=EDGE_CURVE('',#2421,#2420,#2702,.T.);
#1964=EDGE_CURVE('',#2392,#2421,#158,.T.);
#1965=EDGE_CURVE('',#2393,#2415,#159,.T.);
#1966=EDGE_CURVE('',#2395,#2418,#160,.T.);
#1967=EDGE_CURVE('',#2398,#2420,#161,.T.);
#1968=EDGE_CURVE('',#2400,#2410,#162,.T.);
#1969=EDGE_CURVE('',#2401,#2412,#163,.T.);
#1970=EDGE_CURVE('',#2403,#2413,#164,.T.);
#1971=EDGE_CURVE('',#2406,#2407,#165,.T.);
#1972=EDGE_CURVE('',#2423,#2423,#2703,.T.);
#1973=EDGE_CURVE('',#2424,#2424,#2704,.T.);
#1974=EDGE_CURVE('',#2425,#2425,#2705,.T.);
#1975=EDGE_CURVE('',#2426,#2426,#2706,.T.);
#1976=EDGE_CURVE('',#2427,#2427,#2707,.T.);
#1977=EDGE_CURVE('',#2428,#2428,#2708,.T.);
#1978=EDGE_CURVE('',#2429,#2430,#166,.T.);
#1979=EDGE_CURVE('',#2431,#2430,#167,.T.);
#1980=EDGE_CURVE('',#2431,#2432,#168,.T.);
#1981=EDGE_CURVE('',#2429,#2432,#169,.T.);
#1982=EDGE_CURVE('',#2433,#2434,#170,.T.);
#1983=EDGE_CURVE('',#2432,#2433,#12,.T.);
#1984=EDGE_CURVE('',#2434,#2431,#13,.T.);
#1985=EDGE_CURVE('',#2435,#2436,#171,.T.);
#1986=EDGE_CURVE('',#2430,#2435,#14,.T.);
#1987=EDGE_CURVE('',#2436,#2429,#15,.T.);
#1988=EDGE_CURVE('',#2437,#2438,#172,.T.);
#1989=EDGE_CURVE('',#2433,#2438,#173,.T.);
#1990=EDGE_CURVE('',#2437,#2434,#174,.T.);
#1991=EDGE_CURVE('',#2439,#2440,#175,.T.);
#1992=EDGE_CURVE('',#2435,#2440,#176,.T.);
#1993=EDGE_CURVE('',#2439,#2436,#177,.T.);
#1994=EDGE_CURVE('',#2441,#2442,#178,.T.);
#1995=EDGE_CURVE('',#2438,#2441,#16,.T.);
#1996=EDGE_CURVE('',#2442,#2437,#17,.T.);
#1997=EDGE_CURVE('',#2443,#2444,#179,.T.);
#1998=EDGE_CURVE('',#2440,#2443,#18,.T.);
#1999=EDGE_CURVE('',#2444,#2439,#19,.T.);
#2000=EDGE_CURVE('',#2443,#2442,#180,.T.);
#2001=EDGE_CURVE('',#2441,#2444,#181,.T.);
#2002=EDGE_CURVE('',#2445,#2446,#182,.T.);
#2003=EDGE_CURVE('',#2447,#2445,#183,.T.);
#2004=EDGE_CURVE('',#2447,#2448,#184,.T.);
#2005=EDGE_CURVE('',#2446,#2448,#185,.T.);
#2006=EDGE_CURVE('',#2449,#2450,#186,.T.);
#2007=EDGE_CURVE('',#2445,#2450,#187,.T.);
#2008=EDGE_CURVE('',#2449,#2446,#188,.T.);
#2009=EDGE_CURVE('',#2451,#2452,#189,.T.);
#2010=EDGE_CURVE('',#2450,#2451,#190,.T.);
#2011=EDGE_CURVE('',#2452,#2449,#191,.T.);
#2012=EDGE_CURVE('',#2453,#2454,#192,.T.);
#2013=EDGE_CURVE('',#2455,#2454,#193,.T.);
#2014=EDGE_CURVE('',#2455,#2456,#194,.T.);
#2015=EDGE_CURVE('',#2453,#2456,#195,.T.);
#2016=EDGE_CURVE('',#2457,#2458,#196,.T.);
#2017=EDGE_CURVE('',#2456,#2457,#197,.T.);
#2018=EDGE_CURVE('',#2458,#2455,#198,.T.);
#2019=EDGE_CURVE('',#2459,#2460,#199,.T.);
#2020=EDGE_CURVE('',#2461,#2459,#200,.T.);
#2021=EDGE_CURVE('',#2461,#2462,#201,.T.);
#2022=EDGE_CURVE('',#2460,#2462,#202,.T.);
#2023=EDGE_CURVE('',#2463,#2464,#203,.T.);
#2024=EDGE_CURVE('',#2459,#2464,#204,.T.);
#2025=EDGE_CURVE('',#2463,#2460,#205,.T.);
#2026=EDGE_CURVE('',#2464,#2465,#206,.T.);
#2027=EDGE_CURVE('',#2448,#2463,#207,.T.);
#2028=EDGE_CURVE('',#2466,#2447,#208,.T.);
#2029=EDGE_CURVE('',#2465,#2466,#209,.T.);
#2030=EDGE_CURVE('',#2457,#2452,#210,.T.);
#2031=EDGE_CURVE('',#2467,#2458,#211,.T.);
#2032=EDGE_CURVE('',#2468,#2467,#212,.T.);
#2033=EDGE_CURVE('',#2451,#2468,#213,.T.);
#2034=EDGE_CURVE('',#2462,#2453,#214,.T.);
#2035=EDGE_CURVE('',#2469,#2461,#215,.T.);
#2036=EDGE_CURVE('',#2470,#2469,#216,.T.);
#2037=EDGE_CURVE('',#2454,#2470,#217,.T.);
#2038=EDGE_CURVE('',#2455,#2471,#218,.T.);
#2039=EDGE_CURVE('',#2471,#2467,#219,.T.);
#2040=EDGE_CURVE('',#2471,#2470,#220,.T.);
#2041=EDGE_CURVE('',#2459,#2472,#221,.T.);
#2042=EDGE_CURVE('',#2472,#2465,#222,.T.);
#2043=EDGE_CURVE('',#2473,#2474,#20,.T.);
#2044=EDGE_CURVE('',#2475,#2473,#223,.T.);
#2045=EDGE_CURVE('',#2476,#2475,#224,.T.);
#2046=EDGE_CURVE('',#2477,#2476,#225,.T.);
#2047=EDGE_CURVE('',#2474,#2477,#226,.T.);
#2048=EDGE_CURVE('',#2478,#2440,#227,.T.);
#2049=EDGE_CURVE('',#2443,#2479,#228,.T.);
#2050=EDGE_CURVE('',#2478,#2479,#21,.T.);
#2051=EDGE_CURVE('',#2480,#2481,#229,.T.);
#2052=EDGE_CURVE('',#2480,#2482,#22,.T.);
#2053=EDGE_CURVE('',#2483,#2482,#230,.T.);
#2054=EDGE_CURVE('',#2481,#2483,#23,.T.);
#2055=EDGE_CURVE('',#2473,#2484,#231,.T.);
#2056=EDGE_CURVE('',#2485,#2473,#2709,.T.);
#2057=EDGE_CURVE('',#2485,#2486,#232,.T.);
#2058=EDGE_CURVE('',#2486,#2484,#2710,.T.);
#2059=EDGE_CURVE('',#2487,#2484,#24,.T.);
#2060=EDGE_CURVE('',#2488,#2487,#233,.T.);
#2061=EDGE_CURVE('',#2488,#2489,#234,.T.);
#2062=EDGE_CURVE('',#2489,#2490,#235,.T.);
#2063=EDGE_CURVE('',#2484,#2490,#236,.T.);
#2064=EDGE_CURVE('',#2491,#2489,#237,.T.);
#2065=EDGE_CURVE('',#2491,#2492,#238,.T.);
#2066=EDGE_CURVE('',#2490,#2492,#239,.T.);
#2067=EDGE_CURVE('',#2492,#2493,#240,.T.);
#2068=EDGE_CURVE('',#2494,#2492,#25,.T.);
#2069=EDGE_CURVE('',#2495,#2494,#241,.T.);
#2070=EDGE_CURVE('',#2493,#2495,#26,.T.);
#2071=EDGE_CURVE('',#2496,#2497,#242,.T.);
#2072=EDGE_CURVE('',#2498,#2496,#27,.T.);
#2073=EDGE_CURVE('',#2499,#2498,#243,.T.);
#2074=EDGE_CURVE('',#2499,#2497,#28,.T.);
#2075=EDGE_CURVE('',#2500,#2430,#244,.T.);
#2076=EDGE_CURVE('',#2435,#2501,#245,.T.);
#2077=EDGE_CURVE('',#2500,#2501,#29,.T.);
#2078=EDGE_CURVE('',#2502,#2503,#246,.T.);
#2079=EDGE_CURVE('',#2504,#2503,#30,.T.);
#2080=EDGE_CURVE('',#2504,#2505,#247,.T.);
#2081=EDGE_CURVE('',#2502,#2505,#31,.T.);
#2082=EDGE_CURVE('',#2506,#2507,#248,.T.);
#2083=EDGE_CURVE('',#2504,#2506,#249,.T.);
#2084=EDGE_CURVE('',#2504,#2508,#250,.T.);
#2085=EDGE_CURVE('',#2507,#2508,#251,.T.);
#2086=EDGE_CURVE('',#2509,#2510,#32,.T.);
#2087=EDGE_CURVE('',#2506,#2509,#252,.T.);
#2088=EDGE_CURVE('',#2511,#2507,#253,.T.);
#2089=EDGE_CURVE('',#2510,#2511,#254,.T.);
#2090=EDGE_CURVE('',#2512,#2513,#255,.T.);
#2091=EDGE_CURVE('',#2513,#2514,#2711,.T.);
#2092=EDGE_CURVE('',#2509,#2514,#256,.T.);
#2093=EDGE_CURVE('',#2509,#2512,#2712,.T.);
#2094=EDGE_CURVE('',#2515,#2516,#257,.T.);
#2095=EDGE_CURVE('',#2515,#2517,#258,.T.);
#2096=EDGE_CURVE('',#2514,#2517,#259,.T.);
#2097=EDGE_CURVE('',#2514,#2518,#33,.T.);
#2098=EDGE_CURVE('',#2516,#2518,#260,.T.);
#2099=EDGE_CURVE('',#2519,#2520,#34,.T.);
#2100=EDGE_CURVE('',#2521,#2519,#261,.T.);
#2101=EDGE_CURVE('',#2521,#2522,#35,.T.);
#2102=EDGE_CURVE('',#2520,#2522,#262,.T.);
#2103=EDGE_CURVE('',#2523,#2524,#263,.T.);
#2104=EDGE_CURVE('',#2525,#2523,#36,.T.);
#2105=EDGE_CURVE('',#2526,#2525,#264,.T.);
#2106=EDGE_CURVE('',#2526,#2524,#37,.T.);
#2107=EDGE_CURVE('',#2526,#2497,#265,.T.);
#2108=EDGE_CURVE('',#2496,#2525,#266,.T.);
#2109=EDGE_CURVE('',#2520,#2481,#267,.T.);
#2110=EDGE_CURVE('',#2480,#2522,#268,.T.);
#2111=EDGE_CURVE('',#2501,#2478,#269,.T.);
#2112=EDGE_CURVE('',#2494,#2527,#270,.T.);
#2113=EDGE_CURVE('',#2527,#2528,#271,.T.);
#2114=EDGE_CURVE('',#2528,#2529,#272,.T.);
#2115=EDGE_CURVE('',#2529,#2530,#273,.T.);
#2116=EDGE_CURVE('',#2530,#2503,#274,.T.);
#2117=EDGE_CURVE('',#2495,#2502,#275,.T.);
#2118=EDGE_CURVE('',#2531,#2518,#2713,.T.);
#2119=EDGE_CURVE('',#2531,#2532,#276,.T.);
#2120=EDGE_CURVE('',#2532,#2533,#277,.T.);
#2121=EDGE_CURVE('',#2533,#2516,#278,.T.);
#2122=EDGE_CURVE('',#2532,#2534,#279,.T.);
#2123=EDGE_CURVE('',#2534,#2535,#280,.T.);
#2124=EDGE_CURVE('',#2535,#2533,#281,.T.);
#2125=EDGE_CURVE('',#2535,#2536,#282,.T.);
#2126=EDGE_CURVE('',#2534,#2537,#283,.T.);
#2127=EDGE_CURVE('',#2536,#2537,#284,.T.);
#2128=EDGE_CURVE('',#2538,#2536,#285,.T.);
#2129=EDGE_CURVE('',#2539,#2537,#286,.T.);
#2130=EDGE_CURVE('',#2538,#2539,#287,.T.);
#2131=EDGE_CURVE('',#2510,#2540,#2714,.T.);
#2132=EDGE_CURVE('',#2538,#2511,#288,.T.);
#2133=EDGE_CURVE('',#2539,#2540,#289,.T.);
#2134=EDGE_CURVE('',#2541,#2503,#290,.T.);
#2135=EDGE_CURVE('',#2508,#2541,#38,.T.);
#2136=EDGE_CURVE('',#2530,#2542,#291,.T.);
#2137=EDGE_CURVE('',#2541,#2542,#292,.T.);
#2138=EDGE_CURVE('',#2543,#2529,#39,.T.);
#2139=EDGE_CURVE('',#2544,#2543,#293,.T.);
#2140=EDGE_CURVE('',#2542,#2544,#294,.T.);
#2141=EDGE_CURVE('',#2545,#2544,#295,.T.);
#2142=EDGE_CURVE('',#2543,#2546,#2715,.T.);
#2143=EDGE_CURVE('',#2546,#2547,#296,.T.);
#2144=EDGE_CURVE('',#2547,#2545,#297,.T.);
#2145=EDGE_CURVE('',#2545,#2548,#298,.T.);
#2146=EDGE_CURVE('',#2549,#2547,#299,.T.);
#2147=EDGE_CURVE('',#2549,#2548,#300,.T.);
#2148=EDGE_CURVE('',#2549,#2550,#301,.T.);
#2149=EDGE_CURVE('',#2551,#2550,#302,.T.);
#2150=EDGE_CURVE('',#2548,#2551,#303,.T.);
#2151=EDGE_CURVE('',#2552,#2551,#304,.T.);
#2152=EDGE_CURVE('',#2553,#2550,#305,.T.);
#2153=EDGE_CURVE('',#2552,#2553,#306,.T.);
#2154=EDGE_CURVE('',#2554,#2555,#2716,.T.);
#2155=EDGE_CURVE('',#2554,#2556,#307,.T.);
#2156=EDGE_CURVE('',#2552,#2556,#308,.T.);
#2157=EDGE_CURVE('',#2553,#2555,#309,.T.);
#2158=EDGE_CURVE('',#2528,#2554,#40,.T.);
#2159=EDGE_CURVE('',#2527,#2557,#310,.T.);
#2160=EDGE_CURVE('',#2557,#2556,#311,.T.);
#2161=EDGE_CURVE('',#2494,#2558,#312,.T.);
#2162=EDGE_CURVE('',#2557,#2558,#313,.T.);
#2163=EDGE_CURVE('',#2558,#2491,#41,.T.);
#2164=EDGE_CURVE('',#2488,#2559,#314,.T.);
#2165=EDGE_CURVE('',#2560,#2487,#2717,.T.);
#2166=EDGE_CURVE('',#2560,#2561,#315,.T.);
#2167=EDGE_CURVE('',#2561,#2559,#316,.T.);
#2168=EDGE_CURVE('',#2562,#2561,#317,.T.);
#2169=EDGE_CURVE('',#2563,#2562,#318,.T.);
#2170=EDGE_CURVE('',#2559,#2563,#319,.T.);
#2171=EDGE_CURVE('',#2564,#2565,#320,.T.);
#2172=EDGE_CURVE('',#2563,#2565,#321,.T.);
#2173=EDGE_CURVE('',#2562,#2564,#322,.T.);
#2174=EDGE_CURVE('',#2566,#2564,#323,.T.);
#2175=EDGE_CURVE('',#2567,#2566,#324,.T.);
#2176=EDGE_CURVE('',#2567,#2565,#325,.T.);
#2177=EDGE_CURVE('',#2568,#2474,#2718,.T.);
#2178=EDGE_CURVE('',#2567,#2477,#326,.T.);
#2179=EDGE_CURVE('',#2566,#2568,#327,.T.);
#2180=EDGE_CURVE('',#2485,#2568,#42,.T.);
#2181=EDGE_CURVE('',#2485,#2564,#328,.T.);
#2182=EDGE_CURVE('',#2562,#2486,#329,.T.);
#2183=EDGE_CURVE('',#2560,#2486,#43,.T.);
#2184=EDGE_CURVE('',#2512,#2540,#44,.T.);
#2185=EDGE_CURVE('',#2534,#2513,#330,.T.);
#2186=EDGE_CURVE('',#2512,#2537,#331,.T.);
#2187=EDGE_CURVE('',#2531,#2513,#45,.T.);
#2188=EDGE_CURVE('',#2569,#2570,#332,.T.);
#2189=EDGE_CURVE('',#2529,#2570,#2719,.T.);
#2190=EDGE_CURVE('',#2528,#2569,#2720,.T.);
#2191=EDGE_CURVE('',#2546,#2570,#46,.T.);
#2192=EDGE_CURVE('',#2549,#2570,#333,.T.);
#2193=EDGE_CURVE('',#2569,#2550,#334,.T.);
#2194=EDGE_CURVE('',#2569,#2555,#47,.T.);
#2195=EDGE_CURVE('',#2571,#2572,#335,.T.);
#2196=EDGE_CURVE('',#2573,#2571,#48,.T.);
#2197=EDGE_CURVE('',#2574,#2573,#336,.T.);
#2198=EDGE_CURVE('',#2574,#2572,#49,.T.);
#2199=EDGE_CURVE('',#2575,#2576,#50,.T.);
#2200=EDGE_CURVE('',#2577,#2575,#337,.T.);
#2201=EDGE_CURVE('',#2577,#2578,#51,.T.);
#2202=EDGE_CURVE('',#2576,#2578,#338,.T.);
#2203=EDGE_CURVE('',#2579,#2580,#339,.T.);
#2204=EDGE_CURVE('',#2476,#2579,#340,.T.);
#2205=EDGE_CURVE('',#2580,#2475,#341,.T.);
#2206=EDGE_CURVE('',#2581,#2582,#52,.T.);
#2207=EDGE_CURVE('',#2583,#2581,#342,.T.);
#2208=EDGE_CURVE('',#2583,#2579,#343,.T.);
#2209=EDGE_CURVE('',#2582,#2580,#344,.T.);
#2210=EDGE_CURVE('',#2584,#2583,#345,.T.);
#2211=EDGE_CURVE('',#2585,#2581,#2721,.T.);
#2212=EDGE_CURVE('',#2585,#2586,#346,.T.);
#2213=EDGE_CURVE('',#2586,#2584,#347,.T.);
#2214=EDGE_CURVE('',#2587,#2586,#348,.T.);
#2215=EDGE_CURVE('',#2588,#2587,#349,.T.);
#2216=EDGE_CURVE('',#2584,#2588,#350,.T.);
#2217=EDGE_CURVE('',#2588,#2589,#351,.T.);
#2218=EDGE_CURVE('',#2587,#2590,#352,.T.);
#2219=EDGE_CURVE('',#2590,#2589,#353,.T.);
#2220=EDGE_CURVE('',#2591,#2590,#354,.T.);
#2221=EDGE_CURVE('',#2592,#2591,#355,.T.);
#2222=EDGE_CURVE('',#2592,#2589,#356,.T.);
#2223=EDGE_CURVE('',#2593,#2594,#2722,.T.);
#2224=EDGE_CURVE('',#2594,#2595,#357,.T.);
#2225=EDGE_CURVE('',#2595,#2592,#358,.T.);
#2226=EDGE_CURVE('',#2591,#2593,#359,.T.);
#2227=EDGE_CURVE('',#2596,#2594,#53,.T.);
#2228=EDGE_CURVE('',#2597,#2596,#360,.T.);
#2229=EDGE_CURVE('',#2598,#2597,#361,.T.);
#2230=EDGE_CURVE('',#2595,#2598,#362,.T.);
#2231=EDGE_CURVE('',#2599,#2600,#363,.T.);
#2232=EDGE_CURVE('',#2598,#2600,#364,.T.);
#2233=EDGE_CURVE('',#2599,#2597,#365,.T.);
#2234=EDGE_CURVE('',#2601,#2602,#366,.T.);
#2235=EDGE_CURVE('',#2600,#2601,#54,.T.);
#2236=EDGE_CURVE('',#2599,#2602,#55,.T.);
#2237=EDGE_CURVE('',#2603,#2442,#367,.T.);
#2238=EDGE_CURVE('',#2437,#2604,#368,.T.);
#2239=EDGE_CURVE('',#2603,#2604,#56,.T.);
#2240=EDGE_CURVE('',#2479,#2603,#369,.T.);
#2241=EDGE_CURVE('',#2483,#2575,#370,.T.);
#2242=EDGE_CURVE('',#2577,#2482,#371,.T.);
#2243=EDGE_CURVE('',#2602,#2605,#372,.T.);
#2244=EDGE_CURVE('',#2606,#2599,#373,.T.);
#2245=EDGE_CURVE('',#2605,#2606,#57,.T.);
#2246=EDGE_CURVE('',#2606,#2493,#374,.T.);
#2247=EDGE_CURVE('',#2596,#2582,#375,.T.);
#2248=EDGE_CURVE('',#2499,#2572,#376,.T.);
#2249=EDGE_CURVE('',#2571,#2498,#377,.T.);
#2250=EDGE_CURVE('',#2585,#2607,#58,.T.);
#2251=EDGE_CURVE('',#2607,#2582,#2723,.T.);
#2252=EDGE_CURVE('',#2587,#2607,#378,.T.);
#2253=EDGE_CURVE('',#2608,#2607,#379,.T.);
#2254=EDGE_CURVE('',#2608,#2590,#380,.T.);
#2255=EDGE_CURVE('',#2608,#2593,#59,.T.);
#2256=EDGE_CURVE('',#2608,#2596,#2724,.T.);
#2257=EDGE_CURVE('',#2609,#2610,#381,.T.);
#2258=EDGE_CURVE('',#2610,#2576,#382,.T.);
#2259=EDGE_CURVE('',#2609,#2578,#383,.T.);
#2260=EDGE_CURVE('',#2611,#2612,#384,.T.);
#2261=EDGE_CURVE('',#2613,#2611,#2725,.T.);
#2262=EDGE_CURVE('',#2613,#2614,#385,.T.);
#2263=EDGE_CURVE('',#2612,#2614,#2726,.T.);
#2264=EDGE_CURVE('',#2613,#2615,#386,.T.);
#2265=EDGE_CURVE('',#2616,#2615,#387,.T.);
#2266=EDGE_CURVE('',#2616,#2614,#388,.T.);
#2267=EDGE_CURVE('',#2617,#2615,#389,.T.);
#2268=EDGE_CURVE('',#2618,#2617,#390,.T.);
#2269=EDGE_CURVE('',#2616,#2618,#391,.T.);
#2270=EDGE_CURVE('',#2619,#2434,#392,.T.);
#2271=EDGE_CURVE('',#2431,#2620,#393,.T.);
#2272=EDGE_CURVE('',#2619,#2620,#60,.T.);
#2273=EDGE_CURVE('',#2500,#2620,#394,.T.);
#2274=EDGE_CURVE('',#2621,#2622,#395,.T.);
#2275=EDGE_CURVE('',#2623,#2621,#61,.T.);
#2276=EDGE_CURVE('',#2624,#2623,#396,.T.);
#2277=EDGE_CURVE('',#2622,#2624,#62,.T.);
#2278=EDGE_CURVE('',#2622,#2505,#397,.T.);
#2279=EDGE_CURVE('',#2517,#2625,#398,.T.);
#2280=EDGE_CURVE('',#2625,#2611,#399,.T.);
#2281=EDGE_CURVE('',#2612,#2626,#400,.T.);
#2282=EDGE_CURVE('',#2626,#2621,#401,.T.);
#2283=EDGE_CURVE('',#2627,#2628,#402,.T.);
#2284=EDGE_CURVE('',#2521,#2628,#403,.T.);
#2285=EDGE_CURVE('',#2627,#2519,#404,.T.);
#2286=EDGE_CURVE('',#2629,#2627,#63,.T.);
#2287=EDGE_CURVE('',#2630,#2629,#405,.T.);
#2288=EDGE_CURVE('',#2628,#2630,#64,.T.);
#2289=EDGE_CURVE('',#2631,#2632,#406,.T.);
#2290=EDGE_CURVE('',#2523,#2632,#407,.T.);
#2291=EDGE_CURVE('',#2631,#2524,#408,.T.);
#2292=EDGE_CURVE('',#2632,#2633,#65,.T.);
#2293=EDGE_CURVE('',#2631,#2634,#66,.T.);
#2294=EDGE_CURVE('',#2633,#2634,#409,.T.);
#2295=EDGE_CURVE('',#2635,#2636,#410,.T.);
#2296=EDGE_CURVE('',#2636,#2637,#411,.T.);
#2297=EDGE_CURVE('',#2637,#2638,#2727,.T.);
#2298=EDGE_CURVE('',#2638,#2639,#412,.T.);
#2299=EDGE_CURVE('',#2639,#2635,#413,.T.);
#2300=EDGE_CURVE('',#2640,#2641,#414,.T.);
#2301=EDGE_CURVE('',#2641,#2642,#2728,.T.);
#2302=EDGE_CURVE('',#2642,#2643,#415,.T.);
#2303=EDGE_CURVE('',#2644,#2643,#416,.T.);
#2304=EDGE_CURVE('',#2644,#2640,#417,.T.);
#2305=EDGE_CURVE('',#2613,#2641,#67,.T.);
#2306=EDGE_CURVE('',#2615,#2640,#418,.T.);
#2307=EDGE_CURVE('',#2617,#2644,#419,.T.);
#2308=EDGE_CURVE('',#2635,#2618,#420,.T.);
#2309=EDGE_CURVE('',#2616,#2639,#421,.T.);
#2310=EDGE_CURVE('',#2638,#2614,#68,.T.);
#2311=EDGE_CURVE('',#2645,#2643,#422,.T.);
#2312=EDGE_CURVE('',#2642,#2611,#69,.T.);
#2313=EDGE_CURVE('',#2645,#2625,#423,.T.);
#2314=EDGE_CURVE('',#2637,#2612,#70,.T.);
#2315=EDGE_CURVE('',#2636,#2646,#424,.T.);
#2316=EDGE_CURVE('',#2626,#2646,#425,.T.);
#2317=EDGE_CURVE('',#2645,#2515,#426,.T.);
#2318=EDGE_CURVE('',#2647,#2646,#427,.T.);
#2319=EDGE_CURVE('',#2647,#2621,#428,.T.);
#2320=EDGE_CURVE('',#2648,#2647,#71,.T.);
#2321=EDGE_CURVE('',#2623,#2648,#429,.T.);
#2322=EDGE_CURVE('',#2633,#2649,#430,.T.);
#2323=EDGE_CURVE('',#2649,#2650,#72,.T.);
#2324=EDGE_CURVE('',#2650,#2651,#73,.T.);
#2325=EDGE_CURVE('',#2651,#2573,#431,.T.);
#2326=EDGE_CURVE('',#2652,#2602,#432,.T.);
#2327=EDGE_CURVE('',#2653,#2652,#433,.T.);
#2328=EDGE_CURVE('',#2601,#2653,#434,.T.);
#2329=EDGE_CURVE('',#2654,#2648,#435,.T.);
#2330=EDGE_CURVE('',#2654,#2655,#436,.T.);
#2331=EDGE_CURVE('',#2623,#2655,#437,.T.);
#2332=EDGE_CURVE('',#2651,#2656,#438,.T.);
#2333=EDGE_CURVE('',#2574,#2656,#439,.T.);
#2334=EDGE_CURVE('',#2657,#2634,#440,.T.);
#2335=EDGE_CURVE('',#2657,#2649,#441,.T.);
#2336=EDGE_CURVE('',#2610,#2658,#74,.T.);
#2337=EDGE_CURVE('',#2609,#2659,#75,.T.);
#2338=EDGE_CURVE('',#2658,#2659,#442,.T.);
#2339=EDGE_CURVE('',#2660,#2629,#443,.T.);
#2340=EDGE_CURVE('',#2660,#2661,#444,.T.);
#2341=EDGE_CURVE('',#2630,#2661,#445,.T.);
#2342=EDGE_CURVE('',#2656,#2662,#76,.T.);
#2343=EDGE_CURVE('',#2657,#2662,#77,.T.);
#2344=EDGE_CURVE('',#2661,#2659,#78,.T.);
#2345=EDGE_CURVE('',#2605,#2624,#446,.T.);
#2346=EDGE_CURVE('',#2655,#2663,#447,.T.);
#2347=EDGE_CURVE('',#2663,#2664,#448,.T.);
#2348=EDGE_CURVE('',#2664,#2652,#449,.T.);
#2349=EDGE_CURVE('',#2619,#2604,#450,.T.);
#2350=EDGE_CURVE('',#2658,#2660,#79,.T.);
#2351=EDGE_CURVE('',#2665,#2664,#80,.T.);
#2352=EDGE_CURVE('',#2666,#2665,#451,.T.);
#2353=EDGE_CURVE('',#2653,#2666,#452,.T.);
#2354=EDGE_CURVE('',#2666,#2667,#453,.T.);
#2355=EDGE_CURVE('',#2668,#2665,#2729,.T.);
#2356=EDGE_CURVE('',#2668,#2669,#454,.T.);
#2357=EDGE_CURVE('',#2669,#2667,#455,.T.);
#2358=EDGE_CURVE('',#2670,#2669,#456,.T.);
#2359=EDGE_CURVE('',#2671,#2670,#457,.T.);
#2360=EDGE_CURVE('',#2667,#2671,#458,.T.);
#2361=EDGE_CURVE('',#2672,#2673,#459,.T.);
#2362=EDGE_CURVE('',#2671,#2673,#460,.T.);
#2363=EDGE_CURVE('',#2670,#2672,#461,.T.);
#2364=EDGE_CURVE('',#2674,#2672,#462,.T.);
#2365=EDGE_CURVE('',#2675,#2674,#463,.T.);
#2366=EDGE_CURVE('',#2675,#2673,#464,.T.);
#2367=EDGE_CURVE('',#2676,#2677,#2730,.T.);
#2368=EDGE_CURVE('',#2677,#2678,#465,.T.);
#2369=EDGE_CURVE('',#2678,#2675,#466,.T.);
#2370=EDGE_CURVE('',#2674,#2676,#467,.T.);
#2371=EDGE_CURVE('',#2663,#2677,#81,.T.);
#2372=EDGE_CURVE('',#2654,#2678,#468,.T.);
#2373=EDGE_CURVE('',#2679,#2663,#2731,.T.);
#2374=EDGE_CURVE('',#2679,#2680,#469,.T.);
#2375=EDGE_CURVE('',#2680,#2664,#2732,.T.);
#2376=EDGE_CURVE('',#2662,#2650,#470,.T.);
#2377=EDGE_CURVE('',#2668,#2680,#82,.T.);
#2378=EDGE_CURVE('',#2670,#2680,#471,.T.);
#2379=EDGE_CURVE('',#2679,#2672,#472,.T.);
#2380=EDGE_CURVE('',#2679,#2676,#83,.T.);
#2381=EDGE_CURVE('',#2681,#2445,#473,.T.);
#2382=EDGE_CURVE('',#2682,#2450,#474,.T.);
#2383=EDGE_CURVE('',#2681,#2682,#475,.T.);
#2384=EDGE_CURVE('',#2469,#2472,#476,.T.);
#2385=EDGE_CURVE('',#2468,#2682,#477,.T.);
#2386=EDGE_CURVE('',#2466,#2681,#478,.T.);
#2387=VERTEX_POINT('',#4394);
#2388=VERTEX_POINT('',#4396);
#2389=VERTEX_POINT('',#4399);
#2390=VERTEX_POINT('',#4401);
#2391=VERTEX_POINT('',#4404);
#2392=VERTEX_POINT('',#4405);
#2393=VERTEX_POINT('',#4407);
#2394=VERTEX_POINT('',#4409);
#2395=VERTEX_POINT('',#4413);
#2396=VERTEX_POINT('',#4414);
#2397=VERTEX_POINT('',#4419);
#2398=VERTEX_POINT('',#4420);
#2399=VERTEX_POINT('',#4428);
#2400=VERTEX_POINT('',#4429);
#2401=VERTEX_POINT('',#4431);
#2402=VERTEX_POINT('',#4433);
#2403=VERTEX_POINT('',#4437);
#2404=VERTEX_POINT('',#4438);
#2405=VERTEX_POINT('',#4443);
#2406=VERTEX_POINT('',#4444);
#2407=VERTEX_POINT('',#4452);
#2408=VERTEX_POINT('',#4453);
#2409=VERTEX_POINT('',#4455);
#2410=VERTEX_POINT('',#4457);
#2411=VERTEX_POINT('',#4461);
#2412=VERTEX_POINT('',#4462);
#2413=VERTEX_POINT('',#4467);
#2414=VERTEX_POINT('',#4468);
#2415=VERTEX_POINT('',#4476);
#2416=VERTEX_POINT('',#4477);
#2417=VERTEX_POINT('',#4479);
#2418=VERTEX_POINT('',#4481);
#2419=VERTEX_POINT('',#4485);
#2420=VERTEX_POINT('',#4486);
#2421=VERTEX_POINT('',#4491);
#2422=VERTEX_POINT('',#4492);
#2423=VERTEX_POINT('',#4513);
#2424=VERTEX_POINT('',#4516);
#2425=VERTEX_POINT('',#4519);
#2426=VERTEX_POINT('',#4522);
#2427=VERTEX_POINT('',#4525);
#2428=VERTEX_POINT('',#4528);
#2429=VERTEX_POINT('',#4531);
#2430=VERTEX_POINT('',#4532);
#2431=VERTEX_POINT('',#4534);
#2432=VERTEX_POINT('',#4536);
#2433=VERTEX_POINT('',#4581);
#2434=VERTEX_POINT('',#4582);
#2435=VERTEX_POINT('',#4644);
#2436=VERTEX_POINT('',#4645);
#2437=VERTEX_POINT('',#4666);
#2438=VERTEX_POINT('',#4667);
#2439=VERTEX_POINT('',#4672);
#2440=VERTEX_POINT('',#4673);
#2441=VERTEX_POINT('',#4719);
#2442=VERTEX_POINT('',#4720);
#2443=VERTEX_POINT('',#4782);
#2444=VERTEX_POINT('',#4783);
#2445=VERTEX_POINT('',#4807);
#2446=VERTEX_POINT('',#4808);
#2447=VERTEX_POINT('',#4810);
#2448=VERTEX_POINT('',#4812);
#2449=VERTEX_POINT('',#4816);
#2450=VERTEX_POINT('',#4817);
#2451=VERTEX_POINT('',#4822);
#2452=VERTEX_POINT('',#4823);
#2453=VERTEX_POINT('',#4828);
#2454=VERTEX_POINT('',#4829);
#2455=VERTEX_POINT('',#4831);
#2456=VERTEX_POINT('',#4833);
#2457=VERTEX_POINT('',#4837);
#2458=VERTEX_POINT('',#4838);
#2459=VERTEX_POINT('',#4843);
#2460=VERTEX_POINT('',#4844);
#2461=VERTEX_POINT('',#4846);
#2462=VERTEX_POINT('',#4848);
#2463=VERTEX_POINT('',#4852);
#2464=VERTEX_POINT('',#4853);
#2465=VERTEX_POINT('',#4858);
#2466=VERTEX_POINT('',#4861);
#2467=VERTEX_POINT('',#4866);
#2468=VERTEX_POINT('',#4868);
#2469=VERTEX_POINT('',#4873);
#2470=VERTEX_POINT('',#4875);
#2471=VERTEX_POINT('',#4880);
#2472=VERTEX_POINT('',#4886);
#2473=VERTEX_POINT('',#4893);
#2474=VERTEX_POINT('',#4894);
#2475=VERTEX_POINT('',#4896);
#2476=VERTEX_POINT('',#4898);
#2477=VERTEX_POINT('',#4900);
#2478=VERTEX_POINT('',#4911);
#2479=VERTEX_POINT('',#4913);
#2480=VERTEX_POINT('',#4961);
#2481=VERTEX_POINT('',#4962);
#2482=VERTEX_POINT('',#4973);
#2483=VERTEX_POINT('',#4975);
#2484=VERTEX_POINT('',#4987);
#2485=VERTEX_POINT('',#4989);
#2486=VERTEX_POINT('',#4991);
#2487=VERTEX_POINT('',#4998);
#2488=VERTEX_POINT('',#5000);
#2489=VERTEX_POINT('',#5002);
#2490=VERTEX_POINT('',#5004);
#2491=VERTEX_POINT('',#5008);
#2492=VERTEX_POINT('',#5010);
#2493=VERTEX_POINT('',#5023);
#2494=VERTEX_POINT('',#5033);
#2495=VERTEX_POINT('',#5035);
#2496=VERTEX_POINT('',#5108);
#2497=VERTEX_POINT('',#5109);
#2498=VERTEX_POINT('',#5119);
#2499=VERTEX_POINT('',#5121);
#2500=VERTEX_POINT('',#5140);
#2501=VERTEX_POINT('',#5142);
#2502=VERTEX_POINT('',#5158);
#2503=VERTEX_POINT('',#5159);
#2504=VERTEX_POINT('',#5169);
#2505=VERTEX_POINT('',#5171);
#2506=VERTEX_POINT('',#5181);
#2507=VERTEX_POINT('',#5182);
#2508=VERTEX_POINT('',#5185);
#2509=VERTEX_POINT('',#5192);
#2510=VERTEX_POINT('',#5193);
#2511=VERTEX_POINT('',#5196);
#2512=VERTEX_POINT('',#5200);
#2513=VERTEX_POINT('',#5201);
#2514=VERTEX_POINT('',#5203);
#2515=VERTEX_POINT('',#5208);
#2516=VERTEX_POINT('',#5209);
#2517=VERTEX_POINT('',#5211);
#2518=VERTEX_POINT('',#5217);
#2519=VERTEX_POINT('',#5270);
#2520=VERTEX_POINT('',#5271);
#2521=VERTEX_POINT('',#5273);
#2522=VERTEX_POINT('',#5284);
#2523=VERTEX_POINT('',#5351);
#2524=VERTEX_POINT('',#5352);
#2525=VERTEX_POINT('',#5362);
#2526=VERTEX_POINT('',#5364);
#2527=VERTEX_POINT('',#5384);
#2528=VERTEX_POINT('',#5386);
#2529=VERTEX_POINT('',#5388);
#2530=VERTEX_POINT('',#5390);
#2531=VERTEX_POINT('',#5395);
#2532=VERTEX_POINT('',#5397);
#2533=VERTEX_POINT('',#5399);
#2534=VERTEX_POINT('',#5403);
#2535=VERTEX_POINT('',#5405);
#2536=VERTEX_POINT('',#5409);
#2537=VERTEX_POINT('',#5411);
#2538=VERTEX_POINT('',#5415);
#2539=VERTEX_POINT('',#5417);
#2540=VERTEX_POINT('',#5421);
#2541=VERTEX_POINT('',#5465);
#2542=VERTEX_POINT('',#5475);
#2543=VERTEX_POINT('',#5482);
#2544=VERTEX_POINT('',#5484);
#2545=VERTEX_POINT('',#5488);
#2546=VERTEX_POINT('',#5490);
#2547=VERTEX_POINT('',#5492);
#2548=VERTEX_POINT('',#5496);
#2549=VERTEX_POINT('',#5498);
#2550=VERTEX_POINT('',#5502);
#2551=VERTEX_POINT('',#5504);
#2552=VERTEX_POINT('',#5508);
#2553=VERTEX_POINT('',#5510);
#2554=VERTEX_POINT('',#5514);
#2555=VERTEX_POINT('',#5515);
#2556=VERTEX_POINT('',#5517);
#2557=VERTEX_POINT('',#5526);
#2558=VERTEX_POINT('',#5530);
#2559=VERTEX_POINT('',#5581);
#2560=VERTEX_POINT('',#5583);
#2561=VERTEX_POINT('',#5585);
#2562=VERTEX_POINT('',#5589);
#2563=VERTEX_POINT('',#5591);
#2564=VERTEX_POINT('',#5595);
#2565=VERTEX_POINT('',#5596);
#2566=VERTEX_POINT('',#5601);
#2567=VERTEX_POINT('',#5603);
#2568=VERTEX_POINT('',#5607);
#2569=VERTEX_POINT('',#5638);
#2570=VERTEX_POINT('',#5639);
#2571=VERTEX_POINT('',#5726);
#2572=VERTEX_POINT('',#5727);
#2573=VERTEX_POINT('',#5737);
#2574=VERTEX_POINT('',#5739);
#2575=VERTEX_POINT('',#5800);
#2576=VERTEX_POINT('',#5801);
#2577=VERTEX_POINT('',#5803);
#2578=VERTEX_POINT('',#5814);
#2579=VERTEX_POINT('',#5818);
#2580=VERTEX_POINT('',#5819);
#2581=VERTEX_POINT('',#5827);
#2582=VERTEX_POINT('',#5828);
#2583=VERTEX_POINT('',#5830);
#2584=VERTEX_POINT('',#5835);
#2585=VERTEX_POINT('',#5837);
#2586=VERTEX_POINT('',#5839);
#2587=VERTEX_POINT('',#5843);
#2588=VERTEX_POINT('',#5845);
#2589=VERTEX_POINT('',#5849);
#2590=VERTEX_POINT('',#5851);
#2591=VERTEX_POINT('',#5855);
#2592=VERTEX_POINT('',#5857);
#2593=VERTEX_POINT('',#5861);
#2594=VERTEX_POINT('',#5862);
#2595=VERTEX_POINT('',#5864);
#2596=VERTEX_POINT('',#5872);
#2597=VERTEX_POINT('',#5874);
#2598=VERTEX_POINT('',#5876);
#2599=VERTEX_POINT('',#5880);
#2600=VERTEX_POINT('',#5881);
#2601=VERTEX_POINT('',#5925);
#2602=VERTEX_POINT('',#5926);
#2603=VERTEX_POINT('',#5952);
#2604=VERTEX_POINT('',#5954);
#2605=VERTEX_POINT('',#5975);
#2606=VERTEX_POINT('',#5977);
#2607=VERTEX_POINT('',#5996);
#2608=VERTEX_POINT('',#6002);
#2609=VERTEX_POINT('',#6014);
#2610=VERTEX_POINT('',#6015);
#2611=VERTEX_POINT('',#6020);
#2612=VERTEX_POINT('',#6021);
#2613=VERTEX_POINT('',#6023);
#2614=VERTEX_POINT('',#6025);
#2615=VERTEX_POINT('',#6029);
#2616=VERTEX_POINT('',#6031);
#2617=VERTEX_POINT('',#6035);
#2618=VERTEX_POINT('',#6037);
#2619=VERTEX_POINT('',#6048);
#2620=VERTEX_POINT('',#6050);
#2621=VERTEX_POINT('',#6068);
#2622=VERTEX_POINT('',#6069);
#2623=VERTEX_POINT('',#6079);
#2624=VERTEX_POINT('',#6081);
#2625=VERTEX_POINT('',#6092);
#2626=VERTEX_POINT('',#6095);
#2627=VERTEX_POINT('',#6099);
#2628=VERTEX_POINT('',#6100);
#2629=VERTEX_POINT('',#6154);
#2630=VERTEX_POINT('',#6156);
#2631=VERTEX_POINT('',#6168);
#2632=VERTEX_POINT('',#6169);
#2633=VERTEX_POINT('',#6245);
#2634=VERTEX_POINT('',#6255);
#2635=VERTEX_POINT('',#6259);
#2636=VERTEX_POINT('',#6260);
#2637=VERTEX_POINT('',#6262);
#2638=VERTEX_POINT('',#6264);
#2639=VERTEX_POINT('',#6266);
#2640=VERTEX_POINT('',#6270);
#2641=VERTEX_POINT('',#6271);
#2642=VERTEX_POINT('',#6273);
#2643=VERTEX_POINT('',#6275);
#2644=VERTEX_POINT('',#6277);
#2645=VERTEX_POINT('',#6297);
#2646=VERTEX_POINT('',#6311);
#2647=VERTEX_POINT('',#6317);
#2648=VERTEX_POINT('',#6366);
#2649=VERTEX_POINT('',#6370);
#2650=VERTEX_POINT('',#6380);
#2651=VERTEX_POINT('',#6390);
#2652=VERTEX_POINT('',#6394);
#2653=VERTEX_POINT('',#6396);
#2654=VERTEX_POINT('',#6400);
#2655=VERTEX_POINT('',#6402);
#2656=VERTEX_POINT('',#6406);
#2657=VERTEX_POINT('',#6410);
#2658=VERTEX_POINT('',#6469);
#2659=VERTEX_POINT('',#6478);
#2660=VERTEX_POINT('',#6482);
#2661=VERTEX_POINT('',#6484);
#2662=VERTEX_POINT('',#6496);
#2663=VERTEX_POINT('',#6517);
#2664=VERTEX_POINT('',#6519);
#2665=VERTEX_POINT('',#6539);
#2666=VERTEX_POINT('',#6541);
#2667=VERTEX_POINT('',#6545);
#2668=VERTEX_POINT('',#6547);
#2669=VERTEX_POINT('',#6549);
#2670=VERTEX_POINT('',#6553);
#2671=VERTEX_POINT('',#6555);
#2672=VERTEX_POINT('',#6559);
#2673=VERTEX_POINT('',#6560);
#2674=VERTEX_POINT('',#6565);
#2675=VERTEX_POINT('',#6567);
#2676=VERTEX_POINT('',#6571);
#2677=VERTEX_POINT('',#6572);
#2678=VERTEX_POINT('',#6574);
#2679=VERTEX_POINT('',#6627);
#2680=VERTEX_POINT('',#6629);
#2681=VERTEX_POINT('',#6779);
#2682=VERTEX_POINT('',#6781);
#2683=CIRCLE('',#3389,0.0027);
#2684=CIRCLE('',#3390,0.0025);
#2685=CIRCLE('',#3392,0.0025);
#2686=CIRCLE('',#3393,0.0027);
#2687=CIRCLE('',#3396,0.00269999999999996);
#2688=CIRCLE('',#3397,0.0025);
#2689=CIRCLE('',#3399,0.0025);
#2690=CIRCLE('',#3400,0.00269999999999996);
#2691=CIRCLE('',#3404,0.0027);
#2692=CIRCLE('',#3405,0.0025);
#2693=CIRCLE('',#3407,0.0025);
#2694=CIRCLE('',#3408,0.0027);
#2695=CIRCLE('',#3411,0.0027);
#2696=CIRCLE('',#3412,0.0025);
#2697=CIRCLE('',#3416,0.0027);
#2698=CIRCLE('',#3417,0.0025);
#2699=CIRCLE('',#3419,0.0027);
#2700=CIRCLE('',#3420,0.0025);
#2701=CIRCLE('',#3424,0.0027);
#2702=CIRCLE('',#3425,0.0025);
#2703=CIRCLE('',#3432,0.00235);
#2704=CIRCLE('',#3434,0.00235);
#2705=CIRCLE('',#3436,0.00235);
#2706=CIRCLE('',#3438,0.00235);
#2707=CIRCLE('',#3440,0.00235);
#2708=CIRCLE('',#3442,0.00235);
#2709=CIRCLE('',#3463,0.0015);
#2710=CIRCLE('',#3464,0.0015);
#2711=CIRCLE('',#3470,0.0015);
#2712=CIRCLE('',#3471,0.0015);
#2713=CIRCLE('',#3478,0.0011);
#2714=CIRCLE('',#3483,0.0011);
#2715=CIRCLE('',#3487,0.0011);
#2716=CIRCLE('',#3492,0.0011);
#2717=CIRCLE('',#3496,0.0011);
#2718=CIRCLE('',#3501,0.0011);
#2719=CIRCLE('',#3509,0.0015);
#2720=CIRCLE('',#3510,0.0015);
#2721=CIRCLE('',#3523,0.0011);
#2722=CIRCLE('',#3528,0.0011);
#2723=CIRCLE('',#3536,0.0015);
#2724=CIRCLE('',#3541,0.0015);
#2725=CIRCLE('',#3545,0.0015);
#2726=CIRCLE('',#3546,0.0015);
#2727=CIRCLE('',#3554,0.0011);
#2728=CIRCLE('',#3556,0.0011);
#2729=CIRCLE('',#3580,0.0011);
#2730=CIRCLE('',#3585,0.0011);
#2731=CIRCLE('',#3588,0.0015);
#2732=CIRCLE('',#3589,0.0015);
#2733=EDGE_LOOP('',(#962));
#2734=EDGE_LOOP('',(#963));
#2735=EDGE_LOOP('',(#964));
#2736=EDGE_LOOP('',(#965));
#2737=EDGE_LOOP('',(#966,#967,#968,#969));
#2738=EDGE_LOOP('',(#970,#971,#972,#973));
#2739=EDGE_LOOP('',(#974,#975,#976,#977));
#2740=EDGE_LOOP('',(#978,#979,#980,#981));
#2741=EDGE_LOOP('',(#982,#983,#984,#985));
#2742=EDGE_LOOP('',(#986,#987,#988,#989));
#2743=EDGE_LOOP('',(#990,#991,#992,#993));
#2744=EDGE_LOOP('',(#994,#995,#996,#997));
#2745=EDGE_LOOP('',(#998,#999,#1000,#1001));
#2746=EDGE_LOOP('',(#1002,#1003,#1004,#1005));
#2747=EDGE_LOOP('',(#1006,#1007,#1008,#1009));
#2748=EDGE_LOOP('',(#1010,#1011,#1012,#1013));
#2749=EDGE_LOOP('',(#1014,#1015,#1016,#1017));
#2750=EDGE_LOOP('',(#1018,#1019,#1020,#1021));
#2751=EDGE_LOOP('',(#1022,#1023,#1024,#1025));
#2752=EDGE_LOOP('',(#1026,#1027,#1028,#1029));
#2753=EDGE_LOOP('',(#1030,#1031,#1032,#1033));
#2754=EDGE_LOOP('',(#1034,#1035,#1036,#1037));
#2755=EDGE_LOOP('',(#1038,#1039,#1040,#1041));
#2756=EDGE_LOOP('',(#1042,#1043,#1044,#1045));
#2757=EDGE_LOOP('',(#1046));
#2758=EDGE_LOOP('',(#1047));
#2759=EDGE_LOOP('',(#1048));
#2760=EDGE_LOOP('',(#1049));
#2761=EDGE_LOOP('',(#1050));
#2762=EDGE_LOOP('',(#1051));
#2763=EDGE_LOOP('',(#1052));
#2764=EDGE_LOOP('',(#1053));
#2765=EDGE_LOOP('',(#1054));
#2766=EDGE_LOOP('',(#1055));
#2767=EDGE_LOOP('',(#1056));
#2768=EDGE_LOOP('',(#1057,#1058,#1059,#1060));
#2769=EDGE_LOOP('',(#1061,#1062,#1063,#1064));
#2770=EDGE_LOOP('',(#1065,#1066,#1067,#1068));
#2771=EDGE_LOOP('',(#1069,#1070,#1071,#1072));
#2772=EDGE_LOOP('',(#1073,#1074,#1075,#1076));
#2773=EDGE_LOOP('',(#1077,#1078,#1079,#1080));
#2774=EDGE_LOOP('',(#1081,#1082,#1083,#1084));
#2775=EDGE_LOOP('',(#1085,#1086,#1087,#1088));
#2776=EDGE_LOOP('',(#1089,#1090,#1091,#1092));
#2777=EDGE_LOOP('',(#1093,#1094,#1095,#1096));
#2778=EDGE_LOOP('',(#1097,#1098,#1099,#1100));
#2779=EDGE_LOOP('',(#1101,#1102,#1103,#1104));
#2780=EDGE_LOOP('',(#1105,#1106,#1107,#1108));
#2781=EDGE_LOOP('',(#1109,#1110,#1111,#1112));
#2782=EDGE_LOOP('',(#1113,#1114,#1115,#1116));
#2783=EDGE_LOOP('',(#1117,#1118,#1119,#1120,#1121,#1122));
#2784=EDGE_LOOP('',(#1123,#1124,#1125,#1126,#1127,#1128));
#2785=EDGE_LOOP('',(#1129,#1130,#1131,#1132,#1133,#1134));
#2786=EDGE_LOOP('',(#1135,#1136,#1137,#1138,#1139,#1140,#1141,#1142,#1143,
#1144));
#2787=EDGE_LOOP('',(#1145));
#2788=EDGE_LOOP('',(#1146));
#2789=EDGE_LOOP('',(#1147));
#2790=EDGE_LOOP('',(#1148,#1149,#1150,#1151));
#2791=EDGE_LOOP('',(#1152,#1153,#1154,#1155));
#2792=EDGE_LOOP('',(#1156,#1157,#1158,#1159));
#2793=EDGE_LOOP('',(#1160,#1161,#1162,#1163,#1164));
#2794=EDGE_LOOP('',(#1165,#1166,#1167,#1168));
#2795=EDGE_LOOP('',(#1169,#1170,#1171,#1172));
#2796=EDGE_LOOP('',(#1173,#1174,#1175,#1176));
#2797=EDGE_LOOP('',(#1177,#1178,#1179,#1180,#1181));
#2798=EDGE_LOOP('',(#1182,#1183,#1184,#1185));
#2799=EDGE_LOOP('',(#1186,#1187,#1188,#1189));
#2800=EDGE_LOOP('',(#1190,#1191,#1192,#1193));
#2801=EDGE_LOOP('',(#1194,#1195,#1196,#1197));
#2802=EDGE_LOOP('',(#1198,#1199,#1200,#1201));
#2803=EDGE_LOOP('',(#1202,#1203,#1204,#1205));
#2804=EDGE_LOOP('',(#1206,#1207,#1208,#1209,#1210));
#2805=EDGE_LOOP('',(#1211,#1212,#1213,#1214));
#2806=EDGE_LOOP('',(#1215,#1216,#1217,#1218,#1219));
#2807=EDGE_LOOP('',(#1220,#1221,#1222,#1223));
#2808=EDGE_LOOP('',(#1224,#1225,#1226,#1227));
#2809=EDGE_LOOP('',(#1228,#1229,#1230,#1231));
#2810=EDGE_LOOP('',(#1232,#1233,#1234,#1235));
#2811=EDGE_LOOP('',(#1236,#1237,#1238,#1239));
#2812=EDGE_LOOP('',(#1240,#1241,#1242,#1243,#1244,#1245,#1246,#1247));
#2813=EDGE_LOOP('',(#1248,#1249,#1250,#1251,#1252));
#2814=EDGE_LOOP('',(#1253,#1254,#1255,#1256));
#2815=EDGE_LOOP('',(#1257,#1258,#1259,#1260));
#2816=EDGE_LOOP('',(#1261,#1262,#1263,#1264));
#2817=EDGE_LOOP('',(#1265,#1266,#1267,#1268,#1269));
#2818=EDGE_LOOP('',(#1270,#1271,#1272,#1273));
#2819=EDGE_LOOP('',(#1274,#1275,#1276,#1277));
#2820=EDGE_LOOP('',(#1278,#1279,#1280,#1281,#1282));
#2821=EDGE_LOOP('',(#1283,#1284,#1285,#1286,#1287));
#2822=EDGE_LOOP('',(#1288,#1289,#1290,#1291));
#2823=EDGE_LOOP('',(#1292,#1293,#1294,#1295));
#2824=EDGE_LOOP('',(#1296,#1297,#1298,#1299));
#2825=EDGE_LOOP('',(#1300,#1301,#1302,#1303,#1304));
#2826=EDGE_LOOP('',(#1305,#1306,#1307,#1308,#1309));
#2827=EDGE_LOOP('',(#1310,#1311,#1312,#1313));
#2828=EDGE_LOOP('',(#1314,#1315,#1316,#1317));
#2829=EDGE_LOOP('',(#1318,#1319,#1320,#1321,#1322));
#2830=EDGE_LOOP('',(#1323,#1324,#1325,#1326));
#2831=EDGE_LOOP('',(#1327,#1328,#1329,#1330));
#2832=EDGE_LOOP('',(#1331,#1332,#1333,#1334));
#2833=EDGE_LOOP('',(#1335,#1336,#1337,#1338,#1339));
#2834=EDGE_LOOP('',(#1340,#1341,#1342,#1343));
#2835=EDGE_LOOP('',(#1344,#1345,#1346,#1347));
#2836=EDGE_LOOP('',(#1348,#1349,#1350,#1351));
#2837=EDGE_LOOP('',(#1352,#1353,#1354,#1355));
#2838=EDGE_LOOP('',(#1356,#1357,#1358,#1359));
#2839=EDGE_LOOP('',(#1360,#1361,#1362,#1363));
#2840=EDGE_LOOP('',(#1364,#1365,#1366,#1367));
#2841=EDGE_LOOP('',(#1368,#1369,#1370,#1371));
#2842=EDGE_LOOP('',(#1372,#1373,#1374,#1375));
#2843=EDGE_LOOP('',(#1376,#1377,#1378,#1379));
#2844=EDGE_LOOP('',(#1380,#1381,#1382,#1383));
#2845=EDGE_LOOP('',(#1384,#1385,#1386,#1387));
#2846=EDGE_LOOP('',(#1388,#1389,#1390,#1391));
#2847=EDGE_LOOP('',(#1392,#1393,#1394,#1395));
#2848=EDGE_LOOP('',(#1396,#1397,#1398,#1399));
#2849=EDGE_LOOP('',(#1400,#1401,#1402,#1403));
#2850=EDGE_LOOP('',(#1404,#1405,#1406,#1407));
#2851=EDGE_LOOP('',(#1408,#1409,#1410,#1411));
#2852=EDGE_LOOP('',(#1412,#1413,#1414,#1415));
#2853=EDGE_LOOP('',(#1416,#1417,#1418,#1419,#1420));
#2854=EDGE_LOOP('',(#1421,#1422,#1423,#1424,#1425));
#2855=EDGE_LOOP('',(#1426,#1427,#1428,#1429));
#2856=EDGE_LOOP('',(#1430,#1431,#1432,#1433));
#2857=EDGE_LOOP('',(#1434,#1435,#1436,#1437));
#2858=EDGE_LOOP('',(#1438,#1439,#1440,#1441,#1442));
#2859=EDGE_LOOP('',(#1443,#1444,#1445,#1446,#1447));
#2860=EDGE_LOOP('',(#1448,#1449,#1450,#1451));
#2861=EDGE_LOOP('',(#1452,#1453,#1454,#1455));
#2862=EDGE_LOOP('',(#1456,#1457,#1458,#1459));
#2863=EDGE_LOOP('',(#1460,#1461,#1462,#1463));
#2864=EDGE_LOOP('',(#1464,#1465,#1466,#1467));
#2865=EDGE_LOOP('',(#1468,#1469,#1470,#1471));
#2866=EDGE_LOOP('',(#1472,#1473,#1474,#1475,#1476,#1477,#1478,#1479,#1480,
#1481,#1482,#1483));
#2867=EDGE_LOOP('',(#1484,#1485,#1486,#1487));
#2868=EDGE_LOOP('',(#1488,#1489,#1490,#1491));
#2869=EDGE_LOOP('',(#1492,#1493,#1494,#1495));
#2870=EDGE_LOOP('',(#1496,#1497,#1498,#1499));
#2871=EDGE_LOOP('',(#1500,#1501,#1502,#1503));
#2872=EDGE_LOOP('',(#1504,#1505,#1506,#1507));
#2873=EDGE_LOOP('',(#1508,#1509,#1510,#1511));
#2874=EDGE_LOOP('',(#1512,#1513,#1514,#1515));
#2875=EDGE_LOOP('',(#1516,#1517,#1518,#1519));
#2876=EDGE_LOOP('',(#1520,#1521,#1522,#1523));
#2877=EDGE_LOOP('',(#1524,#1525,#1526,#1527));
#2878=EDGE_LOOP('',(#1528,#1529,#1530,#1531));
#2879=EDGE_LOOP('',(#1532,#1533,#1534,#1535));
#2880=EDGE_LOOP('',(#1536,#1537,#1538,#1539));
#2881=EDGE_LOOP('',(#1540,#1541,#1542,#1543,#1544,#1545,#1546,#1547,#1548,
#1549,#1550,#1551));
#2882=EDGE_LOOP('',(#1552,#1553,#1554,#1555));
#2883=EDGE_LOOP('',(#1556,#1557,#1558,#1559));
#2884=EDGE_LOOP('',(#1560,#1561,#1562,#1563));
#2885=EDGE_LOOP('',(#1564,#1565,#1566,#1567));
#2886=EDGE_LOOP('',(#1568,#1569,#1570,#1571,#1572));
#2887=EDGE_LOOP('',(#1573,#1574,#1575,#1576,#1577));
#2888=EDGE_LOOP('',(#1578,#1579,#1580,#1581));
#2889=EDGE_LOOP('',(#1582,#1583,#1584,#1585));
#2890=EDGE_LOOP('',(#1586,#1587,#1588,#1589));
#2891=EDGE_LOOP('',(#1590,#1591,#1592,#1593));
#2892=EDGE_LOOP('',(#1594,#1595,#1596,#1597,#1598));
#2893=EDGE_LOOP('',(#1599,#1600,#1601,#1602));
#2894=EDGE_LOOP('',(#1603,#1604,#1605,#1606));
#2895=EDGE_LOOP('',(#1607,#1608,#1609,#1610,#1611));
#2896=EDGE_LOOP('',(#1612,#1613,#1614,#1615));
#2897=EDGE_LOOP('',(#1616,#1617,#1618,#1619));
#2898=EDGE_LOOP('',(#1620,#1621,#1622,#1623));
#2899=EDGE_LOOP('',(#1624,#1625,#1626,#1627,#1628,#1629,#1630,#1631,#1632,
#1633,#1634));
#2900=EDGE_LOOP('',(#1635,#1636,#1637,#1638));
#2901=EDGE_LOOP('',(#1639,#1640,#1641,#1642));
#2902=EDGE_LOOP('',(#1643,#1644,#1645,#1646));
#2903=EDGE_LOOP('',(#1647,#1648,#1649,#1650));
#2904=EDGE_LOOP('',(#1651,#1652,#1653,#1654));
#2905=EDGE_LOOP('',(#1655,#1656,#1657,#1658));
#2906=EDGE_LOOP('',(#1659,#1660,#1661,#1662,#1663,#1664,#1665,#1666,#1667,
#1668,#1669));
#2907=EDGE_LOOP('',(#1670,#1671,#1672,#1673,#1674,#1675,#1676,#1677,#1678,
#1679,#1680));
#2908=EDGE_LOOP('',(#1681,#1682,#1683,#1684,#1685,#1686,#1687,#1688));
#2909=EDGE_LOOP('',(#1689,#1690,#1691,#1692,#1693,#1694,#1695,#1696));
#2910=EDGE_LOOP('',(#1697,#1698,#1699,#1700,#1701,#1702,#1703,#1704));
#2911=EDGE_LOOP('',(#1705,#1706,#1707,#1708));
#2912=EDGE_LOOP('',(#1709,#1710,#1711,#1712,#1713,#1714,#1715,#1716,#1717,
#1718,#1719));
#2913=EDGE_LOOP('',(#1720,#1721,#1722,#1723,#1724,#1725,#1726,#1727));
#2914=EDGE_LOOP('',(#1728));
#2915=EDGE_LOOP('',(#1729,#1730,#1731,#1732));
#2916=EDGE_LOOP('',(#1733,#1734,#1735,#1736));
#2917=EDGE_LOOP('',(#1737,#1738,#1739,#1740,#1741));
#2918=EDGE_LOOP('',(#1742,#1743,#1744,#1745,#1746));
#2919=EDGE_LOOP('',(#1747,#1748,#1749,#1750));
#2920=EDGE_LOOP('',(#1751,#1752,#1753,#1754));
#2921=EDGE_LOOP('',(#1755,#1756,#1757,#1758));
#2922=EDGE_LOOP('',(#1759,#1760,#1761,#1762,#1763));
#2923=EDGE_LOOP('',(#1764,#1765,#1766,#1767,#1768));
#2924=EDGE_LOOP('',(#1769,#1770,#1771,#1772));
#2925=EDGE_LOOP('',(#1773,#1774,#1775,#1776));
#2926=EDGE_LOOP('',(#1777,#1778,#1779,#1780));
#2927=EDGE_LOOP('',(#1781,#1782,#1783,#1784));
#2928=EDGE_LOOP('',(#1785,#1786,#1787,#1788));
#2929=EDGE_LOOP('',(#1789,#1790,#1791,#1792));
#2930=EDGE_LOOP('',(#1793,#1794,#1795,#1796));
#2931=EDGE_LOOP('',(#1797,#1798,#1799,#1800));
#2932=EDGE_LOOP('',(#1801,#1802,#1803,#1804));
#2933=EDGE_LOOP('',(#1805,#1806,#1807,#1808));
#2934=EDGE_LOOP('',(#1809,#1810,#1811,#1812));
#2935=EDGE_LOOP('',(#1813,#1814,#1815,#1816));
#2936=EDGE_LOOP('',(#1817,#1818,#1819,#1820));
#2937=EDGE_LOOP('',(#1821,#1822,#1823,#1824));
#2938=EDGE_LOOP('',(#1825,#1826,#1827,#1828));
#2939=EDGE_LOOP('',(#1829,#1830,#1831,#1832));
#2940=EDGE_LOOP('',(#1833,#1834,#1835,#1836));
#2941=EDGE_LOOP('',(#1837,#1838,#1839,#1840,#1841,#1842,#1843,#1844,#1845,
#1846));
#2942=EDGE_LOOP('',(#1847,#1848,#1849,#1850,#1851,#1852,#1853,#1854,#1855,
#1856,#1857,#1858,#1859,#1860,#1861,#1862,#1863,#1864,#1865,#1866,#1867,
#1868,#1869,#1870,#1871,#1872,#1873,#1874,#1875,#1876,#1877,#1878,#1879,
#1880,#1881,#1882,#1883,#1884,#1885,#1886,#1887,#1888,#1889,#1890,#1891,
#1892,#1893,#1894,#1895,#1896,#1897,#1898,#1899,#1900,#1901,#1902));
#2943=EDGE_LOOP('',(#1903));
#2944=EDGE_LOOP('',(#1904,#1905,#1906,#1907));
#2945=EDGE_LOOP('',(#1908,#1909,#1910,#1911));
#2946=FACE_BOUND('',#2733,.T.);
#2947=FACE_BOUND('',#2734,.T.);
#2948=FACE_BOUND('',#2735,.T.);
#2949=FACE_BOUND('',#2736,.T.);
#2950=FACE_BOUND('',#2737,.T.);
#2951=FACE_BOUND('',#2738,.T.);
#2952=FACE_BOUND('',#2739,.T.);
#2953=FACE_BOUND('',#2740,.T.);
#2954=FACE_BOUND('',#2741,.T.);
#2955=FACE_BOUND('',#2742,.T.);
#2956=FACE_BOUND('',#2743,.T.);
#2957=FACE_BOUND('',#2744,.T.);
#2958=FACE_BOUND('',#2745,.T.);
#2959=FACE_BOUND('',#2746,.T.);
#2960=FACE_BOUND('',#2747,.T.);
#2961=FACE_BOUND('',#2748,.T.);
#2962=FACE_BOUND('',#2749,.T.);
#2963=FACE_BOUND('',#2750,.T.);
#2964=FACE_BOUND('',#2751,.T.);
#2965=FACE_BOUND('',#2752,.T.);
#2966=FACE_BOUND('',#2753,.T.);
#2967=FACE_BOUND('',#2754,.T.);
#2968=FACE_BOUND('',#2755,.T.);
#2969=FACE_BOUND('',#2756,.T.);
#2970=FACE_BOUND('',#2757,.T.);
#2971=FACE_BOUND('',#2758,.T.);
#2972=FACE_BOUND('',#2759,.T.);
#2973=FACE_BOUND('',#2760,.T.);
#2974=FACE_BOUND('',#2761,.T.);
#2975=FACE_BOUND('',#2762,.T.);
#2976=FACE_BOUND('',#2763,.T.);
#2977=FACE_BOUND('',#2764,.T.);
#2978=FACE_BOUND('',#2765,.T.);
#2979=FACE_BOUND('',#2766,.T.);
#2980=FACE_BOUND('',#2767,.T.);
#2981=FACE_BOUND('',#2768,.T.);
#2982=FACE_BOUND('',#2769,.T.);
#2983=FACE_BOUND('',#2770,.T.);
#2984=FACE_BOUND('',#2771,.T.);
#2985=FACE_BOUND('',#2772,.T.);
#2986=FACE_BOUND('',#2773,.T.);
#2987=FACE_BOUND('',#2774,.T.);
#2988=FACE_BOUND('',#2775,.T.);
#2989=FACE_BOUND('',#2776,.T.);
#2990=FACE_BOUND('',#2777,.T.);
#2991=FACE_BOUND('',#2778,.T.);
#2992=FACE_BOUND('',#2779,.T.);
#2993=FACE_BOUND('',#2780,.T.);
#2994=FACE_BOUND('',#2781,.T.);
#2995=FACE_BOUND('',#2782,.T.);
#2996=FACE_BOUND('',#2783,.T.);
#2997=FACE_BOUND('',#2784,.T.);
#2998=FACE_BOUND('',#2785,.T.);
#2999=FACE_BOUND('',#2786,.T.);
#3000=FACE_BOUND('',#2787,.T.);
#3001=FACE_BOUND('',#2788,.T.);
#3002=FACE_BOUND('',#2789,.T.);
#3003=FACE_BOUND('',#2790,.T.);
#3004=FACE_BOUND('',#2791,.T.);
#3005=FACE_BOUND('',#2792,.T.);
#3006=FACE_BOUND('',#2793,.T.);
#3007=FACE_BOUND('',#2794,.T.);
#3008=FACE_BOUND('',#2795,.T.);
#3009=FACE_BOUND('',#2796,.T.);
#3010=FACE_BOUND('',#2797,.T.);
#3011=FACE_BOUND('',#2798,.T.);
#3012=FACE_BOUND('',#2799,.T.);
#3013=FACE_BOUND('',#2800,.T.);
#3014=FACE_BOUND('',#2801,.T.);
#3015=FACE_BOUND('',#2802,.T.);
#3016=FACE_BOUND('',#2803,.T.);
#3017=FACE_BOUND('',#2804,.T.);
#3018=FACE_BOUND('',#2805,.T.);
#3019=FACE_BOUND('',#2806,.T.);
#3020=FACE_BOUND('',#2807,.T.);
#3021=FACE_BOUND('',#2808,.T.);
#3022=FACE_BOUND('',#2809,.T.);
#3023=FACE_BOUND('',#2810,.T.);
#3024=FACE_BOUND('',#2811,.T.);
#3025=FACE_BOUND('',#2812,.T.);
#3026=FACE_BOUND('',#2813,.T.);
#3027=FACE_BOUND('',#2814,.T.);
#3028=FACE_BOUND('',#2815,.T.);
#3029=FACE_BOUND('',#2816,.T.);
#3030=FACE_BOUND('',#2817,.T.);
#3031=FACE_BOUND('',#2818,.T.);
#3032=FACE_BOUND('',#2819,.T.);
#3033=FACE_BOUND('',#2820,.T.);
#3034=FACE_BOUND('',#2821,.T.);
#3035=FACE_BOUND('',#2822,.T.);
#3036=FACE_BOUND('',#2823,.T.);
#3037=FACE_BOUND('',#2824,.T.);
#3038=FACE_BOUND('',#2825,.T.);
#3039=FACE_BOUND('',#2826,.T.);
#3040=FACE_BOUND('',#2827,.T.);
#3041=FACE_BOUND('',#2828,.T.);
#3042=FACE_BOUND('',#2829,.T.);
#3043=FACE_BOUND('',#2830,.T.);
#3044=FACE_BOUND('',#2831,.T.);
#3045=FACE_BOUND('',#2832,.T.);
#3046=FACE_BOUND('',#2833,.T.);
#3047=FACE_BOUND('',#2834,.T.);
#3048=FACE_BOUND('',#2835,.T.);
#3049=FACE_BOUND('',#2836,.T.);
#3050=FACE_BOUND('',#2837,.T.);
#3051=FACE_BOUND('',#2838,.T.);
#3052=FACE_BOUND('',#2839,.T.);
#3053=FACE_BOUND('',#2840,.T.);
#3054=FACE_BOUND('',#2841,.T.);
#3055=FACE_BOUND('',#2842,.T.);
#3056=FACE_BOUND('',#2843,.T.);
#3057=FACE_BOUND('',#2844,.T.);
#3058=FACE_BOUND('',#2845,.T.);
#3059=FACE_BOUND('',#2846,.T.);
#3060=FACE_BOUND('',#2847,.T.);
#3061=FACE_BOUND('',#2848,.T.);
#3062=FACE_BOUND('',#2849,.T.);
#3063=FACE_BOUND('',#2850,.T.);
#3064=FACE_BOUND('',#2851,.T.);
#3065=FACE_BOUND('',#2852,.T.);
#3066=FACE_BOUND('',#2853,.T.);
#3067=FACE_BOUND('',#2854,.T.);
#3068=FACE_BOUND('',#2855,.T.);
#3069=FACE_BOUND('',#2856,.T.);
#3070=FACE_BOUND('',#2857,.T.);
#3071=FACE_BOUND('',#2858,.T.);
#3072=FACE_BOUND('',#2859,.T.);
#3073=FACE_BOUND('',#2860,.T.);
#3074=FACE_BOUND('',#2861,.T.);
#3075=FACE_BOUND('',#2862,.T.);
#3076=FACE_BOUND('',#2863,.T.);
#3077=FACE_BOUND('',#2864,.T.);
#3078=FACE_BOUND('',#2865,.T.);
#3079=FACE_BOUND('',#2866,.T.);
#3080=FACE_BOUND('',#2867,.T.);
#3081=FACE_BOUND('',#2868,.T.);
#3082=FACE_BOUND('',#2869,.T.);
#3083=FACE_BOUND('',#2870,.T.);
#3084=FACE_BOUND('',#2871,.T.);
#3085=FACE_BOUND('',#2872,.T.);
#3086=FACE_BOUND('',#2873,.T.);
#3087=FACE_BOUND('',#2874,.T.);
#3088=FACE_BOUND('',#2875,.T.);
#3089=FACE_BOUND('',#2876,.T.);
#3090=FACE_BOUND('',#2877,.T.);
#3091=FACE_BOUND('',#2878,.T.);
#3092=FACE_BOUND('',#2879,.T.);
#3093=FACE_BOUND('',#2880,.T.);
#3094=FACE_BOUND('',#2881,.T.);
#3095=FACE_BOUND('',#2882,.T.);
#3096=FACE_BOUND('',#2883,.T.);
#3097=FACE_BOUND('',#2884,.T.);
#3098=FACE_BOUND('',#2885,.T.);
#3099=FACE_BOUND('',#2886,.T.);
#3100=FACE_BOUND('',#2887,.T.);
#3101=FACE_BOUND('',#2888,.T.);
#3102=FACE_BOUND('',#2889,.T.);
#3103=FACE_BOUND('',#2890,.T.);
#3104=FACE_BOUND('',#2891,.T.);
#3105=FACE_BOUND('',#2892,.T.);
#3106=FACE_BOUND('',#2893,.T.);
#3107=FACE_BOUND('',#2894,.T.);
#3108=FACE_BOUND('',#2895,.T.);
#3109=FACE_BOUND('',#2896,.T.);
#3110=FACE_BOUND('',#2897,.T.);
#3111=FACE_BOUND('',#2898,.T.);
#3112=FACE_BOUND('',#2899,.T.);
#3113=FACE_BOUND('',#2900,.T.);
#3114=FACE_BOUND('',#2901,.T.);
#3115=FACE_BOUND('',#2902,.T.);
#3116=FACE_BOUND('',#2903,.T.);
#3117=FACE_BOUND('',#2904,.T.);
#3118=FACE_BOUND('',#2905,.T.);
#3119=FACE_BOUND('',#2906,.T.);
#3120=FACE_BOUND('',#2907,.T.);
#3121=FACE_BOUND('',#2908,.T.);
#3122=FACE_BOUND('',#2909,.T.);
#3123=FACE_BOUND('',#2910,.T.);
#3124=FACE_BOUND('',#2911,.T.);
#3125=FACE_BOUND('',#2912,.T.);
#3126=FACE_BOUND('',#2913,.T.);
#3127=FACE_BOUND('',#2914,.T.);
#3128=FACE_BOUND('',#2915,.T.);
#3129=FACE_BOUND('',#2916,.T.);
#3130=FACE_BOUND('',#2917,.T.);
#3131=FACE_BOUND('',#2918,.T.);
#3132=FACE_BOUND('',#2919,.T.);
#3133=FACE_BOUND('',#2920,.T.);
#3134=FACE_BOUND('',#2921,.T.);
#3135=FACE_BOUND('',#2922,.T.);
#3136=FACE_BOUND('',#2923,.T.);
#3137=FACE_BOUND('',#2924,.T.);
#3138=FACE_BOUND('',#2925,.T.);
#3139=FACE_BOUND('',#2926,.T.);
#3140=FACE_BOUND('',#2927,.T.);
#3141=FACE_BOUND('',#2928,.T.);
#3142=FACE_BOUND('',#2929,.T.);
#3143=FACE_BOUND('',#2930,.T.);
#3144=FACE_BOUND('',#2931,.T.);
#3145=FACE_BOUND('',#2932,.T.);
#3146=FACE_BOUND('',#2933,.T.);
#3147=FACE_BOUND('',#2934,.T.);
#3148=FACE_BOUND('',#2935,.T.);
#3149=FACE_BOUND('',#2936,.T.);
#3150=FACE_BOUND('',#2937,.T.);
#3151=FACE_BOUND('',#2938,.T.);
#3152=FACE_BOUND('',#2939,.T.);
#3153=FACE_BOUND('',#2940,.T.);
#3154=FACE_BOUND('',#2941,.T.);
#3155=FACE_BOUND('',#2942,.T.);
#3156=FACE_BOUND('',#2943,.T.);
#3157=FACE_BOUND('',#2944,.T.);
#3158=FACE_BOUND('',#2945,.T.);
#3159=CONICAL_SURFACE('',#3388,0.0027,0.785398163397471);
#3160=CONICAL_SURFACE('',#3391,0.0025,0.785398163397471);
#3161=CONICAL_SURFACE('',#3395,0.0025,0.785398163397469);
#3162=CONICAL_SURFACE('',#3398,0.0025,0.785398163397465);
#3163=CONICAL_SURFACE('',#3403,0.0025,0.785398163397466);
#3164=CONICAL_SURFACE('',#3406,0.0025,0.785398163397462);
#3165=CONICAL_SURFACE('',#3410,0.0025,0.785398163397431);
#3166=CONICAL_SURFACE('',#3415,0.0025,0.785398163397435);
#3167=CONICAL_SURFACE('',#3418,0.0025,0.785398163397446);
#3168=CONICAL_SURFACE('',#3423,0.0025,0.785398163397442);
#3169=CONICAL_SURFACE('',#3502,0.0015,0.78539816339745);
#3170=CONICAL_SURFACE('',#3504,0.0015,0.785398163397452);
#3171=CONICAL_SURFACE('',#3505,0.0011,0.78539816339745);
#3172=CONICAL_SURFACE('',#3507,0.0011,0.785398163397448);
#3173=CONICAL_SURFACE('',#3513,0.0015,0.78539816339745);
#3174=CONICAL_SURFACE('',#3517,0.0011,0.785398163397448);
#3175=CONICAL_SURFACE('',#3535,0.0011,0.785398163397439);
#3176=CONICAL_SURFACE('',#3540,0.0011,0.785398163397452);
#3177=CONICAL_SURFACE('',#3562,0.0015,0.785398163397434);
#3178=CONICAL_SURFACE('',#3563,0.0015,0.785398163397443);
#3179=CONICAL_SURFACE('',#3590,0.0015,0.785398163397443);
#3180=CONICAL_SURFACE('',#3594,0.0011,0.78539816339745);
#3181=ADVANCED_FACE('',(#2946,#2947),#3159,.F.);
#3182=ADVANCED_FACE('',(#2948,#2949),#3160,.F.);
#3183=ADVANCED_FACE('',(#2950),#832,.T.);
#3184=ADVANCED_FACE('',(#2951),#3161,.F.);
#3185=ADVANCED_FACE('',(#2952),#3162,.F.);
#3186=ADVANCED_FACE('',(#2953),#833,.F.);
#3187=ADVANCED_FACE('',(#2954),#834,.T.);
#3188=ADVANCED_FACE('',(#2955),#3163,.F.);
#3189=ADVANCED_FACE('',(#2956),#3164,.F.);
#3190=ADVANCED_FACE('',(#2957),#835,.F.);
#3191=ADVANCED_FACE('',(#2958),#3165,.F.);
#3192=ADVANCED_FACE('',(#2959),#836,.F.);
#3193=ADVANCED_FACE('',(#2960),#837,.T.);
#3194=ADVANCED_FACE('',(#2961),#3166,.F.);
#3195=ADVANCED_FACE('',(#2962),#3167,.F.);
#3196=ADVANCED_FACE('',(#2963),#838,.T.);
#3197=ADVANCED_FACE('',(#2964),#839,.F.);
#3198=ADVANCED_FACE('',(#2965),#3168,.F.);
#3199=ADVANCED_FACE('',(#2966),#840,.F.);
#3200=ADVANCED_FACE('',(#2967),#841,.T.);
#3201=ADVANCED_FACE('',(#2968),#842,.F.);
#3202=ADVANCED_FACE('',(#2969),#843,.T.);
#3203=ADVANCED_FACE('',(#2970,#2971),#112,.F.);
#3204=ADVANCED_FACE('',(#2972),#844,.F.);
#3205=ADVANCED_FACE('',(#2973),#845,.F.);
#3206=ADVANCED_FACE('',(#2974),#846,.F.);
#3207=ADVANCED_FACE('',(#2975,#2976),#113,.F.);
#3208=ADVANCED_FACE('',(#2977,#2978),#114,.F.);
#3209=ADVANCED_FACE('',(#2979,#2980),#115,.F.);
#3210=ADVANCED_FACE('',(#2981),#847,.F.);
#3211=ADVANCED_FACE('',(#2982),#84,.T.);
#3212=ADVANCED_FACE('',(#2983),#85,.T.);
#3213=ADVANCED_FACE('',(#2984),#848,.F.);
#3214=ADVANCED_FACE('',(#2985),#849,.T.);
#3215=ADVANCED_FACE('',(#2986),#86,.T.);
#3216=ADVANCED_FACE('',(#2987),#87,.T.);
#3217=ADVANCED_FACE('',(#2988),#850,.T.);
#3218=ADVANCED_FACE('',(#2989),#851,.F.);
#3219=ADVANCED_FACE('',(#2990),#852,.F.);
#3220=ADVANCED_FACE('',(#2991),#853,.T.);
#3221=ADVANCED_FACE('',(#2992),#854,.F.);
#3222=ADVANCED_FACE('',(#2993),#855,.T.);
#3223=ADVANCED_FACE('',(#2994),#856,.F.);
#3224=ADVANCED_FACE('',(#2995),#857,.F.);
#3225=ADVANCED_FACE('',(#2996),#858,.F.);
#3226=ADVANCED_FACE('',(#2997),#859,.F.);
#3227=ADVANCED_FACE('',(#2998),#860,.F.);
#3228=ADVANCED_FACE('',(#2999,#3000,#3001,#3002),#861,.T.);
#3229=ADVANCED_FACE('',(#3003),#862,.F.);
#3230=ADVANCED_FACE('',(#3004),#863,.T.);
#3231=ADVANCED_FACE('',(#3005),#864,.T.);
#3232=ADVANCED_FACE('',(#3006),#865,.T.);
#3233=ADVANCED_FACE('',(#3007),#88,.T.);
#3234=ADVANCED_FACE('',(#3008),#89,.T.);
#3235=ADVANCED_FACE('',(#3009),#116,.T.);
#3236=ADVANCED_FACE('',(#3010),#866,.F.);
#3237=ADVANCED_FACE('',(#3011),#867,.F.);
#3238=ADVANCED_FACE('',(#3012),#90,.T.);
#3239=ADVANCED_FACE('',(#3013),#91,.T.);
#3240=ADVANCED_FACE('',(#3014),#92,.T.);
#3241=ADVANCED_FACE('',(#3015),#93,.T.);
#3242=ADVANCED_FACE('',(#3016),#868,.T.);
#3243=ADVANCED_FACE('',(#3017),#869,.T.);
#3244=ADVANCED_FACE('',(#3018),#117,.T.);
#3245=ADVANCED_FACE('',(#3019),#870,.T.);
#3246=ADVANCED_FACE('',(#3020),#94,.T.);
#3247=ADVANCED_FACE('',(#3021),#95,.T.);
#3248=ADVANCED_FACE('',(#3022),#871,.T.);
#3249=ADVANCED_FACE('',(#3023),#872,.F.);
#3250=ADVANCED_FACE('',(#3024),#873,.F.);
#3251=ADVANCED_FACE('',(#3025),#874,.F.);
#3252=ADVANCED_FACE('',(#3026),#875,.T.);
#3253=ADVANCED_FACE('',(#3027),#876,.F.);
#3254=ADVANCED_FACE('',(#3028),#877,.F.);
#3255=ADVANCED_FACE('',(#3029),#878,.F.);
#3256=ADVANCED_FACE('',(#3030),#879,.F.);
#3257=ADVANCED_FACE('',(#3031),#96,.T.);
#3258=ADVANCED_FACE('',(#3032),#880,.F.);
#3259=ADVANCED_FACE('',(#3033),#881,.T.);
#3260=ADVANCED_FACE('',(#3034),#882,.T.);
#3261=ADVANCED_FACE('',(#3035),#883,.T.);
#3262=ADVANCED_FACE('',(#3036),#884,.F.);
#3263=ADVANCED_FACE('',(#3037),#885,.F.);
#3264=ADVANCED_FACE('',(#3038),#886,.F.);
#3265=ADVANCED_FACE('',(#3039),#887,.F.);
#3266=ADVANCED_FACE('',(#3040),#888,.F.);
#3267=ADVANCED_FACE('',(#3041),#97,.T.);
#3268=ADVANCED_FACE('',(#3042),#889,.F.);
#3269=ADVANCED_FACE('',(#3043),#890,.T.);
#3270=ADVANCED_FACE('',(#3044),#891,.T.);
#3271=ADVANCED_FACE('',(#3045),#892,.F.);
#3272=ADVANCED_FACE('',(#3046),#893,.T.);
#3273=ADVANCED_FACE('',(#3047),#3169,.T.);
#3274=ADVANCED_FACE('',(#3048),#894,.T.);
#3275=ADVANCED_FACE('',(#3049),#3170,.T.);
#3276=ADVANCED_FACE('',(#3050),#3171,.T.);
#3277=ADVANCED_FACE('',(#3051),#895,.T.);
#3278=ADVANCED_FACE('',(#3052),#3172,.T.);
#3279=ADVANCED_FACE('',(#3053),#118,.T.);
#3280=ADVANCED_FACE('',(#3054),#896,.F.);
#3281=ADVANCED_FACE('',(#3055),#897,.T.);
#3282=ADVANCED_FACE('',(#3056),#3173,.T.);
#3283=ADVANCED_FACE('',(#3057),#898,.F.);
#3284=ADVANCED_FACE('',(#3058),#899,.T.);
#3285=ADVANCED_FACE('',(#3059),#900,.T.);
#3286=ADVANCED_FACE('',(#3060),#3174,.T.);
#3287=ADVANCED_FACE('',(#3061),#901,.T.);
#3288=ADVANCED_FACE('',(#3062),#902,.F.);
#3289=ADVANCED_FACE('',(#3063),#98,.T.);
#3290=ADVANCED_FACE('',(#3064),#99,.T.);
#3291=ADVANCED_FACE('',(#3065),#903,.F.);
#3292=ADVANCED_FACE('',(#3066),#904,.F.);
#3293=ADVANCED_FACE('',(#3067),#905,.F.);
#3294=ADVANCED_FACE('',(#3068),#906,.T.);
#3295=ADVANCED_FACE('',(#3069),#907,.T.);
#3296=ADVANCED_FACE('',(#3070),#908,.F.);
#3297=ADVANCED_FACE('',(#3071),#909,.T.);
#3298=ADVANCED_FACE('',(#3072),#910,.T.);
#3299=ADVANCED_FACE('',(#3073),#911,.F.);
#3300=ADVANCED_FACE('',(#3074),#100,.T.);
#3301=ADVANCED_FACE('',(#3075),#101,.T.);
#3302=ADVANCED_FACE('',(#3076),#912,.F.);
#3303=ADVANCED_FACE('',(#3077),#913,.T.);
#3304=ADVANCED_FACE('',(#3078),#102,.T.);
#3305=ADVANCED_FACE('',(#3079),#914,.F.);
#3306=ADVANCED_FACE('',(#3080),#915,.T.);
#3307=ADVANCED_FACE('',(#3081),#3175,.T.);
#3308=ADVANCED_FACE('',(#3082),#916,.T.);
#3309=ADVANCED_FACE('',(#3083),#917,.T.);
#3310=ADVANCED_FACE('',(#3084),#918,.F.);
#3311=ADVANCED_FACE('',(#3085),#3176,.T.);
#3312=ADVANCED_FACE('',(#3086),#119,.T.);
#3313=ADVANCED_FACE('',(#3087),#919,.F.);
#3314=ADVANCED_FACE('',(#3088),#120,.T.);
#3315=ADVANCED_FACE('',(#3089),#920,.T.);
#3316=ADVANCED_FACE('',(#3090),#921,.F.);
#3317=ADVANCED_FACE('',(#3091),#103,.T.);
#3318=ADVANCED_FACE('',(#3092),#922,.T.);
#3319=ADVANCED_FACE('',(#3093),#104,.T.);
#3320=ADVANCED_FACE('',(#3094),#923,.T.);
#3321=ADVANCED_FACE('',(#3095),#924,.T.);
#3322=ADVANCED_FACE('',(#3096),#105,.T.);
#3323=ADVANCED_FACE('',(#3097),#925,.T.);
#3324=ADVANCED_FACE('',(#3098),#106,.T.);
#3325=ADVANCED_FACE('',(#3099),#926,.T.);
#3326=ADVANCED_FACE('',(#3100),#927,.F.);
#3327=ADVANCED_FACE('',(#3101),#928,.T.);
#3328=ADVANCED_FACE('',(#3102),#929,.T.);
#3329=ADVANCED_FACE('',(#3103),#930,.T.);
#3330=ADVANCED_FACE('',(#3104),#931,.F.);
#3331=ADVANCED_FACE('',(#3105),#932,.F.);
#3332=ADVANCED_FACE('',(#3106),#3177,.T.);
#3333=ADVANCED_FACE('',(#3107),#3178,.T.);
#3334=ADVANCED_FACE('',(#3108),#933,.F.);
#3335=ADVANCED_FACE('',(#3109),#934,.T.);
#3336=ADVANCED_FACE('',(#3110),#935,.T.);
#3337=ADVANCED_FACE('',(#3111),#107,.T.);
#3338=ADVANCED_FACE('',(#3112),#936,.T.);
#3339=ADVANCED_FACE('',(#3113),#937,.T.);
#3340=ADVANCED_FACE('',(#3114),#938,.T.);
#3341=ADVANCED_FACE('',(#3115),#939,.F.);
#3342=ADVANCED_FACE('',(#3116),#940,.T.);
#3343=ADVANCED_FACE('',(#3117),#108,.T.);
#3344=ADVANCED_FACE('',(#3118),#941,.F.);
#3345=ADVANCED_FACE('',(#3119,#3120),#942,.T.);
#3346=ADVANCED_FACE('',(#3121),#943,.T.);
#3347=ADVANCED_FACE('',(#3122,#3123),#944,.F.);
#3348=ADVANCED_FACE('',(#3124),#945,.T.);
#3349=ADVANCED_FACE('',(#3125,#3126,#3127,#3128,#3129),#946,.T.);
#3350=ADVANCED_FACE('',(#3130),#947,.T.);
#3351=ADVANCED_FACE('',(#3131),#948,.F.);
#3352=ADVANCED_FACE('',(#3132),#949,.T.);
#3353=ADVANCED_FACE('',(#3133),#950,.T.);
#3354=ADVANCED_FACE('',(#3134),#951,.F.);
#3355=ADVANCED_FACE('',(#3135),#952,.T.);
#3356=ADVANCED_FACE('',(#3136),#953,.F.);
#3357=ADVANCED_FACE('',(#3137),#109,.T.);
#3358=ADVANCED_FACE('',(#3138),#121,.T.);
#3359=ADVANCED_FACE('',(#3139),#110,.T.);
#3360=ADVANCED_FACE('',(#3140),#111,.T.);
#3361=ADVANCED_FACE('',(#3141),#3179,.T.);
#3362=ADVANCED_FACE('',(#3142),#954,.T.);
#3363=ADVANCED_FACE('',(#3143),#955,.T.);
#3364=ADVANCED_FACE('',(#3144),#956,.F.);
#3365=ADVANCED_FACE('',(#3145),#3180,.T.);
#3366=ADVANCED_FACE('',(#3146),#957,.T.);
#3367=ADVANCED_FACE('',(#3147),#958,.T.);
#3368=ADVANCED_FACE('',(#3148),#959,.F.);
#3369=ADVANCED_FACE('',(#3149),#960,.T.);
#3370=ADVANCED_FACE('',(#3150),#122,.F.);
#3371=ADVANCED_FACE('',(#3151),#123,.F.);
#3372=ADVANCED_FACE('',(#3152),#124,.F.);
#3373=ADVANCED_FACE('',(#3153),#125,.F.);
#3374=ADVANCED_FACE('',(#3154,#3155,#3156,#3157,#3158),#961,.F.);
#3375=CLOSED_SHELL('',(#3181,#3182,#3183,#3184,#3185,#3186,#3187,#3188,
#3189,#3190,#3191,#3192,#3193,#3194,#3195,#3196,#3197,#3198,#3199,#3200,
#3201,#3202,#3203,#3204,#3205,#3206,#3207,#3208,#3209,#3210,#3211,#3212,
#3213,#3214,#3215,#3216,#3217,#3218,#3219,#3220,#3221,#3222,#3223,#3224,
#3225,#3226,#3227,#3228,#3229,#3230,#3231,#3232,#3233,#3234,#3235,#3236,
#3237,#3238,#3239,#3240,#3241,#3242,#3243,#3244,#3245,#3246,#3247,#3248,
#3249,#3250,#3251,#3252,#3253,#3254,#3255,#3256,#3257,#3258,#3259,#3260,
#3261,#3262,#3263,#3264,#3265,#3266,#3267,#3268,#3269,#3270,#3271,#3272,
#3273,#3274,#3275,#3276,#3277,#3278,#3279,#3280,#3281,#3282,#3283,#3284,
#3285,#3286,#3287,#3288,#3289,#3290,#3291,#3292,#3293,#3294,#3295,#3296,
#3297,#3298,#3299,#3300,#3301,#3302,#3303,#3304,#3305,#3306,#3307,#3308,
#3309,#3310,#3311,#3312,#3313,#3314,#3315,#3316,#3317,#3318,#3319,#3320,
#3321,#3322,#3323,#3324,#3325,#3326,#3327,#3328,#3329,#3330,#3331,#3332,
#3333,#3334,#3335,#3336,#3337,#3338,#3339,#3340,#3341,#3342,#3343,#3344,
#3345,#3346,#3347,#3348,#3349,#3350,#3351,#3352,#3353,#3354,#3355,#3356,
#3357,#3358,#3359,#3360,#3361,#3362,#3363,#3364,#3365,#3366,#3367,#3368,
#3369,#3370,#3371,#3372,#3373,#3374));
#3376=STYLED_ITEM('',(#3377),#3384);
#3377=PRESENTATION_STYLE_ASSIGNMENT((#3378));
#3378=SURFACE_STYLE_USAGE(.BOTH.,#3379);
#3379=SURFACE_SIDE_STYLE('',(#3380));
#3380=SURFACE_STYLE_FILL_AREA(#3381);
#3381=FILL_AREA_STYLE('',(#3382));
#3382=FILL_AREA_STYLE_COLOUR('',#3383);
#3383=COLOUR_RGB('',0.349019607843138,0.376470588235294,0.4);
#3384=MANIFOLD_SOLID_BREP('Rear_Cover',#3375);
#3385=SHAPE_DEFINITION_REPRESENTATION(#6800,#3386);
#3386=SHAPE_REPRESENTATION('Rear_Cover',(#3387),#6795);
#3387=AXIS2_PLACEMENT_3D('',#4391,#3604,#3605);
#3388=AXIS2_PLACEMENT_3D('',#4392,#3606,#3607);
#3389=AXIS2_PLACEMENT_3D('',#4393,#3608,#3609);
#3390=AXIS2_PLACEMENT_3D('',#4395,#3610,#3611);
#3391=AXIS2_PLACEMENT_3D('',#4397,#3612,#3613);
#3392=AXIS2_PLACEMENT_3D('',#4398,#3614,#3615);
#3393=AXIS2_PLACEMENT_3D('',#4400,#3616,#3617);
#3394=AXIS2_PLACEMENT_3D('',#4402,#3618,#3619);
#3395=AXIS2_PLACEMENT_3D('',#4411,#3624,#3625);
#3396=AXIS2_PLACEMENT_3D('',#4415,#3627,#3628);
#3397=AXIS2_PLACEMENT_3D('',#4416,#3629,#3630);
#3398=AXIS2_PLACEMENT_3D('',#4417,#3631,#3632);
#3399=AXIS2_PLACEMENT_3D('',#4421,#3634,#3635);
#3400=AXIS2_PLACEMENT_3D('',#4422,#3636,#3637);
#3401=AXIS2_PLACEMENT_3D('',#4423,#3638,#3639);
#3402=AXIS2_PLACEMENT_3D('',#4426,#3642,#3643);
#3403=AXIS2_PLACEMENT_3D('',#4435,#3648,#3649);
#3404=AXIS2_PLACEMENT_3D('',#4439,#3651,#3652);
#3405=AXIS2_PLACEMENT_3D('',#4440,#3653,#3654);
#3406=AXIS2_PLACEMENT_3D('',#4441,#3655,#3656);
#3407=AXIS2_PLACEMENT_3D('',#4445,#3658,#3659);
#3408=AXIS2_PLACEMENT_3D('',#4446,#3660,#3661);
#3409=AXIS2_PLACEMENT_3D('',#4447,#3662,#3663);
#3410=AXIS2_PLACEMENT_3D('',#4450,#3666,#3667);
#3411=AXIS2_PLACEMENT_3D('',#4454,#3669,#3670);
#3412=AXIS2_PLACEMENT_3D('',#4458,#3672,#3673);
#3413=AXIS2_PLACEMENT_3D('',#4459,#3674,#3675);
#3414=AXIS2_PLACEMENT_3D('',#4465,#3679,#3680);
#3415=AXIS2_PLACEMENT_3D('',#4471,#3684,#3685);
#3416=AXIS2_PLACEMENT_3D('',#4472,#3686,#3687);
#3417=AXIS2_PLACEMENT_3D('',#4473,#3688,#3689);
#3418=AXIS2_PLACEMENT_3D('',#4474,#3690,#3691);
#3419=AXIS2_PLACEMENT_3D('',#4478,#3693,#3694);
#3420=AXIS2_PLACEMENT_3D('',#4482,#3696,#3697);
#3421=AXIS2_PLACEMENT_3D('',#4483,#3698,#3699);
#3422=AXIS2_PLACEMENT_3D('',#4489,#3703,#3704);
#3423=AXIS2_PLACEMENT_3D('',#4495,#3708,#3709);
#3424=AXIS2_PLACEMENT_3D('',#4496,#3710,#3711);
#3425=AXIS2_PLACEMENT_3D('',#4497,#3712,#3713);
#3426=AXIS2_PLACEMENT_3D('',#4498,#3714,#3715);
#3427=AXIS2_PLACEMENT_3D('',#4501,#3718,#3719);
#3428=AXIS2_PLACEMENT_3D('',#4504,#3722,#3723);
#3429=AXIS2_PLACEMENT_3D('',#4507,#3726,#3727);
#3430=AXIS2_PLACEMENT_3D('',#4510,#3730,#3731);
#3431=AXIS2_PLACEMENT_3D('',#4511,#3732,#3733);
#3432=AXIS2_PLACEMENT_3D('',#4512,#3734,#3735);
#3433=AXIS2_PLACEMENT_3D('',#4514,#3736,#3737);
#3434=AXIS2_PLACEMENT_3D('',#4515,#3738,#3739);
#3435=AXIS2_PLACEMENT_3D('',#4517,#3740,#3741);
#3436=AXIS2_PLACEMENT_3D('',#4518,#3742,#3743);
#3437=AXIS2_PLACEMENT_3D('',#4520,#3744,#3745);
#3438=AXIS2_PLACEMENT_3D('',#4521,#3746,#3747);
#3439=AXIS2_PLACEMENT_3D('',#4523,#3748,#3749);
#3440=AXIS2_PLACEMENT_3D('',#4524,#3750,#3751);
#3441=AXIS2_PLACEMENT_3D('',#4526,#3752,#3753);
#3442=AXIS2_PLACEMENT_3D('',#4527,#3754,#3755);
#3443=AXIS2_PLACEMENT_3D('',#4529,#3756,#3757);
#3444=AXIS2_PLACEMENT_3D('',#4664,#3764,#3765);
#3445=AXIS2_PLACEMENT_3D('',#4670,#3769,#3770);
#3446=AXIS2_PLACEMENT_3D('',#4802,#3776,#3777);
#3447=AXIS2_PLACEMENT_3D('',#4805,#3780,#3781);
#3448=AXIS2_PLACEMENT_3D('',#4814,#3786,#3787);
#3449=AXIS2_PLACEMENT_3D('',#4820,#3791,#3792);
#3450=AXIS2_PLACEMENT_3D('',#4826,#3796,#3797);
#3451=AXIS2_PLACEMENT_3D('',#4835,#3802,#3803);
#3452=AXIS2_PLACEMENT_3D('',#4841,#3807,#3808);
#3453=AXIS2_PLACEMENT_3D('',#4850,#3813,#3814);
#3454=AXIS2_PLACEMENT_3D('',#4856,#3818,#3819);
#3455=AXIS2_PLACEMENT_3D('',#4863,#3824,#3825);
#3456=AXIS2_PLACEMENT_3D('',#4870,#3830,#3831);
#3457=AXIS2_PLACEMENT_3D('',#4877,#3836,#3837);
#3458=AXIS2_PLACEMENT_3D('',#4878,#3838,#3839);
#3459=AXIS2_PLACEMENT_3D('',#4882,#3842,#3843);
#3460=AXIS2_PLACEMENT_3D('',#4884,#3845,#3846);
#3461=AXIS2_PLACEMENT_3D('',#4888,#3849,#3850);
#3462=AXIS2_PLACEMENT_3D('',#4985,#3859,#3860);
#3463=AXIS2_PLACEMENT_3D('',#4988,#3862,#3863);
#3464=AXIS2_PLACEMENT_3D('',#4992,#3865,#3866);
#3465=AXIS2_PLACEMENT_3D('',#4993,#3867,#3868);
#3466=AXIS2_PLACEMENT_3D('',#5006,#3873,#3874);
#3467=AXIS2_PLACEMENT_3D('',#5179,#3886,#3887);
#3468=AXIS2_PLACEMENT_3D('',#5187,#3892,#3893);
#3469=AXIS2_PLACEMENT_3D('',#5198,#3897,#3898);
#3470=AXIS2_PLACEMENT_3D('',#5202,#3900,#3901);
#3471=AXIS2_PLACEMENT_3D('',#5205,#3903,#3904);
#3472=AXIS2_PLACEMENT_3D('',#5206,#3905,#3906);
#3473=AXIS2_PLACEMENT_3D('',#5374,#3915,#3916);
#3474=AXIS2_PLACEMENT_3D('',#5377,#3919,#3920);
#3475=AXIS2_PLACEMENT_3D('',#5380,#3923,#3924);
#3476=AXIS2_PLACEMENT_3D('',#5382,#3926,#3927);
#3477=AXIS2_PLACEMENT_3D('',#5393,#3934,#3935);
#3478=AXIS2_PLACEMENT_3D('',#5394,#3936,#3937);
#3479=AXIS2_PLACEMENT_3D('',#5401,#3941,#3942);
#3480=AXIS2_PLACEMENT_3D('',#5407,#3946,#3947);
#3481=AXIS2_PLACEMENT_3D('',#5413,#3951,#3952);
#3482=AXIS2_PLACEMENT_3D('',#5419,#3956,#3957);
#3483=AXIS2_PLACEMENT_3D('',#5420,#3958,#3959);
#3484=AXIS2_PLACEMENT_3D('',#5473,#3963,#3964);
#3485=AXIS2_PLACEMENT_3D('',#5477,#3967,#3968);
#3486=AXIS2_PLACEMENT_3D('',#5486,#3971,#3972);
#3487=AXIS2_PLACEMENT_3D('',#5489,#3974,#3975);
#3488=AXIS2_PLACEMENT_3D('',#5494,#3978,#3979);
#3489=AXIS2_PLACEMENT_3D('',#5500,#3983,#3984);
#3490=AXIS2_PLACEMENT_3D('',#5506,#3988,#3989);
#3491=AXIS2_PLACEMENT_3D('',#5512,#3993,#3994);
#3492=AXIS2_PLACEMENT_3D('',#5513,#3995,#3996);
#3493=AXIS2_PLACEMENT_3D('',#5520,#4000,#4001);
#3494=AXIS2_PLACEMENT_3D('',#5528,#4004,#4005);
#3495=AXIS2_PLACEMENT_3D('',#5579,#4008,#4009);
#3496=AXIS2_PLACEMENT_3D('',#5582,#4011,#4012);
#3497=AXIS2_PLACEMENT_3D('',#5587,#4015,#4016);
#3498=AXIS2_PLACEMENT_3D('',#5593,#4020,#4021);
#3499=AXIS2_PLACEMENT_3D('',#5599,#4025,#4026);
#3500=AXIS2_PLACEMENT_3D('',#5605,#4030,#4031);
#3501=AXIS2_PLACEMENT_3D('',#5606,#4032,#4033);
#3502=AXIS2_PLACEMENT_3D('',#5610,#4036,#4037);
#3503=AXIS2_PLACEMENT_3D('',#5615,#4038,#4039);
#3504=AXIS2_PLACEMENT_3D('',#5618,#4042,#4043);
#3505=AXIS2_PLACEMENT_3D('',#5623,#4044,#4045);
#3506=AXIS2_PLACEMENT_3D('',#5628,#4046,#4047);
#3507=AXIS2_PLACEMENT_3D('',#5631,#4050,#4051);
#3508=AXIS2_PLACEMENT_3D('',#5636,#4052,#4053);
#3509=AXIS2_PLACEMENT_3D('',#5640,#4055,#4056);
#3510=AXIS2_PLACEMENT_3D('',#5641,#4057,#4058);
#3511=AXIS2_PLACEMENT_3D('',#5642,#4059,#4060);
#3512=AXIS2_PLACEMENT_3D('',#5643,#4061,#4062);
#3513=AXIS2_PLACEMENT_3D('',#5644,#4063,#4064);
#3514=AXIS2_PLACEMENT_3D('',#5649,#4065,#4066);
#3515=AXIS2_PLACEMENT_3D('',#5651,#4068,#4069);
#3516=AXIS2_PLACEMENT_3D('',#5653,#4071,#4072);
#3517=AXIS2_PLACEMENT_3D('',#5658,#4073,#4074);
#3518=AXIS2_PLACEMENT_3D('',#5659,#4075,#4076);
#3519=AXIS2_PLACEMENT_3D('',#5660,#4077,#4078);
#3520=AXIS2_PLACEMENT_3D('',#5816,#4083,#4084);
#3521=AXIS2_PLACEMENT_3D('',#5822,#4088,#4089);
#3522=AXIS2_PLACEMENT_3D('',#5833,#4093,#4094);
#3523=AXIS2_PLACEMENT_3D('',#5836,#4096,#4097);
#3524=AXIS2_PLACEMENT_3D('',#5841,#4100,#4101);
#3525=AXIS2_PLACEMENT_3D('',#5847,#4105,#4106);
#3526=AXIS2_PLACEMENT_3D('',#5853,#4110,#4111);
#3527=AXIS2_PLACEMENT_3D('',#5859,#4115,#4116);
#3528=AXIS2_PLACEMENT_3D('',#5860,#4117,#4118);
#3529=AXIS2_PLACEMENT_3D('',#5867,#4122,#4123);
#3530=AXIS2_PLACEMENT_3D('',#5878,#4127,#4128);
#3531=AXIS2_PLACEMENT_3D('',#5959,#4135,#4136);
#3532=AXIS2_PLACEMENT_3D('',#5961,#4138,#4139);
#3533=AXIS2_PLACEMENT_3D('',#5985,#4144,#4145);
#3534=AXIS2_PLACEMENT_3D('',#5988,#4148,#4149);
#3535=AXIS2_PLACEMENT_3D('',#5991,#4152,#4153);
#3536=AXIS2_PLACEMENT_3D('',#5997,#4154,#4155);
#3537=AXIS2_PLACEMENT_3D('',#5998,#4156,#4157);
#3538=AXIS2_PLACEMENT_3D('',#6000,#4159,#4160);
#3539=AXIS2_PLACEMENT_3D('',#6004,#4163,#4164);
#3540=AXIS2_PLACEMENT_3D('',#6009,#4165,#4166);
#3541=AXIS2_PLACEMENT_3D('',#6010,#4167,#4168);
#3542=AXIS2_PLACEMENT_3D('',#6011,#4169,#4170);
#3543=AXIS2_PLACEMENT_3D('',#6012,#4171,#4172);
#3544=AXIS2_PLACEMENT_3D('',#6018,#4176,#4177);
#3545=AXIS2_PLACEMENT_3D('',#6022,#4179,#4180);
#3546=AXIS2_PLACEMENT_3D('',#6026,#4182,#4183);
#3547=AXIS2_PLACEMENT_3D('',#6027,#4184,#4185);
#3548=AXIS2_PLACEMENT_3D('',#6033,#4189,#4190);
#3549=AXIS2_PLACEMENT_3D('',#6055,#4196,#4197);
#3550=AXIS2_PLACEMENT_3D('',#6089,#4201,#4202);
#3551=AXIS2_PLACEMENT_3D('',#6097,#4208,#4209);
#3552=AXIS2_PLACEMENT_3D('',#6166,#4214,#4215);
#3553=AXIS2_PLACEMENT_3D('',#6257,#4220,#4221);
#3554=AXIS2_PLACEMENT_3D('',#6263,#4224,#4225);
#3555=AXIS2_PLACEMENT_3D('',#6268,#4228,#4229);
#3556=AXIS2_PLACEMENT_3D('',#6272,#4231,#4232);
#3557=AXIS2_PLACEMENT_3D('',#6279,#4236,#4237);
#3558=AXIS2_PLACEMENT_3D('',#6285,#4239,#4240);
#3559=AXIS2_PLACEMENT_3D('',#6287,#4242,#4243);
#3560=AXIS2_PLACEMENT_3D('',#6290,#4246,#4247);
#3561=AXIS2_PLACEMENT_3D('',#6295,#4248,#4249);
#3562=AXIS2_PLACEMENT_3D('',#6303,#4252,#4253);
#3563=AXIS2_PLACEMENT_3D('',#6304,#4254,#4255);
#3564=AXIS2_PLACEMENT_3D('',#6309,#4256,#4257);
#3565=AXIS2_PLACEMENT_3D('',#6313,#4260,#4261);
#3566=AXIS2_PLACEMENT_3D('',#6315,#4263,#4264);
#3567=AXIS2_PLACEMENT_3D('',#6368,#4268,#4269);
#3568=AXIS2_PLACEMENT_3D('',#6392,#4272,#4273);
#3569=AXIS2_PLACEMENT_3D('',#6398,#4277,#4278);
#3570=AXIS2_PLACEMENT_3D('',#6404,#4282,#4283);
#3571=AXIS2_PLACEMENT_3D('',#6408,#4286,#4287);
#3572=AXIS2_PLACEMENT_3D('',#6480,#4291,#4292);
#3573=AXIS2_PLACEMENT_3D('',#6486,#4296,#4297);
#3574=AXIS2_PLACEMENT_3D('',#6514,#4298,#4299);
#3575=AXIS2_PLACEMENT_3D('',#6521,#4304,#4305);
#3576=AXIS2_PLACEMENT_3D('',#6523,#4307,#4308);
#3577=AXIS2_PLACEMENT_3D('',#6524,#4309,#4310);
#3578=AXIS2_PLACEMENT_3D('',#6534,#4311,#4312);
#3579=AXIS2_PLACEMENT_3D('',#6543,#4315,#4316);
#3580=AXIS2_PLACEMENT_3D('',#6546,#4318,#4319);
#3581=AXIS2_PLACEMENT_3D('',#6551,#4322,#4323);
#3582=AXIS2_PLACEMENT_3D('',#6557,#4327,#4328);
#3583=AXIS2_PLACEMENT_3D('',#6563,#4332,#4333);
#3584=AXIS2_PLACEMENT_3D('',#6569,#4337,#4338);
#3585=AXIS2_PLACEMENT_3D('',#6570,#4339,#4340);
#3586=AXIS2_PLACEMENT_3D('',#6577,#4344,#4345);
#3587=AXIS2_PLACEMENT_3D('',#6625,#4347,#4348);
#3588=AXIS2_PLACEMENT_3D('',#6626,#4349,#4350);
#3589=AXIS2_PLACEMENT_3D('',#6630,#4352,#4353);
#3590=AXIS2_PLACEMENT_3D('',#6762,#4355,#4356);
#3591=AXIS2_PLACEMENT_3D('',#6767,#4357,#4358);
#3592=AXIS2_PLACEMENT_3D('',#6769,#4360,#4361);
#3593=AXIS2_PLACEMENT_3D('',#6771,#4363,#4364);
#3594=AXIS2_PLACEMENT_3D('',#6776,#4365,#4366);
#3595=AXIS2_PLACEMENT_3D('',#6777,#4367,#4368);
#3596=AXIS2_PLACEMENT_3D('',#6783,#4372,#4373);
#3597=AXIS2_PLACEMENT_3D('',#6785,#4375,#4376);
#3598=AXIS2_PLACEMENT_3D('',#6787,#4378,#4379);
#3599=AXIS2_PLACEMENT_3D('',#6789,#4381,#4382);
#3600=AXIS2_PLACEMENT_3D('',#6790,#4383,#4384);
#3601=AXIS2_PLACEMENT_3D('',#6791,#4385,#4386);
#3602=AXIS2_PLACEMENT_3D('',#6792,#4387,#4388);
#3603=AXIS2_PLACEMENT_3D('',#6793,#4389,#4390);
#3604=DIRECTION('',(0.,0.,1.));
#3605=DIRECTION('',(1.,0.,0.));
#3606=DIRECTION('',(1.,0.,0.));
#3607=DIRECTION('',(0.,0.,-1.));
#3608=DIRECTION('',(-1.,0.,0.));
#3609=DIRECTION('',(0.,0.,1.));
#3610=DIRECTION('',(-1.,0.,0.));
#3611=DIRECTION('',(0.,0.,1.));
#3612=DIRECTION('',(-1.,0.,0.));
#3613=DIRECTION('',(0.,0.,1.));
#3614=DIRECTION('',(-1.,0.,0.));
#3615=DIRECTION('',(0.,0.,1.));
#3616=DIRECTION('',(-1.,0.,0.));
#3617=DIRECTION('',(0.,0.,1.));
#3618=DIRECTION('',(-0.707106781186547,0.632455532033679,0.316227766016832));
#3619=DIRECTION('',(0.,-0.447213595499949,0.894427190999921));
#3620=DIRECTION('',(0.707106781186543,0.632455532033695,0.316227766016811));
#3621=DIRECTION('',(0.,-0.447213595499949,0.894427190999921));
#3622=DIRECTION('',(-0.707106781186537,-0.63245553203369,-0.316227766016833));
#3623=DIRECTION('',(0.,0.447213595499949,-0.89442719099992));
#3624=DIRECTION('',(-1.,0.,0.));
#3625=DIRECTION('',(0.,0.,1.));
#3626=DIRECTION('',(-0.707106781186559,0.632455532033673,0.316227766016818));
#3627=DIRECTION('',(-1.,0.,0.));
#3628=DIRECTION('',(0.,0.,1.));
#3629=DIRECTION('',(-1.,0.,0.));
#3630=DIRECTION('',(0.,0.,1.));
#3631=DIRECTION('',(-1.,0.,0.));
#3632=DIRECTION('',(0.,0.,1.));
#3633=DIRECTION('',(0.707106781186565,-0.632455532033665,-0.316227766016821));
#3634=DIRECTION('',(-1.,0.,0.));
#3635=DIRECTION('',(0.,0.,1.));
#3636=DIRECTION('',(-1.,0.,0.));
#3637=DIRECTION('',(0.,0.,1.));
#3638=DIRECTION('',(0.707106781186536,0.63245553203369,0.316227766016836));
#3639=DIRECTION('',(0.,0.447213595499949,-0.894427190999921));
#3640=DIRECTION('',(0.,0.447213595499949,-0.894427190999921));
#3641=DIRECTION('',(0.,-0.447213595499949,0.894427190999921));
#3642=DIRECTION('',(-0.707106781186566,0.63245553203366,0.31622776601683));
#3643=DIRECTION('',(0.,-0.447213595499958,0.894427190999916));
#3644=DIRECTION('',(0.707106781186537,0.632455532033686,0.316227766016843));
#3645=DIRECTION('',(0.,-0.447213595499958,0.894427190999916));
#3646=DIRECTION('',(-0.707106781186537,-0.632455532033686,-0.316227766016843));
#3647=DIRECTION('',(0.,0.447213595499958,-0.894427190999916));
#3648=DIRECTION('',(-1.,0.,0.));
#3649=DIRECTION('',(0.,0.,1.));
#3650=DIRECTION('',(-0.707106781186537,0.632455532033686,0.316227766016843));
#3651=DIRECTION('',(-1.,0.,0.));
#3652=DIRECTION('',(0.,0.,1.));
#3653=DIRECTION('',(-1.,0.,0.));
#3654=DIRECTION('',(0.,0.,1.));
#3655=DIRECTION('',(-1.,0.,0.));
#3656=DIRECTION('',(0.,0.,1.));
#3657=DIRECTION('',(0.707106781186537,-0.632455532033686,-0.316227766016843));
#3658=DIRECTION('',(-1.,0.,0.));
#3659=DIRECTION('',(0.,0.,1.));
#3660=DIRECTION('',(-1.,0.,0.));
#3661=DIRECTION('',(0.,0.,1.));
#3662=DIRECTION('',(0.707106781186554,0.63245553203367,0.316227766016835));
#3663=DIRECTION('',(0.,0.447213595499958,-0.894427190999916));
#3664=DIRECTION('',(0.,0.447213595499958,-0.894427190999916));
#3665=DIRECTION('',(0.,-0.447213595499958,0.894427190999916));
#3666=DIRECTION('',(1.,0.,0.));
#3667=DIRECTION('',(0.,0.,-1.));
#3668=DIRECTION('',(0.707106781186564,0.632455532033661,0.316227766016831));
#3669=DIRECTION('',(-1.,0.,0.));
#3670=DIRECTION('',(0.,0.,1.));
#3671=DIRECTION('',(-0.707106781186553,0.632455532033676,0.316227766016826));
#3672=DIRECTION('',(-1.,0.,0.));
#3673=DIRECTION('',(0.,0.,1.));
#3674=DIRECTION('',(-0.707106781186538,-0.632455532033684,-0.316227766016842));
#3675=DIRECTION('',(0.,0.447213595499958,-0.894427190999916));
#3676=DIRECTION('',(-0.707106781186559,0.632455532033668,0.316227766016828));
#3677=DIRECTION('',(0.,0.447213595499958,-0.894427190999916));
#3678=DIRECTION('',(0.,-0.447213595499958,0.894427190999916));
#3679=DIRECTION('',(0.707106781186526,-0.632455532033695,-0.316227766016848));
#3680=DIRECTION('',(0.,-0.447213595499958,0.894427190999916));
#3681=DIRECTION('',(0.707106781186559,0.632455532033668,0.316227766016828));
#3682=DIRECTION('',(0.,0.447213595499958,-0.894427190999916));
#3683=DIRECTION('',(0.,-0.447213595499958,0.894427190999916));
#3684=DIRECTION('',(1.,0.,0.));
#3685=DIRECTION('',(0.,0.,-1.));
#3686=DIRECTION('',(-1.,0.,0.));
#3687=DIRECTION('',(0.,0.,1.));
#3688=DIRECTION('',(-1.,0.,0.));
#3689=DIRECTION('',(0.,0.,1.));
#3690=DIRECTION('',(1.,0.,0.));
#3691=DIRECTION('',(0.,0.,-1.));
#3692=DIRECTION('',(0.707106781186569,-0.632455532033666,-0.316227766016809));
#3693=DIRECTION('',(-1.,0.,0.));
#3694=DIRECTION('',(0.,0.,1.));
#3695=DIRECTION('',(-0.707106781186553,-0.632455532033676,-0.316227766016826));
#3696=DIRECTION('',(-1.,0.,0.));
#3697=DIRECTION('',(0.,0.,1.));
#3698=DIRECTION('',(0.707106781186541,-0.632455532033685,-0.316227766016834));
#3699=DIRECTION('',(0.,-0.447213595499949,0.894427190999921));
#3700=DIRECTION('',(-0.707106781186553,-0.632455532033676,-0.316227766016826));
#3701=DIRECTION('',(0.,-0.447213595499949,0.894427190999921));
#3702=DIRECTION('',(0.,0.447213595499949,-0.894427190999921));
#3703=DIRECTION('',(-0.707106781186529,-0.632455532033696,-0.31622776601684));
#3704=DIRECTION('',(0.,0.447213595499949,-0.894427190999921));
#3705=DIRECTION('',(0.707106781186553,-0.632455532033676,-0.316227766016826));
#3706=DIRECTION('',(0.,-0.447213595499949,0.89442719099992));
#3707=DIRECTION('',(0.,0.447213595499949,-0.894427190999921));
#3708=DIRECTION('',(1.,0.,0.));
#3709=DIRECTION('',(0.,0.,-1.));
#3710=DIRECTION('',(-1.,0.,0.));
#3711=DIRECTION('',(0.,0.,1.));
#3712=DIRECTION('',(-1.,0.,0.));
#3713=DIRECTION('',(0.,0.,1.));
#3714=DIRECTION('',(0.,-0.89442719099992,-0.447213595499949));
#3715=DIRECTION('',(0.,0.447213595499949,-0.894427190999921));
#3716=DIRECTION('',(1.,0.,0.));
#3717=DIRECTION('',(1.,0.,0.));
#3718=DIRECTION('',(0.,-0.894427190999921,-0.447213595499949));
#3719=DIRECTION('',(0.,0.447213595499949,-0.894427190999921));
#3720=DIRECTION('',(1.,0.,0.));
#3721=DIRECTION('',(1.,0.,0.));
#3722=DIRECTION('',(0.,-0.894427190999916,-0.447213595499958));
#3723=DIRECTION('',(0.,0.447213595499958,-0.894427190999916));
#3724=DIRECTION('',(1.,0.,0.));
#3725=DIRECTION('',(1.,0.,0.));
#3726=DIRECTION('',(0.,-0.894427190999916,-0.447213595499958));
#3727=DIRECTION('',(0.,0.447213595499958,-0.894427190999916));
#3728=DIRECTION('',(1.,0.,0.));
#3729=DIRECTION('',(1.,0.,0.));
#3730=DIRECTION('',(-1.,0.,0.));
#3731=DIRECTION('',(0.,0.,1.));
#3732=DIRECTION('',(-1.,0.,0.));
#3733=DIRECTION('',(0.,1.,0.));
#3734=DIRECTION('',(1.,-6.12323399573677E-17,0.));
#3735=DIRECTION('',(6.12323399573677E-17,1.,0.));
#3736=DIRECTION('',(-1.,0.,0.));
#3737=DIRECTION('',(0.,1.,0.));
#3738=DIRECTION('',(1.,-6.12323399573677E-17,0.));
#3739=DIRECTION('',(6.12323399573677E-17,1.,0.));
#3740=DIRECTION('',(-1.,0.,0.));
#3741=DIRECTION('',(0.,1.,0.));
#3742=DIRECTION('',(1.,-6.12323399573677E-17,0.));
#3743=DIRECTION('',(6.12323399573677E-17,1.,0.));
#3744=DIRECTION('',(1.,-6.12323399573677E-17,0.));
#3745=DIRECTION('',(6.12323399573677E-17,1.,0.));
#3746=DIRECTION('',(1.,-6.12323399573677E-17,0.));
#3747=DIRECTION('',(6.12323399573677E-17,1.,0.));
#3748=DIRECTION('',(1.,-6.12323399573677E-17,0.));
#3749=DIRECTION('',(6.12323399573677E-17,1.,0.));
#3750=DIRECTION('',(1.,-6.12323399573677E-17,0.));
#3751=DIRECTION('',(6.12323399573677E-17,1.,0.));
#3752=DIRECTION('',(1.,-6.12323399573677E-17,0.));
#3753=DIRECTION('',(6.12323399573677E-17,1.,0.));
#3754=DIRECTION('',(1.,-6.12323399573677E-17,0.));
#3755=DIRECTION('',(6.12323399573677E-17,1.,0.));
#3756=DIRECTION('',(0.707106781186548,-0.707106781186548,0.));
#3757=DIRECTION('',(0.,0.,-1.));
#3758=DIRECTION('',(0.707106781186548,0.707106781186548,0.));
#3759=DIRECTION('',(0.,0.,1.));
#3760=DIRECTION('',(-0.707106781186548,-0.707106781186548,0.));
#3761=DIRECTION('',(0.,0.,-1.));
#3762=DIRECTION('',(0.707106781186548,0.,-0.707106781186548));
#3763=DIRECTION('',(-0.707106781187357,0.,-0.707106781185738));
#3764=DIRECTION('',(0.707106781186548,0.,0.707106781186548));
#3765=DIRECTION('',(0.,-1.,0.));
#3766=DIRECTION('',(-0.707106781186548,0.,0.707106781186548));
#3767=DIRECTION('',(0.,-1.,0.));
#3768=DIRECTION('',(0.,1.,0.));
#3769=DIRECTION('',(-0.707106781186548,0.,0.707106781186548));
#3770=DIRECTION('',(0.,1.,0.));
#3771=DIRECTION('',(0.707106781187357,0.,0.707106781185738));
#3772=DIRECTION('',(0.,-1.,0.));
#3773=DIRECTION('',(0.,1.,0.));
#3774=DIRECTION('',(0.707106781186548,-0.707106781186548,0.));
#3775=DIRECTION('',(-0.707106781186566,0.707106781186529,0.));
#3776=DIRECTION('',(-0.707106781186548,-0.707106781186548,0.));
#3777=DIRECTION('',(0.,0.,1.));
#3778=DIRECTION('',(0.,0.,-1.));
#3779=DIRECTION('',(0.,0.,1.));
#3780=DIRECTION('',(-0.707106781186548,-0.707106781186548,0.));
#3781=DIRECTION('',(0.,0.,1.));
#3782=DIRECTION('',(0.577350269189626,-0.577350269189626,-0.577350269189626));
#3783=DIRECTION('',(0.,0.,-1.));
#3784=DIRECTION('',(0.577350269189626,-0.577350269189626,-0.577350269189625));
#3785=DIRECTION('',(0.,0.,1.));
#3786=DIRECTION('',(-0.707106781186548,0.,-0.707106781186548));
#3787=DIRECTION('',(-3.06161699786838E-17,-1.,3.06161699786838E-17));
#3788=DIRECTION('',(-0.577350269189626,-0.577350269189626,0.577350269189626));
#3789=DIRECTION('',(6.12323399573677E-17,1.,0.));
#3790=DIRECTION('',(-6.12323399573677E-17,-1.,0.));
#3791=DIRECTION('',(0.707106781186548,-0.707106781186548,0.));
#3792=DIRECTION('',(0.,0.,-1.));
#3793=DIRECTION('',(0.577350269189626,0.577350269189626,-0.577350269189625));
#3794=DIRECTION('',(0.,0.,1.));
#3795=DIRECTION('',(0.,0.,-1.));
#3796=DIRECTION('',(-0.707106781186548,-0.5,0.5));
#3797=DIRECTION('',(4.32978028117747E-17,0.707106781186548,0.707106781186548));
#3798=DIRECTION('',(-0.678598344545846,0.281084637714825,-0.678598344545846));
#3799=DIRECTION('',(-4.32978028117747E-17,-0.707106781186548,-0.707106781186548));
#3800=DIRECTION('',(0.678598344545846,-0.678598344545846,0.281084637714825));
#3801=DIRECTION('',(4.32978028117747E-17,0.707106781186548,0.707106781186548));
#3802=DIRECTION('',(0.707106781186548,0.707106781186548,0.));
#3803=DIRECTION('',(0.,0.,1.));
#3804=DIRECTION('',(-0.577350269189626,0.577350269189626,0.577350269189625));
#3805=DIRECTION('',(0.,0.,1.));
#3806=DIRECTION('',(0.,0.,-1.));
#3807=DIRECTION('',(-0.707106781186548,0.5,0.5));
#3808=DIRECTION('',(4.32978028117747E-17,0.707106781186548,-0.707106781186548));
#3809=DIRECTION('',(0.678598344545847,0.678598344545847,0.281084637714821));
#3810=DIRECTION('',(-4.32978028117747E-17,-0.707106781186548,0.707106781186548));
#3811=DIRECTION('',(0.678598344545847,0.281084637714822,0.678598344545847));
#3812=DIRECTION('',(4.32978028117747E-17,0.707106781186548,-0.707106781186548));
#3813=DIRECTION('',(-0.707106781186548,0.707106781186548,0.));
#3814=DIRECTION('',(0.,0.,-1.));
#3815=DIRECTION('',(-0.577350269189626,-0.577350269189626,0.577350269189625));
#3816=DIRECTION('',(0.,0.,1.));
#3817=DIRECTION('',(0.,0.,-1.));
#3818=DIRECTION('',(-0.707106781186548,0.,-0.707106781186548));
#3819=DIRECTION('',(0.,-1.,0.));
#3820=DIRECTION('',(-0.707106781186548,4.32978028117747E-17,0.707106781186547));
#3821=DIRECTION('',(-6.12323399573677E-17,-1.,0.));
#3822=DIRECTION('',(0.707106781186548,-4.32978028117747E-17,-0.707106781186547));
#3823=DIRECTION('',(0.,1.,0.));
#3824=DIRECTION('',(-0.707106781186548,0.,-0.707106781186548));
#3825=DIRECTION('',(0.,-1.,0.));
#3826=DIRECTION('',(-6.12323399573677E-17,-1.,0.));
#3827=DIRECTION('',(0.707106781186548,-4.32978028117747E-17,-0.707106781186547));
#3828=DIRECTION('',(0.,1.,0.));
#3829=DIRECTION('',(-0.707106781186548,4.32978028117747E-17,0.707106781186547));
#3830=DIRECTION('',(-0.707106781186548,0.,0.707106781186548));
#3831=DIRECTION('',(0.,1.,0.));
#3832=DIRECTION('',(6.12323399573677E-17,1.,0.));
#3833=DIRECTION('',(0.577350269189626,-0.577350269189626,0.577350269189626));
#3834=DIRECTION('',(0.,-1.,0.));
#3835=DIRECTION('',(-0.577350269189626,-0.577350269189626,-0.577350269189626));
#3836=DIRECTION('',(1.,-6.12323399573677E-17,0.));
#3837=DIRECTION('',(6.12323399573677E-17,1.,0.));
#3838=DIRECTION('',(-6.12323399573677E-17,-1.,0.));
#3839=DIRECTION('',(1.,-6.12323399573677E-17,0.));
#3840=DIRECTION('',(-1.,6.12323399573677E-17,0.));
#3841=DIRECTION('',(0.,0.,1.));
#3842=DIRECTION('',(4.32978028117746E-17,0.707106781186548,-0.707106781186548));
#3843=DIRECTION('',(0.,0.707106781186548,0.707106781186548));
#3844=DIRECTION('',(0.,-0.707106781186548,-0.707106781186548));
#3845=DIRECTION('',(-6.12323399573677E-17,-1.,0.));
#3846=DIRECTION('',(1.,-6.12323399573677E-17,0.));
#3847=DIRECTION('',(-1.,6.12323399573677E-17,0.));
#3848=DIRECTION('',(0.,0.,1.));
#3849=DIRECTION('',(0.,-0.707106781186548,-0.707106781186548));
#3850=DIRECTION('',(1.,0.,0.));
#3851=DIRECTION('',(1.,0.,0.));
#3852=DIRECTION('',(-0.577350269189626,-0.577350269189626,0.577350269189626));
#3853=DIRECTION('',(0.,-0.707106781186548,0.707106781186548));
#3854=DIRECTION('',(-1.,0.,0.));
#3855=DIRECTION('',(-1.,0.,0.));
#3856=DIRECTION('',(1.,0.,0.));
#3857=DIRECTION('',(-0.707106781186548,0.,0.707106781186548));
#3858=DIRECTION('',(0.707106781186548,0.707106781186548,0.));
#3859=DIRECTION('',(0.,0.,1.));
#3860=DIRECTION('',(0.,1.,0.));
#3861=DIRECTION('',(0.,2.89120579329468E-16,1.));
#3862=DIRECTION('',(0.,0.,-1.));
#3863=DIRECTION('',(-1.,0.,0.));
#3864=DIRECTION('',(0.,2.89120579329468E-16,1.));
#3865=DIRECTION('',(0.,0.,-1.));
#3866=DIRECTION('',(-1.,0.,0.));
#3867=DIRECTION('',(0.,0.707106781186548,-0.707106781186548));
#3868=DIRECTION('',(-1.,0.,0.));
#3869=DIRECTION('',(1.,0.,0.));
#3870=DIRECTION('',(0.,-0.707106781186548,-0.707106781186548));
#3871=DIRECTION('',(-0.577350269189626,-0.577350269189626,-0.577350269189626));
#3872=DIRECTION('',(-1.,0.,0.));
#3873=DIRECTION('',(-0.707106781186548,0.707106781186548,0.));
#3874=DIRECTION('',(0.,0.,-1.));
#3875=DIRECTION('',(0.,0.,-1.));
#3876=DIRECTION('',(-0.707106781186548,-0.707106781186548,0.));
#3877=DIRECTION('',(0.,0.,1.));
#3878=DIRECTION('',(-1.,0.,0.));
#3879=DIRECTION('',(1.,0.,0.));
#3880=DIRECTION('',(0.707106781186548,0.,0.707106781186548));
#3881=DIRECTION('',(-0.707106781186548,0.707106781186548,0.));
#3882=DIRECTION('',(-1.,0.,0.));
#3883=DIRECTION('',(1.,0.,0.));
#3884=DIRECTION('',(1.,0.,0.));
#3885=DIRECTION('',(-1.,0.,0.));
#3886=DIRECTION('',(0.707106781186548,0.707106781186548,0.));
#3887=DIRECTION('',(0.,0.,1.));
#3888=DIRECTION('',(0.577350269189633,-0.577350269189633,0.577350269189612));
#3889=DIRECTION('',(0.,0.,-1.));
#3890=DIRECTION('',(0.707106781186548,-0.707106781186548,0.));
#3891=DIRECTION('',(0.,0.,1.));
#3892=DIRECTION('',(0.,0.707106781186548,0.707106781186548));
#3893=DIRECTION('',(1.,0.,0.));
#3894=DIRECTION('',(1.,0.,0.));
#3895=DIRECTION('',(0.,0.70710678118656,-0.707106781186535));
#3896=DIRECTION('',(-1.,0.,0.));
#3897=DIRECTION('',(0.,0.,-1.));
#3898=DIRECTION('',(-1.,0.,0.));
#3899=DIRECTION('',(0.,0.,-1.));
#3900=DIRECTION('',(0.,0.,1.));
#3901=DIRECTION('',(1.,0.,0.));
#3902=DIRECTION('',(0.,0.,-1.));
#3903=DIRECTION('',(0.,0.,-1.));
#3904=DIRECTION('',(-1.,0.,0.));
#3905=DIRECTION('',(0.,0.707106781186548,-0.707106781186548));
#3906=DIRECTION('',(-1.,0.,0.));
#3907=DIRECTION('',(0.,-0.707106781186535,-0.70710678118656));
#3908=DIRECTION('',(-0.577350269189592,0.577350269189633,0.577350269189653));
#3909=DIRECTION('',(-1.,0.,0.));
#3910=DIRECTION('',(1.,0.,0.));
#3911=DIRECTION('',(-0.707106781186548,0.707106781186548,0.));
#3912=DIRECTION('',(0.707106781186548,0.,-0.707106781186548));
#3913=DIRECTION('',(0.707106781186548,0.707106781186548,0.));
#3914=DIRECTION('',(-0.707106781186548,0.,-0.707106781186548));
#3915=DIRECTION('',(-0.707106781186548,0.,0.707106781186548));
#3916=DIRECTION('',(0.,1.,0.));
#3917=DIRECTION('',(0.,-1.,0.));
#3918=DIRECTION('',(0.,1.,0.));
#3919=DIRECTION('',(0.707106781186548,0.,0.707106781186548));
#3920=DIRECTION('',(0.,-1.,0.));
#3921=DIRECTION('',(0.,-1.,0.));
#3922=DIRECTION('',(0.,1.,0.));
#3923=DIRECTION('',(0.,0.,-1.));
#3924=DIRECTION('',(-1.,0.,0.));
#3925=DIRECTION('',(0.,-1.,0.));
#3926=DIRECTION('',(0.,0.,-1.));
#3927=DIRECTION('',(0.,-1.,0.));
#3928=DIRECTION('',(0.,1.,-1.20676415720126E-16));
#3929=DIRECTION('',(1.,0.,0.));
#3930=DIRECTION('',(0.,1.,7.2280144832367E-17));
#3931=DIRECTION('',(-1.,0.,0.));
#3932=DIRECTION('',(0.,1.,-1.20676415720126E-16));
#3933=DIRECTION('',(0.,1.,-1.20676415720126E-16));
#3934=DIRECTION('',(0.,0.,-1.));
#3935=DIRECTION('',(-1.,0.,0.));
#3936=DIRECTION('',(0.,0.,1.));
#3937=DIRECTION('',(1.,0.,0.));
#3938=DIRECTION('',(0.,-1.,0.));
#3939=DIRECTION('',(-0.707106781186548,-0.707106781186548,0.));
#3940=DIRECTION('',(0.,1.,0.));
#3941=DIRECTION('',(-0.5,0.5,0.707106781186546));
#3942=DIRECTION('',(-0.707106781186548,-0.707106781186548,0.));
#3943=DIRECTION('',(0.67859834454585,-0.281084637714805,0.67859834454585));
#3944=DIRECTION('',(-0.707106781186548,-0.707106781186548,0.));
#3945=DIRECTION('',(0.,0.816496580927721,-0.577350269189633));
#3946=DIRECTION('',(-0.707106781186548,0.707106781186548,0.));
#3947=DIRECTION('',(0.,0.,-1.));
#3948=DIRECTION('',(0.,0.,1.));
#3949=DIRECTION('',(0.,0.,1.));
#3950=DIRECTION('',(0.707106781186548,0.707106781186548,0.));
#3951=DIRECTION('',(-0.500000000000007,0.500000000000007,-0.707106781186537));
#3952=DIRECTION('',(0.707106781186548,0.707106781186548,0.));
#3953=DIRECTION('',(0.,-0.816496580927718,-0.577350269189637));
#3954=DIRECTION('',(0.678598344545852,-0.281084637714795,-0.678598344545852));
#3955=DIRECTION('',(0.707106781186548,0.707106781186548,0.));
#3956=DIRECTION('',(0.,0.,-1.));
#3957=DIRECTION('',(0.,-1.,0.));
#3958=DIRECTION('',(0.,0.,-1.));
#3959=DIRECTION('',(-1.,0.,0.));
#3960=DIRECTION('',(0.,1.,0.));
#3961=DIRECTION('',(0.,1.,0.));
#3962=DIRECTION('',(-0.707106781186548,0.,0.707106781186548));
#3963=DIRECTION('',(-0.707106781186548,-8.53311118849876E-17,-0.707106781186548));
#3964=DIRECTION('',(0.,1.,-1.20676415720126E-16));
#3965=DIRECTION('',(0.577350269189625,0.577350269189628,-0.577350269189625));
#3966=DIRECTION('',(0.,-1.,1.20676415720126E-16));
#3967=DIRECTION('',(0.,0.707106781186548,0.707106781186548));
#3968=DIRECTION('',(1.,0.,0.));
#3969=DIRECTION('',(1.,0.,0.));
#3970=DIRECTION('',(0.,0.707106781186549,-0.707106781186546));
#3971=DIRECTION('',(0.,1.,7.2280144832367E-17));
#3972=DIRECTION('',(0.,7.2280144832367E-17,-1.));
#3973=DIRECTION('',(0.,-7.2280144832367E-17,1.));
#3974=DIRECTION('',(0.,1.,7.2280144832367E-17));
#3975=DIRECTION('',(0.,-7.2280144832367E-17,1.));
#3976=DIRECTION('',(0.,7.2280144832367E-17,-1.));
#3977=DIRECTION('',(-0.707106781186547,5.11097805561125E-17,-0.707106781186548));
#3978=DIRECTION('',(0.5,0.707106781186546,-0.5));
#3979=DIRECTION('',(0.707106781186547,-5.11097805561125E-17,0.707106781186548));
#3980=DIRECTION('',(0.,-0.57735026918963,-0.816496580927723));
#3981=DIRECTION('',(-0.678598344545848,0.67859834454585,0.281084637714811));
#3982=DIRECTION('',(-0.707106781186547,5.11097805561125E-17,-0.707106781186548));
#3983=DIRECTION('',(-0.707106781186548,0.,0.707106781186548));
#3984=DIRECTION('',(0.,1.,0.));
#3985=DIRECTION('',(0.,-1.,0.));
#3986=DIRECTION('',(0.707106781186547,0.,0.707106781186548));
#3987=DIRECTION('',(0.,-1.,0.));
#3988=DIRECTION('',(-0.5,0.707106781186549,0.5));
#3989=DIRECTION('',(0.707106781186547,0.,0.707106781186548));
#3990=DIRECTION('',(0.,0.57735026918962,-0.81649658092773));
#3991=DIRECTION('',(0.678598344545838,0.678598344545847,-0.281084637714842));
#3992=DIRECTION('',(0.707106781186547,0.,0.707106781186548));
#3993=DIRECTION('',(0.,1.,0.));
#3994=DIRECTION('',(0.,0.,-1.));
#3995=DIRECTION('',(0.,1.,0.));
#3996=DIRECTION('',(0.,0.,1.));
#3997=DIRECTION('',(-1.,0.,0.));
#3998=DIRECTION('',(0.,0.,1.));
#3999=DIRECTION('',(0.,0.,1.));
#4000=DIRECTION('',(0.,0.707106781186548,-0.707106781186548));
#4001=DIRECTION('',(-1.,0.,0.));
#4002=DIRECTION('',(0.577350269189625,-0.577350269189628,-0.577350269189625));
#4003=DIRECTION('',(0.,-0.70710678118655,-0.707106781186545));
#4004=DIRECTION('',(-0.707106781186548,-8.53311118849876E-17,-0.707106781186548));
#4005=DIRECTION('',(0.,1.,-1.20676415720126E-16));
#4006=DIRECTION('',(0.707106781186548,0.,-0.707106781186548));
#4007=DIRECTION('',(0.,-1.,1.20676415720126E-16));
#4008=DIRECTION('',(0.,0.,-1.));
#4009=DIRECTION('',(0.,-1.,0.));
#4010=DIRECTION('',(0.,1.,-2.89120579329468E-16));
#4011=DIRECTION('',(0.,-2.89120579329468E-16,-1.));
#4012=DIRECTION('',(0.,1.,-2.89120579329468E-16));
#4013=DIRECTION('',(0.,1.,-2.89120579329468E-16));
#4014=DIRECTION('',(-0.707106781186548,0.707106781186548,-2.0443912222445E-16));
#4015=DIRECTION('',(0.500000000000007,0.500000000000007,0.707106781186538));
#4016=DIRECTION('',(-0.707106781186548,0.707106781186548,-2.0443912222445E-16));
#4017=DIRECTION('',(-0.678598344545855,-0.281084637714792,0.678598344545851));
#4018=DIRECTION('',(0.707106781186548,-0.707106781186548,2.0443912222445E-16));
#4019=DIRECTION('',(0.,0.816496580927719,-0.577350269189636));
#4020=DIRECTION('',(0.707106781186548,0.707106781186548,0.));
#4021=DIRECTION('',(0.,0.,1.));
#4022=DIRECTION('',(-0.707106781186548,0.707106781186548,0.));
#4023=DIRECTION('',(0.,0.,-1.));
#4024=DIRECTION('',(0.,0.,-1.));
#4025=DIRECTION('',(-0.500000000000008,-0.500000000000008,0.707106781186537));
#4026=DIRECTION('',(-0.707106781186548,0.707106781186548,0.));
#4027=DIRECTION('',(0.678598344545853,0.281084637714794,0.678598344545853));
#4028=DIRECTION('',(0.707106781186548,-0.707106781186548,0.));
#4029=DIRECTION('',(0.,0.816496580927718,0.577350269189638));
#4030=DIRECTION('',(0.,0.,-1.));
#4031=DIRECTION('',(-1.,0.,0.));
#4032=DIRECTION('',(0.,0.,-1.));
#4033=DIRECTION('',(-1.,0.,0.));
#4034=DIRECTION('',(0.,-1.,0.));
#4035=DIRECTION('',(0.,-1.,0.));
#4036=DIRECTION('',(0.,0.,1.));
#4037=DIRECTION('',(1.,0.,0.));
#4038=DIRECTION('',(1.,0.,0.));
#4039=DIRECTION('',(0.,-1.,0.));
#4040=DIRECTION('',(0.,1.,0.));
#4041=DIRECTION('',(0.,-1.,2.89120579329468E-16));
#4042=DIRECTION('',(0.,0.,-1.));
#4043=DIRECTION('',(-1.,0.,0.));
#4044=DIRECTION('',(0.,0.,-1.));
#4045=DIRECTION('',(-1.,0.,0.));
#4046=DIRECTION('',(1.,0.,0.));
#4047=DIRECTION('',(0.,-1.,0.));
#4048=DIRECTION('',(0.,1.,0.));
#4049=DIRECTION('',(0.,-1.,0.));
#4050=DIRECTION('',(0.,0.,1.));
#4051=DIRECTION('',(1.,0.,0.));
#4052=DIRECTION('',(0.,1.,7.2280144832367E-17));
#4053=DIRECTION('',(0.,7.2280144832367E-17,-1.));
#4054=DIRECTION('',(0.,1.,7.2280144832367E-17));
#4055=DIRECTION('',(0.,1.,0.));
#4056=DIRECTION('',(0.,0.,1.));
#4057=DIRECTION('',(0.,1.,0.));
#4058=DIRECTION('',(0.,0.,1.));
#4059=DIRECTION('',(-0.707106781186548,0.,0.707106781186548));
#4060=DIRECTION('',(0.,1.,0.));
#4061=DIRECTION('',(0.707106781186548,0.,0.707106781186548));
#4062=DIRECTION('',(-1.44560289664734E-16,-1.,1.44560289664734E-16));
#4063=DIRECTION('',(0.,-1.,0.));
#4064=DIRECTION('',(0.,0.,-1.));
#4065=DIRECTION('',(-0.707106781186548,-0.707106781186548,0.));
#4066=DIRECTION('',(3.61400724161835E-17,-3.61400724161835E-17,1.));
#4067=DIRECTION('',(0.,-7.2280144832367E-17,1.));
#4068=DIRECTION('',(1.,0.,0.));
#4069=DIRECTION('',(0.,-1.,0.));
#4070=DIRECTION('',(0.,0.,-1.));
#4071=DIRECTION('',(0.707106781186548,-0.707106781186548,0.));
#4072=DIRECTION('',(0.,0.,-1.));
#4073=DIRECTION('',(0.,1.,0.));
#4074=DIRECTION('',(0.,0.,1.));
#4075=DIRECTION('',(0.707106781186548,0.,0.707106781186548));
#4076=DIRECTION('',(-1.44560289664734E-16,-1.,1.44560289664734E-16));
#4077=DIRECTION('',(-0.707106781186548,0.,0.707106781186548));
#4078=DIRECTION('',(0.,1.,0.));
#4079=DIRECTION('',(0.707106781186548,-0.707106781186548,0.));
#4080=DIRECTION('',(-0.707106781186546,0.,0.707106781186549));
#4081=DIRECTION('',(-0.707106781186542,-0.707106781186554,0.));
#4082=DIRECTION('',(0.707106781186546,0.,0.707106781186549));
#4083=DIRECTION('',(-0.707106781186548,0.707106781186548,0.));
#4084=DIRECTION('',(0.,0.,-1.));
#4085=DIRECTION('',(-0.577350269189624,-0.577350269189624,-0.577350269189629));
#4086=DIRECTION('',(0.,0.,-1.));
#4087=DIRECTION('',(0.,0.,1.));
#4088=DIRECTION('',(0.,0.707106781186548,-0.707106781186548));
#4089=DIRECTION('',(-1.,0.,0.));
#4090=DIRECTION('',(1.,0.,0.));
#4091=DIRECTION('',(0.,-0.707106781186545,-0.707106781186551));
#4092=DIRECTION('',(-1.,0.,0.));
#4093=DIRECTION('',(0.,0.,-1.));
#4094=DIRECTION('',(-1.,0.,0.));
#4095=DIRECTION('',(0.,-1.,0.));
#4096=DIRECTION('',(0.,0.,-1.));
#4097=DIRECTION('',(-1.,0.,0.));
#4098=DIRECTION('',(0.,1.,0.));
#4099=DIRECTION('',(-0.707106781186548,0.707106781186548,0.));
#4100=DIRECTION('',(0.500000000000007,0.500000000000007,0.707106781186538));
#4101=DIRECTION('',(0.707106781186548,-0.707106781186548,0.));
#4102=DIRECTION('',(-0.678598344545848,-0.281084637714804,0.678598344545853));
#4103=DIRECTION('',(0.707106781186548,-0.707106781186548,0.));
#4104=DIRECTION('',(0.,0.816496580927719,-0.577350269189636));
#4105=DIRECTION('',(0.707106781186548,0.707106781186548,0.));
#4106=DIRECTION('',(0.,0.,1.));
#4107=DIRECTION('',(0.,0.,-1.));
#4108=DIRECTION('',(0.,0.,-1.));
#4109=DIRECTION('',(-0.707106781186548,0.707106781186548,0.));
#4110=DIRECTION('',(-0.5,-0.5,0.707106781186546));
#4111=DIRECTION('',(0.707106781186548,-0.707106781186548,0.));
#4112=DIRECTION('',(0.67859834454585,0.281084637714805,0.67859834454585));
#4113=DIRECTION('',(0.707106781186548,-0.707106781186548,0.));
#4114=DIRECTION('',(0.,0.816496580927721,0.577350269189633));
#4115=DIRECTION('',(0.,0.,-1.));
#4116=DIRECTION('',(-1.,0.,0.));
#4117=DIRECTION('',(0.,0.,-1.));
#4118=DIRECTION('',(-1.,0.,0.));
#4119=DIRECTION('',(-1.,0.,0.));
#4120=DIRECTION('',(0.,1.,0.));
#4121=DIRECTION('',(0.,-1.,0.));
#4122=DIRECTION('',(0.,-0.707106781186548,-0.707106781186548));
#4123=DIRECTION('',(1.,0.,0.));
#4124=DIRECTION('',(1.,0.,0.));
#4125=DIRECTION('',(-0.577350269189626,-0.577350269189626,0.577350269189626));
#4126=DIRECTION('',(0.,-0.707106781186548,0.707106781186548));
#4127=DIRECTION('',(-0.707106781186548,0.707106781186548,0.));
#4128=DIRECTION('',(0.,0.,-1.));
#4129=DIRECTION('',(0.707106781186548,0.707106781186548,0.));
#4130=DIRECTION('',(0.,0.,-1.));
#4131=DIRECTION('',(0.,0.,1.));
#4132=DIRECTION('',(-0.707106781186548,0.,-0.707106781186548));
#4133=DIRECTION('',(-1.,0.,0.));
#4134=DIRECTION('',(1.,0.,0.));
#4135=DIRECTION('',(0.,1.,0.));
#4136=DIRECTION('',(0.,0.,-1.));
#4137=DIRECTION('',(0.,0.,-1.));
#4138=DIRECTION('',(-0.707106781186548,0.707106781186548,0.));
#4139=DIRECTION('',(0.,0.,-1.));
#4140=DIRECTION('',(0.,0.,-1.));
#4141=DIRECTION('',(0.,0.,1.));
#4142=DIRECTION('',(-1.,0.,0.));
#4143=DIRECTION('',(1.,0.,0.));
#4144=DIRECTION('',(0.,1.,0.));
#4145=DIRECTION('',(0.,0.,-1.));
#4146=DIRECTION('',(0.,0.,1.));
#4147=DIRECTION('',(0.,2.89120579329468E-16,1.));
#4148=DIRECTION('',(-0.707106781186548,-0.707106781186548,0.));
#4149=DIRECTION('',(0.,0.,-1.));
#4150=DIRECTION('',(0.,0.,-1.));
#4151=DIRECTION('',(0.,0.,1.));
#4152=DIRECTION('',(0.,0.,-1.));
#4153=DIRECTION('',(-1.,0.,0.));
#4154=DIRECTION('',(0.,0.,-1.));
#4155=DIRECTION('',(-1.,0.,0.));
#4156=DIRECTION('',(0.707106781186548,0.,0.707106781186548));
#4157=DIRECTION('',(0.,-1.,0.));
#4158=DIRECTION('',(0.,-1.,0.));
#4159=DIRECTION('',(1.,0.,0.));
#4160=DIRECTION('',(0.,-1.,0.));
#4161=DIRECTION('',(0.,2.89120579329468E-16,1.));
#4162=DIRECTION('',(0.,1.,0.));
#4163=DIRECTION('',(-0.707106781186548,0.,0.707106781186548));
#4164=DIRECTION('',(0.,1.,0.));
#4165=DIRECTION('',(0.,0.,1.));
#4166=DIRECTION('',(1.,0.,0.));
#4167=DIRECTION('',(0.,0.,-1.));
#4168=DIRECTION('',(-1.,0.,0.));
#4169=DIRECTION('',(0.,0.,1.));
#4170=DIRECTION('',(0.,1.,0.));
#4171=DIRECTION('',(0.707106781186548,0.,-0.707106781186548));
#4172=DIRECTION('',(-0.707106781186548,0.,-0.707106781186548));
#4173=DIRECTION('',(-0.707106781186546,0.,-0.707106781186549));
#4174=DIRECTION('',(0.,-1.,0.));
#4175=DIRECTION('',(0.,-1.,0.));
#4176=DIRECTION('',(0.,0.,-1.));
#4177=DIRECTION('',(-1.,0.,0.));
#4178=DIRECTION('',(0.,0.,-1.));
#4179=DIRECTION('',(0.,0.,1.));
#4180=DIRECTION('',(1.,0.,0.));
#4181=DIRECTION('',(0.,0.,-1.));
#4182=DIRECTION('',(0.,0.,-1.));
#4183=DIRECTION('',(-1.,0.,0.));
#4184=DIRECTION('',(1.,0.,0.));
#4185=DIRECTION('',(0.,-1.,0.));
#4186=DIRECTION('',(0.,-1.,0.));
#4187=DIRECTION('',(0.,0.,1.));
#4188=DIRECTION('',(0.,1.,0.));
#4189=DIRECTION('',(-0.707106781186548,0.707106781186548,0.));
#4190=DIRECTION('',(0.,0.,-1.));
#4191=DIRECTION('',(0.707106781186548,0.707106781186548,0.));
#4192=DIRECTION('',(0.,0.,1.));
#4193=DIRECTION('',(-0.707106781186548,-0.707106781186548,0.));
#4194=DIRECTION('',(-1.,0.,0.));
#4195=DIRECTION('',(1.,0.,0.));
#4196=DIRECTION('',(0.,1.,0.));
#4197=DIRECTION('',(0.,0.,-1.));
#4198=DIRECTION('',(0.,0.,-1.));
#4199=DIRECTION('',(-1.,0.,0.));
#4200=DIRECTION('',(1.,0.,0.));
#4201=DIRECTION('',(0.,1.,0.));
#4202=DIRECTION('',(0.,0.,-1.));
#4203=DIRECTION('',(0.,0.,1.));
#4204=DIRECTION('',(0.,0.,-1.));
#4205=DIRECTION('',(1.,0.,0.));
#4206=DIRECTION('',(-1.,0.,0.));
#4207=DIRECTION('',(0.,0.,-1.));
#4208=DIRECTION('',(-0.707106781186548,-0.707106781186548,0.));
#4209=DIRECTION('',(0.,0.,-1.));
#4210=DIRECTION('',(0.707106781186548,-0.707106781186548,0.));
#4211=DIRECTION('',(0.,0.,-1.));
#4212=DIRECTION('',(0.,0.,1.));
#4213=DIRECTION('',(-0.707106781186548,0.,-0.707106781186548));
#4214=DIRECTION('',(-0.707106781186548,0.707106781186548,0.));
#4215=DIRECTION('',(0.,0.,-1.));
#4216=DIRECTION('',(-0.707106781186542,-0.707106781186554,0.));
#4217=DIRECTION('',(0.,0.,-1.));
#4218=DIRECTION('',(0.,0.,1.));
#4219=DIRECTION('',(0.707106781186542,0.,-0.707106781186554));
#4220=DIRECTION('',(0.,0.,-1.));
#4221=DIRECTION('',(-1.,0.,0.));
#4222=DIRECTION('',(0.,1.,0.));
#4223=DIRECTION('',(1.,0.,0.));
#4224=DIRECTION('',(0.,0.,-1.));
#4225=DIRECTION('',(-1.,0.,0.));
#4226=DIRECTION('',(0.,-1.,0.));
#4227=DIRECTION('',(-0.707106781186548,-0.707106781186548,0.));
#4228=DIRECTION('',(0.,0.,-1.));
#4229=DIRECTION('',(-1.,0.,0.));
#4230=DIRECTION('',(0.,1.,0.));
#4231=DIRECTION('',(0.,0.,1.));
#4232=DIRECTION('',(1.,0.,0.));
#4233=DIRECTION('',(-1.,0.,0.));
#4234=DIRECTION('',(0.,1.,0.));
#4235=DIRECTION('',(0.707106781186548,0.707106781186548,0.));
#4236=DIRECTION('',(0.707106781186548,0.,0.707106781186548));
#4237=DIRECTION('',(0.,-1.,0.));
#4238=DIRECTION('',(-0.678598344545849,0.281084637714796,0.678598344545855));
#4239=DIRECTION('',(0.500000000000009,-0.500000000000009,0.707106781186535));
#4240=DIRECTION('',(0.707106781186548,0.707106781186548,0.));
#4241=DIRECTION('',(0.,0.816496580927717,0.577350269189639));
#4242=DIRECTION('',(0.500000000000007,-0.500000000000007,-0.707106781186537));
#4243=DIRECTION('',(0.707106781186548,0.707106781186548,0.));
#4244=DIRECTION('',(0.,-0.816496580927718,0.577350269189637));
#4245=DIRECTION('',(-0.678598344545852,0.281084637714795,-0.678598344545852));
#4246=DIRECTION('',(-0.707106781186548,0.,0.707106781186548));
#4247=DIRECTION('',(0.,1.,0.));
#4248=DIRECTION('',(0.,-0.707106781186548,-0.707106781186548));
#4249=DIRECTION('',(1.,0.,0.));
#4250=DIRECTION('',(0.,-0.707106781186545,0.707106781186551));
#4251=DIRECTION('',(-0.577350269189597,0.577350269189637,-0.577350269189642));
#4252=DIRECTION('',(0.,0.,-1.));
#4253=DIRECTION('',(-1.,0.,0.));
#4254=DIRECTION('',(0.,0.,1.));
#4255=DIRECTION('',(1.,0.,0.));
#4256=DIRECTION('',(0.,-0.707106781186548,0.707106781186548));
#4257=DIRECTION('',(-1.,0.,0.));
#4258=DIRECTION('',(0.,0.707106781186548,0.707106781186548));
#4259=DIRECTION('',(0.577350269189626,-0.577350269189626,-0.577350269189626));
#4260=DIRECTION('',(0.707106781186548,0.707106781186548,0.));
#4261=DIRECTION('',(0.,0.,1.));
#4262=DIRECTION('',(0.,0.,1.));
#4263=DIRECTION('',(0.707106781186548,0.707106781186548,0.));
#4264=DIRECTION('',(0.,0.,1.));
#4265=DIRECTION('',(0.,0.,1.));
#4266=DIRECTION('',(-0.707106781186548,0.707106781186548,0.));
#4267=DIRECTION('',(0.707106781186548,0.,0.707106781186548));
#4268=DIRECTION('',(-1.,0.,0.));
#4269=DIRECTION('',(0.,1.,0.));
#4270=DIRECTION('',(0.,-1.,0.));
#4271=DIRECTION('',(0.,-1.,0.));
#4272=DIRECTION('',(0.707106781186548,-8.53311118849876E-17,-0.707106781186548));
#4273=DIRECTION('',(0.,-1.,1.20676415720126E-16));
#4274=DIRECTION('',(0.,-1.,1.20676415720126E-16));
#4275=DIRECTION('',(-0.577350269189625,0.577350269189628,-0.577350269189625));
#4276=DIRECTION('',(0.,1.,-1.20676415720126E-16));
#4277=DIRECTION('',(0.707106781186548,-8.53311118849876E-17,-0.707106781186548));
#4278=DIRECTION('',(0.,-1.,1.20676415720126E-16));
#4279=DIRECTION('',(0.,1.,-1.20676415720126E-16));
#4280=DIRECTION('',(-0.577350269189626,-0.577350269189626,-0.577350269189626));
#4281=DIRECTION('',(0.,-1.,1.20676415720126E-16));
#4282=DIRECTION('',(0.707106781186548,0.,0.707106781186548));
#4283=DIRECTION('',(0.,-1.,0.));
#4284=DIRECTION('',(0.707106781186546,0.,-0.707106781186549));
#4285=DIRECTION('',(0.,1.,0.));
#4286=DIRECTION('',(-0.707106781186548,0.,-0.707106781186548));
#4287=DIRECTION('',(0.,1.,0.));
#4288=DIRECTION('',(0.,1.,0.));
#4289=DIRECTION('',(-0.707106781186542,0.,0.707106781186554));
#4290=DIRECTION('',(0.707106781186491,0.700158640994704,0.0988831504379247));
#4291=DIRECTION('',(0.707106781186548,0.,-0.707106781186548));
#4292=DIRECTION('',(0.,-1.,0.));
#4293=DIRECTION('',(0.,1.,0.));
#4294=DIRECTION('',(0.707106781186548,0.,0.707106781186548));
#4295=DIRECTION('',(0.,-1.,0.));
#4296=DIRECTION('',(-1.,0.,0.));
#4297=DIRECTION('',(0.,-1.,0.));
#4298=DIRECTION('',(0.,0.,-1.));
#4299=DIRECTION('',(0.,-1.,0.));
#4300=DIRECTION('',(0.,1.,-1.20676415720126E-16));
#4301=DIRECTION('',(1.,0.,0.));
#4302=DIRECTION('',(0.,-1.,-1.44560289664734E-16));
#4303=DIRECTION('',(-1.,0.,0.));
#4304=DIRECTION('',(-1.,0.,0.));
#4305=DIRECTION('',(0.,1.,0.));
#4306=DIRECTION('',(0.,-1.,0.));
#4307=DIRECTION('',(0.,0.,-1.));
#4308=DIRECTION('',(-1.,0.,0.));
#4309=DIRECTION('',(-1.,0.,0.));
#4310=DIRECTION('',(0.,1.,0.));
#4311=DIRECTION('',(0.,-0.707106781186548,-0.707106781186548));
#4312=DIRECTION('',(1.,0.,0.));
#4313=DIRECTION('',(1.,0.,0.));
#4314=DIRECTION('',(0.,-0.707106781186549,0.707106781186546));
#4315=DIRECTION('',(0.,1.,0.));
#4316=DIRECTION('',(0.,0.,-1.));
#4317=DIRECTION('',(0.,-1.44560289664734E-16,1.));
#4318=DIRECTION('',(0.,1.,1.44560289664734E-16));
#4319=DIRECTION('',(0.,-1.44560289664734E-16,1.));
#4320=DIRECTION('',(0.,-1.44560289664734E-16,1.));
#4321=DIRECTION('',(-0.707106781186548,-1.02219561112225E-16,0.707106781186547));
#4322=DIRECTION('',(0.5,-0.707106781186546,0.5));
#4323=DIRECTION('',(-0.707106781186548,-1.02219561112225E-16,0.707106781186547));
#4324=DIRECTION('',(-0.678598344545847,-0.678598344545851,-0.281084637714812));
#4325=DIRECTION('',(0.707106781186548,1.02219561112225E-16,-0.707106781186547));
#4326=DIRECTION('',(0.,0.577350269189632,0.816496580927722));
#4327=DIRECTION('',(0.707106781186548,0.,0.707106781186548));
#4328=DIRECTION('',(0.,-1.,0.));
#4329=DIRECTION('',(-0.707106781186548,-5.11097805561124E-17,0.707106781186547));
#4330=DIRECTION('',(0.,1.,0.));
#4331=DIRECTION('',(0.,1.,0.));
#4332=DIRECTION('',(-0.5,-0.707106781186546,-0.5));
#4333=DIRECTION('',(0.707106781186548,5.11097805561124E-17,-0.707106781186547));
#4334=DIRECTION('',(0.678598344545847,-0.67859834454585,0.281084637714814));
#4335=DIRECTION('',(0.707106781186548,5.11097805561124E-17,-0.707106781186547));
#4336=DIRECTION('',(0.,-0.577350269189631,0.816496580927722));
#4337=DIRECTION('',(0.,1.,7.2280144832367E-17));
#4338=DIRECTION('',(0.,7.2280144832367E-17,-1.));
#4339=DIRECTION('',(0.,1.,7.2280144832367E-17));
#4340=DIRECTION('',(0.,-7.2280144832367E-17,1.));
#4341=DIRECTION('',(-1.,0.,0.));
#4342=DIRECTION('',(0.,-7.2280144832367E-17,1.));
#4343=DIRECTION('',(0.,7.2280144832367E-17,-1.));
#4344=DIRECTION('',(0.,-0.707106781186548,0.707106781186548));
#4345=DIRECTION('',(-1.,0.,0.));
#4346=DIRECTION('',(0.,0.707106781186548,0.707106781186548));
#4347=DIRECTION('',(0.,-1.,0.));
#4348=DIRECTION('',(0.,0.,1.));
#4349=DIRECTION('',(0.,1.,0.));
#4350=DIRECTION('',(0.,0.,1.));
#4351=DIRECTION('',(0.,-1.,-1.44560289664734E-16));
#4352=DIRECTION('',(0.,1.,0.));
#4353=DIRECTION('',(0.,0.,1.));
#4354=DIRECTION('',(-0.707106781186641,0.700158640994674,0.0988831504370625));
#4355=DIRECTION('',(0.,1.,0.));
#4356=DIRECTION('',(0.,0.,1.));
#4357=DIRECTION('',(0.707106781186548,-0.707106781186548,0.));
#4358=DIRECTION('',(0.,0.,-1.));
#4359=DIRECTION('',(0.,1.44560289664734E-16,-1.));
#4360=DIRECTION('',(1.,0.,0.));
#4361=DIRECTION('',(0.,-1.,0.));
#4362=DIRECTION('',(0.,-7.2280144832367E-17,1.));
#4363=DIRECTION('',(-0.707106781186548,-0.707106781186548,0.));
#4364=DIRECTION('',(3.61400724161835E-17,-3.61400724161835E-17,1.));
#4365=DIRECTION('',(0.,-1.,0.));
#4366=DIRECTION('',(0.,0.,-1.));
#4367=DIRECTION('',(0.,0.,1.));
#4368=DIRECTION('',(1.,0.,0.));
#4369=DIRECTION('',(1.,-6.12323399573677E-17,0.));
#4370=DIRECTION('',(1.,-6.12323399573677E-17,0.));
#4371=DIRECTION('',(0.,1.,0.));
#4372=DIRECTION('',(-4.32978028117746E-17,-0.707106781186548,-0.707106781186548));
#4373=DIRECTION('',(0.,0.707106781186548,-0.707106781186548));
#4374=DIRECTION('',(0.,-0.707106781186548,0.707106781186548));
#4375=DIRECTION('',(6.12323399573677E-17,1.,0.));
#4376=DIRECTION('',(-1.,6.12323399573677E-17,0.));
#4377=DIRECTION('',(0.,0.,-1.));
#4378=DIRECTION('',(6.12323399573677E-17,1.,0.));
#4379=DIRECTION('',(-1.,6.12323399573677E-17,0.));
#4380=DIRECTION('',(0.,0.,-1.));
#4381=DIRECTION('',(1.,0.,0.));
#4382=DIRECTION('',(0.,0.,-1.));
#4383=DIRECTION('',(1.,0.,0.));
#4384=DIRECTION('',(0.,0.,-1.));
#4385=DIRECTION('',(1.,0.,0.));
#4386=DIRECTION('',(0.,0.,-1.));
#4387=DIRECTION('',(1.,0.,0.));
#4388=DIRECTION('',(0.,0.,-1.));
#4389=DIRECTION('',(-1.,0.,0.));
#4390=DIRECTION('',(0.,1.,0.));
#4391=CARTESIAN_POINT('',(0.,0.,0.));
#4392=CARTESIAN_POINT('',(-0.082,-0.040200000002,-0.053200000002));
#4393=CARTESIAN_POINT('',(-0.082,-0.040200000002,-0.053200000002));
#4394=CARTESIAN_POINT('',(-0.082,-0.040200000002,-0.050500000002));
#4395=CARTESIAN_POINT('',(-0.0822,-0.040200000002,-0.053200000002));
#4396=CARTESIAN_POINT('',(-0.0822,-0.040200000002,-0.050700000002));
#4397=CARTESIAN_POINT('',(-0.0838,-0.040200000002,-0.053200000002));
#4398=CARTESIAN_POINT('',(-0.0838,-0.040200000002,-0.053200000002));
#4399=CARTESIAN_POINT('',(-0.0838,-0.040200000002,-0.050700000002));
#4400=CARTESIAN_POINT('',(-0.084,-0.040200000002,-0.053200000002));
#4401=CARTESIAN_POINT('',(-0.084,-0.040200000002,-0.050500000002));
#4402=CARTESIAN_POINT('',(-0.084,-0.0497549534180998,-0.0251274767090492));
#4403=CARTESIAN_POINT('',(-0.084,-0.0388649534176998,-0.0469074767098498));
#4404=CARTESIAN_POINT('',(-0.084,-0.0388649534176998,-0.0469074767098498));
#4405=CARTESIAN_POINT('',(-0.0838,-0.0386860679794998,-0.0468180339907499));
#4406=CARTESIAN_POINT('',(-0.0838,-0.0386860679794998,-0.0468180339907499));
#4407=CARTESIAN_POINT('',(-0.0838,-0.0349360679794999,-0.0543180339907499));
#4408=CARTESIAN_POINT('',(-0.0838,-0.0349360679794999,-0.0543180339907499));
#4409=CARTESIAN_POINT('',(-0.084,-0.0351149534176999,-0.0544074767098498));
#4410=CARTESIAN_POINT('',(-0.084,-0.0351149534176998,-0.0544074767098499));
#4411=CARTESIAN_POINT('',(-0.0838,-0.0327000000020001,-0.053200000002));
#4412=CARTESIAN_POINT('',(-0.0838,-0.0304639320245003,-0.0520819660132501));
#4413=CARTESIAN_POINT('',(-0.0838,-0.0304639320245003,-0.0520819660132501));
#4414=CARTESIAN_POINT('',(-0.084,-0.0302850465863003,-0.0519925232941502));
#4415=CARTESIAN_POINT('',(-0.084,-0.0327000000020001,-0.053200000002));
#4416=CARTESIAN_POINT('',(-0.0838,-0.0327000000020001,-0.053200000002));
#4417=CARTESIAN_POINT('',(-0.0838,-0.036450000002,-0.045700000002));
#4418=CARTESIAN_POINT('',(-0.084,-0.0340350465863003,-0.0444925232941502));
#4419=CARTESIAN_POINT('',(-0.084,-0.0340350465863003,-0.0444925232941502));
#4420=CARTESIAN_POINT('',(-0.0838,-0.0342139320245002,-0.0445819660132502));
#4421=CARTESIAN_POINT('',(-0.0838,-0.036450000002,-0.045700000002));
#4422=CARTESIAN_POINT('',(-0.084,-0.036450000002,-0.045700000002));
#4423=CARTESIAN_POINT('',(-0.0838,-0.0322792357798637,-0.0484513585025232));
#4424=CARTESIAN_POINT('',(-0.0838,-0.0322792357798637,-0.0484513585025232));
#4425=CARTESIAN_POINT('',(-0.084,-0.0449250465867004,-0.0227125232933495));
#4426=CARTESIAN_POINT('',(-0.084,-0.0437549534180998,-0.0221274767090499));
#4427=CARTESIAN_POINT('',(-0.084,-0.0351149534176998,-0.0394074767098499));
#4428=CARTESIAN_POINT('',(-0.084,-0.0351149534176998,-0.0394074767098499));
#4429=CARTESIAN_POINT('',(-0.0838,-0.0349360679794998,-0.0393180339907499));
#4430=CARTESIAN_POINT('',(-0.0838,-0.0349360679794998,-0.0393180339907499));
#4431=CARTESIAN_POINT('',(-0.0838,-0.0274360679794998,-0.0543180339907499));
#4432=CARTESIAN_POINT('',(-0.0838,-0.0274360679794998,-0.0543180339907499));
#4433=CARTESIAN_POINT('',(-0.084,-0.0276149534176998,-0.0544074767098499));
#4434=CARTESIAN_POINT('',(-0.084,-0.0276149534176998,-0.0544074767098499));
#4435=CARTESIAN_POINT('',(-0.0838,-0.025200000002,-0.053200000002));
#4436=CARTESIAN_POINT('',(-0.0838,-0.0229639320245002,-0.0520819660132501));
#4437=CARTESIAN_POINT('',(-0.0838,-0.0229639320245002,-0.0520819660132501));
#4438=CARTESIAN_POINT('',(-0.084,-0.0227850465863002,-0.0519925232941501));
#4439=CARTESIAN_POINT('',(-0.084,-0.025200000002,-0.053200000002));
#4440=CARTESIAN_POINT('',(-0.0838,-0.025200000002,-0.053200000002));
#4441=CARTESIAN_POINT('',(-0.0838,-0.032700000002,-0.038200000002));
#4442=CARTESIAN_POINT('',(-0.084,-0.0302850465863002,-0.0369925232941501));
#4443=CARTESIAN_POINT('',(-0.084,-0.0302850465863002,-0.0369925232941501));
#4444=CARTESIAN_POINT('',(-0.0838,-0.0304639320245002,-0.0370819660132501));
#4445=CARTESIAN_POINT('',(-0.0838,-0.032700000002,-0.038200000002));
#4446=CARTESIAN_POINT('',(-0.084,-0.032700000002,-0.038200000002));
#4447=CARTESIAN_POINT('',(-0.0838,-0.0267139320245002,-0.0445819660132501));
#4448=CARTESIAN_POINT('',(-0.0838,-0.0267139320245002,-0.0445819660132501));
#4449=CARTESIAN_POINT('',(-0.084,-0.0389250465867002,-0.0197125232933501));
#4450=CARTESIAN_POINT('',(-0.0822,-0.032700000002,-0.038200000002));
#4451=CARTESIAN_POINT('',(-0.0822,-0.0304639320245002,-0.0370819660132501));
#4452=CARTESIAN_POINT('',(-0.0822,-0.0304639320245002,-0.0370819660132501));
#4453=CARTESIAN_POINT('',(-0.082,-0.0302850465863002,-0.0369925232941501));
#4454=CARTESIAN_POINT('',(-0.082,-0.032700000002,-0.038200000002));
#4455=CARTESIAN_POINT('',(-0.082,-0.0351149534176998,-0.0394074767098499));
#4456=CARTESIAN_POINT('',(-0.082,-0.0351149534176998,-0.0394074767098499));
#4457=CARTESIAN_POINT('',(-0.0822,-0.0349360679794998,-0.0393180339907499));
#4458=CARTESIAN_POINT('',(-0.0822,-0.032700000002,-0.038200000002));
#4459=CARTESIAN_POINT('',(-0.0822,-0.0305940818218629,-0.0480020063060236));
#4460=CARTESIAN_POINT('',(-0.082,-0.0276149534176998,-0.0544074767098499));
#4461=CARTESIAN_POINT('',(-0.082,-0.0276149534176998,-0.0544074767098499));
#4462=CARTESIAN_POINT('',(-0.0822,-0.0274360679794998,-0.0543180339907499));
#4463=CARTESIAN_POINT('',(-0.0822,-0.0305940818218629,-0.0480020063060236));
#4464=CARTESIAN_POINT('',(-0.082,-0.0437549534180997,-0.0221274767090499));
#4465=CARTESIAN_POINT('',(-0.082,-0.0389250465867002,-0.0197125232933501));
#4466=CARTESIAN_POINT('',(-0.0822,-0.0229639320245002,-0.0520819660132501));
#4467=CARTESIAN_POINT('',(-0.0822,-0.0229639320245002,-0.0520819660132501));
#4468=CARTESIAN_POINT('',(-0.082,-0.0227850465863003,-0.0519925232941501));
#4469=CARTESIAN_POINT('',(-0.082,-0.0227850465863003,-0.0519925232941501));
#4470=CARTESIAN_POINT('',(-0.0822,-0.0304639320245002,-0.0370819660132501));
#4471=CARTESIAN_POINT('',(-0.0822,-0.025200000002,-0.053200000002));
#4472=CARTESIAN_POINT('',(-0.082,-0.025200000002,-0.053200000002));
#4473=CARTESIAN_POINT('',(-0.0822,-0.025200000002,-0.053200000002));
#4474=CARTESIAN_POINT('',(-0.0822,-0.0327000000020001,-0.053200000002));
#4475=CARTESIAN_POINT('',(-0.0822,-0.0349360679794999,-0.0543180339907499));
#4476=CARTESIAN_POINT('',(-0.0822,-0.0349360679794999,-0.0543180339907499));
#4477=CARTESIAN_POINT('',(-0.082,-0.0351149534176999,-0.0544074767098499));
#4478=CARTESIAN_POINT('',(-0.082,-0.0327000000020001,-0.053200000002));
#4479=CARTESIAN_POINT('',(-0.082,-0.0302850465863003,-0.0519925232941501));
#4480=CARTESIAN_POINT('',(-0.082,-0.0302850465863003,-0.0519925232941501));
#4481=CARTESIAN_POINT('',(-0.0822,-0.0304639320245003,-0.0520819660132501));
#4482=CARTESIAN_POINT('',(-0.0822,-0.0327000000020001,-0.053200000002));
#4483=CARTESIAN_POINT('',(-0.082,-0.0449250465867003,-0.0227125232933494));
#4484=CARTESIAN_POINT('',(-0.082,-0.0340350465863002,-0.0444925232941502));
#4485=CARTESIAN_POINT('',(-0.082,-0.0340350465863002,-0.0444925232941502));
#4486=CARTESIAN_POINT('',(-0.0822,-0.0342139320245002,-0.0445819660132502));
#4487=CARTESIAN_POINT('',(-0.0822,-0.0342139320245002,-0.0445819660132502));
#4488=CARTESIAN_POINT('',(-0.082,-0.0302850465863003,-0.0519925232941501));
#4489=CARTESIAN_POINT('',(-0.0822,-0.0363978928477616,-0.0513943842542264));
#4490=CARTESIAN_POINT('',(-0.0822,-0.0386860679794998,-0.0468180339907499));
#4491=CARTESIAN_POINT('',(-0.0822,-0.0386860679794998,-0.0468180339907499));
#4492=CARTESIAN_POINT('',(-0.082,-0.0388649534176998,-0.0469074767098499));
#4493=CARTESIAN_POINT('',(-0.082,-0.0497549534180999,-0.0251274767090492));
#4494=CARTESIAN_POINT('',(-0.0822,-0.0363978928477616,-0.0513943842542264));
#4495=CARTESIAN_POINT('',(-0.0822,-0.036450000002,-0.045700000002));
#4496=CARTESIAN_POINT('',(-0.082,-0.036450000002,-0.045700000002));
#4497=CARTESIAN_POINT('',(-0.0822,-0.036450000002,-0.045700000002));
#4498=CARTESIAN_POINT('',(-0.107,-0.0363978928477616,-0.0513943842542264));
#4499=CARTESIAN_POINT('',(-0.107,-0.0386860679794998,-0.0468180339907499));
#4500=CARTESIAN_POINT('',(-0.107,-0.0349360679794999,-0.0543180339907499));
#4501=CARTESIAN_POINT('',(-0.107,-0.0322792357798637,-0.0484513585025232));
#4502=CARTESIAN_POINT('',(-0.107,-0.0304639320245003,-0.0520819660132501));
#4503=CARTESIAN_POINT('',(-0.107,-0.0342139320245002,-0.0445819660132502));
#4504=CARTESIAN_POINT('',(-0.107,-0.0305940818218629,-0.0480020063060236));
#4505=CARTESIAN_POINT('',(-0.107,-0.0349360679794998,-0.0393180339907499));
#4506=CARTESIAN_POINT('',(-0.107,-0.0274360679794998,-0.0543180339907499));
#4507=CARTESIAN_POINT('',(-0.107,-0.0267139320245002,-0.0445819660132501));
#4508=CARTESIAN_POINT('',(-0.107,-0.0229639320245002,-0.0520819660132501));
#4509=CARTESIAN_POINT('',(-0.107,-0.0304639320245002,-0.0370819660132501));
#4510=CARTESIAN_POINT('',(-0.059,-0.040200000002,-0.053200000002));
#4511=CARTESIAN_POINT('',(-0.0824,0.0105,0.005));
#4512=CARTESIAN_POINT('',(-0.0824,0.05,0.0139695890602437));
#4513=CARTESIAN_POINT('',(-0.0824,0.05235,0.0139695890602437));
#4514=CARTESIAN_POINT('',(-0.0824,0.0105,0.005));
#4515=CARTESIAN_POINT('',(-0.0824,0.027,0.0139695890602437));
#4516=CARTESIAN_POINT('',(-0.0824,0.02935,0.0139695890602437));
#4517=CARTESIAN_POINT('',(-0.0824,0.0105,0.005));
#4518=CARTESIAN_POINT('',(-0.0824,0.0385,0.00546958906024374));
#4519=CARTESIAN_POINT('',(-0.0824,0.04085,0.00546958906024374));
#4520=CARTESIAN_POINT('',(-0.0824,0.0385,0.00546958906024374));
#4521=CARTESIAN_POINT('',(-0.077,0.0385,0.00546958906024374));
#4522=CARTESIAN_POINT('',(-0.077,0.04085,0.00546958906024374));
#4523=CARTESIAN_POINT('',(-0.0824,0.05,0.0139695890602437));
#4524=CARTESIAN_POINT('',(-0.077,0.05,0.0139695890602437));
#4525=CARTESIAN_POINT('',(-0.077,0.05235,0.0139695890602437));
#4526=CARTESIAN_POINT('',(-0.0824,0.027,0.0139695890602437));
#4527=CARTESIAN_POINT('',(-0.077,0.027,0.0139695890602437));
#4528=CARTESIAN_POINT('',(-0.077,0.02935,0.0139695890602437));
#4529=CARTESIAN_POINT('',(-0.084,0.0783,0.005));
#4530=CARTESIAN_POINT('',(-0.0838,0.0785,0.0932));
#4531=CARTESIAN_POINT('',(-0.084,0.0783,0.0932));
#4532=CARTESIAN_POINT('',(-0.0836,0.0787,0.0932));
#4533=CARTESIAN_POINT('',(-0.0836,0.0787,-0.015));
#4534=CARTESIAN_POINT('',(-0.0836,0.0787,-0.0532000000000016));
#4535=CARTESIAN_POINT('',(-0.0838,0.0785,-0.0532));
#4536=CARTESIAN_POINT('',(-0.084,0.0783,-0.0532));
#4537=CARTESIAN_POINT('',(-0.084,0.0783,0.005));
#4538=CARTESIAN_POINT('',(-0.0835960155754373,0.0687,-0.0632039844245627));
#4539=CARTESIAN_POINT('',(-0.0835960155754373,0.0700278249166877,-0.0632018849100852));
#4540=CARTESIAN_POINT('',(-0.0835960155754373,0.0713427843421333,-0.0630788229409047));
#4541=CARTESIAN_POINT('',(-0.0835960155754373,0.0732781964311699,-0.0625335608573881));
#4542=CARTESIAN_POINT('',(-0.0835960155754373,0.0739269747967019,-0.062279846418275));
#4543=CARTESIAN_POINT('',(-0.0835960155754373,0.0751263181305289,-0.0616231317698274));
#4544=CARTESIAN_POINT('',(-0.0835960155754373,0.0756926613162402,-0.0612092972662285));
#4545=CARTESIAN_POINT('',(-0.0835960155754373,0.0766778880871338,-0.060231300385064));
#4546=CARTESIAN_POINT('',(-0.0835960155754373,0.0770878688970776,-0.0596807227881013));
#4547=CARTESIAN_POINT('',(-0.0835960155754373,0.0777621687935332,-0.0584684658146111));
#4548=CARTESIAN_POINT('',(-0.0835960155754373,0.0780135179862167,-0.0578353132602086));
#4549=CARTESIAN_POINT('',(-0.0835960155754373,0.0785724697353839,-0.0558905814921997));
#4550=CARTESIAN_POINT('',(-0.0835960155754373,0.0787029094743145,-0.0545310872027517));
#4551=CARTESIAN_POINT('',(-0.0835960155754373,0.0787039844245627,-0.0532));
#4552=CARTESIAN_POINT('',(-0.0836,0.0687,-0.0632));
#4553=CARTESIAN_POINT('',(-0.0836,0.070027560048657,-0.0631979031954574));
#4554=CARTESIAN_POINT('',(-0.0836,0.0713421766976645,-0.0630748565929692));
#4555=CARTESIAN_POINT('',(-0.0836,0.0732768688563506,-0.0625297943590505));
#4556=CARTESIAN_POINT('',(-0.0836,0.0739253599664804,-0.0622761884670411));
#4557=CARTESIAN_POINT('',(-0.0836,0.0751241055249009,-0.0616198002081167));
#4558=CARTESIAN_POINT('',(-0.0836,0.0756901332238813,-0.0612061929197083));
#4559=CARTESIAN_POINT('',(-0.0836,0.0766748011110133,-0.0602287502145973));
#4560=CARTESIAN_POINT('',(-0.0836,0.077084555932294,-0.059678481290074));
#4561=CARTESIAN_POINT('',(-0.0836,0.0777585186897062,-0.0584668319762778));
#4562=CARTESIAN_POINT('',(-0.0836,0.0780097595191506,-0.0578339618902829));
#4563=CARTESIAN_POINT('',(-0.0836,0.0785685048221302,-0.0558899603890236));
#4564=CARTESIAN_POINT('',(-0.0836,0.0786989276283802,-0.054530822399978));
#4565=CARTESIAN_POINT('',(-0.0836,0.0787,-0.0532));
#4566=CARTESIAN_POINT('',(-0.084,0.0687,-0.0628));
#4567=CARTESIAN_POINT('',(-0.084,0.0700009697065343,-0.0627981752482861));
#4568=CARTESIAN_POINT('',(-0.084,0.0712811747176552,-0.0626766713219919));
#4569=CARTESIAN_POINT('',(-0.084,0.0731435924147004,-0.0621516721706819));
#4570=CARTESIAN_POINT('',(-0.084,0.0737632456941635,-0.061908963420983));
#4571=CARTESIAN_POINT('',(-0.084,0.0749019800366986,-0.0612853417026816));
#4572=CARTESIAN_POINT('',(-0.084,0.0754363357362787,-0.0608945447535722));
#4573=CARTESIAN_POINT('',(-0.084,0.0763648967750701,-0.0599727362857057));
#4574=CARTESIAN_POINT('',(-0.084,0.0767519643892552,-0.0594534552676657));
#4575=CARTESIAN_POINT('',(-0.084,0.0773920814519473,-0.0583028094623613));
#4576=CARTESIAN_POINT('',(-0.084,0.0776324435974213,-0.0576982966363016));
#4577=CARTESIAN_POINT('',(-0.084,0.0781704635801636,-0.0558276072771657));
#4578=CARTESIAN_POINT('',(-0.084,0.0782991864992295,-0.054504238609064));
#4579=CARTESIAN_POINT('',(-0.084,0.0783,-0.0532));
#4580=CARTESIAN_POINT('',(-0.0838,0.0687,-0.063));
#4581=CARTESIAN_POINT('',(-0.084,0.0687,-0.0628));
#4582=CARTESIAN_POINT('',(-0.0836,0.0687000000000008,-0.0632));
#4583=CARTESIAN_POINT('',(-0.084,0.0783,-0.0532));
#4584=CARTESIAN_POINT('',(-0.084,0.078299186164078,-0.0545047759379879));
#4585=CARTESIAN_POINT('',(-0.0839999999999999,0.0781174323192956,-0.0564541771620559));
#4586=CARTESIAN_POINT('',(-0.084,0.0771590520379861,-0.0588987812605174));
#4587=CARTESIAN_POINT('',(-0.084,0.0759849952203496,-0.0604876583020447));
#4588=CARTESIAN_POINT('',(-0.084,0.0744011030195639,-0.0616563667585339));
#4589=CARTESIAN_POINT('',(-0.084,0.0719721689373804,-0.0626138368509548));
#4590=CARTESIAN_POINT('',(-0.084,0.0700053336326808,-0.0627981691274044));
#4591=CARTESIAN_POINT('',(-0.084,0.0687,-0.0628));
#4592=CARTESIAN_POINT('',(-0.0836,0.068700000000002,-0.0632));
#4593=CARTESIAN_POINT('',(-0.0835978558851707,0.0700575138405379,-0.0631999999999997));
#4594=CARTESIAN_POINT('',(-0.0836007435266123,0.0720850379488056,-0.0630053446651235));
#4595=CARTESIAN_POINT('',(-0.0835998428762542,0.0746230559127211,-0.0619951889272354));
#4596=CARTESIAN_POINT('',(-0.083600065415892,0.0762714513230627,-0.0607693146380434));
#4597=CARTESIAN_POINT('',(-0.0835999231207138,0.0774914595663967,-0.0591272317457922));
#4598=CARTESIAN_POINT('',(-0.0836003774653476,0.0785010630120438,-0.0566046265149369));
#4599=CARTESIAN_POINT('',(-0.0835989052721338,0.0786999999999998,-0.0545585666942443));
#4600=CARTESIAN_POINT('',(-0.0836,0.0787,-0.0532000000000024));
#4601=CARTESIAN_POINT('',(-0.0835960155754373,0.0787039844245627,0.0932));
#4602=CARTESIAN_POINT('',(-0.0835960155754373,0.0787018849100853,0.0945278249166877));
#4603=CARTESIAN_POINT('',(-0.0835960155754373,0.0785788229409047,0.0958427843421333));
#4604=CARTESIAN_POINT('',(-0.0835960155754373,0.0780335608573881,0.09777819643117));
#4605=CARTESIAN_POINT('',(-0.0835960155754373,0.077779846418275,0.0984269747967019));
#4606=CARTESIAN_POINT('',(-0.0835960155754373,0.0771231317698274,0.0996263181305288));
#4607=CARTESIAN_POINT('',(-0.0835960155754373,0.0767092972662284,0.10019266131624));
#4608=CARTESIAN_POINT('',(-0.0835960155754373,0.075731300385064,0.101177888087134));
#4609=CARTESIAN_POINT('',(-0.0835960155754373,0.0751807227881014,0.101587868897078));
#4610=CARTESIAN_POINT('',(-0.0835960155754373,0.0739684658146111,0.102262168793533));
#4611=CARTESIAN_POINT('',(-0.0835960155754373,0.0733353132602086,0.102513517986217));
#4612=CARTESIAN_POINT('',(-0.0835960155754373,0.0713905814921998,0.103072469735384));
#4613=CARTESIAN_POINT('',(-0.0835960155754373,0.0700310872027518,0.103202909474314));
#4614=CARTESIAN_POINT('',(-0.0835960155754373,0.0687,0.103203984424563));
#4615=CARTESIAN_POINT('',(-0.0836,0.0787,0.0932));
#4616=CARTESIAN_POINT('',(-0.0836,0.0786979031954575,0.094527560048657));
#4617=CARTESIAN_POINT('',(-0.0836,0.0785748565929692,0.0958421766976645));
#4618=CARTESIAN_POINT('',(-0.0836,0.0780297943590505,0.0977768688563506));
#4619=CARTESIAN_POINT('',(-0.0836,0.0777761884670411,0.0984253599664804));
#4620=CARTESIAN_POINT('',(-0.0836,0.0771198002081167,0.0996241055249008));
#4621=CARTESIAN_POINT('',(-0.0836,0.0767061929197082,0.100190133223881));
#4622=CARTESIAN_POINT('',(-0.0836,0.0757287502145973,0.101174801111013));
#4623=CARTESIAN_POINT('',(-0.0836,0.075178481290074,0.101584555932294));
#4624=CARTESIAN_POINT('',(-0.0836,0.0739668319762778,0.102258518689706));
#4625=CARTESIAN_POINT('',(-0.0836,0.0733339618902829,0.102509759519151));
#4626=CARTESIAN_POINT('',(-0.0836,0.0713899603890237,0.10306850482213));
#4627=CARTESIAN_POINT('',(-0.0836,0.070030822399978,0.10319892762838));
#4628=CARTESIAN_POINT('',(-0.0836,0.0687,0.1032));
#4629=CARTESIAN_POINT('',(-0.084,0.0783,0.0932));
#4630=CARTESIAN_POINT('',(-0.084,0.0782981752482861,0.0945009697065343));
#4631=CARTESIAN_POINT('',(-0.084,0.0781766713219919,0.0957811747176552));
#4632=CARTESIAN_POINT('',(-0.084,0.077651672170682,0.0976435924147004));
#4633=CARTESIAN_POINT('',(-0.084,0.077408963420983,0.0982632456941635));
#4634=CARTESIAN_POINT('',(-0.084,0.0767853417026816,0.0994019800366986));
#4635=CARTESIAN_POINT('',(-0.084,0.0763945447535722,0.0999363357362787));
#4636=CARTESIAN_POINT('',(-0.084,0.0754727362857058,0.10086489677507));
#4637=CARTESIAN_POINT('',(-0.084,0.0749534552676657,0.101251964389255));
#4638=CARTESIAN_POINT('',(-0.084,0.0738028094623613,0.101892081451947));
#4639=CARTESIAN_POINT('',(-0.084,0.0731982966363016,0.102132443597421));
#4640=CARTESIAN_POINT('',(-0.084,0.0713276072771657,0.102670463580164));
#4641=CARTESIAN_POINT('',(-0.084,0.070004238609064,0.10279918649923));
#4642=CARTESIAN_POINT('',(-0.084,0.0687,0.1028));
#4643=CARTESIAN_POINT('',(-0.0838,0.0687,0.103));
#4644=CARTESIAN_POINT('',(-0.0836,0.0687000000000016,0.1032));
#4645=CARTESIAN_POINT('',(-0.084,0.0687,0.1028));
#4646=CARTESIAN_POINT('',(-0.0836,0.0787,0.093200000000002));
#4647=CARTESIAN_POINT('',(-0.0835978558851708,0.0786999999999997,0.0945575138405379));
#4648=CARTESIAN_POINT('',(-0.0836007435266123,0.0785053446651232,0.0965850379488065));
#4649=CARTESIAN_POINT('',(-0.0835998428762544,0.077495188927235,0.0991230559127216));
#4650=CARTESIAN_POINT('',(-0.0836000654158916,0.076269314638043,0.100771451323063));
#4651=CARTESIAN_POINT('',(-0.0835999231207136,0.0746272317457919,0.101991459566397));
#4652=CARTESIAN_POINT('',(-0.083600377465348,0.0721046265149367,0.103001063012044));
#4653=CARTESIAN_POINT('',(-0.0835989052721336,0.0700585666942442,0.1032));
#4654=CARTESIAN_POINT('',(-0.0836,0.0687000000000024,0.1032));
#4655=CARTESIAN_POINT('',(-0.084,0.0687,0.1028));
#4656=CARTESIAN_POINT('',(-0.084,0.07000475898409,0.102799186174653));
#4657=CARTESIAN_POINT('',(-0.084,0.0719541477954741,0.102617432904744));
#4658=CARTESIAN_POINT('',(-0.084,0.0743987221378292,0.101659083491517));
#4659=CARTESIAN_POINT('',(-0.084,0.0759875988992005,0.100485044897417));
#4660=CARTESIAN_POINT('',(-0.084,0.0771562947678409,0.0989012417712375));
#4661=CARTESIAN_POINT('',(-0.084,0.0781138587159192,0.0964721570614472));
#4662=CARTESIAN_POINT('',(-0.084,0.0782981691060586,0.0945053488513119));
#4663=CARTESIAN_POINT('',(-0.084,0.0783,0.0932));
#4664=CARTESIAN_POINT('',(-0.084,0.0105,-0.0628));
#4665=CARTESIAN_POINT('',(-0.0838,-0.0477,-0.063));
#4666=CARTESIAN_POINT('',(-0.0836,-0.0477000000000016,-0.0632));
#4667=CARTESIAN_POINT('',(-0.084,-0.0477,-0.0628));
#4668=CARTESIAN_POINT('',(-0.084,0.0105,-0.0628));
#4669=CARTESIAN_POINT('',(-0.0836,0.0105,-0.0632));
#4670=CARTESIAN_POINT('',(-0.0836,0.0089,0.1032));
#4671=CARTESIAN_POINT('',(-0.0838,-0.0477,0.103));
#4672=CARTESIAN_POINT('',(-0.084,-0.0477,0.1028));
#4673=CARTESIAN_POINT('',(-0.0836,-0.0477000000000008,0.1032));
#4674=CARTESIAN_POINT('',(-0.0836,-0.047700000002,0.1032));
#4675=CARTESIAN_POINT('',(-0.084,0.068700000002,0.1028));
#4676=CARTESIAN_POINT('',(-0.0835960155754372,-0.0577039844245628,-0.0532));
#4677=CARTESIAN_POINT('',(-0.0835960155754372,-0.0577018849100853,-0.0545278249166877));
#4678=CARTESIAN_POINT('',(-0.0835960155754372,-0.0575788229409048,-0.0558427843421333));
#4679=CARTESIAN_POINT('',(-0.0835960155754372,-0.0570335608573882,-0.05777819643117));
#4680=CARTESIAN_POINT('',(-0.0835960155754372,-0.0567798464182751,-0.0584269747967019));
#4681=CARTESIAN_POINT('',(-0.0835960155754372,-0.0561231317698275,-0.0596263181305288));
#4682=CARTESIAN_POINT('',(-0.0835960155754372,-0.0557092972662286,-0.0601926613162402));
#4683=CARTESIAN_POINT('',(-0.0835960155754372,-0.054731300385064,-0.0611778880871339));
#4684=CARTESIAN_POINT('',(-0.0835960155754372,-0.0541807227881014,-0.0615878688970777));
#4685=CARTESIAN_POINT('',(-0.0835960155754372,-0.0529684658146111,-0.0622621687935333));
#4686=CARTESIAN_POINT('',(-0.0835960155754372,-0.0523353132602087,-0.0625135179862168));
#4687=CARTESIAN_POINT('',(-0.0835960155754372,-0.0503905814921999,-0.063072469735384));
#4688=CARTESIAN_POINT('',(-0.0835960155754372,-0.0490310872027517,-0.0632029094743146));
#4689=CARTESIAN_POINT('',(-0.0835960155754372,-0.0477,-0.0632039844245628));
#4690=CARTESIAN_POINT('',(-0.0836,-0.0577,-0.0532));
#4691=CARTESIAN_POINT('',(-0.0836,-0.0576979031954574,-0.054527560048657));
#4692=CARTESIAN_POINT('',(-0.0836,-0.0575748565929692,-0.0558421766976645));
#4693=CARTESIAN_POINT('',(-0.0836,-0.0570297943590505,-0.0577768688563506));
#4694=CARTESIAN_POINT('',(-0.0836,-0.0567761884670411,-0.0584253599664804));
#4695=CARTESIAN_POINT('',(-0.0836,-0.0561198002081167,-0.0596241055249008));
#4696=CARTESIAN_POINT('',(-0.0836,-0.0557061929197083,-0.0601901332238813));
#4697=CARTESIAN_POINT('',(-0.0836,-0.0547287502145973,-0.0611748011110133));
#4698=CARTESIAN_POINT('',(-0.0836,-0.054178481290074,-0.061584555932294));
#4699=CARTESIAN_POINT('',(-0.0836,-0.0529668319762778,-0.0622585186897062));
#4700=CARTESIAN_POINT('',(-0.0836,-0.052333961890283,-0.0625097595191506));
#4701=CARTESIAN_POINT('',(-0.0836,-0.0503899603890237,-0.0630685048221302));
#4702=CARTESIAN_POINT('',(-0.0836,-0.049030822399978,-0.0631989276283802));
#4703=CARTESIAN_POINT('',(-0.0836,-0.0477,-0.0632));
#4704=CARTESIAN_POINT('',(-0.084,-0.0573,-0.0532));
#4705=CARTESIAN_POINT('',(-0.084,-0.0572981752482861,-0.0545009697065343));
#4706=CARTESIAN_POINT('',(-0.084,-0.0571766713219919,-0.0557811747176553));
#4707=CARTESIAN_POINT('',(-0.084,-0.0566516721706819,-0.0576435924147004));
#4708=CARTESIAN_POINT('',(-0.084,-0.056408963420983,-0.0582632456941636));
#4709=CARTESIAN_POINT('',(-0.084,-0.0557853417026816,-0.0594019800366985));
#4710=CARTESIAN_POINT('',(-0.084,-0.0553945447535723,-0.0599363357362786));
#4711=CARTESIAN_POINT('',(-0.084,-0.0544727362857057,-0.0608648967750701));
#4712=CARTESIAN_POINT('',(-0.084,-0.0539534552676657,-0.0612519643892552));
#4713=CARTESIAN_POINT('',(-0.084,-0.0528028094623613,-0.0618920814519473));
#4714=CARTESIAN_POINT('',(-0.084,-0.0521982966363016,-0.0621324435974213));
#4715=CARTESIAN_POINT('',(-0.084,-0.0503276072771657,-0.0626704635801636));
#4716=CARTESIAN_POINT('',(-0.084,-0.049004238609064,-0.0627991864992295));
#4717=CARTESIAN_POINT('',(-0.084,-0.0477,-0.0628));
#4718=CARTESIAN_POINT('',(-0.0838,-0.0575,-0.0532));
#4719=CARTESIAN_POINT('',(-0.084,-0.0573,-0.0532));
#4720=CARTESIAN_POINT('',(-0.0836,-0.0577,-0.0532000000000008));
#4721=CARTESIAN_POINT('',(-0.084,-0.0477,-0.0628));
#4722=CARTESIAN_POINT('',(-0.084,-0.0490047759379879,-0.062799186164078));
#4723=CARTESIAN_POINT('',(-0.084,-0.0509541771620559,-0.0626174323192956));
#4724=CARTESIAN_POINT('',(-0.084,-0.0533987812605174,-0.0616590520379861));
#4725=CARTESIAN_POINT('',(-0.084,-0.0549876583020447,-0.0604849952203496));
#4726=CARTESIAN_POINT('',(-0.084,-0.0561563667585339,-0.058901103019564));
#4727=CARTESIAN_POINT('',(-0.084,-0.0571138368509549,-0.0564721689373804));
#4728=CARTESIAN_POINT('',(-0.084,-0.0572981691274044,-0.0545053336326808));
#4729=CARTESIAN_POINT('',(-0.084,-0.0573,-0.0532));
#4730=CARTESIAN_POINT('',(-0.0836,-0.0577,-0.053200000000002));
#4731=CARTESIAN_POINT('',(-0.0835978558851707,-0.0576999999999997,-0.0545575138405379));
#4732=CARTESIAN_POINT('',(-0.0836007435266124,-0.0575053446651235,-0.0565850379488057));
#4733=CARTESIAN_POINT('',(-0.0835998428762542,-0.0564951889272353,-0.0591230559127211));
#4734=CARTESIAN_POINT('',(-0.083600065415892,-0.0552693146380434,-0.0607714513230627));
#4735=CARTESIAN_POINT('',(-0.0835999231207137,-0.0536272317457923,-0.0619914595663967));
#4736=CARTESIAN_POINT('',(-0.0836003774653477,-0.0511046265149369,-0.063001063012044));
#4737=CARTESIAN_POINT('',(-0.0835989052721337,-0.0490585666942443,-0.0631999999999998));
#4738=CARTESIAN_POINT('',(-0.0836,-0.0477000000000024,-0.0632));
#4739=CARTESIAN_POINT('',(-0.0835960155754372,-0.0477,0.103203984424563));
#4740=CARTESIAN_POINT('',(-0.0835960155754372,-0.0490278249166877,0.103201884910085));
#4741=CARTESIAN_POINT('',(-0.0835960155754372,-0.0503427843421334,0.103078822940905));
#4742=CARTESIAN_POINT('',(-0.0835960155754372,-0.05227819643117,0.102533560857388));
#4743=CARTESIAN_POINT('',(-0.0835960155754372,-0.0529269747967019,0.102279846418275));
#4744=CARTESIAN_POINT('',(-0.0835960155754372,-0.0541263181305288,0.101623131769828));
#4745=CARTESIAN_POINT('',(-0.0835960155754372,-0.0546926613162401,0.101209297266228));
#4746=CARTESIAN_POINT('',(-0.0835960155754372,-0.0556778880871339,0.100231300385064));
#4747=CARTESIAN_POINT('',(-0.0835960155754372,-0.0560878688970776,0.0996807227881014));
#4748=CARTESIAN_POINT('',(-0.0835960155754372,-0.0567621687935333,0.0984684658146111));
#4749=CARTESIAN_POINT('',(-0.0835960155754372,-0.0570135179862167,0.0978353132602086));
#4750=CARTESIAN_POINT('',(-0.0835960155754372,-0.0575724697353839,0.0958905814921998));
#4751=CARTESIAN_POINT('',(-0.0835960155754372,-0.0577029094743145,0.0945310872027516));
#4752=CARTESIAN_POINT('',(-0.0835960155754372,-0.0577039844245627,0.0932));
#4753=CARTESIAN_POINT('',(-0.0836,-0.0477,0.1032));
#4754=CARTESIAN_POINT('',(-0.0836,-0.049027560048657,0.103197903195457));
#4755=CARTESIAN_POINT('',(-0.0836,-0.0503421766976646,0.103074856592969));
#4756=CARTESIAN_POINT('',(-0.0836,-0.0522768688563506,0.10252979435905));
#4757=CARTESIAN_POINT('',(-0.0836,-0.0529253599664804,0.102276188467041));
#4758=CARTESIAN_POINT('',(-0.0836,-0.0541241055249008,0.101619800208117));
#4759=CARTESIAN_POINT('',(-0.0836,-0.0546901332238812,0.101206192919708));
#4760=CARTESIAN_POINT('',(-0.0836,-0.0556748011110133,0.100228750214597));
#4761=CARTESIAN_POINT('',(-0.0836,-0.056084555932294,0.099678481290074));
#4762=CARTESIAN_POINT('',(-0.0836,-0.0567585186897062,0.0984668319762778));
#4763=CARTESIAN_POINT('',(-0.0836,-0.0570097595191506,0.0978339618902829));
#4764=CARTESIAN_POINT('',(-0.0836,-0.0575685048221302,0.0958899603890236));
#4765=CARTESIAN_POINT('',(-0.0836,-0.0576989276283802,0.0945308223999779));
#4766=CARTESIAN_POINT('',(-0.0836,-0.0577,0.0932));
#4767=CARTESIAN_POINT('',(-0.084,-0.0477,0.1028));
#4768=CARTESIAN_POINT('',(-0.084,-0.0490009697065343,0.102798175248286));
#4769=CARTESIAN_POINT('',(-0.084,-0.0502811747176553,0.102676671321992));
#4770=CARTESIAN_POINT('',(-0.084,-0.0521435924147004,0.102151672170682));
#4771=CARTESIAN_POINT('',(-0.084,-0.0527632456941636,0.101908963420983));
#4772=CARTESIAN_POINT('',(-0.084,-0.0539019800366986,0.101285341702682));
#4773=CARTESIAN_POINT('',(-0.084,-0.0544363357362786,0.100894544753572));
#4774=CARTESIAN_POINT('',(-0.084,-0.0553648967750701,0.0999727362857057));
#4775=CARTESIAN_POINT('',(-0.084,-0.0557519643892552,0.0994534552676657));
#4776=CARTESIAN_POINT('',(-0.084,-0.0563920814519472,0.0983028094623613));
#4777=CARTESIAN_POINT('',(-0.084,-0.0566324435974214,0.0976982966363016));
#4778=CARTESIAN_POINT('',(-0.084,-0.0571704635801636,0.0958276072771656));
#4779=CARTESIAN_POINT('',(-0.084,-0.0572991864992295,0.0945042386090639));
#4780=CARTESIAN_POINT('',(-0.084,-0.0573,0.0932));
#4781=CARTESIAN_POINT('',(-0.0838,-0.0575,0.0932));
#4782=CARTESIAN_POINT('',(-0.0836,-0.0577,0.0932000000000016));
#4783=CARTESIAN_POINT('',(-0.084,-0.0573,0.0932));
#4784=CARTESIAN_POINT('',(-0.0836,-0.047700000000002,0.1032));
#4785=CARTESIAN_POINT('',(-0.0835978558851703,-0.0490575138405379,0.1032));
#4786=CARTESIAN_POINT('',(-0.0836007435266114,-0.0510850379488057,0.103005344665124));
#4787=CARTESIAN_POINT('',(-0.0835998428762547,-0.0536230559127211,0.101995188927235));
#4788=CARTESIAN_POINT('',(-0.0836000654158914,-0.0552714513230628,0.100769314638043));
#4789=CARTESIAN_POINT('',(-0.0835999231207138,-0.0564914595663967,0.0991272317457923));
#4790=CARTESIAN_POINT('',(-0.0836003774653475,-0.057501063012044,0.0966046265149369));
#4791=CARTESIAN_POINT('',(-0.0835989052721338,-0.0576999999999998,0.0945585666942444));
#4792=CARTESIAN_POINT('',(-0.0836,-0.0577,0.0932000000000025));
#4793=CARTESIAN_POINT('',(-0.084,-0.0573,0.0932));
#4794=CARTESIAN_POINT('',(-0.084,-0.0572991861746528,0.0945047589840899));
#4795=CARTESIAN_POINT('',(-0.084,-0.0571174329047441,0.096454147795474));
#4796=CARTESIAN_POINT('',(-0.084,-0.0561590834915169,0.0988987221378292));
#4797=CARTESIAN_POINT('',(-0.084,-0.0549850448974173,0.1004875988992));
#4798=CARTESIAN_POINT('',(-0.084,-0.0534012417712379,0.101656294767841));
#4799=CARTESIAN_POINT('',(-0.084,-0.0509721570614473,0.102613858715919));
#4800=CARTESIAN_POINT('',(-0.084,-0.0490053488513119,0.102798169106058));
#4801=CARTESIAN_POINT('',(-0.084,-0.0477,0.1028));
#4802=CARTESIAN_POINT('',(-0.0836,-0.0577,-0.005));
#4803=CARTESIAN_POINT('',(-0.0836,-0.0577,-0.053200000002));
#4804=CARTESIAN_POINT('',(-0.084,-0.0573,0.093200000002));
#4805=CARTESIAN_POINT('',(-0.077,0.0365,0.0127321580039673));
#4806=CARTESIAN_POINT('',(-0.0777208563145745,0.0372208563145746,0.0112904453748183));
#4807=CARTESIAN_POINT('',(-0.0774,0.0369,0.0109695890602437));
#4808=CARTESIAN_POINT('',(-0.077,0.0365,0.0105695890602437));
#4809=CARTESIAN_POINT('',(-0.0774,0.0369,0.0169695890602438));
#4810=CARTESIAN_POINT('',(-0.0774,0.0369,0.0221695890602438));
#4811=CARTESIAN_POINT('',(-0.0739875229812412,0.0334875229812412,0.018757112041485));
#4812=CARTESIAN_POINT('',(-0.077,0.0365,0.0217695890602437));
#4813=CARTESIAN_POINT('',(-0.077,0.0365,0.0127321580039673));
#4814=CARTESIAN_POINT('',(-0.077,0.0386123097112169,0.0105695890602437));
#4815=CARTESIAN_POINT('',(-0.077629230096261,0.039870769903739,0.0111988191565048));
#4816=CARTESIAN_POINT('',(-0.077,0.0405,0.0105695890602438));
#4817=CARTESIAN_POINT('',(-0.0774,0.0401,0.0109695890602437));
#4818=CARTESIAN_POINT('',(-0.0774,0.0369,0.0109695890602437));
#4819=CARTESIAN_POINT('',(-0.077,0.0386123097112169,0.0105695890602437));
#4820=CARTESIAN_POINT('',(-0.0774,0.0401,0.0169695890602438));
#4821=CARTESIAN_POINT('',(-0.0756666666666667,0.0418333333333333,0.0204362557269104));
#4822=CARTESIAN_POINT('',(-0.0774,0.0401,0.0221695890602437));
#4823=CARTESIAN_POINT('',(-0.077,0.0405,0.0217695890602437));
#4824=CARTESIAN_POINT('',(-0.0774,0.0401,0.0217695890602437));
#4825=CARTESIAN_POINT('',(-0.077,0.0405,0.0109695890602437));
#4826=CARTESIAN_POINT('',(-0.077,0.0510045966149956,0.000339871100188602));
#4827=CARTESIAN_POINT('',(-0.0769001156260661,0.0505929411126982,6.94734341776188E-5));
#4828=CARTESIAN_POINT('',(-0.077,0.0506343145750508,-3.04109397562584E-5));
#4829=CARTESIAN_POINT('',(-0.0774,0.0508,-0.000430410939756271));
#4830=CARTESIAN_POINT('',(-0.0774,0.04885,-0.00238041093975626));
#4831=CARTESIAN_POINT('',(-0.0774,0.056,0.00476958906024374));
#4832=CARTESIAN_POINT('',(-0.0767896205765422,0.0553896205765423,0.00502241649563342));
#4833=CARTESIAN_POINT('',(-0.077,0.0556,0.00493527448519298));
#4834=CARTESIAN_POINT('',(-0.077,0.0510045966149956,0.000339871100188606));
#4835=CARTESIAN_POINT('',(-0.0774,0.056,0.00796958906024374));
#4836=CARTESIAN_POINT('',(-0.0726666666666667,0.0512666666666667,0.0174362557269104));
#4837=CARTESIAN_POINT('',(-0.077,0.0556,0.0217695890602437));
#4838=CARTESIAN_POINT('',(-0.0774,0.056,0.0221695890602437));
#4839=CARTESIAN_POINT('',(-0.077,0.0556,0.0217695890602437));
#4840=CARTESIAN_POINT('',(-0.0774,0.056,0.00476958906024374));
#4841=CARTESIAN_POINT('',(-0.077,0.0261077130962213,0.000227561388971695));
#4842=CARTESIAN_POINT('',(-0.075512794604076,0.022887205395924,0.00555129513021914));
#4843=CARTESIAN_POINT('',(-0.0774,0.021,0.00476958906024374));
#4844=CARTESIAN_POINT('',(-0.077,0.0214,0.00493527448519298));
#4845=CARTESIAN_POINT('',(-0.0774,0.02815,-0.00238041093975626));
#4846=CARTESIAN_POINT('',(-0.0774,0.0262,-0.000430410939756297));
#4847=CARTESIAN_POINT('',(-0.0769304114113904,0.0263945099621378,3.91776488533678E-5));
#4848=CARTESIAN_POINT('',(-0.077,0.0263656854249493,-3.0410939756257E-5));
#4849=CARTESIAN_POINT('',(-0.077,0.0261077130962213,0.000227561388971695));
#4850=CARTESIAN_POINT('',(-0.077,0.0214,0.0127321580039673));
#4851=CARTESIAN_POINT('',(-0.0739875229812412,0.0244124770187588,0.018757112041485));
#4852=CARTESIAN_POINT('',(-0.077,0.0214,0.0217695890602437));
#4853=CARTESIAN_POINT('',(-0.0774,0.021,0.0221695890602438));
#4854=CARTESIAN_POINT('',(-0.0774,0.021,0.00796958906024374));
#4855=CARTESIAN_POINT('',(-0.077,0.0214,0.0127321580039673));
#4856=CARTESIAN_POINT('',(-0.077,0.0385,0.0217695890602437));
#4857=CARTESIAN_POINT('',(-0.077,0.021,0.0217695890602437));
#4858=CARTESIAN_POINT('',(-0.082,0.021,0.0267695890602438));
#4859=CARTESIAN_POINT('',(-0.077,0.0385,0.0217695890602437));
#4860=CARTESIAN_POINT('',(-0.077,0.0369,0.0217695890602437));
#4861=CARTESIAN_POINT('',(-0.082,0.0369,0.0267695890602438));
#4862=CARTESIAN_POINT('',(-0.082,0.0105,0.0267695890602438));
#4863=CARTESIAN_POINT('',(-0.077,0.0385,0.0217695890602437));
#4864=CARTESIAN_POINT('',(-0.077,0.0385,0.0217695890602437));
#4865=CARTESIAN_POINT('',(-0.07285,0.056,0.0176195890602437));
#4866=CARTESIAN_POINT('',(-0.082,0.056,0.0267695890602438));
#4867=CARTESIAN_POINT('',(-0.082,0.0105,0.0267695890602438));
#4868=CARTESIAN_POINT('',(-0.082,0.0401,0.0267695890602438));
#4869=CARTESIAN_POINT('',(-0.07735,0.0401,0.0221195890602437));
#4870=CARTESIAN_POINT('',(-0.077,0.0385,-3.04109397562604E-5));
#4871=CARTESIAN_POINT('',(-0.077,0.0385,-3.04109397562604E-5));
#4872=CARTESIAN_POINT('',(-0.0812333333333333,0.0300333333333333,-0.0042637442730896));
#4873=CARTESIAN_POINT('',(-0.082,0.0308,-0.00503041093975627));
#4874=CARTESIAN_POINT('',(-0.082,0.0105,-0.00503041093975626));
#4875=CARTESIAN_POINT('',(-0.082,0.0462,-0.00503041093975627));
#4876=CARTESIAN_POINT('',(-0.0812333333333333,0.0469666666666667,-0.00426374427308959));
#4877=CARTESIAN_POINT('',(-0.077,0.0386123097112169,0.0127321580039673));
#4878=CARTESIAN_POINT('',(-0.0825,0.056,0.00796958906024374));
#4879=CARTESIAN_POINT('',(-0.077,0.056,0.00476958906024374));
#4880=CARTESIAN_POINT('',(-0.082,0.056,0.00476958906024374));
#4881=CARTESIAN_POINT('',(-0.082,0.056,0.005));
#4882=CARTESIAN_POINT('',(-0.0825,0.04885,-0.00238041093975626));
#4883=CARTESIAN_POINT('',(-0.082,0.0333652054698782,-0.0178652054698781));
#4884=CARTESIAN_POINT('',(-0.0825,0.021,0.00796958906024374));
#4885=CARTESIAN_POINT('',(-0.077,0.021,0.00476958906024374));
#4886=CARTESIAN_POINT('',(-0.082,0.021,0.00476958906024374));
#4887=CARTESIAN_POINT('',(-0.082,0.021,0.005));
#4888=CARTESIAN_POINT('',(-0.057,-0.0539,0.079));
#4889=CARTESIAN_POINT('',(-0.0808747727084868,-0.0543,0.0794));
#4890=CARTESIAN_POINT('',(-0.0807854706747255,-0.0541635888901917,0.0792635888901917));
#4891=CARTESIAN_POINT('',(-0.080689512743031,-0.0540296163959388,0.0791296163959387));
#4892=CARTESIAN_POINT('',(-0.0805816653826392,-0.0539,0.079));
#4893=CARTESIAN_POINT('',(-0.0808747727084868,-0.0543,0.0794));
#4894=CARTESIAN_POINT('',(-0.0805816653826392,-0.0539,0.079));
#4895=CARTESIAN_POINT('',(-0.0808747727084868,-0.0543,0.0794));
#4896=CARTESIAN_POINT('',(-0.0822,-0.0543,0.0794));
#4897=CARTESIAN_POINT('',(-0.0672666666666667,-0.0393666666666667,0.0644666666666667));
#4898=CARTESIAN_POINT('',(-0.082,-0.0541,0.0792));
#4899=CARTESIAN_POINT('',(-0.082,-0.00345,0.02855));
#4900=CARTESIAN_POINT('',(-0.082,-0.0539,0.079));
#4901=CARTESIAN_POINT('',(-0.082,-0.0539,0.079));
#4902=CARTESIAN_POINT('',(-0.0836044200465519,-0.0477000000000041,0.1032));
#4903=CARTESIAN_POINT('',(-0.0830000001,-0.0477000000000041,0.1032));
#4904=CARTESIAN_POINT('',(-0.0836044200465519,-0.0543666666666673,0.103199999999999));
#4905=CARTESIAN_POINT('',(-0.0830000001,-0.0543666666666673,0.103199999999999));
#4906=CARTESIAN_POINT('',(-0.0836044200465519,-0.0576999999999991,0.0998666666666662));
#4907=CARTESIAN_POINT('',(-0.0830000001,-0.0576999999999991,0.0998666666666662));
#4908=CARTESIAN_POINT('',(-0.0836044200465518,-0.0577,0.0932000000000025));
#4909=CARTESIAN_POINT('',(-0.0830000000999999,-0.0577,0.0932000000000025));
#4910=CARTESIAN_POINT('',(-0.0835,-0.0477,0.1032));
#4911=CARTESIAN_POINT('',(-0.0830000001,-0.047700000002,0.1032));
#4912=CARTESIAN_POINT('',(-0.0835,-0.0577,0.0932));
#4913=CARTESIAN_POINT('',(-0.0830000001,-0.0577,0.093200000002));
#4914=CARTESIAN_POINT('',(-0.083,-0.0477,0.1032));
#4915=CARTESIAN_POINT('',(-0.083,-0.0543666666666667,0.1032));
#4916=CARTESIAN_POINT('',(-0.083,-0.0577,0.0998666666666667));
#4917=CARTESIAN_POINT('',(-0.083,-0.0577,0.0932));
#4918=CARTESIAN_POINT('',(-0.084,-0.0307,0.0886));
#4919=CARTESIAN_POINT('',(-0.084,-0.0323786440127836,0.0885995723485931));
#4920=CARTESIAN_POINT('',(-0.084,-0.0340794018534196,0.0884270907511751));
#4921=CARTESIAN_POINT('',(-0.084,-0.0364757588371584,0.0877192962514717));
#4922=CARTESIAN_POINT('',(-0.084,-0.0372621850394216,0.0873994121642982));
#4923=CARTESIAN_POINT('',(-0.084,-0.0387275779828331,0.0865716942861695));
#4924=CARTESIAN_POINT('',(-0.084,-0.0393958116005324,0.0860720134191751));
#4925=CARTESIAN_POINT('',(-0.084,-0.04059250675863,0.0848709982322082));
#4926=CARTESIAN_POINT('',(-0.084,-0.0410887203144422,0.0842028566778832));
#4927=CARTESIAN_POINT('',(-0.084,-0.0419130546621179,0.0827323897952146));
#4928=CARTESIAN_POINT('',(-0.084,-0.0422296015676288,0.0819470119447345));
#4929=CARTESIAN_POINT('',(-0.084,-0.0429278352877778,0.0795646618625041));
#4930=CARTESIAN_POINT('',(-0.084,-0.0430991050604714,0.0778805310205865));
#4931=CARTESIAN_POINT('',(-0.084,-0.0431,0.0762));
#4932=CARTESIAN_POINT('',(-0.0836,-0.0307,0.0882));
#4933=CARTESIAN_POINT('',(-0.0836,-0.0323512269602999,0.088199794883194));
#4934=CARTESIAN_POINT('',(-0.0836,-0.0340149270255551,0.0880292783295076));
#4935=CARTESIAN_POINT('',(-0.0836,-0.0363373309931909,0.0873429865291586));
#4936=CARTESIAN_POINT('',(-0.0836,-0.0370951750415006,0.0870343830460013));
#4937=CARTESIAN_POINT('',(-0.0836,-0.0385012490775726,0.0862400997562574));
#4938=CARTESIAN_POINT('',(-0.0836,-0.0391394302396871,0.085762612589453));
#4939=CARTESIAN_POINT('',(-0.0836,-0.0402821838005529,0.0846157343694669));
#4940=CARTESIAN_POINT('',(-0.0836,-0.0407563942008619,0.0839776034352018));
#4941=CARTESIAN_POINT('',(-0.0836,-0.0415475182615167,0.0825665063465712));
#4942=CARTESIAN_POINT('',(-0.0836,-0.0418529525735633,0.0818095577762181));
#4943=CARTESIAN_POINT('',(-0.0836,-0.0425300398740694,0.0795004773210478));
#4944=CARTESIAN_POINT('',(-0.0836,-0.0426993300087029,0.0778530564037506));
#4945=CARTESIAN_POINT('',(-0.0836,-0.0427,0.0762));
#4946=CARTESIAN_POINT('',(-0.0832,-0.0307,0.0878));
#4947=CARTESIAN_POINT('',(-0.0832,-0.0323238099078162,0.0878000174177949));
#4948=CARTESIAN_POINT('',(-0.0832,-0.0339504521976906,0.0876314659078401));
#4949=CARTESIAN_POINT('',(-0.0832,-0.0361989031492234,0.0869666768068455));
#4950=CARTESIAN_POINT('',(-0.0832,-0.0369281650435796,0.0866693539277044));
#4951=CARTESIAN_POINT('',(-0.0832,-0.0382749201723121,0.0859085052263453));
#4952=CARTESIAN_POINT('',(-0.0832,-0.0388830488788418,0.0854532117597309));
#4953=CARTESIAN_POINT('',(-0.0832,-0.0399718608424758,0.0843604705067256));
#4954=CARTESIAN_POINT('',(-0.0832,-0.0404240680872816,0.0837523501925204));
#4955=CARTESIAN_POINT('',(-0.0832,-0.0411819818609155,0.0824006228979278));
#4956=CARTESIAN_POINT('',(-0.0832,-0.0414763035794978,0.0816721036077017));
#4957=CARTESIAN_POINT('',(-0.0832,-0.042132244460361,0.0794362927795915));
#4958=CARTESIAN_POINT('',(-0.0832,-0.0422995549569344,0.0778255817869147));
#4959=CARTESIAN_POINT('',(-0.0832,-0.0423,0.0762));
#4960=CARTESIAN_POINT('',(-0.0838,-0.0307,0.0884));
#4961=CARTESIAN_POINT('',(-0.0832,-0.0307,0.0878));
#4962=CARTESIAN_POINT('',(-0.084,-0.0307,0.0886));
#4963=CARTESIAN_POINT('',(-0.0832,-0.0307,0.0878));
#4964=CARTESIAN_POINT('',(-0.0832,-0.0314876788157749,0.0878000084490358));
#4965=CARTESIAN_POINT('',(-0.0832,-0.0330674214712685,0.0877201159113305));
#4966=CARTESIAN_POINT('',(-0.0832,-0.0353679837484523,0.0872890266252267));
#4967=CARTESIAN_POINT('',(-0.0832,-0.0375682608486659,0.0864248739967276));
#4968=CARTESIAN_POINT('',(-0.0832,-0.0394884239032721,0.0850129168335628));
#4969=CARTESIAN_POINT('',(-0.0832000000000001,-0.0409111211799459,0.0830961302102486));
#4970=CARTESIAN_POINT('',(-0.0832,-0.0420762027942885,0.0801451526143989));
#4971=CARTESIAN_POINT('',(-0.0832,-0.0422995677483994,0.0777788591792824));
#4972=CARTESIAN_POINT('',(-0.0832,-0.0423,0.0762));
#4973=CARTESIAN_POINT('',(-0.0832,-0.0423,0.0762));
#4974=CARTESIAN_POINT('',(-0.0838,-0.0429,0.0762));
#4975=CARTESIAN_POINT('',(-0.084,-0.0431,0.0762));
#4976=CARTESIAN_POINT('',(-0.084,-0.0307,0.0886));
#4977=CARTESIAN_POINT('',(-0.084,-0.0323814447089083,0.0885995716350877));
#4978=CARTESIAN_POINT('',(-0.084,-0.0348981768279936,0.088352915780219));
#4979=CARTESIAN_POINT('',(-0.084,-0.0380300827183066,0.08709042298668));
#4980=CARTESIAN_POINT('',(-0.084,-0.0400643356406041,0.0855726412873585));
#4981=CARTESIAN_POINT('',(-0.084,-0.0415836511302107,0.0835420311299474));
#4982=CARTESIAN_POINT('',(-0.084,-0.0428515689413723,0.0804095618286372));
#4983=CARTESIAN_POINT('',(-0.084,-0.0430991036658114,0.0778831499342315));
#4984=CARTESIAN_POINT('',(-0.084,-0.0431,0.0762));
#4985=CARTESIAN_POINT('',(-0.0795,-0.0537,0.029));
#4986=CARTESIAN_POINT('',(-0.0808747727084868,-0.0543,0.029));
#4987=CARTESIAN_POINT('',(-0.0808747727084868,-0.0543,0.0906));
#4988=CARTESIAN_POINT('',(-0.0795,-0.0537,0.0794));
#4989=CARTESIAN_POINT('',(-0.0784,-0.0547198039027186,0.0794));
#4990=CARTESIAN_POINT('',(-0.0784,-0.0547198039027186,0.029));
#4991=CARTESIAN_POINT('',(-0.0784,-0.0547198039027186,0.0906));
#4992=CARTESIAN_POINT('',(-0.0795,-0.0537,0.0906));
#4993=CARTESIAN_POINT('',(-0.082,-0.0543,0.0906));
#4994=CARTESIAN_POINT('',(-0.0805816653826392,-0.0539,0.091));
#4995=CARTESIAN_POINT('',(-0.080689512743031,-0.0540296163959388,0.0908703836040613));
#4996=CARTESIAN_POINT('',(-0.0807854706747255,-0.0541635888901917,0.0907364111098083));
#4997=CARTESIAN_POINT('',(-0.0808747727084868,-0.0543,0.0906));
#4998=CARTESIAN_POINT('',(-0.0805816653826392,-0.0539,0.091));
#4999=CARTESIAN_POINT('',(-0.077,-0.0539,0.091));
#5000=CARTESIAN_POINT('',(-0.082,-0.0539,0.091));
#5001=CARTESIAN_POINT('',(-0.082,-0.05345,0.09145));
#5002=CARTESIAN_POINT('',(-0.082,-0.0541,0.0908));
#5003=CARTESIAN_POINT('',(-0.104066666666667,-0.0761666666666667,0.0687333333333333));
#5004=CARTESIAN_POINT('',(-0.0822,-0.0543,0.0906));
#5005=CARTESIAN_POINT('',(-0.082,-0.0543,0.0906));
#5006=CARTESIAN_POINT('',(-0.082,-0.0541,0.005));
#5007=CARTESIAN_POINT('',(-0.082,-0.0541,0.035));
#5008=CARTESIAN_POINT('',(-0.082,-0.0541,0.093));
#5009=CARTESIAN_POINT('',(-0.0821,-0.0542,0.093));
#5010=CARTESIAN_POINT('',(-0.0822000000000102,-0.0543,0.0930000000065941));
#5011=CARTESIAN_POINT('',(-0.0822,-0.0543,0.025));
#5012=CARTESIAN_POINT('',(-0.0821949106979234,-0.0543,0.093000000006686));
#5013=CARTESIAN_POINT('',(-0.083,-0.0543,0.093000000006686));
#5014=CARTESIAN_POINT('',(-0.0821949106979234,-0.0542999999989024,0.0953000000038199));
#5015=CARTESIAN_POINT('',(-0.083,-0.0542999999989024,0.0953000000038199));
#5016=CARTESIAN_POINT('',(-0.0821949106979235,-0.053167157285902,0.0986671572875251));
#5017=CARTESIAN_POINT('',(-0.0830000000000002,-0.053167157285902,0.0986671572875251));
#5018=CARTESIAN_POINT('',(-0.0821949106979234,-0.0498000000010742,0.0997999999994511));
#5019=CARTESIAN_POINT('',(-0.083,-0.0498000000010742,0.0997999999994511));
#5020=CARTESIAN_POINT('',(-0.0821949106979234,-0.047500000003343,0.0997999999999999));
#5021=CARTESIAN_POINT('',(-0.083,-0.047500000003343,0.0998));
#5022=CARTESIAN_POINT('',(-0.0826,-0.0543,0.093));
#5023=CARTESIAN_POINT('',(-0.083,-0.0543,0.093));
#5024=CARTESIAN_POINT('',(-0.08219999990625,-0.047500000003343,0.09979999996875));
#5025=CARTESIAN_POINT('',(-0.0822007204469081,-0.0484247248016766,0.0997999999683087));
#5026=CARTESIAN_POINT('',(-0.0822002241548722,-0.0498120896902502,0.0996704486857821));
#5027=CARTESIAN_POINT('',(-0.0822046973033098,-0.0515374739233795,0.0989881261103564));
#5028=CARTESIAN_POINT('',(-0.0821971580736039,-0.0526593183560939,0.0981541862944014));
#5029=CARTESIAN_POINT('',(-0.0822066213222817,-0.0534893471764589,0.0970339700946656));
#5030=CARTESIAN_POINT('',(-0.0821988125728255,-0.0541690694934003,0.0953165181760832));
#5031=CARTESIAN_POINT('',(-0.0822014250632455,-0.0542999999991269,0.0939242830735454));
#5032=CARTESIAN_POINT('',(-0.0822000000000204,-0.0543,0.0930000000132336));
#5033=CARTESIAN_POINT('',(-0.082199999875,-0.0475,0.0998));
#5034=CARTESIAN_POINT('',(-0.0825999999999973,-0.0475,0.0998));
#5035=CARTESIAN_POINT('',(-0.083,-0.0475,0.0998));
#5036=CARTESIAN_POINT('',(-0.083,-0.0543,0.093000000003343));
#5037=CARTESIAN_POINT('',(-0.083,-0.0542999999995601,0.0939218044451542));
#5038=CARTESIAN_POINT('',(-0.083,-0.0541470678467267,0.0957348325926999));
#5039=CARTESIAN_POINT('',(-0.083,-0.0528191508370491,0.0983062401891192));
#5040=CARTESIAN_POINT('',(-0.083,-0.0502845704436927,0.0996347502456287));
#5041=CARTESIAN_POINT('',(-0.083,-0.048426931554892,0.0997999999997788));
#5042=CARTESIAN_POINT('',(-0.083,-0.047500000003343,0.0998));
#5043=CARTESIAN_POINT('',(-0.08408,-0.0402205214198307,0.0746456017188532));
#5044=CARTESIAN_POINT('',(-0.08408,-0.0402203476132205,0.0751637344792355));
#5045=CARTESIAN_POINT('',(-0.08408,-0.0402201738066102,0.0756818672396177));
#5046=CARTESIAN_POINT('',(-0.08408,-0.04022,0.0762));
#5047=CARTESIAN_POINT('',(-0.08408,-0.0402195654834745,0.0774953319009556));
#5048=CARTESIAN_POINT('',(-0.08408,-0.0400897174327485,0.0788054121558261));
#5049=CARTESIAN_POINT('',(-0.08408,-0.0393938148831672,0.0812521771006676));
#5050=CARTESIAN_POINT('',(-0.08408,-0.0387803477505048,0.0824386889756189));
#5051=CARTESIAN_POINT('',(-0.08408,-0.0369580713980024,0.0842652149044618));
#5052=CARTESIAN_POINT('',(-0.08408,-0.0357754087062374,0.0848845191428296));
#5053=CARTESIAN_POINT('',(-0.08408,-0.0333060743076364,0.0855921436883286));
#5054=CARTESIAN_POINT('',(-0.08408,-0.0319978644119455,0.0857194055053486));
#5055=CARTESIAN_POINT('',(-0.08408,-0.0307,0.08572));
#5056=CARTESIAN_POINT('',(-0.08408,-0.0301808542352218,0.0857202377978606));
#5057=CARTESIAN_POINT('',(-0.08408,-0.0296617084704436,0.0857204755957212));
#5058=CARTESIAN_POINT('',(-0.08408,-0.0291425627056654,0.0857207133935817));
#5059=CARTESIAN_POINT('',(-0.084,-0.0403005779315474,0.074639243960176));
#5060=CARTESIAN_POINT('',(-0.084,-0.0403003852876982,0.0751594959734506));
#5061=CARTESIAN_POINT('',(-0.084,-0.0403001926438491,0.0756797479867253));
#5062=CARTESIAN_POINT('',(-0.084,-0.0403,0.0762));
#5063=CARTESIAN_POINT('',(-0.084,-0.0402995183903772,0.0775006300331867));
#5064=CARTESIAN_POINT('',(-0.084,-0.0401692751298049,0.0788178718506718));
#5065=CARTESIAN_POINT('',(-0.084,-0.0394680554544276,0.0812838319460864));
#5066=CARTESIAN_POINT('',(-0.084,-0.0388482812313885,0.0824838608608282));
#5067=CARTESIAN_POINT('',(-0.084,-0.0370034842747453,0.0843329704437903));
#5068=CARTESIAN_POINT('',(-0.084,-0.0358072780500058,0.0849586766002889));
#5069=CARTESIAN_POINT('',(-0.084,-0.033318509201421,0.085671729960936));
#5070=CARTESIAN_POINT('',(-0.084,-0.0320031748008228,0.0857993562282038));
#5071=CARTESIAN_POINT('',(-0.084,-0.0307,0.0858));
#5072=CARTESIAN_POINT('',(-0.084,-0.0301787300796709,0.0858002575087185));
#5073=CARTESIAN_POINT('',(-0.084,-0.0296574601593418,0.0858005150174369));
#5074=CARTESIAN_POINT('',(-0.084,-0.0291361902390126,0.0858007725261554));
#5075=CARTESIAN_POINT('',(-0.0836,-0.0407008604901308,0.0746074551667896));
#5076=CARTESIAN_POINT('',(-0.0836,-0.0407005736600872,0.0751383034445264));
#5077=CARTESIAN_POINT('',(-0.0836,-0.0407002868300436,0.0756691517222632));
#5078=CARTESIAN_POINT('',(-0.0836,-0.0407,0.0762));
#5079=CARTESIAN_POINT('',(-0.0836,-0.040699282924891,0.077527120694342));
#5080=CARTESIAN_POINT('',(-0.0836,-0.040567063615087,0.0788801703249002));
#5081=CARTESIAN_POINT('',(-0.0836,-0.0398392583107295,0.0814421061731806));
#5082=CARTESIAN_POINT('',(-0.0836,-0.0391879486358073,0.0827097202868749));
#5083=CARTESIAN_POINT('',(-0.0836,-0.03723054865846,0.0846717481404331));
#5084=CARTESIAN_POINT('',(-0.0836,-0.035966624768848,0.0853294638875855));
#5085=CARTESIAN_POINT('',(-0.0836,-0.0333806836703441,0.0860696613239733));
#5086=CARTESIAN_POINT('',(-0.0836,-0.0320297267452093,0.08619910984248));
#5087=CARTESIAN_POINT('',(-0.0836,-0.0307,0.0862));
#5088=CARTESIAN_POINT('',(-0.0836,-0.0301681093019163,0.086200356063008));
#5089=CARTESIAN_POINT('',(-0.0836,-0.0296362186038326,0.086200712126016));
#5090=CARTESIAN_POINT('',(-0.0836,-0.0291043279057488,0.086201068189024));
#5091=CARTESIAN_POINT('',(-0.0832,-0.0411011430487142,0.0745756663734032));
#5092=CARTESIAN_POINT('',(-0.0832,-0.0411007620324762,0.0751171109156021));
#5093=CARTESIAN_POINT('',(-0.0832,-0.0411003810162381,0.0756585554578011));
#5094=CARTESIAN_POINT('',(-0.0832,-0.0411,0.0762));
#5095=CARTESIAN_POINT('',(-0.0832,-0.0410990474594048,0.0775536113554973));
#5096=CARTESIAN_POINT('',(-0.0832,-0.0409648521003691,0.0789424687991286));
#5097=CARTESIAN_POINT('',(-0.0832,-0.0402104611670314,0.0816003804002748));
#5098=CARTESIAN_POINT('',(-0.0832,-0.0395276160402261,0.0829355797129216));
#5099=CARTESIAN_POINT('',(-0.0832,-0.0374576130421747,0.0850105258370759));
#5100=CARTESIAN_POINT('',(-0.0832,-0.0361259714876902,0.0857002511748821));
#5101=CARTESIAN_POINT('',(-0.0832,-0.0334428581392672,0.0864675926870106));
#5102=CARTESIAN_POINT('',(-0.0832,-0.0320562786895958,0.0865988634567562));
#5103=CARTESIAN_POINT('',(-0.0832,-0.0307,0.0866));
#5104=CARTESIAN_POINT('',(-0.0832,-0.0301574885241617,0.0866004546172975));
#5105=CARTESIAN_POINT('',(-0.0832,-0.0296149770483233,0.086600909234595));
#5106=CARTESIAN_POINT('',(-0.0832,-0.029072465572485,0.0866013638518925));
#5107=CARTESIAN_POINT('',(-0.0834,-0.0307,0.0864));
#5108=CARTESIAN_POINT('',(-0.084,-0.0307,0.0858));
#5109=CARTESIAN_POINT('',(-0.0832,-0.0307,0.0866));
#5110=CARTESIAN_POINT('',(-0.084,-0.0403,0.0762));
#5111=CARTESIAN_POINT('',(-0.084,-0.0402995170888345,0.0775041449661396));
#5112=CARTESIAN_POINT('',(-0.084,-0.0401152482624911,0.0794709880309644));
#5113=CARTESIAN_POINT('',(-0.084,-0.0391589500335998,0.0818841985597216));
#5114=CARTESIAN_POINT('',(-0.084,-0.0379972216827523,0.0834805674899725));
#5115=CARTESIAN_POINT('',(-0.084,-0.0364018242090004,0.0846496729247949));
#5116=CARTESIAN_POINT('',(-0.0840000000000001,-0.0339620375530903,0.0856202395725407));
#5117=CARTESIAN_POINT('',(-0.084,-0.0320058676136989,0.0857993548979471));
#5118=CARTESIAN_POINT('',(-0.084,-0.0307,0.0858));
#5119=CARTESIAN_POINT('',(-0.084,-0.0403,0.0762));
#5120=CARTESIAN_POINT('',(-0.0834,-0.0409,0.0762));
#5121=CARTESIAN_POINT('',(-0.0832,-0.0411,0.0762));
#5122=CARTESIAN_POINT('',(-0.0832,-0.0411,0.0762));
#5123=CARTESIAN_POINT('',(-0.0832,-0.041099008157871,0.0776094609462843));
#5124=CARTESIAN_POINT('',(-0.0832,-0.0408920317170895,0.0797325375091943));
#5125=CARTESIAN_POINT('',(-0.0832,-0.039830375837096,0.0823320106697953));
#5126=CARTESIAN_POINT('',(-0.0831999999999999,-0.0385673006436494,0.0840477852940244));
#5127=CARTESIAN_POINT('',(-0.0832,-0.0368514246355896,0.0853198594558567));
#5128=CARTESIAN_POINT('',(-0.0832,-0.0342251887738929,0.0863968308310809));
#5129=CARTESIAN_POINT('',(-0.0832,-0.0321114719627163,0.086598817205538));
#5130=CARTESIAN_POINT('',(-0.0832,-0.0307,0.0866));
#5131=CARTESIAN_POINT('',(-0.0836044200465522,0.0787,0.0932000000000041));
#5132=CARTESIAN_POINT('',(-0.0830000001,0.0787,0.0932000000000041));
#5133=CARTESIAN_POINT('',(-0.0836044200465522,0.0786999999999984,0.0998666666666673));
#5134=CARTESIAN_POINT('',(-0.0830000001,0.0786999999999984,0.0998666666666673));
#5135=CARTESIAN_POINT('',(-0.0836044200465523,0.0753666666666661,0.103199999999999));
#5136=CARTESIAN_POINT('',(-0.0830000001000001,0.0753666666666661,0.103199999999999));
#5137=CARTESIAN_POINT('',(-0.0836044200465522,0.0687000000000024,0.1032));
#5138=CARTESIAN_POINT('',(-0.0830000001,0.0687000000000024,0.1032));
#5139=CARTESIAN_POINT('',(-0.0835,0.0787,0.0932));
#5140=CARTESIAN_POINT('',(-0.0830000001,0.0787,0.093200000002));
#5141=CARTESIAN_POINT('',(-0.0835,0.0687,0.1032));
#5142=CARTESIAN_POINT('',(-0.0830000001,0.068700000002,0.1032));
#5143=CARTESIAN_POINT('',(-0.083,0.0787,0.0932));
#5144=CARTESIAN_POINT('',(-0.083,0.0787,0.0998666666666667));
#5145=CARTESIAN_POINT('',(-0.083,0.0753666666666667,0.1032));
#5146=CARTESIAN_POINT('',(-0.083,0.0687,0.1032));
#5147=CARTESIAN_POINT('',(-0.0821949106979238,0.068500000003343,0.0998000000000001));
#5148=CARTESIAN_POINT('',(-0.083,0.0685000000033431,0.0998000000000001));
#5149=CARTESIAN_POINT('',(-0.0821949106979238,0.0708000000016314,0.0997999999994512));
#5150=CARTESIAN_POINT('',(-0.083,0.0708000000016315,0.0997999999994512));
#5151=CARTESIAN_POINT('',(-0.0821949106979237,0.0741671572869841,0.0986671572869841));
#5152=CARTESIAN_POINT('',(-0.0829999999999999,0.0741671572869841,0.0986671572869841));
#5153=CARTESIAN_POINT('',(-0.0821949106979238,0.0752999999994511,0.0953000000016314));
#5154=CARTESIAN_POINT('',(-0.083,0.0752999999994511,0.0953000000016314));
#5155=CARTESIAN_POINT('',(-0.0821949106979238,0.0753,0.093000000003343));
#5156=CARTESIAN_POINT('',(-0.083,0.0753,0.093000000003343));
#5157=CARTESIAN_POINT('',(-0.082,0.0685,0.0998));
#5158=CARTESIAN_POINT('',(-0.083,0.0685,0.0998));
#5159=CARTESIAN_POINT('',(-0.0822,0.0685,0.0998));
#5160=CARTESIAN_POINT('',(-0.0822,0.0753,0.0930000000034266));
#5161=CARTESIAN_POINT('',(-0.0822007205406881,0.0752999999995476,0.0939247248050373));
#5162=CARTESIAN_POINT('',(-0.0822002241337127,0.0751704486784034,0.0953120896927921));
#5163=CARTESIAN_POINT('',(-0.0822046973072946,0.0744881261093415,0.0970374739280811));
#5164=CARTESIAN_POINT('',(-0.0821971580725454,0.0736541862893578,0.098159318360996));
#5165=CARTESIAN_POINT('',(-0.0822066213225496,0.0725339700872957,0.0989893471806729));
#5166=CARTESIAN_POINT('',(-0.0821988125727171,0.0708165181655299,0.0996690694957697));
#5167=CARTESIAN_POINT('',(-0.0822014250630735,0.0694242830613583,0.0997999999997846));
#5168=CARTESIAN_POINT('',(-0.0822000000000052,0.0685,0.0998000000000052));
#5169=CARTESIAN_POINT('',(-0.0822,0.0753,0.0930000000001671));
#5170=CARTESIAN_POINT('',(-0.083,0.0753,0.093));
#5171=CARTESIAN_POINT('',(-0.083,0.0753,0.093));
#5172=CARTESIAN_POINT('',(-0.083,0.068500000003343,0.0998));
#5173=CARTESIAN_POINT('',(-0.083,0.069421804445147,0.09979999999956));
#5174=CARTESIAN_POINT('',(-0.0829999999999999,0.0712348325926196,0.0996470678467372));
#5175=CARTESIAN_POINT('',(-0.083,0.0738062401890827,0.098319150837096));
#5176=CARTESIAN_POINT('',(-0.083,0.0751347502456298,0.0957845704437177));
#5177=CARTESIAN_POINT('',(-0.083,0.0752999999997788,0.0939269315549009));
#5178=CARTESIAN_POINT('',(-0.083,0.0753,0.093000000003343));
#5179=CARTESIAN_POINT('',(-0.0822,0.0753,-0.015));
#5180=CARTESIAN_POINT('',(-0.1006,0.0937,0.0722000000000009));
#5181=CARTESIAN_POINT('',(-0.0822,0.0753,0.0906));
#5182=CARTESIAN_POINT('',(-0.082,0.0751,0.0908));
#5183=CARTESIAN_POINT('',(-0.0822,0.0753,0.0906));
#5184=CARTESIAN_POINT('',(-0.0821,0.0752,0.093));
#5185=CARTESIAN_POINT('',(-0.082,0.0751,0.093));
#5186=CARTESIAN_POINT('',(-0.082,0.0751,0.093));
#5187=CARTESIAN_POINT('',(-0.077,0.0749,0.091));
#5188=CARTESIAN_POINT('',(-0.0808747727084868,0.0753,0.0906));
#5189=CARTESIAN_POINT('',(-0.0807854706747254,0.0751635888901917,0.0907364111098083));
#5190=CARTESIAN_POINT('',(-0.080689512743031,0.0750296163959387,0.0908703836040612));
#5191=CARTESIAN_POINT('',(-0.0805816653826392,0.0749,0.091));
#5192=CARTESIAN_POINT('',(-0.0808747727084868,0.0753,0.0906));
#5193=CARTESIAN_POINT('',(-0.0805816653826392,0.0749,0.091));
#5194=CARTESIAN_POINT('',(-0.0808747727084868,0.0753,0.0906));
#5195=CARTESIAN_POINT('',(-0.082,0.074449999999999,0.091450000000001));
#5196=CARTESIAN_POINT('',(-0.082,0.0749,0.091));
#5197=CARTESIAN_POINT('',(-0.082,0.0749,0.091));
#5198=CARTESIAN_POINT('',(-0.0795,0.0747,0.041));
#5199=CARTESIAN_POINT('',(-0.0784,0.0757198039027185,0.041));
#5200=CARTESIAN_POINT('',(-0.0784,0.0757198039027185,0.0906));
#5201=CARTESIAN_POINT('',(-0.0784,0.0757198039027185,0.0794));
#5202=CARTESIAN_POINT('',(-0.0795,0.0747,0.0794));
#5203=CARTESIAN_POINT('',(-0.0808747727084868,0.0753,0.0794));
#5204=CARTESIAN_POINT('',(-0.0808747727084868,0.0753,0.041));
#5205=CARTESIAN_POINT('',(-0.0795,0.0747,0.0906));
#5206=CARTESIAN_POINT('',(-0.057,0.0749,0.079));
#5207=CARTESIAN_POINT('',(-0.082,0.024450000000001,0.0285499999999992));
#5208=CARTESIAN_POINT('',(-0.082,0.0751,0.0792));
#5209=CARTESIAN_POINT('',(-0.082,0.0749,0.079));
#5210=CARTESIAN_POINT('',(-0.0607333333333336,0.0538333333333321,0.0579333333333314));
#5211=CARTESIAN_POINT('',(-0.0822,0.0753,0.0794));
#5212=CARTESIAN_POINT('',(-0.082,0.0753,0.0794));
#5213=CARTESIAN_POINT('',(-0.0808747727084868,0.0753,0.0794));
#5214=CARTESIAN_POINT('',(-0.0807854706747254,0.0751635888901917,0.0792635888901917));
#5215=CARTESIAN_POINT('',(-0.080689512743031,0.0750296163959387,0.0791296163959387));
#5216=CARTESIAN_POINT('',(-0.0805816653826392,0.0749,0.079));
#5217=CARTESIAN_POINT('',(-0.0805816653826392,0.0749,0.079));
#5218=CARTESIAN_POINT('',(-0.0808747727084868,0.0749,0.079));
#5219=CARTESIAN_POINT('',(-0.084,0.0641,0.0762));
#5220=CARTESIAN_POINT('',(-0.084,0.0640995723485931,0.0778786440127836));
#5221=CARTESIAN_POINT('',(-0.084,0.0639270907511752,0.0795794018534196));
#5222=CARTESIAN_POINT('',(-0.084,0.0632192962514717,0.0819757588371583));
#5223=CARTESIAN_POINT('',(-0.084,0.0628994121642983,0.0827621850394215));
#5224=CARTESIAN_POINT('',(-0.084,0.0620716942861694,0.084227577982833));
#5225=CARTESIAN_POINT('',(-0.084,0.0615720134191751,0.0848958116005324));
#5226=CARTESIAN_POINT('',(-0.084,0.0603709982322082,0.08609250675863));
#5227=CARTESIAN_POINT('',(-0.084,0.0597028566778832,0.0865887203144422));
#5228=CARTESIAN_POINT('',(-0.084,0.0582323897952146,0.0874130546621178));
#5229=CARTESIAN_POINT('',(-0.084,0.0574470119447345,0.0877296015676288));
#5230=CARTESIAN_POINT('',(-0.084,0.0550646618625041,0.0884278352877778));
#5231=CARTESIAN_POINT('',(-0.084,0.0533805310205866,0.0885991050604714));
#5232=CARTESIAN_POINT('',(-0.084,0.0517,0.0886));
#5233=CARTESIAN_POINT('',(-0.0836,0.0637,0.0762));
#5234=CARTESIAN_POINT('',(-0.0836,0.063699794883194,0.0778512269602998));
#5235=CARTESIAN_POINT('',(-0.0836,0.0635292783295076,0.0795149270255551));
#5236=CARTESIAN_POINT('',(-0.0836,0.0628429865291586,0.0818373309931909));
#5237=CARTESIAN_POINT('',(-0.0836,0.0625343830460014,0.0825951750415005));
#5238=CARTESIAN_POINT('',(-0.0836,0.0617400997562574,0.0840012490775726));
#5239=CARTESIAN_POINT('',(-0.0836,0.061262612589453,0.0846394302396871));
#5240=CARTESIAN_POINT('',(-0.0836,0.0601157343694669,0.0857821838005529));
#5241=CARTESIAN_POINT('',(-0.0836,0.0594776034352018,0.0862563942008619));
#5242=CARTESIAN_POINT('',(-0.0836,0.0580665063465712,0.0870475182615167));
#5243=CARTESIAN_POINT('',(-0.0836,0.0573095577762181,0.0873529525735633));
#5244=CARTESIAN_POINT('',(-0.0836,0.0550004773210478,0.0880300398740694));
#5245=CARTESIAN_POINT('',(-0.0836,0.0533530564037507,0.0881993300087028));
#5246=CARTESIAN_POINT('',(-0.0836,0.0517,0.0882));
#5247=CARTESIAN_POINT('',(-0.0832,0.0633,0.0762));
#5248=CARTESIAN_POINT('',(-0.0832,0.0633000174177949,0.077823809907816));
#5249=CARTESIAN_POINT('',(-0.0832,0.06313146590784,0.0794504521976906));
#5250=CARTESIAN_POINT('',(-0.0832,0.0624666768068455,0.0816989031492235));
#5251=CARTESIAN_POINT('',(-0.0832,0.0621693539277045,0.0824281650435795));
#5252=CARTESIAN_POINT('',(-0.0832,0.0614085052263454,0.0837749201723122));
#5253=CARTESIAN_POINT('',(-0.0832,0.0609532117597309,0.0843830488788418));
#5254=CARTESIAN_POINT('',(-0.0832,0.0598604705067256,0.0854718608424758));
#5255=CARTESIAN_POINT('',(-0.0832,0.0592523501925204,0.0859240680872816));
#5256=CARTESIAN_POINT('',(-0.0832,0.0579006228979278,0.0866819818609156));
#5257=CARTESIAN_POINT('',(-0.0832,0.0571721036077017,0.0869763035794978));
#5258=CARTESIAN_POINT('',(-0.0832,0.0549362927795915,0.087632244460361));
#5259=CARTESIAN_POINT('',(-0.0832,0.0533255817869148,0.0877995549569342));
#5260=CARTESIAN_POINT('',(-0.0832,0.0517,0.0878));
#5261=CARTESIAN_POINT('',(-0.084,0.0641,0.0762));
#5262=CARTESIAN_POINT('',(-0.084,0.0640995716350877,0.0778814447089083));
#5263=CARTESIAN_POINT('',(-0.084,0.0638529157802191,0.0803981768279936));
#5264=CARTESIAN_POINT('',(-0.084,0.06259042298668,0.0835300827183065));
#5265=CARTESIAN_POINT('',(-0.084,0.0610726412873585,0.0855643356406042));
#5266=CARTESIAN_POINT('',(-0.084,0.0590420311299474,0.0870836511302106));
#5267=CARTESIAN_POINT('',(-0.084,0.0559095618286372,0.0883515689413724));
#5268=CARTESIAN_POINT('',(-0.084,0.0533831499342315,0.0885991036658114));
#5269=CARTESIAN_POINT('',(-0.084,0.0517,0.0886));
#5270=CARTESIAN_POINT('',(-0.084,0.0641,0.0762));
#5271=CARTESIAN_POINT('',(-0.084,0.0517,0.0886));
#5272=CARTESIAN_POINT('',(-0.0834,0.0635,0.0762));
#5273=CARTESIAN_POINT('',(-0.0832,0.0633,0.0762));
#5274=CARTESIAN_POINT('',(-0.0832,0.0633,0.0762));
#5275=CARTESIAN_POINT('',(-0.0832,0.0633000084490358,0.0769876788157749));
#5276=CARTESIAN_POINT('',(-0.0832,0.0632201159113303,0.0785674214712684));
#5277=CARTESIAN_POINT('',(-0.0832,0.0627890266252267,0.0808679837484524));
#5278=CARTESIAN_POINT('',(-0.0832,0.0619248739967277,0.0830682608486659));
#5279=CARTESIAN_POINT('',(-0.0832,0.0605129168335628,0.0849884239032721));
#5280=CARTESIAN_POINT('',(-0.0832,0.0585961302102487,0.0864111211799459));
#5281=CARTESIAN_POINT('',(-0.0832,0.0556451526143989,0.0875762027942885));
#5282=CARTESIAN_POINT('',(-0.0832,0.0532788591792824,0.0877995677483992));
#5283=CARTESIAN_POINT('',(-0.0832,0.0517,0.0878));
#5284=CARTESIAN_POINT('',(-0.0832,0.0517,0.0878));
#5285=CARTESIAN_POINT('',(-0.0838,0.0517,0.0884));
#5286=CARTESIAN_POINT('',(-0.08408,0.0501456017188532,0.0857205214198309));
#5287=CARTESIAN_POINT('',(-0.08408,0.0506637344792355,0.0857203476132206));
#5288=CARTESIAN_POINT('',(-0.08408,0.0511818672396177,0.0857201738066103));
#5289=CARTESIAN_POINT('',(-0.08408,0.0517,0.08572));
#5290=CARTESIAN_POINT('',(-0.08408,0.0529953319009557,0.0857195654834744));
#5291=CARTESIAN_POINT('',(-0.08408,0.0543054121558261,0.0855897174327484));
#5292=CARTESIAN_POINT('',(-0.08408,0.0567521771006676,0.0848938148831673));
#5293=CARTESIAN_POINT('',(-0.08408,0.0579386889756189,0.0842803477505048));
#5294=CARTESIAN_POINT('',(-0.08408,0.0597652149044619,0.0824580713980023));
#5295=CARTESIAN_POINT('',(-0.08408,0.0603845191428298,0.0812754087062374));
#5296=CARTESIAN_POINT('',(-0.08408,0.0610921436883286,0.0788060743076363));
#5297=CARTESIAN_POINT('',(-0.08408,0.0612194055053486,0.0774978644119455));
#5298=CARTESIAN_POINT('',(-0.08408,0.06122,0.0762));
#5299=CARTESIAN_POINT('',(-0.08408,0.0612202377978606,0.0756808542352218));
#5300=CARTESIAN_POINT('',(-0.08408,0.0612204755957212,0.0751617084704436));
#5301=CARTESIAN_POINT('',(-0.08408,0.0612207133935818,0.0746425627056654));
#5302=CARTESIAN_POINT('',(-0.084,0.0501392439601759,0.0858005779315475));
#5303=CARTESIAN_POINT('',(-0.084,0.0506594959734506,0.0858003852876983));
#5304=CARTESIAN_POINT('',(-0.084,0.0511797479867253,0.0858001926438492));
#5305=CARTESIAN_POINT('',(-0.084,0.0517,0.0858));
#5306=CARTESIAN_POINT('',(-0.084,0.0530006300331867,0.0857995183903771));
#5307=CARTESIAN_POINT('',(-0.084,0.0543178718506718,0.0856692751298048));
#5308=CARTESIAN_POINT('',(-0.084,0.0567838319460864,0.0849680554544276));
#5309=CARTESIAN_POINT('',(-0.084,0.0579838608608282,0.0843482812313885));
#5310=CARTESIAN_POINT('',(-0.084,0.0598329704437904,0.0825034842747452));
#5311=CARTESIAN_POINT('',(-0.084,0.060458676600289,0.0813072780500058));
#5312=CARTESIAN_POINT('',(-0.084,0.061171729960936,0.0788185092014209));
#5313=CARTESIAN_POINT('',(-0.084,0.0612993562282038,0.0775031748008228));
#5314=CARTESIAN_POINT('',(-0.084,0.0613,0.0762));
#5315=CARTESIAN_POINT('',(-0.084,0.0613002575087185,0.0756787300796709));
#5316=CARTESIAN_POINT('',(-0.084,0.061300515017437,0.0751574601593417));
#5317=CARTESIAN_POINT('',(-0.084,0.0613007725261554,0.0746361902390126));
#5318=CARTESIAN_POINT('',(-0.0836,0.0501074551667896,0.0862008604901309));
#5319=CARTESIAN_POINT('',(-0.0836,0.0506383034445264,0.0862005736600873));
#5320=CARTESIAN_POINT('',(-0.0836,0.0511691517222632,0.0862002868300436));
#5321=CARTESIAN_POINT('',(-0.0836,0.0517,0.0862));
#5322=CARTESIAN_POINT('',(-0.0836,0.053027120694342,0.0861992829248909));
#5323=CARTESIAN_POINT('',(-0.0836,0.0543801703249002,0.086067063615087));
#5324=CARTESIAN_POINT('',(-0.0836,0.0569421061731806,0.0853392583107295));
#5325=CARTESIAN_POINT('',(-0.0836,0.0582097202868749,0.0846879486358072));
#5326=CARTESIAN_POINT('',(-0.0836,0.0601717481404332,0.08273054865846));
#5327=CARTESIAN_POINT('',(-0.0836,0.0608294638875855,0.081466624768848));
#5328=CARTESIAN_POINT('',(-0.0836,0.0615696613239733,0.0788806836703441));
#5329=CARTESIAN_POINT('',(-0.0836,0.0616991098424801,0.0775297267452093));
#5330=CARTESIAN_POINT('',(-0.0836,0.0617,0.0762));
#5331=CARTESIAN_POINT('',(-0.0836,0.061700356063008,0.0756681093019163));
#5332=CARTESIAN_POINT('',(-0.0836,0.0617007121260159,0.0751362186038326));
#5333=CARTESIAN_POINT('',(-0.0836,0.0617010681890239,0.0746043279057488));
#5334=CARTESIAN_POINT('',(-0.0832,0.0500756663734033,0.0866011430487144));
#5335=CARTESIAN_POINT('',(-0.0832,0.0506171109156022,0.0866007620324763));
#5336=CARTESIAN_POINT('',(-0.0832,0.0511585554578011,0.0866003810162381));
#5337=CARTESIAN_POINT('',(-0.0832,0.0517,0.0866));
#5338=CARTESIAN_POINT('',(-0.0832,0.0530536113554973,0.0865990474594047));
#5339=CARTESIAN_POINT('',(-0.0832,0.0544424687991286,0.0864648521003692));
#5340=CARTESIAN_POINT('',(-0.0832,0.0571003804002748,0.0857104611670314));
#5341=CARTESIAN_POINT('',(-0.0832,0.0584355797129216,0.0850276160402259));
#5342=CARTESIAN_POINT('',(-0.0832,0.060510525837076,0.0829576130421748));
#5343=CARTESIAN_POINT('',(-0.0832,0.061200251174882,0.0816259714876902));
#5344=CARTESIAN_POINT('',(-0.0832,0.0619675926870106,0.0789428581392673));
#5345=CARTESIAN_POINT('',(-0.0832,0.0620988634567564,0.0775562786895958));
#5346=CARTESIAN_POINT('',(-0.0832,0.0621,0.0762));
#5347=CARTESIAN_POINT('',(-0.0832,0.0621004546172974,0.0756574885241617));
#5348=CARTESIAN_POINT('',(-0.0832,0.0621009092345949,0.0751149770483234));
#5349=CARTESIAN_POINT('',(-0.0832,0.0621013638518923,0.074572465572485));
#5350=CARTESIAN_POINT('',(-0.0838,0.0615,0.0762));
#5351=CARTESIAN_POINT('',(-0.084,0.0613,0.0762));
#5352=CARTESIAN_POINT('',(-0.0832,0.0621,0.0762));
#5353=CARTESIAN_POINT('',(-0.084,0.0517,0.0858));
#5354=CARTESIAN_POINT('',(-0.084,0.0530041449661396,0.0857995170888344));
#5355=CARTESIAN_POINT('',(-0.084,0.0549709880309643,0.085615248262491));
#5356=CARTESIAN_POINT('',(-0.0840000000000001,0.0573841985597215,0.0846589500335998));
#5357=CARTESIAN_POINT('',(-0.0839999999999999,0.0589805674899725,0.0834972216827522));
#5358=CARTESIAN_POINT('',(-0.0840000000000001,0.0601496729247949,0.0819018242090005));
#5359=CARTESIAN_POINT('',(-0.084,0.0611202395725408,0.0794620375530904));
#5360=CARTESIAN_POINT('',(-0.084,0.0612993548979471,0.0775058676136989));
#5361=CARTESIAN_POINT('',(-0.084,0.0613,0.0762));
#5362=CARTESIAN_POINT('',(-0.084,0.0517,0.0858));
#5363=CARTESIAN_POINT('',(-0.0834,0.0517,0.0864));
#5364=CARTESIAN_POINT('',(-0.0832,0.0517,0.0866));
#5365=CARTESIAN_POINT('',(-0.0832,0.0517,0.0866));
#5366=CARTESIAN_POINT('',(-0.0832,0.0531094609462843,0.0865990081578709));
#5367=CARTESIAN_POINT('',(-0.0832,0.0552325375091944,0.0863920317170897));
#5368=CARTESIAN_POINT('',(-0.0832,0.0578320106697953,0.0853303758370959));
#5369=CARTESIAN_POINT('',(-0.0832,0.0595477852940245,0.0840673006436494));
#5370=CARTESIAN_POINT('',(-0.0832,0.0608198594558567,0.0823514246355896));
#5371=CARTESIAN_POINT('',(-0.0832,0.0618968308310808,0.0797251887738928));
#5372=CARTESIAN_POINT('',(-0.0832,0.0620988172055383,0.0776114719627163));
#5373=CARTESIAN_POINT('',(-0.0832,0.0621,0.0762));
#5374=CARTESIAN_POINT('',(-0.0836,-0.01135,0.0862));
#5375=CARTESIAN_POINT('',(-0.0832,0.0105,0.0866));
#5376=CARTESIAN_POINT('',(-0.084,0.0442,0.0858));
#5377=CARTESIAN_POINT('',(-0.084,0.0105,0.0886));
#5378=CARTESIAN_POINT('',(-0.084,0.0105,0.0886));
#5379=CARTESIAN_POINT('',(-0.0832,0.0442,0.0878));
#5380=CARTESIAN_POINT('',(-0.084,0.0089,0.1032));
#5381=CARTESIAN_POINT('',(-0.083,0.0089,0.1032));
#5382=CARTESIAN_POINT('',(-0.082,0.0105,0.0998));
#5383=CARTESIAN_POINT('',(-0.0822,0.0105,0.0998));
#5384=CARTESIAN_POINT('',(-0.0822,0.0049,0.0998));
#5385=CARTESIAN_POINT('',(-0.082,0.0049,0.0998));
#5386=CARTESIAN_POINT('',(-0.0808747727084868,0.0049,0.0998));
#5387=CARTESIAN_POINT('',(-0.0808747727084868,0.0045,0.0998));
#5388=CARTESIAN_POINT('',(-0.0808747727084868,0.0161,0.0998));
#5389=CARTESIAN_POINT('',(-0.082,0.0161,0.0998));
#5390=CARTESIAN_POINT('',(-0.0822,0.0161,0.0998));
#5391=CARTESIAN_POINT('',(-0.0822,0.0105,0.0998));
#5392=CARTESIAN_POINT('',(-0.083,0.0105,0.0998));
#5393=CARTESIAN_POINT('',(-0.057,-0.059762,0.079));
#5394=CARTESIAN_POINT('',(-0.0795,0.0747,0.079));
#5395=CARTESIAN_POINT('',(-0.0788,0.0755485281374239,0.079));
#5396=CARTESIAN_POINT('',(-0.0788,0.0715,0.079));
#5397=CARTESIAN_POINT('',(-0.0788,0.0716656854249492,0.079));
#5398=CARTESIAN_POINT('',(-0.0806828427124746,0.0697828427124746,0.079));
#5399=CARTESIAN_POINT('',(-0.082,0.0684656854249492,0.079));
#5400=CARTESIAN_POINT('',(-0.082,0.0787445,0.079));
#5401=CARTESIAN_POINT('',(-0.0643605927124746,0.0861050927124746,0.079));
#5402=CARTESIAN_POINT('',(-0.0801502383622136,0.0722249724670145,0.0776497616377864));
#5403=CARTESIAN_POINT('',(-0.0784,0.0715,0.0794));
#5404=CARTESIAN_POINT('',(-0.0784,0.0715,0.0794));
#5405=CARTESIAN_POINT('',(-0.082,0.0679,0.0794));
#5406=CARTESIAN_POINT('',(-0.082,0.0555636940564557,0.0881230855874723));
#5407=CARTESIAN_POINT('',(-0.0804,0.0695,0.035));
#5408=CARTESIAN_POINT('',(-0.082,0.0679,0.035));
#5409=CARTESIAN_POINT('',(-0.082,0.0679,0.0906));
#5410=CARTESIAN_POINT('',(-0.0784,0.0715,0.035));
#5411=CARTESIAN_POINT('',(-0.0784,0.0715,0.0906));
#5412=CARTESIAN_POINT('',(-0.082,0.0679,0.0906));
#5413=CARTESIAN_POINT('',(-0.0759828427124746,0.0744828427124746,0.091));
#5414=CARTESIAN_POINT('',(-0.082,0.00842324197735235,0.0485435810791933));
#5415=CARTESIAN_POINT('',(-0.082,0.0684656854249491,0.091));
#5416=CARTESIAN_POINT('',(-0.0780400657834237,0.071350910365932,0.0902400657834237));
#5417=CARTESIAN_POINT('',(-0.0788,0.0716656854249492,0.091));
#5418=CARTESIAN_POINT('',(-0.0806828427124746,0.0697828427124746,0.091));
#5419=CARTESIAN_POINT('',(-0.077,-0.0545,0.091));
#5420=CARTESIAN_POINT('',(-0.0795,0.0747,0.091));
#5421=CARTESIAN_POINT('',(-0.0788,0.0755485281374239,0.091));
#5422=CARTESIAN_POINT('',(-0.082,0.0755,0.091));
#5423=CARTESIAN_POINT('',(-0.0788,0.0757198039027185,0.091));
#5424=CARTESIAN_POINT('',(-0.0822071150688436,0.0685,0.0998071150688436));
#5425=CARTESIAN_POINT('',(-0.0822071150688436,0.0694084057182663,0.0998057103294425));
#5426=CARTESIAN_POINT('',(-0.0822071150688436,0.0703046049229723,0.0997223224804535));
#5427=CARTESIAN_POINT('',(-0.0822071150688436,0.0720661222376313,0.0992307523073234));
#5428=CARTESIAN_POINT('',(-0.0822071150688436,0.0729321325628279,0.0987891692369101));
#5429=CARTESIAN_POINT('',(-0.0822071150688436,0.0742696504788155,0.0974633909336371));
#5430=CARTESIAN_POINT('',(-0.0822071150688436,0.0747145326251453,0.0966070751942257));
#5431=CARTESIAN_POINT('',(-0.0822071150688436,0.0752167912883464,0.0948401108025966));
#5432=CARTESIAN_POINT('',(-0.0822071150688436,0.0753064009264964,0.0939109815520328));
#5433=CARTESIAN_POINT('',(-0.0822071150688436,0.0753071150688436,0.093));
#5434=CARTESIAN_POINT('',(-0.082205866111759,0.0685,0.099805866111759));
#5435=CARTESIAN_POINT('',(-0.082205866111759,0.0694083233909485,0.0998044622287977));
#5436=CARTESIAN_POINT('',(-0.082205866111759,0.0703044161214301,0.0997210794586247));
#5437=CARTESIAN_POINT('',(-0.082205866111759,0.0720656341505174,0.0992295908755877));
#5438=CARTESIAN_POINT('',(-0.082205866111759,0.0729314316084057,0.0987881055643635));
#5439=CARTESIAN_POINT('',(-0.082205866111759,0.0742685918197152,0.0974626816607677));
#5440=CARTESIAN_POINT('',(-0.082205866111759,0.0747133742023284,0.0966065786229828));
#5441=CARTESIAN_POINT('',(-0.082205866111759,0.0752155490144151,0.0948399172794108));
#5442=CARTESIAN_POINT('',(-0.082205866111759,0.0753051527901129,0.0939108992132387));
#5443=CARTESIAN_POINT('',(-0.082205866111759,0.075305866111759,0.093));
#5444=CARTESIAN_POINT('',(-0.0822,0.0685,0.0998));
#5445=CARTESIAN_POINT('',(-0.0822,0.0694079367153347,0.0997986001395723));
#5446=CARTESIAN_POINT('',(-0.0822,0.070303529356816,0.0997152412236235));
#5447=CARTESIAN_POINT('',(-0.0822,0.0720633416990045,0.0992241358535967));
#5448=CARTESIAN_POINT('',(-0.0822,0.0729281393599938,0.0987831096985244));
#5449=CARTESIAN_POINT('',(-0.0822,0.0742636195010713,0.0974593503422053));
#5450=CARTESIAN_POINT('',(-0.0822,0.0747079333126521,0.0966042463231442));
#5451=CARTESIAN_POINT('',(-0.0822,0.0752097142921449,0.0948390083381433));
#5452=CARTESIAN_POINT('',(-0.0822,0.0752992905330296,0.0939105124837233));
#5453=CARTESIAN_POINT('',(-0.0822,0.0753,0.093));
#5454=CARTESIAN_POINT('',(-0.082,0.0685,0.0996));
#5455=CARTESIAN_POINT('',(-0.082,0.0693947533451674,0.0995987372843687));
#5456=CARTESIAN_POINT('',(-0.082,0.0702732958852919,0.0995161916575355));
#5457=CARTESIAN_POINT('',(-0.082,0.0719851825500796,0.099038151603206));
#5458=CARTESIAN_POINT('',(-0.082,0.0728158930016836,0.0986127799794754));
#5459=CARTESIAN_POINT('',(-0.082,0.07409409260325,0.0973457719209535));
#5460=CARTESIAN_POINT('',(-0.082,0.0745224308912923,0.0965247285800657));
#5461=CARTESIAN_POINT('',(-0.082,0.0750107844895804,0.094808018772827));
#5462=CARTESIAN_POINT('',(-0.082,0.0750994219548583,0.0938973272758266));
#5463=CARTESIAN_POINT('',(-0.082,0.0751,0.093));
#5464=CARTESIAN_POINT('',(-0.0821,0.0685,0.0997));
#5465=CARTESIAN_POINT('',(-0.082,0.0685,0.0996));
#5466=CARTESIAN_POINT('',(-0.082,0.0751,0.093));
#5467=CARTESIAN_POINT('',(-0.082,0.0750994213225572,0.0938983088272388));
#5468=CARTESIAN_POINT('',(-0.082,0.074945212597621,0.0956884825342439));
#5469=CARTESIAN_POINT('',(-0.082,0.0736617907151119,0.0981722552265236));
#5470=CARTESIAN_POINT('',(-0.082,0.0711940173662569,0.0994420382063591));
#5471=CARTESIAN_POINT('',(-0.082,0.0693975279246429,0.099598733368759));
#5472=CARTESIAN_POINT('',(-0.082,0.0685,0.0996));
#5473=CARTESIAN_POINT('',(-0.0822,0.0105,0.0998));
#5474=CARTESIAN_POINT('',(-0.0840666666666667,0.0142333333333333,0.101666666666667));
#5475=CARTESIAN_POINT('',(-0.082,0.0163,0.0996));
#5476=CARTESIAN_POINT('',(-0.082,0.0105,0.0996));
#5477=CARTESIAN_POINT('',(-0.082,0.0161,0.0998));
#5478=CARTESIAN_POINT('',(-0.0805816653826392,0.0165,0.0994));
#5479=CARTESIAN_POINT('',(-0.080689512743031,0.0163703836040613,0.0995296163959388));
#5480=CARTESIAN_POINT('',(-0.0807854706747254,0.0162364111098083,0.0996635888901917));
#5481=CARTESIAN_POINT('',(-0.0808747727084868,0.0161,0.0998));
#5482=CARTESIAN_POINT('',(-0.0805816653826392,0.0165,0.0994));
#5483=CARTESIAN_POINT('',(-0.0808747727084868,0.0165,0.0994));
#5484=CARTESIAN_POINT('',(-0.082,0.0165,0.0994));
#5485=CARTESIAN_POINT('',(-0.082,0.0457,0.0702));
#5486=CARTESIAN_POINT('',(-0.077,0.0165,0.1));
#5487=CARTESIAN_POINT('',(-0.082,0.0165,0.1));
#5488=CARTESIAN_POINT('',(-0.082,0.0165,0.0929656854249493));
#5489=CARTESIAN_POINT('',(-0.0795,0.0165,0.0992));
#5490=CARTESIAN_POINT('',(-0.0788,0.0165,0.100048528137424));
#5491=CARTESIAN_POINT('',(-0.0788,0.0165,0.1));
#5492=CARTESIAN_POINT('',(-0.0788,0.0165,0.0961656854249492));
#5493=CARTESIAN_POINT('',(-0.0759828427124746,0.0165,0.0989828427124746));
#5494=CARTESIAN_POINT('',(-0.0759828427124746,0.0165,0.0989828427124746));
#5495=CARTESIAN_POINT('',(-0.082,-0.0128252861600721,0.0514934680169039));
#5496=CARTESIAN_POINT('',(-0.082,0.0161,0.0924));
#5497=CARTESIAN_POINT('',(-0.0789395042867797,0.0166395042867796,0.0962234699925426));
#5498=CARTESIAN_POINT('',(-0.0784,0.0161,0.096));
#5499=CARTESIAN_POINT('',(-0.0804,0.0161,0.094));
#5500=CARTESIAN_POINT('',(-0.0804,0.0105,0.094));
#5501=CARTESIAN_POINT('',(-0.0784,0.0105,0.096));
#5502=CARTESIAN_POINT('',(-0.0784,0.0049,0.096));
#5503=CARTESIAN_POINT('',(-0.082,0.0049,0.0924));
#5504=CARTESIAN_POINT('',(-0.082,0.0049,0.0924));
#5505=CARTESIAN_POINT('',(-0.082,0.0105,0.0924));
#5506=CARTESIAN_POINT('',(-0.0759828427124746,0.0045,0.0989828427124746));
#5507=CARTESIAN_POINT('',(-0.082,0.0338252861600717,0.0514934680169032));
#5508=CARTESIAN_POINT('',(-0.082,0.0045,0.0929656854249492));
#5509=CARTESIAN_POINT('',(-0.0780400657834239,0.00525993421657615,0.095850910365932));
#5510=CARTESIAN_POINT('',(-0.0788,0.0045,0.0961656854249492));
#5511=CARTESIAN_POINT('',(-0.0806828427124746,0.0045,0.0942828427124746));
#5512=CARTESIAN_POINT('',(-0.077,0.0045,0.1));
#5513=CARTESIAN_POINT('',(-0.0795,0.0045,0.0992));
#5514=CARTESIAN_POINT('',(-0.0805816653826392,0.0045,0.0994));
#5515=CARTESIAN_POINT('',(-0.0788,0.0045,0.100048528137424));
#5516=CARTESIAN_POINT('',(-0.077,0.0045,0.0994));
#5517=CARTESIAN_POINT('',(-0.082,0.0045,0.0994));
#5518=CARTESIAN_POINT('',(-0.082,0.0045,0.1));
#5519=CARTESIAN_POINT('',(-0.0788,0.0045,0.100219803902719));
#5520=CARTESIAN_POINT('',(-0.077,0.0045,0.0994));
#5521=CARTESIAN_POINT('',(-0.0808747727084868,0.0049,0.0998));
#5522=CARTESIAN_POINT('',(-0.0807854706747255,0.00476358889019171,0.0996635888901917));
#5523=CARTESIAN_POINT('',(-0.080689512743031,0.00462961639593875,0.0995296163959387));
#5524=CARTESIAN_POINT('',(-0.0805816653826392,0.0045,0.0994));
#5525=CARTESIAN_POINT('',(-0.0840666666666667,0.00676666666666668,0.101666666666667));
#5526=CARTESIAN_POINT('',(-0.082,0.00470000000000009,0.0996));
#5527=CARTESIAN_POINT('',(-0.082,-0.0247,0.0702));
#5528=CARTESIAN_POINT('',(-0.0822,0.0105,0.0998));
#5529=CARTESIAN_POINT('',(-0.0821,-0.0475,0.0997));
#5530=CARTESIAN_POINT('',(-0.082,-0.0475,0.0996));
#5531=CARTESIAN_POINT('',(-0.082,0.0105,0.0996));
#5532=CARTESIAN_POINT('',(-0.0822071150688467,-0.0543071150688467,0.093));
#5533=CARTESIAN_POINT('',(-0.0822071150688467,-0.0543057103294457,0.0939084057182666));
#5534=CARTESIAN_POINT('',(-0.0822071150688467,-0.0542223224804568,0.0948046049229729));
#5535=CARTESIAN_POINT('',(-0.0822071150688467,-0.0537307523073264,0.0965661222376325));
#5536=CARTESIAN_POINT('',(-0.0822071150688467,-0.0532891692369128,0.0974321325628296));
#5537=CARTESIAN_POINT('',(-0.0822071150688467,-0.0519633909336388,0.0987696504788182));
#5538=CARTESIAN_POINT('',(-0.0822071150688467,-0.051107075194227,0.0992145326251483));
#5539=CARTESIAN_POINT('',(-0.0822071150688467,-0.049340110802597,0.0997167912883494));
#5540=CARTESIAN_POINT('',(-0.0822071150688467,-0.0484109815520332,0.0998064009264997));
#5541=CARTESIAN_POINT('',(-0.0822071150688467,-0.0475,0.0998071150688467));
#5542=CARTESIAN_POINT('',(-0.082205866111759,-0.054305866111759,0.093));
#5543=CARTESIAN_POINT('',(-0.082205866111759,-0.0543044622287977,0.0939083233909485));
#5544=CARTESIAN_POINT('',(-0.082205866111759,-0.0542210794586248,0.0948044161214302));
#5545=CARTESIAN_POINT('',(-0.082205866111759,-0.0537295908755877,0.0965656341505174));
#5546=CARTESIAN_POINT('',(-0.082205866111759,-0.0532881055643635,0.0974314316084057));
#5547=CARTESIAN_POINT('',(-0.082205866111759,-0.0519626816607676,0.0987685918197152));
#5548=CARTESIAN_POINT('',(-0.082205866111759,-0.0511065786229828,0.0992133742023285));
#5549=CARTESIAN_POINT('',(-0.082205866111759,-0.0493399172794108,0.0997155490144149));
#5550=CARTESIAN_POINT('',(-0.082205866111759,-0.0484108992132388,0.099805152790113));
#5551=CARTESIAN_POINT('',(-0.082205866111759,-0.0475,0.0998058661117589));
#5552=CARTESIAN_POINT('',(-0.0822,-0.0543,0.093));
#5553=CARTESIAN_POINT('',(-0.0822,-0.0542986001395723,0.0939079367153347));
#5554=CARTESIAN_POINT('',(-0.0822,-0.0542152412236236,0.0948035293568161));
#5555=CARTESIAN_POINT('',(-0.0822,-0.0537241358535967,0.0965633416990045));
#5556=CARTESIAN_POINT('',(-0.0822,-0.0532831096985244,0.0974281393599938));
#5557=CARTESIAN_POINT('',(-0.0822,-0.0519593503422053,0.0987636195010713));
#5558=CARTESIAN_POINT('',(-0.0822,-0.0511042463231442,0.0992079333126522));
#5559=CARTESIAN_POINT('',(-0.0822,-0.0493390083381433,0.0997097142921448));
#5560=CARTESIAN_POINT('',(-0.0822,-0.0484105124837234,0.0997992905330297));
#5561=CARTESIAN_POINT('',(-0.0822,-0.0475,0.0998));
#5562=CARTESIAN_POINT('',(-0.082,-0.0541,0.093));
#5563=CARTESIAN_POINT('',(-0.082,-0.0540987372843688,0.0938947533451674));
#5564=CARTESIAN_POINT('',(-0.082,-0.0540161916575355,0.094773295885292));
#5565=CARTESIAN_POINT('',(-0.082,-0.053538151603206,0.0964851825500797));
#5566=CARTESIAN_POINT('',(-0.082,-0.0531127799794754,0.0973158930016836));
#5567=CARTESIAN_POINT('',(-0.082,-0.0518457719209535,0.09859409260325));
#5568=CARTESIAN_POINT('',(-0.082,-0.0510247285800657,0.0990224308912923));
#5569=CARTESIAN_POINT('',(-0.082,-0.049308018772827,0.0995107844895804));
#5570=CARTESIAN_POINT('',(-0.082,-0.0483973272758267,0.0995994219548583));
#5571=CARTESIAN_POINT('',(-0.082,-0.0475,0.0996));
#5572=CARTESIAN_POINT('',(-0.082,-0.0475,0.0996));
#5573=CARTESIAN_POINT('',(-0.082,-0.0483983088272388,0.0995994213225572));
#5574=CARTESIAN_POINT('',(-0.082,-0.0501884825342441,0.0994452125976209));
#5575=CARTESIAN_POINT('',(-0.082,-0.0526722552265235,0.0981617907151119));
#5576=CARTESIAN_POINT('',(-0.082,-0.0539420382063592,0.0956940173662568));
#5577=CARTESIAN_POINT('',(-0.082,-0.0540987333687591,0.0938975279246429));
#5578=CARTESIAN_POINT('',(-0.082,-0.0541,0.093));
#5579=CARTESIAN_POINT('',(-0.077,-0.0545,0.091));
#5580=CARTESIAN_POINT('',(-0.082,-0.0545,0.091));
#5581=CARTESIAN_POINT('',(-0.082,-0.0474656854249493,0.091));
#5582=CARTESIAN_POINT('',(-0.0795,-0.0537,0.091));
#5583=CARTESIAN_POINT('',(-0.0788,-0.0545485281374239,0.091));
#5584=CARTESIAN_POINT('',(-0.0788,-0.0505,0.091));
#5585=CARTESIAN_POINT('',(-0.0788,-0.0506656854249492,0.091));
#5586=CARTESIAN_POINT('',(-0.0806828427124746,-0.0487828427124746,0.091));
#5587=CARTESIAN_POINT('',(-0.0784,-0.0505,0.0906));
#5588=CARTESIAN_POINT('',(-0.0795313708498984,-0.0509686291501015,0.0917313708498984));
#5589=CARTESIAN_POINT('',(-0.0784,-0.0505,0.0906));
#5590=CARTESIAN_POINT('',(-0.0784,-0.0505,0.0906));
#5591=CARTESIAN_POINT('',(-0.082,-0.0469,0.0906));
#5592=CARTESIAN_POINT('',(-0.082,0.0125767580226477,0.0485435810791933));
#5593=CARTESIAN_POINT('',(-0.0784,-0.0505,0.035));
#5594=CARTESIAN_POINT('',(-0.0784,-0.0505,0.0794));
#5595=CARTESIAN_POINT('',(-0.0784,-0.0505,0.0794));
#5596=CARTESIAN_POINT('',(-0.082,-0.0469,0.0794));
#5597=CARTESIAN_POINT('',(-0.082,-0.0469,0.079));
#5598=CARTESIAN_POINT('',(-0.0784,-0.0505,0.029));
#5599=CARTESIAN_POINT('',(-0.0784,-0.0505,0.0794));
#5600=CARTESIAN_POINT('',(-0.0681952190140667,-0.0462730413145798,0.0896047809859333));
#5601=CARTESIAN_POINT('',(-0.0788,-0.0506656854249492,0.079));
#5602=CARTESIAN_POINT('',(-0.0633518427124746,-0.0661138427124746,0.079));
#5603=CARTESIAN_POINT('',(-0.082,-0.0474656854249493,0.079));
#5604=CARTESIAN_POINT('',(-0.082,-0.034563694056456,0.0881230855874721));
#5605=CARTESIAN_POINT('',(-0.057,-0.059762,0.079));
#5606=CARTESIAN_POINT('',(-0.0795,-0.0537,0.079));
#5607=CARTESIAN_POINT('',(-0.0788,-0.0545485281374239,0.079));
#5608=CARTESIAN_POINT('',(-0.082,-0.059762,0.079));
#5609=CARTESIAN_POINT('',(-0.0788,-0.059762,0.079));
#5610=CARTESIAN_POINT('',(-0.0795,-0.0537,0.0794));
#5611=CARTESIAN_POINT('',(-0.0784,-0.0547198039027186,0.0794));
#5612=CARTESIAN_POINT('',(-0.0785342802475479,-0.0546671348563696,0.0792657197524521));
#5613=CARTESIAN_POINT('',(-0.0786677871939792,-0.0546108538518886,0.0791322128060208));
#5614=CARTESIAN_POINT('',(-0.0788,-0.0545485281374239,0.079));
#5615=CARTESIAN_POINT('',(-0.0784,0.003,0.035));
#5616=CARTESIAN_POINT('',(-0.0784,0.003,0.0794));
#5617=CARTESIAN_POINT('',(-0.0784,-0.0547198039027186,0.0906));
#5618=CARTESIAN_POINT('',(-0.0795,-0.0537,0.0906));
#5619=CARTESIAN_POINT('',(-0.0788,-0.0545485281374239,0.091));
#5620=CARTESIAN_POINT('',(-0.0786677871939792,-0.0546108538518886,0.0908677871939792));
#5621=CARTESIAN_POINT('',(-0.0785342802475479,-0.0546671348563696,0.0907342802475479));
#5622=CARTESIAN_POINT('',(-0.0784,-0.0547198039027186,0.0906));
#5623=CARTESIAN_POINT('',(-0.0795,0.0747,0.091));
#5624=CARTESIAN_POINT('',(-0.0784,0.0757198039027186,0.0906));
#5625=CARTESIAN_POINT('',(-0.0785342802475479,0.0756671348563696,0.0907342802475479));
#5626=CARTESIAN_POINT('',(-0.0786677871939792,0.0756108538518886,0.0908677871939792));
#5627=CARTESIAN_POINT('',(-0.0788,0.0755485281374239,0.091));
#5628=CARTESIAN_POINT('',(-0.0784,0.003,0.035));
#5629=CARTESIAN_POINT('',(-0.0784,0.0757198039027185,0.0794));
#5630=CARTESIAN_POINT('',(-0.0784,0.0715,0.0906));
#5631=CARTESIAN_POINT('',(-0.0795,0.0747,0.079));
#5632=CARTESIAN_POINT('',(-0.0788,0.0755485281374239,0.079));
#5633=CARTESIAN_POINT('',(-0.0786677871939792,0.0756108538518886,0.0791322128060208));
#5634=CARTESIAN_POINT('',(-0.0785342802475479,0.0756671348563696,0.0792657197524521));
#5635=CARTESIAN_POINT('',(-0.0784,0.0757198039027186,0.0794));
#5636=CARTESIAN_POINT('',(-0.0795,0.0045,0.0992));
#5637=CARTESIAN_POINT('',(-0.0784,0.0045,0.100219803902719));
#5638=CARTESIAN_POINT('',(-0.0784,0.0049,0.100219803902719));
#5639=CARTESIAN_POINT('',(-0.0784,0.0161,0.100219803902719));
#5640=CARTESIAN_POINT('',(-0.0795,0.0161,0.0992));
#5641=CARTESIAN_POINT('',(-0.0795,0.0049,0.0992));
#5642=CARTESIAN_POINT('',(-0.0784,0.003,0.0794));
#5643=CARTESIAN_POINT('',(-0.0788,-0.0545,0.091));
#5644=CARTESIAN_POINT('',(-0.0795,0.0161,0.0992));
#5645=CARTESIAN_POINT('',(-0.0788,0.0165,0.100048528137424));
#5646=CARTESIAN_POINT('',(-0.0786677871939792,0.0163677871939792,0.100110853851889));
#5647=CARTESIAN_POINT('',(-0.0785342802475479,0.0162342802475479,0.10016713485637));
#5648=CARTESIAN_POINT('',(-0.0784,0.0161,0.100219803902719));
#5649=CARTESIAN_POINT('',(-0.0784,0.0161,0.035));
#5650=CARTESIAN_POINT('',(-0.0784,0.0161,0.035));
#5651=CARTESIAN_POINT('',(-0.0784,0.003,0.035));
#5652=CARTESIAN_POINT('',(-0.0784,0.0049,0.096));
#5653=CARTESIAN_POINT('',(-0.0788,0.0045,0.1));
#5654=CARTESIAN_POINT('',(-0.0784,0.0049,0.100219803902719));
#5655=CARTESIAN_POINT('',(-0.0785342802475479,0.00476571975245211,0.10016713485637));
#5656=CARTESIAN_POINT('',(-0.0786677871939792,0.00463221280602076,0.100110853851889));
#5657=CARTESIAN_POINT('',(-0.0788,0.0045,0.100048528137424));
#5658=CARTESIAN_POINT('',(-0.0795,0.0045,0.0992));
#5659=CARTESIAN_POINT('',(-0.0788,-0.0545,0.091));
#5660=CARTESIAN_POINT('',(-0.0784,0.003,0.0794));
#5661=CARTESIAN_POINT('',(-0.08408,-0.0291456017188532,-0.0277205214198307));
#5662=CARTESIAN_POINT('',(-0.08408,-0.0296637344792355,-0.0277203476132205));
#5663=CARTESIAN_POINT('',(-0.08408,-0.0301818672396177,-0.0277201738066103));
#5664=CARTESIAN_POINT('',(-0.08408,-0.0307,-0.02772));
#5665=CARTESIAN_POINT('',(-0.08408,-0.0319953319009556,-0.0277195654834745));
#5666=CARTESIAN_POINT('',(-0.08408,-0.0333054121558262,-0.0275897174327484));
#5667=CARTESIAN_POINT('',(-0.08408,-0.0357521771006676,-0.0268938148831673));
#5668=CARTESIAN_POINT('',(-0.08408,-0.036938688975619,-0.0262803477505048));
#5669=CARTESIAN_POINT('',(-0.08408,-0.0387652149044619,-0.0244580713980023));
#5670=CARTESIAN_POINT('',(-0.08408,-0.0393845191428297,-0.0232754087062373));
#5671=CARTESIAN_POINT('',(-0.08408,-0.0400921436883286,-0.0208060743076363));
#5672=CARTESIAN_POINT('',(-0.08408,-0.0402194055053486,-0.0194978644119456));
#5673=CARTESIAN_POINT('',(-0.08408,-0.04022,-0.0182));
#5674=CARTESIAN_POINT('',(-0.08408,-0.0402202377978606,-0.0176808542352218));
#5675=CARTESIAN_POINT('',(-0.08408,-0.0402204755957212,-0.0171617084704435));
#5676=CARTESIAN_POINT('',(-0.08408,-0.0402207133935818,-0.0166425627056653));
#5677=CARTESIAN_POINT('',(-0.084,-0.0291392439601759,-0.0278005779315474));
#5678=CARTESIAN_POINT('',(-0.084,-0.0296594959734506,-0.0278003852876982));
#5679=CARTESIAN_POINT('',(-0.084,-0.0301797479867253,-0.0278001926438491));
#5680=CARTESIAN_POINT('',(-0.084,-0.0307,-0.0278));
#5681=CARTESIAN_POINT('',(-0.084,-0.0320006300331867,-0.0277995183903772));
#5682=CARTESIAN_POINT('',(-0.084,-0.0333178718506719,-0.0276692751298048));
#5683=CARTESIAN_POINT('',(-0.084,-0.0357838319460864,-0.0269680554544276));
#5684=CARTESIAN_POINT('',(-0.084,-0.0369838608608283,-0.0263482812313885));
#5685=CARTESIAN_POINT('',(-0.084,-0.0388329704437904,-0.0245034842747453));
#5686=CARTESIAN_POINT('',(-0.084,-0.039458676600289,-0.0233072780500058));
#5687=CARTESIAN_POINT('',(-0.084,-0.040171729960936,-0.020818509201421));
#5688=CARTESIAN_POINT('',(-0.084,-0.0402993562282038,-0.0195031748008228));
#5689=CARTESIAN_POINT('',(-0.084,-0.0403,-0.0182));
#5690=CARTESIAN_POINT('',(-0.084,-0.0403002575087185,-0.0176787300796708));
#5691=CARTESIAN_POINT('',(-0.084,-0.040300515017437,-0.0171574601593417));
#5692=CARTESIAN_POINT('',(-0.084,-0.0403007725261554,-0.0166361902390125));
#5693=CARTESIAN_POINT('',(-0.0836,-0.0291074551667896,-0.0282008604901308));
#5694=CARTESIAN_POINT('',(-0.0836,-0.0296383034445264,-0.0282005736600872));
#5695=CARTESIAN_POINT('',(-0.0836,-0.0301691517222632,-0.0282002868300436));
#5696=CARTESIAN_POINT('',(-0.0836,-0.0307,-0.0282));
#5697=CARTESIAN_POINT('',(-0.0836,-0.032027120694342,-0.028199282924891));
#5698=CARTESIAN_POINT('',(-0.0836,-0.0333801703249002,-0.028067063615087));
#5699=CARTESIAN_POINT('',(-0.0836,-0.0359421061731806,-0.0273392583107295));
#5700=CARTESIAN_POINT('',(-0.0836,-0.0372097202868749,-0.0266879486358073));
#5701=CARTESIAN_POINT('',(-0.0836,-0.0391717481404332,-0.0247305486584599));
#5702=CARTESIAN_POINT('',(-0.0836,-0.0398294638875855,-0.023466624768848));
#5703=CARTESIAN_POINT('',(-0.0836,-0.0405696613239733,-0.0208806836703441));
#5704=CARTESIAN_POINT('',(-0.0836,-0.0406991098424801,-0.0195297267452093));
#5705=CARTESIAN_POINT('',(-0.0836,-0.0407,-0.0182));
#5706=CARTESIAN_POINT('',(-0.0836,-0.040700356063008,-0.0176681093019163));
#5707=CARTESIAN_POINT('',(-0.0836,-0.0407007121260159,-0.0171362186038325));
#5708=CARTESIAN_POINT('',(-0.0836,-0.0407010681890239,-0.0166043279057488));
#5709=CARTESIAN_POINT('',(-0.0832,-0.0290756663734032,-0.0286011430487142));
#5710=CARTESIAN_POINT('',(-0.0832,-0.0296171109156022,-0.0286007620324762));
#5711=CARTESIAN_POINT('',(-0.0832,-0.0301585554578011,-0.0286003810162381));
#5712=CARTESIAN_POINT('',(-0.0832,-0.0307,-0.0286));
#5713=CARTESIAN_POINT('',(-0.0832,-0.0320536113554973,-0.0285990474594048));
#5714=CARTESIAN_POINT('',(-0.0832,-0.0334424687991285,-0.0284648521003692));
#5715=CARTESIAN_POINT('',(-0.0832,-0.0361003804002748,-0.0277104611670314));
#5716=CARTESIAN_POINT('',(-0.0832,-0.0374355797129215,-0.0270276160402261));
#5717=CARTESIAN_POINT('',(-0.0832,-0.039510525837076,-0.0249576130421747));
#5718=CARTESIAN_POINT('',(-0.0832,-0.040200251174882,-0.0236259714876902));
#5719=CARTESIAN_POINT('',(-0.0832,-0.0409675926870106,-0.0209428581392671));
#5720=CARTESIAN_POINT('',(-0.0832,-0.0410988634567564,-0.0195562786895958));
#5721=CARTESIAN_POINT('',(-0.0832,-0.0411,-0.0182));
#5722=CARTESIAN_POINT('',(-0.0832,-0.0411004546172974,-0.0176574885241617));
#5723=CARTESIAN_POINT('',(-0.0832,-0.0411009092345949,-0.0171149770483233));
#5724=CARTESIAN_POINT('',(-0.0832,-0.0411013638518923,-0.016572465572485));
#5725=CARTESIAN_POINT('',(-0.0838,-0.0405,-0.0182));
#5726=CARTESIAN_POINT('',(-0.084,-0.0403,-0.0182));
#5727=CARTESIAN_POINT('',(-0.0832,-0.0411,-0.0182));
#5728=CARTESIAN_POINT('',(-0.084,-0.0307,-0.0278));
#5729=CARTESIAN_POINT('',(-0.084,-0.0320041449661396,-0.0277995170888345));
#5730=CARTESIAN_POINT('',(-0.084,-0.0339709880309643,-0.027615248262491));
#5731=CARTESIAN_POINT('',(-0.084,-0.0363841985597215,-0.0266589500335998));
#5732=CARTESIAN_POINT('',(-0.084,-0.0379805674899726,-0.0254972216827523));
#5733=CARTESIAN_POINT('',(-0.084,-0.0391496729247949,-0.0239018242090005));
#5734=CARTESIAN_POINT('',(-0.0840000000000001,-0.0401202395725409,-0.0214620375530904));
#5735=CARTESIAN_POINT('',(-0.084,-0.0402993548979471,-0.0195058676136989));
#5736=CARTESIAN_POINT('',(-0.084,-0.0403,-0.0182));
#5737=CARTESIAN_POINT('',(-0.084,-0.0307,-0.0278));
#5738=CARTESIAN_POINT('',(-0.0838,-0.0307,-0.028));
#5739=CARTESIAN_POINT('',(-0.0832,-0.0307,-0.0286));
#5740=CARTESIAN_POINT('',(-0.0832,-0.0307,-0.0286));
#5741=CARTESIAN_POINT('',(-0.0832,-0.0321094609462843,-0.028599008157871));
#5742=CARTESIAN_POINT('',(-0.0832,-0.0342325375091943,-0.0283920317170896));
#5743=CARTESIAN_POINT('',(-0.0832,-0.0368320106697953,-0.027330375837096));
#5744=CARTESIAN_POINT('',(-0.0832,-0.0385477852940244,-0.0260673006436494));
#5745=CARTESIAN_POINT('',(-0.0832,-0.0398198594558567,-0.0243514246355896));
#5746=CARTESIAN_POINT('',(-0.0832,-0.0408968308310807,-0.0217251887738929));
#5747=CARTESIAN_POINT('',(-0.0832,-0.0410988172055383,-0.0196114719627163));
#5748=CARTESIAN_POINT('',(-0.0832,-0.0411,-0.0182));
#5749=CARTESIAN_POINT('',(-0.084,-0.0431,-0.0182));
#5750=CARTESIAN_POINT('',(-0.084,-0.0430995723485932,-0.0198786440127836));
#5751=CARTESIAN_POINT('',(-0.084,-0.0429270907511752,-0.0215794018534196));
#5752=CARTESIAN_POINT('',(-0.084,-0.0422192962514717,-0.0239757588371583));
#5753=CARTESIAN_POINT('',(-0.084,-0.0418994121642983,-0.0247621850394215));
#5754=CARTESIAN_POINT('',(-0.084,-0.0410716942861694,-0.026227577982833));
#5755=CARTESIAN_POINT('',(-0.084,-0.0405720134191751,-0.0268958116005324));
#5756=CARTESIAN_POINT('',(-0.084,-0.0393709982322082,-0.02809250675863));
#5757=CARTESIAN_POINT('',(-0.084,-0.0387028566778832,-0.0285887203144422));
#5758=CARTESIAN_POINT('',(-0.084,-0.0372323897952146,-0.0294130546621178));
#5759=CARTESIAN_POINT('',(-0.084,-0.0364470119447345,-0.0297296015676288));
#5760=CARTESIAN_POINT('',(-0.084,-0.0340646618625041,-0.0304278352877778));
#5761=CARTESIAN_POINT('',(-0.084,-0.0323805310205866,-0.0305991050604714));
#5762=CARTESIAN_POINT('',(-0.084,-0.0307,-0.0306));
#5763=CARTESIAN_POINT('',(-0.0836,-0.0427,-0.0182));
#5764=CARTESIAN_POINT('',(-0.0836,-0.0426997948831941,-0.0198512269602999));
#5765=CARTESIAN_POINT('',(-0.0836,-0.0425292783295077,-0.0215149270255551));
#5766=CARTESIAN_POINT('',(-0.0836,-0.0418429865291585,-0.0238373309931909));
#5767=CARTESIAN_POINT('',(-0.0836,-0.0415343830460014,-0.0245951750415005));
#5768=CARTESIAN_POINT('',(-0.0836,-0.0407400997562574,-0.0260012490775726));
#5769=CARTESIAN_POINT('',(-0.0836,-0.040262612589453,-0.026639430239687));
#5770=CARTESIAN_POINT('',(-0.0836,-0.039115734369467,-0.0277821838005529));
#5771=CARTESIAN_POINT('',(-0.0836,-0.0384776034352018,-0.0282563942008619));
#5772=CARTESIAN_POINT('',(-0.0836,-0.0370665063465713,-0.0290475182615167));
#5773=CARTESIAN_POINT('',(-0.0836,-0.0363095577762182,-0.0293529525735633));
#5774=CARTESIAN_POINT('',(-0.0836,-0.0340004773210478,-0.0300300398740694));
#5775=CARTESIAN_POINT('',(-0.0836,-0.0323530564037507,-0.0301993300087028));
#5776=CARTESIAN_POINT('',(-0.0836,-0.0307,-0.0302));
#5777=CARTESIAN_POINT('',(-0.0832,-0.0423,-0.0182));
#5778=CARTESIAN_POINT('',(-0.0832,-0.042300017417795,-0.0198238099078161));
#5779=CARTESIAN_POINT('',(-0.0832,-0.0421314659078402,-0.0214504521976905));
#5780=CARTESIAN_POINT('',(-0.0832,-0.0414666768068453,-0.0236989031492236));
#5781=CARTESIAN_POINT('',(-0.0832,-0.0411693539277045,-0.0244281650435795));
#5782=CARTESIAN_POINT('',(-0.0832,-0.0404085052263454,-0.0257749201723122));
#5783=CARTESIAN_POINT('',(-0.0832,-0.0399532117597309,-0.0263830488788416));
#5784=CARTESIAN_POINT('',(-0.0832,-0.0388604705067258,-0.0274718608424758));
#5785=CARTESIAN_POINT('',(-0.0832,-0.0382523501925204,-0.0279240680872816));
#5786=CARTESIAN_POINT('',(-0.0832,-0.036900622897928,-0.0286819818609156));
#5787=CARTESIAN_POINT('',(-0.0832,-0.0361721036077019,-0.0289763035794978));
#5788=CARTESIAN_POINT('',(-0.0832,-0.0339362927795915,-0.029632244460361));
#5789=CARTESIAN_POINT('',(-0.0832,-0.0323255817869148,-0.0297995549569342));
#5790=CARTESIAN_POINT('',(-0.0832,-0.0307,-0.0298));
#5791=CARTESIAN_POINT('',(-0.084,-0.0431,-0.0182));
#5792=CARTESIAN_POINT('',(-0.084,-0.0430995716350878,-0.0198814447089083));
#5793=CARTESIAN_POINT('',(-0.084,-0.042852915780219,-0.0223981768279936));
#5794=CARTESIAN_POINT('',(-0.084,-0.0415904229866799,-0.0255300827183066));
#5795=CARTESIAN_POINT('',(-0.084,-0.0400726412873585,-0.0275643356406042));
#5796=CARTESIAN_POINT('',(-0.084,-0.0380420311299473,-0.0290836511302107));
#5797=CARTESIAN_POINT('',(-0.084,-0.0349095618286372,-0.0303515689413724));
#5798=CARTESIAN_POINT('',(-0.084,-0.0323831499342315,-0.0305991036658114));
#5799=CARTESIAN_POINT('',(-0.084,-0.0307,-0.0306));
#5800=CARTESIAN_POINT('',(-0.084,-0.0431,-0.0182));
#5801=CARTESIAN_POINT('',(-0.084,-0.0307,-0.0306));
#5802=CARTESIAN_POINT('',(-0.0834,-0.0425,-0.0182));
#5803=CARTESIAN_POINT('',(-0.0832,-0.0423,-0.0182));
#5804=CARTESIAN_POINT('',(-0.0832,-0.0423,-0.0182));
#5805=CARTESIAN_POINT('',(-0.0832,-0.0423000084490359,-0.0189876788157749));
#5806=CARTESIAN_POINT('',(-0.0832,-0.0422201159113305,-0.0205674214712686));
#5807=CARTESIAN_POINT('',(-0.0831999999999999,-0.0417890266252265,-0.0228679837484524));
#5808=CARTESIAN_POINT('',(-0.0832,-0.0409248739967277,-0.0250682608486661));
#5809=CARTESIAN_POINT('',(-0.0832,-0.0395129168335626,-0.0269884239032722));
#5810=CARTESIAN_POINT('',(-0.0832,-0.0375961302102486,-0.028411121179946));
#5811=CARTESIAN_POINT('',(-0.0832,-0.0346451526143988,-0.0295762027942886));
#5812=CARTESIAN_POINT('',(-0.0832,-0.0322788591792824,-0.0297995677483992));
#5813=CARTESIAN_POINT('',(-0.0832,-0.0307,-0.0298));
#5814=CARTESIAN_POINT('',(-0.0832,-0.0307,-0.0298));
#5815=CARTESIAN_POINT('',(-0.0838,-0.0307,-0.0304));
#5816=CARTESIAN_POINT('',(-0.082,-0.0541,0.005));
#5817=CARTESIAN_POINT('',(-0.0672666666666666,-0.0393666666666667,-0.0244666666666665));
#5818=CARTESIAN_POINT('',(-0.082,-0.0541,-0.0392));
#5819=CARTESIAN_POINT('',(-0.0822,-0.0543,-0.0394));
#5820=CARTESIAN_POINT('',(-0.082,-0.0541,0.005));
#5821=CARTESIAN_POINT('',(-0.0822,-0.0543,-0.005));
#5822=CARTESIAN_POINT('',(-0.082,-0.0543,-0.0394));
#5823=CARTESIAN_POINT('',(-0.0805816653826392,-0.0539,-0.039));
#5824=CARTESIAN_POINT('',(-0.080689512743031,-0.0540296163959388,-0.0391296163959388));
#5825=CARTESIAN_POINT('',(-0.0807854706747255,-0.0541635888901917,-0.0392635888901917));
#5826=CARTESIAN_POINT('',(-0.0808747727084868,-0.0543,-0.0394));
#5827=CARTESIAN_POINT('',(-0.0805816653826392,-0.0539,-0.039));
#5828=CARTESIAN_POINT('',(-0.0808747727084868,-0.0543,-0.0394));
#5829=CARTESIAN_POINT('',(-0.057,-0.0539,-0.039));
#5830=CARTESIAN_POINT('',(-0.082,-0.0539,-0.039));
#5831=CARTESIAN_POINT('',(-0.082,-0.00345000000000026,0.01145));
#5832=CARTESIAN_POINT('',(-0.082,-0.0543,-0.0394));
#5833=CARTESIAN_POINT('',(-0.057,-0.062646,-0.039));
#5834=CARTESIAN_POINT('',(-0.082,-0.062646,-0.039));
#5835=CARTESIAN_POINT('',(-0.082,-0.0474656854249493,-0.039));
#5836=CARTESIAN_POINT('',(-0.0795,-0.0537,-0.039));
#5837=CARTESIAN_POINT('',(-0.0788,-0.0545485281374239,-0.039));
#5838=CARTESIAN_POINT('',(-0.0788,-0.0505,-0.039));
#5839=CARTESIAN_POINT('',(-0.0788,-0.0506656854249492,-0.039));
#5840=CARTESIAN_POINT('',(-0.0806828427124746,-0.0487828427124746,-0.039));
#5841=CARTESIAN_POINT('',(-0.0619098427124746,-0.0675558427124746,-0.039));
#5842=CARTESIAN_POINT('',(-0.081085167969738,-0.0516122329903153,-0.036714832030262));
#5843=CARTESIAN_POINT('',(-0.0784,-0.0505,-0.0394));
#5844=CARTESIAN_POINT('',(-0.0784,-0.0505,-0.0394));
#5845=CARTESIAN_POINT('',(-0.082,-0.0469,-0.0394));
#5846=CARTESIAN_POINT('',(-0.082,-0.0345636940564559,-0.0481230855874722));
#5847=CARTESIAN_POINT('',(-0.0784,-0.0505,0.035));
#5848=CARTESIAN_POINT('',(-0.082,-0.0469,-0.051));
#5849=CARTESIAN_POINT('',(-0.082,-0.0469,-0.0506));
#5850=CARTESIAN_POINT('',(-0.0784,-0.0505,-0.001));
#5851=CARTESIAN_POINT('',(-0.0784,-0.0505,-0.0506));
#5852=CARTESIAN_POINT('',(-0.0784,-0.0505,-0.0506));
#5853=CARTESIAN_POINT('',(-0.0759828427124746,-0.0534828427124746,-0.051));
#5854=CARTESIAN_POINT('',(-0.0681952190140663,-0.0462730413145794,-0.0403952190140663));
#5855=CARTESIAN_POINT('',(-0.0788,-0.0506656854249492,-0.051));
#5856=CARTESIAN_POINT('',(-0.0759828427124746,-0.0534828427124746,-0.051));
#5857=CARTESIAN_POINT('',(-0.082,-0.0474656854249493,-0.051));
#5858=CARTESIAN_POINT('',(-0.082,0.0125767580226478,-0.00854358107919363));
#5859=CARTESIAN_POINT('',(-0.077,-0.0545,-0.051));
#5860=CARTESIAN_POINT('',(-0.0795,-0.0537,-0.051));
#5861=CARTESIAN_POINT('',(-0.0788,-0.0545485281374239,-0.051));
#5862=CARTESIAN_POINT('',(-0.0805816653826392,-0.0539,-0.051));
#5863=CARTESIAN_POINT('',(-0.082,-0.0539,-0.051));
#5864=CARTESIAN_POINT('',(-0.082,-0.0539,-0.051));
#5865=CARTESIAN_POINT('',(-0.082,-0.0545,-0.051));
#5866=CARTESIAN_POINT('',(-0.0788,-0.0545,-0.051));
#5867=CARTESIAN_POINT('',(-0.077,-0.0539,-0.051));
#5868=CARTESIAN_POINT('',(-0.0808747727084868,-0.0543,-0.0506));
#5869=CARTESIAN_POINT('',(-0.0807854706747255,-0.0541635888901917,-0.0507364111098083));
#5870=CARTESIAN_POINT('',(-0.080689512743031,-0.0540296163959388,-0.0508703836040612));
#5871=CARTESIAN_POINT('',(-0.0805816653826392,-0.0539,-0.051));
#5872=CARTESIAN_POINT('',(-0.0808747727084868,-0.0543,-0.0506));
#5873=CARTESIAN_POINT('',(-0.0808747727084868,-0.0543,-0.0506));
#5874=CARTESIAN_POINT('',(-0.0822,-0.0543,-0.0506));
#5875=CARTESIAN_POINT('',(-0.0974,-0.0695,-0.0354));
#5876=CARTESIAN_POINT('',(-0.082,-0.0541,-0.0508));
#5877=CARTESIAN_POINT('',(-0.082,-0.05345,-0.05145));
#5878=CARTESIAN_POINT('',(-0.082,-0.0541,0.005));
#5879=CARTESIAN_POINT('',(-0.0821,-0.0542,-0.053));
#5880=CARTESIAN_POINT('',(-0.082199999875,-0.054299999875,-0.053));
#5881=CARTESIAN_POINT('',(-0.082,-0.0541,-0.053));
#5882=CARTESIAN_POINT('',(-0.082,-0.0541,0.005));
#5883=CARTESIAN_POINT('',(-0.0822,-0.0543,-0.005));
#5884=CARTESIAN_POINT('',(-0.0822071150688467,-0.0475,-0.0598071150688467));
#5885=CARTESIAN_POINT('',(-0.0822071150688467,-0.0484084057182666,-0.0598057103294456));
#5886=CARTESIAN_POINT('',(-0.0822071150688467,-0.0493046049229728,-0.0597223224804566));
#5887=CARTESIAN_POINT('',(-0.0822071150688467,-0.0510661222376326,-0.0592307523073264));
#5888=CARTESIAN_POINT('',(-0.0822071150688467,-0.0519321325628296,-0.0587891692369128));
#5889=CARTESIAN_POINT('',(-0.0822071150688467,-0.0532696504788181,-0.0574633909336389));
#5890=CARTESIAN_POINT('',(-0.0822071150688467,-0.0537145326251482,-0.0566070751942269));
#5891=CARTESIAN_POINT('',(-0.0822071150688467,-0.0542167912883494,-0.0548401108025971));
#5892=CARTESIAN_POINT('',(-0.0822071150688467,-0.0543064009264996,-0.0539109815520332));
#5893=CARTESIAN_POINT('',(-0.0822071150688467,-0.0543071150688467,-0.053));
#5894=CARTESIAN_POINT('',(-0.0822058661117589,-0.0475,-0.059805866111759));
#5895=CARTESIAN_POINT('',(-0.0822058661117589,-0.0484083233909485,-0.0598044622287977));
#5896=CARTESIAN_POINT('',(-0.0822058661117589,-0.0493044161214301,-0.0597210794586247));
#5897=CARTESIAN_POINT('',(-0.0822058661117589,-0.0510656341505175,-0.0592295908755877));
#5898=CARTESIAN_POINT('',(-0.0822058661117589,-0.0519314316084057,-0.0587881055643635));
#5899=CARTESIAN_POINT('',(-0.0822058661117589,-0.0532685918197151,-0.0574626816607677));
#5900=CARTESIAN_POINT('',(-0.0822058661117589,-0.0537133742023285,-0.0566065786229828));
#5901=CARTESIAN_POINT('',(-0.0822058661117589,-0.054215549014415,-0.0548399172794109));
#5902=CARTESIAN_POINT('',(-0.0822058661117589,-0.054305152790113,-0.0539108992132389));
#5903=CARTESIAN_POINT('',(-0.0822058661117589,-0.0543058661117589,-0.053));
#5904=CARTESIAN_POINT('',(-0.0822,-0.0475,-0.0598));
#5905=CARTESIAN_POINT('',(-0.0822,-0.0484079367153347,-0.0597986001395723));
#5906=CARTESIAN_POINT('',(-0.0822,-0.049303529356816,-0.0597152412236235));
#5907=CARTESIAN_POINT('',(-0.0822,-0.0510633416990046,-0.0592241358535967));
#5908=CARTESIAN_POINT('',(-0.0822,-0.0519281393599938,-0.0587831096985244));
#5909=CARTESIAN_POINT('',(-0.0822,-0.0532636195010713,-0.0574593503422053));
#5910=CARTESIAN_POINT('',(-0.0822,-0.0537079333126522,-0.0566042463231442));
#5911=CARTESIAN_POINT('',(-0.0822,-0.0542097142921449,-0.0548390083381433));
#5912=CARTESIAN_POINT('',(-0.0822,-0.0542992905330297,-0.0539105124837234));
#5913=CARTESIAN_POINT('',(-0.0822,-0.0543,-0.053));
#5914=CARTESIAN_POINT('',(-0.082,-0.0475,-0.0596));
#5915=CARTESIAN_POINT('',(-0.082,-0.0483947533451674,-0.0595987372843688));
#5916=CARTESIAN_POINT('',(-0.082,-0.049273295885292,-0.0595161916575354));
#5917=CARTESIAN_POINT('',(-0.082,-0.0509851825500797,-0.0590381516032059));
#5918=CARTESIAN_POINT('',(-0.082,-0.0518158930016836,-0.0586127799794754));
#5919=CARTESIAN_POINT('',(-0.082,-0.0530940926032501,-0.0573457719209535));
#5920=CARTESIAN_POINT('',(-0.082,-0.0535224308912923,-0.0565247285800657));
#5921=CARTESIAN_POINT('',(-0.082,-0.0540107844895805,-0.054808018772827));
#5922=CARTESIAN_POINT('',(-0.082,-0.0540994219548583,-0.0538973272758266));
#5923=CARTESIAN_POINT('',(-0.082,-0.0541,-0.053));
#5924=CARTESIAN_POINT('',(-0.0821,-0.0475,-0.0597));
#5925=CARTESIAN_POINT('',(-0.082,-0.0475,-0.0596));
#5926=CARTESIAN_POINT('',(-0.0822,-0.0474999999999518,-0.0598));
#5927=CARTESIAN_POINT('',(-0.082,-0.0541,-0.053));
#5928=CARTESIAN_POINT('',(-0.082,-0.0540994213225572,-0.0538983088272386));
#5929=CARTESIAN_POINT('',(-0.082,-0.0539452125976217,-0.0556884825342414));
#5930=CARTESIAN_POINT('',(-0.082,-0.0526617907151124,-0.0581722552265237));
#5931=CARTESIAN_POINT('',(-0.082,-0.0501940173662571,-0.0594420382063589));
#5932=CARTESIAN_POINT('',(-0.082,-0.048397527924643,-0.0595987333687591));
#5933=CARTESIAN_POINT('',(-0.082,-0.0475,-0.0596));
#5934=CARTESIAN_POINT('',(-0.082199999875,-0.0542999999375,-0.0530000000033393));
#5935=CARTESIAN_POINT('',(-0.0822007204156193,-0.0542999999370592,-0.0539247248005959));
#5936=CARTESIAN_POINT('',(-0.0822002241619129,-0.0541704486925383,-0.0553120896935526));
#5937=CARTESIAN_POINT('',(-0.0822046973019804,-0.0534881261067601,-0.0570374739277676));
#5938=CARTESIAN_POINT('',(-0.0821971580739667,-0.0526541862901564,-0.05815931836096));
#5939=CARTESIAN_POINT('',(-0.0822066213221788,-0.0515339700871931,-0.0589893471806214));
#5940=CARTESIAN_POINT('',(-0.0821988125729421,-0.0498165181656926,-0.059669069495773));
#5941=CARTESIAN_POINT('',(-0.082201425063075,-0.048424283061379,-0.0597999999997861));
#5942=CARTESIAN_POINT('',(-0.0822000000000051,-0.0475,-0.0598000000000051));
#5943=CARTESIAN_POINT('',(-0.0836044200465522,-0.0577,-0.0532000000000041));
#5944=CARTESIAN_POINT('',(-0.0830000001,-0.0577,-0.0532000000000041));
#5945=CARTESIAN_POINT('',(-0.0836044200465522,-0.0576999999999986,-0.0598666666666672));
#5946=CARTESIAN_POINT('',(-0.0830000001,-0.0576999999999986,-0.0598666666666672));
#5947=CARTESIAN_POINT('',(-0.0836044200465522,-0.0543666666666662,-0.063199999999999));
#5948=CARTESIAN_POINT('',(-0.0830000001,-0.0543666666666662,-0.063199999999999));
#5949=CARTESIAN_POINT('',(-0.0836044200465522,-0.0477000000000024,-0.0632));
#5950=CARTESIAN_POINT('',(-0.0830000001,-0.0477000000000024,-0.0632));
#5951=CARTESIAN_POINT('',(-0.0835,-0.0577,-0.0532));
#5952=CARTESIAN_POINT('',(-0.0830000001,-0.0577,-0.053200000002));
#5953=CARTESIAN_POINT('',(-0.0835,-0.0477,-0.0632));
#5954=CARTESIAN_POINT('',(-0.0830000001,-0.047700000002,-0.0632));
#5955=CARTESIAN_POINT('',(-0.083,-0.0577,-0.0532));
#5956=CARTESIAN_POINT('',(-0.083,-0.0577,-0.0598666666666667));
#5957=CARTESIAN_POINT('',(-0.083,-0.0543666666666667,-0.0632));
#5958=CARTESIAN_POINT('',(-0.083,-0.0477,-0.0632));
#5959=CARTESIAN_POINT('',(-0.084,-0.0577,-0.005));
#5960=CARTESIAN_POINT('',(-0.083,-0.0577,-0.005));
#5961=CARTESIAN_POINT('',(-0.0836,-0.0427,0.014));
#5962=CARTESIAN_POINT('',(-0.084,-0.0431,-0.0182));
#5963=CARTESIAN_POINT('',(-0.0832,-0.0423,0.005));
#5964=CARTESIAN_POINT('',(-0.0821949106979233,-0.047500000003319,-0.0598000000000001));
#5965=CARTESIAN_POINT('',(-0.083,-0.047500000003319,-0.0598000000000001));
#5966=CARTESIAN_POINT('',(-0.0821949106979233,-0.0498000000016158,-0.0597999999994552));
#5967=CARTESIAN_POINT('',(-0.083,-0.0498000000016158,-0.0597999999994552));
#5968=CARTESIAN_POINT('',(-0.0821949106979233,-0.0531671572869802,-0.0586671572869919));
#5969=CARTESIAN_POINT('',(-0.083,-0.0531671572869802,-0.0586671572869919));
#5970=CARTESIAN_POINT('',(-0.0821949106979233,-0.0542999999994512,-0.0553000000016354));
#5971=CARTESIAN_POINT('',(-0.083,-0.0542999999994512,-0.0553000000016354));
#5972=CARTESIAN_POINT('',(-0.0821949106979233,-0.0543,-0.053000000003343));
#5973=CARTESIAN_POINT('',(-0.083,-0.0543,-0.053000000003343));
#5974=CARTESIAN_POINT('',(-0.0826,-0.0475,-0.0598));
#5975=CARTESIAN_POINT('',(-0.083,-0.0475,-0.0598));
#5976=CARTESIAN_POINT('',(-0.0826000000000022,-0.0543,-0.053));
#5977=CARTESIAN_POINT('',(-0.083,-0.0543,-0.053));
#5978=CARTESIAN_POINT('',(-0.083,-0.047500000003343,-0.0598));
#5979=CARTESIAN_POINT('',(-0.083,-0.0484214418234525,-0.0597999999995602));
#5980=CARTESIAN_POINT('',(-0.083,-0.0502309051248001,-0.0596476602916414));
#5981=CARTESIAN_POINT('',(-0.083,-0.0528042063615087,-0.0583217294345418));
#5982=CARTESIAN_POINT('',(-0.083,-0.0541347449428319,-0.0557856575054241));
#5983=CARTESIAN_POINT('',(-0.083,-0.0542999999997787,-0.0539273873118897));
#5984=CARTESIAN_POINT('',(-0.083,-0.0543,-0.053000000003343));
#5985=CARTESIAN_POINT('',(-0.082,-0.0543,-0.005));
#5986=CARTESIAN_POINT('',(-0.083,-0.0543,0.005));
#5987=CARTESIAN_POINT('',(-0.0808747727084868,-0.0543,-0.001));
#5988=CARTESIAN_POINT('',(-0.0836,-0.0407,0.014));
#5989=CARTESIAN_POINT('',(-0.0832,-0.0411,-0.0182));
#5990=CARTESIAN_POINT('',(-0.084,-0.0403,0.005));
#5991=CARTESIAN_POINT('',(-0.0795,-0.0537,-0.039));
#5992=CARTESIAN_POINT('',(-0.0788,-0.0545485281374239,-0.039));
#5993=CARTESIAN_POINT('',(-0.0786677871939792,-0.0546108538518886,-0.0391322128060208));
#5994=CARTESIAN_POINT('',(-0.0785342802475479,-0.0546671348563695,-0.0392657197524521));
#5995=CARTESIAN_POINT('',(-0.0784,-0.0547198039027185,-0.0394));
#5996=CARTESIAN_POINT('',(-0.0784,-0.0547198039027186,-0.0394));
#5997=CARTESIAN_POINT('',(-0.0795,-0.0537,-0.0394));
#5998=CARTESIAN_POINT('',(-0.0788,-0.062646,-0.039));
#5999=CARTESIAN_POINT('',(-0.0784,-0.0547198039027186,-0.0394));
#6000=CARTESIAN_POINT('',(-0.0784,0.003,0.035));
#6001=CARTESIAN_POINT('',(-0.0784,-0.0547198039027186,-0.001));
#6002=CARTESIAN_POINT('',(-0.0784,-0.0547198039027186,-0.0506));
#6003=CARTESIAN_POINT('',(-0.0784,0.003,-0.0506));
#6004=CARTESIAN_POINT('',(-0.0784,0.003,-0.0506));
#6005=CARTESIAN_POINT('',(-0.0784,-0.0547198039027186,-0.0506));
#6006=CARTESIAN_POINT('',(-0.0785342802475479,-0.0546671348563696,-0.0507342802475479));
#6007=CARTESIAN_POINT('',(-0.0786677871939792,-0.0546108538518886,-0.0508677871939792));
#6008=CARTESIAN_POINT('',(-0.0788,-0.0545485281374239,-0.051));
#6009=CARTESIAN_POINT('',(-0.0795,-0.0537,-0.051));
#6010=CARTESIAN_POINT('',(-0.0795,-0.0537,-0.0506));
#6011=CARTESIAN_POINT('',(-0.0795,-0.0537,0.029));
#6012=CARTESIAN_POINT('',(-0.0838,-0.0221,-0.0304));
#6013=CARTESIAN_POINT('',(-0.0834,-0.0222,-0.03));
#6014=CARTESIAN_POINT('',(-0.0832,-0.0222,-0.0298));
#6015=CARTESIAN_POINT('',(-0.084,-0.0222,-0.0306));
#6016=CARTESIAN_POINT('',(-0.084,-0.0221,-0.0306));
#6017=CARTESIAN_POINT('',(-0.0832,-0.0221,-0.0298));
#6018=CARTESIAN_POINT('',(-0.0795,0.0747,0.041));
#6019=CARTESIAN_POINT('',(-0.0808747727084868,0.0753,0.011));
#6020=CARTESIAN_POINT('',(-0.0808747727084868,0.0753,-0.0394));
#6021=CARTESIAN_POINT('',(-0.0808747727084868,0.0753,-0.0506));
#6022=CARTESIAN_POINT('',(-0.0795,0.0747,-0.0394));
#6023=CARTESIAN_POINT('',(-0.0784,0.0757198039027185,-0.0394));
#6024=CARTESIAN_POINT('',(-0.0784,0.0757198039027185,0.011));
#6025=CARTESIAN_POINT('',(-0.0784,0.0757198039027185,-0.0506));
#6026=CARTESIAN_POINT('',(-0.0795,0.0747,-0.0506));
#6027=CARTESIAN_POINT('',(-0.0784,0.003,0.035));
#6028=CARTESIAN_POINT('',(-0.0784,0.018,-0.0394));
#6029=CARTESIAN_POINT('',(-0.0784,0.0715,-0.0394));
#6030=CARTESIAN_POINT('',(-0.0784,0.0715,0.005));
#6031=CARTESIAN_POINT('',(-0.0784,0.0715,-0.0506));
#6032=CARTESIAN_POINT('',(-0.0784,0.018,-0.0506));
#6033=CARTESIAN_POINT('',(-0.0804,0.0695,0.035));
#6034=CARTESIAN_POINT('',(-0.0804,0.0695,-0.0394));
#6035=CARTESIAN_POINT('',(-0.082,0.0679,-0.0394));
#6036=CARTESIAN_POINT('',(-0.082,0.0679,0.005));
#6037=CARTESIAN_POINT('',(-0.082,0.0679,-0.0506));
#6038=CARTESIAN_POINT('',(-0.0804,0.0695,-0.0506));
#6039=CARTESIAN_POINT('',(-0.0836044200465522,0.068700000000004,-0.0632));
#6040=CARTESIAN_POINT('',(-0.0830000001,0.068700000000004,-0.0632));
#6041=CARTESIAN_POINT('',(-0.0836044200465522,0.0753666666666672,-0.0631999999999986));
#6042=CARTESIAN_POINT('',(-0.0830000001,0.0753666666666672,-0.0631999999999986));
#6043=CARTESIAN_POINT('',(-0.0836044200465522,0.0786999999999988,-0.0598666666666663));
#6044=CARTESIAN_POINT('',(-0.0830000001,0.0786999999999988,-0.0598666666666663));
#6045=CARTESIAN_POINT('',(-0.0836044200465522,0.0787,-0.0532000000000025));
#6046=CARTESIAN_POINT('',(-0.0830000001,0.0787,-0.0532000000000025));
#6047=CARTESIAN_POINT('',(-0.0835,0.0687,-0.0632));
#6048=CARTESIAN_POINT('',(-0.0830000001,0.068700000002,-0.0632));
#6049=CARTESIAN_POINT('',(-0.0835,0.0787,-0.0532));
#6050=CARTESIAN_POINT('',(-0.0830000001,0.0787,-0.053200000002));
#6051=CARTESIAN_POINT('',(-0.083,0.0687,-0.0632));
#6052=CARTESIAN_POINT('',(-0.083,0.0753666666666667,-0.0632));
#6053=CARTESIAN_POINT('',(-0.083,0.0787,-0.0598666666666667));
#6054=CARTESIAN_POINT('',(-0.083,0.0787,-0.0532));
#6055=CARTESIAN_POINT('',(-0.084,0.0787,-0.015));
#6056=CARTESIAN_POINT('',(-0.083,0.0787,-0.015));
#6057=CARTESIAN_POINT('',(-0.0821949106979232,0.0753,-0.053000000006686));
#6058=CARTESIAN_POINT('',(-0.083,0.0753,-0.053000000006686));
#6059=CARTESIAN_POINT('',(-0.0821949106979232,0.0752999999989023,-0.05530000000382));
#6060=CARTESIAN_POINT('',(-0.083,0.0752999999989023,-0.05530000000382));
#6061=CARTESIAN_POINT('',(-0.0821949106979232,0.074167157285902,-0.058667157287525));
#6062=CARTESIAN_POINT('',(-0.083,0.074167157285902,-0.058667157287525));
#6063=CARTESIAN_POINT('',(-0.0821949106979231,0.0708000000010742,-0.0597999999994512));
#6064=CARTESIAN_POINT('',(-0.0829999999999999,0.0708000000010742,-0.0597999999994512));
#6065=CARTESIAN_POINT('',(-0.0821949106979232,0.068500000003343,-0.0598));
#6066=CARTESIAN_POINT('',(-0.083,0.068500000003343,-0.0598));
#6067=CARTESIAN_POINT('',(-0.0826,0.0753,-0.053));
#6068=CARTESIAN_POINT('',(-0.082199999875,0.0753,-0.053));
#6069=CARTESIAN_POINT('',(-0.083,0.0753,-0.053));
#6070=CARTESIAN_POINT('',(-0.0822,0.0685000000033187,-0.0598));
#6071=CARTESIAN_POINT('',(-0.0822007205407017,0.0694247248040348,-0.0597999999995619));
#6072=CARTESIAN_POINT('',(-0.0822002241337207,0.0708120896903913,-0.0596704486786631));
#6073=CARTESIAN_POINT('',(-0.0822046973072928,0.0725374739243742,-0.0589881261112217));
#6074=CARTESIAN_POINT('',(-0.082197158072539,0.0736593183570284,-0.0581541862931324));
#6075=CARTESIAN_POINT('',(-0.0822066213225621,0.074489347177281,-0.057033970093315));
#6076=CARTESIAN_POINT('',(-0.0821988125726597,0.0751690694938432,-0.0553165181740052));
#6077=CARTESIAN_POINT('',(-0.0822014250632538,0.0752999999992943,-0.05392428307121));
#6078=CARTESIAN_POINT('',(-0.0822000000000166,0.0753,-0.0530000000106966));
#6079=CARTESIAN_POINT('',(-0.0822,0.0684999999999513,-0.0598));
#6080=CARTESIAN_POINT('',(-0.0826000000000049,0.0685,-0.0598));
#6081=CARTESIAN_POINT('',(-0.083,0.0685,-0.0598));
#6082=CARTESIAN_POINT('',(-0.083,0.0753,-0.053000000003343));
#6083=CARTESIAN_POINT('',(-0.083,0.0752999999995601,-0.0539218044451542));
#6084=CARTESIAN_POINT('',(-0.083,0.0751470678467266,-0.0557348325926998));
#6085=CARTESIAN_POINT('',(-0.083,0.073819150837049,-0.0583062401891192));
#6086=CARTESIAN_POINT('',(-0.083,0.0712845704436927,-0.0596347502456287));
#6087=CARTESIAN_POINT('',(-0.083,0.069426931554892,-0.0597999999997788));
#6088=CARTESIAN_POINT('',(-0.083,0.068500000003343,-0.0598));
#6089=CARTESIAN_POINT('',(-0.082,0.0753,-0.015));
#6090=CARTESIAN_POINT('',(-0.083,0.0753,0.005));
#6091=CARTESIAN_POINT('',(-0.0822,0.0753,-0.0394));
#6092=CARTESIAN_POINT('',(-0.0822,0.0753,-0.0394));
#6093=CARTESIAN_POINT('',(-0.082,0.0753,-0.0394));
#6094=CARTESIAN_POINT('',(-0.082,0.0753,-0.0506));
#6095=CARTESIAN_POINT('',(-0.0822,0.0753,-0.0506));
#6096=CARTESIAN_POINT('',(-0.0822,0.0753,-0.053));
#6097=CARTESIAN_POINT('',(-0.0836,0.0637,0.005));
#6098=CARTESIAN_POINT('',(-0.0838,0.0639,-0.0362));
#6099=CARTESIAN_POINT('',(-0.084,0.0641,-0.0362));
#6100=CARTESIAN_POINT('',(-0.0832,0.0633,-0.0362));
#6101=CARTESIAN_POINT('',(-0.0832,0.0633,-0.0362));
#6102=CARTESIAN_POINT('',(-0.084,0.0641,0.005));
#6103=CARTESIAN_POINT('',(-0.084,0.0517,-0.0486));
#6104=CARTESIAN_POINT('',(-0.084,0.0533786440127836,-0.0485995723485931));
#6105=CARTESIAN_POINT('',(-0.084,0.0550794018534196,-0.0484270907511752));
#6106=CARTESIAN_POINT('',(-0.084,0.0574757588371584,-0.0477192962514717));
#6107=CARTESIAN_POINT('',(-0.084,0.0582621850394216,-0.0473994121642983));
#6108=CARTESIAN_POINT('',(-0.084,0.0597275779828331,-0.0465716942861694));
#6109=CARTESIAN_POINT('',(-0.084,0.0603958116005324,-0.0460720134191751));
#6110=CARTESIAN_POINT('',(-0.084,0.06159250675863,-0.0448709982322082));
#6111=CARTESIAN_POINT('',(-0.084,0.0620887203144422,-0.0442028566778832));
#6112=CARTESIAN_POINT('',(-0.084,0.0629130546621178,-0.0427323897952146));
#6113=CARTESIAN_POINT('',(-0.084,0.0632296015676288,-0.0419470119447345));
#6114=CARTESIAN_POINT('',(-0.084,0.0639278352877777,-0.0395646618625041));
#6115=CARTESIAN_POINT('',(-0.084,0.0640991050604714,-0.0378805310205865));
#6116=CARTESIAN_POINT('',(-0.084,0.0641,-0.0362));
#6117=CARTESIAN_POINT('',(-0.0836,0.0517,-0.0482));
#6118=CARTESIAN_POINT('',(-0.0836,0.0533512269602999,-0.0481997948831941));
#6119=CARTESIAN_POINT('',(-0.0836,0.0550149270255551,-0.0480292783295077));
#6120=CARTESIAN_POINT('',(-0.0836,0.0573373309931909,-0.0473429865291585));
#6121=CARTESIAN_POINT('',(-0.0836,0.0580951750415006,-0.0470343830460013));
#6122=CARTESIAN_POINT('',(-0.0836,0.0595012490775726,-0.0462400997562573));
#6123=CARTESIAN_POINT('',(-0.0836,0.060139430239687,-0.045762612589453));
#6124=CARTESIAN_POINT('',(-0.0836,0.0612821838005529,-0.044615734369467));
#6125=CARTESIAN_POINT('',(-0.0836,0.0617563942008619,-0.0439776034352018));
#6126=CARTESIAN_POINT('',(-0.0836,0.0625475182615167,-0.0425665063465713));
#6127=CARTESIAN_POINT('',(-0.0836,0.0628529525735633,-0.0418095577762181));
#6128=CARTESIAN_POINT('',(-0.0836,0.0635300398740694,-0.0395004773210479));
#6129=CARTESIAN_POINT('',(-0.0836,0.0636993300087028,-0.0378530564037506));
#6130=CARTESIAN_POINT('',(-0.0836,0.0637,-0.0362));
#6131=CARTESIAN_POINT('',(-0.0832,0.0517,-0.0478));
#6132=CARTESIAN_POINT('',(-0.0832,0.0533238099078162,-0.0478000174177951));
#6133=CARTESIAN_POINT('',(-0.0832,0.0549504521976906,-0.0476314659078402));
#6134=CARTESIAN_POINT('',(-0.0832,0.0571989031492234,-0.0469666768068453));
#6135=CARTESIAN_POINT('',(-0.0832,0.0579281650435796,-0.0466693539277043));
#6136=CARTESIAN_POINT('',(-0.0832,0.0592749201723121,-0.0459085052263452));
#6137=CARTESIAN_POINT('',(-0.0832,0.0598830488788416,-0.0454532117597309));
#6138=CARTESIAN_POINT('',(-0.0832,0.0609718608424758,-0.0443604705067258));
#6139=CARTESIAN_POINT('',(-0.0832,0.0614240680872816,-0.0437523501925204));
#6140=CARTESIAN_POINT('',(-0.0832,0.0621819818609156,-0.042400622897928));
#6141=CARTESIAN_POINT('',(-0.0832,0.0624763035794978,-0.0416721036077017));
#6142=CARTESIAN_POINT('',(-0.0832,0.0631322444603611,-0.0394362927795917));
#6143=CARTESIAN_POINT('',(-0.0832,0.0632995549569342,-0.0378255817869147));
#6144=CARTESIAN_POINT('',(-0.0832,0.0633,-0.0362));
#6145=CARTESIAN_POINT('',(-0.084,0.0517,-0.0486));
#6146=CARTESIAN_POINT('',(-0.084,0.0533814447089083,-0.0485995716350877));
#6147=CARTESIAN_POINT('',(-0.0840000000000001,0.0558981768279936,-0.048352915780219));
#6148=CARTESIAN_POINT('',(-0.084,0.0590300827183067,-0.04709042298668));
#6149=CARTESIAN_POINT('',(-0.084,0.0610643356406042,-0.0455726412873584));
#6150=CARTESIAN_POINT('',(-0.084,0.0625836511302107,-0.0435420311299473));
#6151=CARTESIAN_POINT('',(-0.084,0.0638515689413724,-0.0404095618286371));
#6152=CARTESIAN_POINT('',(-0.084,0.0640991036658114,-0.0378831499342314));
#6153=CARTESIAN_POINT('',(-0.084,0.0641,-0.0362));
#6154=CARTESIAN_POINT('',(-0.084,0.0517,-0.0486));
#6155=CARTESIAN_POINT('',(-0.0838,0.0517,-0.0484));
#6156=CARTESIAN_POINT('',(-0.0832,0.0517,-0.0478));
#6157=CARTESIAN_POINT('',(-0.0832,0.0633,-0.0362));
#6158=CARTESIAN_POINT('',(-0.0832,0.0632995687180585,-0.037775317363648));
#6159=CARTESIAN_POINT('',(-0.0832,0.0630753204895995,-0.0401364143831095));
#6160=CARTESIAN_POINT('',(-0.0832,0.0619252607111216,-0.0430677562809412));
#6161=CARTESIAN_POINT('',(-0.0832,0.060513002739413,-0.0449883317151386));
#6162=CARTESIAN_POINT('',(-0.0832,0.0585963497453953,-0.0464110370300392));
#6163=CARTESIAN_POINT('',(-0.0832,0.0556452045367605,-0.0475760855244438));
#6164=CARTESIAN_POINT('',(-0.0832,0.0532789145478771,-0.0478000169362251));
#6165=CARTESIAN_POINT('',(-0.0832,0.0517,-0.0478));
#6166=CARTESIAN_POINT('',(-0.0836,0.0617,0.005));
#6167=CARTESIAN_POINT('',(-0.0834,0.0619,-0.0362));
#6168=CARTESIAN_POINT('',(-0.0832,0.0621,-0.0362));
#6169=CARTESIAN_POINT('',(-0.084,0.0613,-0.0362));
#6170=CARTESIAN_POINT('',(-0.084,0.0613,-0.0362));
#6171=CARTESIAN_POINT('',(-0.0832,0.0621,0.005));
#6172=CARTESIAN_POINT('',(-0.08408,0.0612205214198307,-0.0346456017188532));
#6173=CARTESIAN_POINT('',(-0.08408,0.0612203476132205,-0.0351637344792355));
#6174=CARTESIAN_POINT('',(-0.08408,0.0612201738066102,-0.0356818672396177));
#6175=CARTESIAN_POINT('',(-0.08408,0.06122,-0.0362));
#6176=CARTESIAN_POINT('',(-0.08408,0.0612195654834744,-0.0374953319009556));
#6177=CARTESIAN_POINT('',(-0.08408,0.0610897174327484,-0.0388054121558261));
#6178=CARTESIAN_POINT('',(-0.08408,0.0603938148831671,-0.0412521771006676));
#6179=CARTESIAN_POINT('',(-0.08408,0.0597803477505047,-0.0424386889756189));
#6180=CARTESIAN_POINT('',(-0.08408,0.0579580713980024,-0.0442652149044617));
#6181=CARTESIAN_POINT('',(-0.08408,0.0567754087062374,-0.0448845191428297));
#6182=CARTESIAN_POINT('',(-0.08408,0.0543060743076363,-0.0455921436883285));
#6183=CARTESIAN_POINT('',(-0.08408,0.0529978644119455,-0.0457194055053485));
#6184=CARTESIAN_POINT('',(-0.08408,0.0517,-0.04572));
#6185=CARTESIAN_POINT('',(-0.08408,0.0511808542352218,-0.0457202377978606));
#6186=CARTESIAN_POINT('',(-0.08408,0.0506617084704436,-0.0457204755957212));
#6187=CARTESIAN_POINT('',(-0.08408,0.0501425627056654,-0.0457207133935817));
#6188=CARTESIAN_POINT('',(-0.084,0.0613005779315474,-0.034639243960176));
#6189=CARTESIAN_POINT('',(-0.084,0.0613003852876982,-0.0351594959734506));
#6190=CARTESIAN_POINT('',(-0.084,0.0613001926438491,-0.0356797479867253));
#6191=CARTESIAN_POINT('',(-0.084,0.0613,-0.0362));
#6192=CARTESIAN_POINT('',(-0.084,0.0612995183903772,-0.0375006300331867));
#6193=CARTESIAN_POINT('',(-0.084,0.0611692751298048,-0.0388178718506718));
#6194=CARTESIAN_POINT('',(-0.084,0.0604680554544275,-0.0412838319460864));
#6195=CARTESIAN_POINT('',(-0.084,0.0598482812313885,-0.0424838608608282));
#6196=CARTESIAN_POINT('',(-0.084,0.0580034842747453,-0.0443329704437903));
#6197=CARTESIAN_POINT('',(-0.084,0.0568072780500058,-0.044958676600289));
#6198=CARTESIAN_POINT('',(-0.084,0.0543185092014209,-0.045671729960936));
#6199=CARTESIAN_POINT('',(-0.084,0.0530031748008228,-0.0457993562282038));
#6200=CARTESIAN_POINT('',(-0.084,0.0517,-0.0458));
#6201=CARTESIAN_POINT('',(-0.084,0.0511787300796709,-0.0458002575087185));
#6202=CARTESIAN_POINT('',(-0.084,0.0506574601593417,-0.045800515017437));
#6203=CARTESIAN_POINT('',(-0.084,0.0501361902390126,-0.0458007725261554));
#6204=CARTESIAN_POINT('',(-0.0836,0.0617008604901308,-0.0346074551667895));
#6205=CARTESIAN_POINT('',(-0.0836,0.0617005736600872,-0.0351383034445263));
#6206=CARTESIAN_POINT('',(-0.0836,0.0617002868300436,-0.0356691517222632));
#6207=CARTESIAN_POINT('',(-0.0836,0.0617,-0.0362));
#6208=CARTESIAN_POINT('',(-0.0836,0.061699282924891,-0.0375271206943421));
#6209=CARTESIAN_POINT('',(-0.0836,0.061567063615087,-0.0388801703249002));
#6210=CARTESIAN_POINT('',(-0.0836,0.0608392583107295,-0.0414421061731805));
#6211=CARTESIAN_POINT('',(-0.0836,0.0601879486358073,-0.0427097202868749));
#6212=CARTESIAN_POINT('',(-0.0836,0.05823054865846,-0.0446717481404331));
#6213=CARTESIAN_POINT('',(-0.0836,0.056966624768848,-0.0453294638875855));
#6214=CARTESIAN_POINT('',(-0.0836,0.0543806836703441,-0.0460696613239733));
#6215=CARTESIAN_POINT('',(-0.0836,0.0530297267452093,-0.0461991098424801));
#6216=CARTESIAN_POINT('',(-0.0836,0.0517,-0.0462));
#6217=CARTESIAN_POINT('',(-0.0836,0.0511681093019163,-0.046200356063008));
#6218=CARTESIAN_POINT('',(-0.0836,0.0506362186038326,-0.0462007121260159));
#6219=CARTESIAN_POINT('',(-0.0836,0.0501043279057488,-0.0462010681890239));
#6220=CARTESIAN_POINT('',(-0.0832,0.0621011430487142,-0.034575666373403));
#6221=CARTESIAN_POINT('',(-0.0832,0.0621007620324762,-0.035117110915602));
#6222=CARTESIAN_POINT('',(-0.0832,0.0621003810162381,-0.035658555457801));
#6223=CARTESIAN_POINT('',(-0.0832,0.0621,-0.0362));
#6224=CARTESIAN_POINT('',(-0.0832,0.0620990474594048,-0.0375536113554975));
#6225=CARTESIAN_POINT('',(-0.0832,0.0619648521003692,-0.0389424687991286));
#6226=CARTESIAN_POINT('',(-0.0832,0.0612104611670315,-0.0416003804002746));
#6227=CARTESIAN_POINT('',(-0.0832,0.0605276160402261,-0.0429355797129216));
#6228=CARTESIAN_POINT('',(-0.0832,0.0584576130421747,-0.0450105258370759));
#6229=CARTESIAN_POINT('',(-0.0832,0.0571259714876902,-0.045700251174882));
#6230=CARTESIAN_POINT('',(-0.0832,0.0544428581392673,-0.0464675926870106));
#6231=CARTESIAN_POINT('',(-0.0832,0.0530562786895958,-0.0465988634567564));
#6232=CARTESIAN_POINT('',(-0.0832,0.0517,-0.0466));
#6233=CARTESIAN_POINT('',(-0.0832,0.0511574885241617,-0.0466004546172974));
#6234=CARTESIAN_POINT('',(-0.0832,0.0506149770483233,-0.0466009092345949));
#6235=CARTESIAN_POINT('',(-0.0832,0.050072465572485,-0.0466013638518923));
#6236=CARTESIAN_POINT('',(-0.084,0.0613,-0.0362));
#6237=CARTESIAN_POINT('',(-0.084,0.0612995170888345,-0.0375041449661396));
#6238=CARTESIAN_POINT('',(-0.084,0.061115248262491,-0.0394709880309643));
#6239=CARTESIAN_POINT('',(-0.084,0.0601589500335997,-0.0418841985597215));
#6240=CARTESIAN_POINT('',(-0.084,0.0589972216827523,-0.0434805674899725));
#6241=CARTESIAN_POINT('',(-0.084,0.0574018242090005,-0.0446496729247949));
#6242=CARTESIAN_POINT('',(-0.084,0.0549620375530904,-0.0456202395725409));
#6243=CARTESIAN_POINT('',(-0.084,0.0530058676136989,-0.0457993548979471));
#6244=CARTESIAN_POINT('',(-0.084,0.0517,-0.0458));
#6245=CARTESIAN_POINT('',(-0.084,0.0517,-0.0458));
#6246=CARTESIAN_POINT('',(-0.0832,0.0621,-0.0362));
#6247=CARTESIAN_POINT('',(-0.0832,0.062099008157871,-0.0376094609462843));
#6248=CARTESIAN_POINT('',(-0.0832,0.0618920317170897,-0.0397325375091943));
#6249=CARTESIAN_POINT('',(-0.0832,0.060830375837096,-0.0423320106697953));
#6250=CARTESIAN_POINT('',(-0.0832,0.0595673006436494,-0.0440477852940245));
#6251=CARTESIAN_POINT('',(-0.0832,0.0578514246355896,-0.0453198594558566));
#6252=CARTESIAN_POINT('',(-0.0832,0.0552251887738929,-0.0463968308310808));
#6253=CARTESIAN_POINT('',(-0.0832,0.0531114719627163,-0.0465988172055383));
#6254=CARTESIAN_POINT('',(-0.0832,0.0517,-0.0466));
#6255=CARTESIAN_POINT('',(-0.0832,0.0517,-0.0466));
#6256=CARTESIAN_POINT('',(-0.0834,0.0517,-0.0464));
#6257=CARTESIAN_POINT('',(-0.077,-0.0545,-0.051));
#6258=CARTESIAN_POINT('',(-0.082,0.0755,-0.051));
#6259=CARTESIAN_POINT('',(-0.082,0.0684656854249492,-0.051));
#6260=CARTESIAN_POINT('',(-0.082,0.0749,-0.051));
#6261=CARTESIAN_POINT('',(-0.077,0.0749,-0.051));
#6262=CARTESIAN_POINT('',(-0.0805816653826392,0.0749,-0.051));
#6263=CARTESIAN_POINT('',(-0.0795,0.0747,-0.051));
#6264=CARTESIAN_POINT('',(-0.0788,0.0755485281374239,-0.051));
#6265=CARTESIAN_POINT('',(-0.0788,0.0755,-0.051));
#6266=CARTESIAN_POINT('',(-0.0788,0.0716656854249492,-0.051));
#6267=CARTESIAN_POINT('',(-0.0759828427124746,0.0744828427124746,-0.051));
#6268=CARTESIAN_POINT('',(-0.057,-0.062646,-0.039));
#6269=CARTESIAN_POINT('',(-0.0788,0.0787445,-0.039));
#6270=CARTESIAN_POINT('',(-0.0788,0.0716656854249492,-0.039));
#6271=CARTESIAN_POINT('',(-0.0788,0.0755485281374239,-0.039));
#6272=CARTESIAN_POINT('',(-0.0795,0.0747,-0.039));
#6273=CARTESIAN_POINT('',(-0.0805816653826392,0.0749,-0.039));
#6274=CARTESIAN_POINT('',(-0.057,0.0749,-0.039));
#6275=CARTESIAN_POINT('',(-0.082,0.0749,-0.039));
#6276=CARTESIAN_POINT('',(-0.082,0.0787445,-0.039));
#6277=CARTESIAN_POINT('',(-0.082,0.0684656854249492,-0.039));
#6278=CARTESIAN_POINT('',(-0.0643605927124746,0.0861050927124746,-0.039));
#6279=CARTESIAN_POINT('',(-0.0788,-0.062646,-0.039));
#6280=CARTESIAN_POINT('',(-0.0784,0.0757198039027186,-0.0394));
#6281=CARTESIAN_POINT('',(-0.0785342802475479,0.0756671348563696,-0.0392657197524521));
#6282=CARTESIAN_POINT('',(-0.0786677871939792,0.0756108538518885,-0.0391322128060208));
#6283=CARTESIAN_POINT('',(-0.0788,0.0755485281374239,-0.039));
#6284=CARTESIAN_POINT('',(-0.0681952190140667,0.0672730413145797,-0.0496047809859334));
#6285=CARTESIAN_POINT('',(-0.0804,0.0695,-0.0394));
#6286=CARTESIAN_POINT('',(-0.082,0.0555636940564561,-0.0481230855874721));
#6287=CARTESIAN_POINT('',(-0.0759828427124746,0.0744828427124746,-0.051));
#6288=CARTESIAN_POINT('',(-0.082,0.00842324197735237,-0.00854358107919324));
#6289=CARTESIAN_POINT('',(-0.0789395042867797,0.0717234699925425,-0.0511395042867797));
#6290=CARTESIAN_POINT('',(-0.0784,0.003,-0.0506));
#6291=CARTESIAN_POINT('',(-0.0788,0.0755485281374239,-0.051));
#6292=CARTESIAN_POINT('',(-0.0786677871939792,0.0756108538518886,-0.0508677871939792));
#6293=CARTESIAN_POINT('',(-0.0785342802475479,0.0756671348563696,-0.0507342802475479));
#6294=CARTESIAN_POINT('',(-0.0784,0.0757198039027186,-0.0506));
#6295=CARTESIAN_POINT('',(-0.082,0.0753,-0.0394));
#6296=CARTESIAN_POINT('',(-0.082,0.02445,0.01145));
#6297=CARTESIAN_POINT('',(-0.082,0.0751,-0.0392));
#6298=CARTESIAN_POINT('',(-0.0805816653826392,0.0749,-0.039));
#6299=CARTESIAN_POINT('',(-0.080689512743031,0.0750296163959387,-0.0391296163959388));
#6300=CARTESIAN_POINT('',(-0.0807854706747254,0.0751635888901917,-0.0392635888901917));
#6301=CARTESIAN_POINT('',(-0.0808747727084868,0.0753,-0.0394));
#6302=CARTESIAN_POINT('',(-0.0740666666666668,0.0671666666666663,-0.0312666666666662));
#6303=CARTESIAN_POINT('',(-0.0795,0.0747,-0.0394));
#6304=CARTESIAN_POINT('',(-0.0795,0.0747,-0.0506));
#6305=CARTESIAN_POINT('',(-0.0805816653826392,0.0749,-0.051));
#6306=CARTESIAN_POINT('',(-0.080689512743031,0.0750296163959387,-0.0508703836040612));
#6307=CARTESIAN_POINT('',(-0.0807854706747254,0.0751635888901917,-0.0507364111098083));
#6308=CARTESIAN_POINT('',(-0.0808747727084868,0.0753,-0.0506));
#6309=CARTESIAN_POINT('',(-0.082,0.0753,-0.0506));
#6310=CARTESIAN_POINT('',(-0.082,0.07445,-0.05145));
#6311=CARTESIAN_POINT('',(-0.082,0.0751,-0.0508));
#6312=CARTESIAN_POINT('',(-0.1006,0.0937,-0.0322));
#6313=CARTESIAN_POINT('',(-0.0822,0.0753,-0.015));
#6314=CARTESIAN_POINT('',(-0.082,0.0751,0.0494));
#6315=CARTESIAN_POINT('',(-0.0822,0.0753,-0.015));
#6316=CARTESIAN_POINT('',(-0.082,0.0751,-0.0506));
#6317=CARTESIAN_POINT('',(-0.082,0.0751,-0.053));
#6318=CARTESIAN_POINT('',(-0.0821,0.0752,-0.053));
#6319=CARTESIAN_POINT('',(-0.0822071150688467,0.0753071150688466,-0.053));
#6320=CARTESIAN_POINT('',(-0.0822071150688467,0.0753057103294456,-0.0539084057182666));
#6321=CARTESIAN_POINT('',(-0.0822071150688467,0.0752223224804565,-0.0548046049229729));
#6322=CARTESIAN_POINT('',(-0.0822071150688467,0.0747307523073263,-0.0565661222376325));
#6323=CARTESIAN_POINT('',(-0.0822071150688467,0.0742891692369127,-0.0574321325628296));
#6324=CARTESIAN_POINT('',(-0.0822071150688467,0.0729633909336388,-0.058769650478818));
#6325=CARTESIAN_POINT('',(-0.0822071150688467,0.0721070751942268,-0.0592145326251482));
#6326=CARTESIAN_POINT('',(-0.0822071150688467,0.0703401108025971,-0.0597167912883492));
#6327=CARTESIAN_POINT('',(-0.0822071150688467,0.0694109815520332,-0.0598064009264994));
#6328=CARTESIAN_POINT('',(-0.0822071150688467,0.0685,-0.0598071150688467));
#6329=CARTESIAN_POINT('',(-0.082205866111759,0.075305866111759,-0.053));
#6330=CARTESIAN_POINT('',(-0.082205866111759,0.0753044622287977,-0.0539083233909485));
#6331=CARTESIAN_POINT('',(-0.082205866111759,0.0752210794586247,-0.0548044161214302));
#6332=CARTESIAN_POINT('',(-0.082205866111759,0.0747295908755877,-0.0565656341505174));
#6333=CARTESIAN_POINT('',(-0.082205866111759,0.0742881055643635,-0.0574314316084057));
#6334=CARTESIAN_POINT('',(-0.082205866111759,0.0729626816607676,-0.0587685918197152));
#6335=CARTESIAN_POINT('',(-0.082205866111759,0.0721065786229827,-0.0592133742023285));
#6336=CARTESIAN_POINT('',(-0.082205866111759,0.0703399172794108,-0.059715549014415));
#6337=CARTESIAN_POINT('',(-0.082205866111759,0.0694108992132388,-0.0598051527901129));
#6338=CARTESIAN_POINT('',(-0.082205866111759,0.0685,-0.059805866111759));
#6339=CARTESIAN_POINT('',(-0.0822,0.0753,-0.053));
#6340=CARTESIAN_POINT('',(-0.0822,0.0752986001395723,-0.0539079367153347));
#6341=CARTESIAN_POINT('',(-0.0822,0.0752152412236235,-0.0548035293568161));
#6342=CARTESIAN_POINT('',(-0.0822,0.0747241358535967,-0.0565633416990045));
#6343=CARTESIAN_POINT('',(-0.0822,0.0742831096985244,-0.0574281393599938));
#6344=CARTESIAN_POINT('',(-0.0822,0.0729593503422053,-0.0587636195010713));
#6345=CARTESIAN_POINT('',(-0.0822,0.0721042463231441,-0.0592079333126522));
#6346=CARTESIAN_POINT('',(-0.0822,0.0703390083381433,-0.0597097142921448));
#6347=CARTESIAN_POINT('',(-0.0822,0.0694105124837234,-0.0597992905330296));
#6348=CARTESIAN_POINT('',(-0.0822,0.0685,-0.0598));
#6349=CARTESIAN_POINT('',(-0.082,0.0751,-0.053));
#6350=CARTESIAN_POINT('',(-0.082,0.0750987372843688,-0.0538947533451674));
#6351=CARTESIAN_POINT('',(-0.082,0.0750161916575354,-0.0547732958852919));
#6352=CARTESIAN_POINT('',(-0.082,0.074538151603206,-0.0564851825500797));
#6353=CARTESIAN_POINT('',(-0.082,0.0741127799794753,-0.0573158930016836));
#6354=CARTESIAN_POINT('',(-0.082,0.0728457719209535,-0.0585940926032501));
#6355=CARTESIAN_POINT('',(-0.082,0.0720247285800656,-0.0590224308912922));
#6356=CARTESIAN_POINT('',(-0.082,0.070308018772827,-0.0595107844895805));
#6357=CARTESIAN_POINT('',(-0.082,0.0693973272758266,-0.0595994219548583));
#6358=CARTESIAN_POINT('',(-0.082,0.0685,-0.0596));
#6359=CARTESIAN_POINT('',(-0.082,0.0685,-0.0596));
#6360=CARTESIAN_POINT('',(-0.082,0.0693983088272388,-0.0595994213225572));
#6361=CARTESIAN_POINT('',(-0.082,0.071188482534244,-0.0594452125976209));
#6362=CARTESIAN_POINT('',(-0.082,0.0736722552265237,-0.0581617907151119));
#6363=CARTESIAN_POINT('',(-0.082,0.0749420382063591,-0.0556940173662568));
#6364=CARTESIAN_POINT('',(-0.082,0.0750987333687591,-0.0538975279246429));
#6365=CARTESIAN_POINT('',(-0.082,0.0751,-0.053));
#6366=CARTESIAN_POINT('',(-0.082,0.0685,-0.0596));
#6367=CARTESIAN_POINT('',(-0.0821,0.0685,-0.0597));
#6368=CARTESIAN_POINT('',(-0.084,0.0105,0.005));
#6369=CARTESIAN_POINT('',(-0.084,0.0105,-0.0458));
#6370=CARTESIAN_POINT('',(-0.084,-0.000199999999999994,-0.0458));
#6371=CARTESIAN_POINT('',(-0.084,-0.000199999999999994,-0.0458));
#6372=CARTESIAN_POINT('',(-0.084,-0.00131411385511577,-0.0457998882929517));
#6373=CARTESIAN_POINT('',(-0.084,-0.00299721481197857,-0.0456587445682651));
#6374=CARTESIAN_POINT('',(-0.084,-0.005097089294592,-0.0450103561783804));
#6375=CARTESIAN_POINT('',(-0.084,-0.00658184153226588,-0.0442095648890408));
#6376=CARTESIAN_POINT('',(-0.084,-0.00782228114039431,-0.0430824768850371));
#6377=CARTESIAN_POINT('',(-0.084,-0.00905545039403836,-0.0412087667910939));
#6378=CARTESIAN_POINT('',(-0.084,-0.00949424758023653,-0.0395732268688446));
#6379=CARTESIAN_POINT('',(-0.084,-0.00965078448186422,-0.0384659605337656));
#6380=CARTESIAN_POINT('',(-0.084,-0.00965078448186389,-0.0384659605337674));
#6381=CARTESIAN_POINT('',(-0.084,-0.00965078448186359,-0.0384659605337692));
#6382=CARTESIAN_POINT('',(-0.084,-0.00986434172101249,-0.036964922188197));
#6383=CARTESIAN_POINT('',(-0.0839999999999999,-0.0104154177667071,-0.0347460827099441));
#6384=CARTESIAN_POINT('',(-0.084,-0.0118877309395632,-0.0321141163031875));
#6385=CARTESIAN_POINT('',(-0.084,-0.0134141546374824,-0.0304163955689284));
#6386=CARTESIAN_POINT('',(-0.0839999999999999,-0.0153110598990418,-0.0291331854996195));
#6387=CARTESIAN_POINT('',(-0.0840000000000001,-0.0181475934825704,-0.028033557594353));
#6388=CARTESIAN_POINT('',(-0.084,-0.0204116625918555,-0.0278000638600643));
#6389=CARTESIAN_POINT('',(-0.084,-0.0219289401711167,-0.0278));
#6390=CARTESIAN_POINT('',(-0.084,-0.021928940171117,-0.0278));
#6391=CARTESIAN_POINT('',(-0.084,0.0105,-0.0278));
#6392=CARTESIAN_POINT('',(-0.082,0.0105,-0.0596));
#6393=CARTESIAN_POINT('',(-0.0822,-0.04,-0.0598));
#6394=CARTESIAN_POINT('',(-0.0822,0.0049,-0.0598));
#6395=CARTESIAN_POINT('',(-0.0839333333333334,0.00663333333333334,-0.0615333333333333));
#6396=CARTESIAN_POINT('',(-0.082,0.0047,-0.0596));
#6397=CARTESIAN_POINT('',(-0.082,0.0049,-0.0596));
#6398=CARTESIAN_POINT('',(-0.082,0.0105,-0.0596));
#6399=CARTESIAN_POINT('',(-0.082,0.061,-0.0596));
#6400=CARTESIAN_POINT('',(-0.082,0.0163,-0.0596));
#6401=CARTESIAN_POINT('',(-0.0839333333333334,0.0143666666666667,-0.0615333333333333));
#6402=CARTESIAN_POINT('',(-0.0822,0.0161,-0.0598));
#6403=CARTESIAN_POINT('',(-0.0822,0.0161,-0.0598));
#6404=CARTESIAN_POINT('',(-0.084,0.0105,-0.0278));
#6405=CARTESIAN_POINT('',(-0.0838,-0.0219289401711173,-0.028));
#6406=CARTESIAN_POINT('',(-0.0832,-0.0219289401711174,-0.0286));
#6407=CARTESIAN_POINT('',(-0.0832,-0.0219289401711168,-0.0286));
#6408=CARTESIAN_POINT('',(-0.0836,0.000150000000000007,-0.0462));
#6409=CARTESIAN_POINT('',(-0.0832,0.0442,-0.0466));
#6410=CARTESIAN_POINT('',(-0.0832,-0.000199999999999993,-0.0466));
#6411=CARTESIAN_POINT('',(-0.0834,-0.000199999999999994,-0.0464));
#6412=CARTESIAN_POINT('',(-0.084,-0.0222,-0.0306));
#6413=CARTESIAN_POINT('',(-0.084,-0.0210890879894234,-0.0306001113860141));
#6414=CARTESIAN_POINT('',(-0.084,-0.0199628232538188,-0.0306948426110175));
#6415=CARTESIAN_POINT('',(-0.084,-0.0183583132003482,-0.0310639884252058));
#6416=CARTESIAN_POINT('',(-0.084,-0.0178313009721269,-0.0312272670227712));
#6417=CARTESIAN_POINT('',(-0.084,-0.0168097904868576,-0.0316546693030004));
#6418=CARTESIAN_POINT('',(-0.084,-0.0163114521880434,-0.0319249661707433));
#6419=CARTESIAN_POINT('',(-0.084,-0.0154069625107842,-0.0325642029907099));
#6420=CARTESIAN_POINT('',(-0.084,-0.0149910927247067,-0.0329415217297673));
#6421=CARTESIAN_POINT('',(-0.084,-0.0142636851447078,-0.0337930968577677));
#6422=CARTESIAN_POINT('',(-0.084,-0.0139597894928554,-0.0342539628090831));
#6423=CARTESIAN_POINT('',(-0.084,-0.0134512467991141,-0.0352480242967031));
#6424=CARTESIAN_POINT('',(-0.084,-0.0132494314907892,-0.0357725082155663));
#6425=CARTESIAN_POINT('',(-0.084,-0.0129393496896003,-0.0368355427133345));
#6426=CARTESIAN_POINT('',(-0.084,-0.0128274863593032,-0.0373803893904897));
#6427=CARTESIAN_POINT('',(-0.084,-0.012749215518136,-0.0379340394662343));
#6428=CARTESIAN_POINT('',(-0.0836,-0.0222,-0.0302));
#6429=CARTESIAN_POINT('',(-0.0836,-0.0210664389363932,-0.0302002255955751));
#6430=CARTESIAN_POINT('',(-0.0836,-0.0199109580038216,-0.0302963512835317));
#6431=CARTESIAN_POINT('',(-0.0836,-0.0182494181906578,-0.0306785790548266));
#6432=CARTESIAN_POINT('',(-0.0836,-0.017700660602954,-0.0308483400349649));
#6433=CARTESIAN_POINT('',(-0.0836,-0.0166312384462547,-0.0312957615845635));
#6434=CARTESIAN_POINT('',(-0.0836,-0.0161063403968003,-0.0315802115835968));
#6435=CARTESIAN_POINT('',(-0.0836,-0.0151498286771523,-0.032256018850039));
#6436=CARTESIAN_POINT('',(-0.0836,-0.0147086129193448,-0.0326563433556238));
#6437=CARTESIAN_POINT('',(-0.0836,-0.0139379886419364,-0.0335585430141053));
#6438=CARTESIAN_POINT('',(-0.0836,-0.0136168431330715,-0.0340458803531007));
#6439=CARTESIAN_POINT('',(-0.0836,-0.0130823900775721,-0.0350909542182356));
#6440=CARTESIAN_POINT('',(-0.0836,-0.0128715939339958,-0.035639376418187));
#6441=CARTESIAN_POINT('',(-0.0836,-0.0125492272974742,-0.0367445372383658));
#6442=CARTESIAN_POINT('',(-0.0836,-0.0124337531675669,-0.0373080047195102));
#6443=CARTESIAN_POINT('',(-0.0836,-0.0123531459797729,-0.0378781027092589));
#6444=CARTESIAN_POINT('',(-0.0832,-0.0222,-0.0298));
#6445=CARTESIAN_POINT('',(-0.0832,-0.021043789883363,-0.0298003398051361));
#6446=CARTESIAN_POINT('',(-0.0832,-0.0198590927538244,-0.0298978599560459));
#6447=CARTESIAN_POINT('',(-0.0832,-0.0181405231809674,-0.0302931696844474));
#6448=CARTESIAN_POINT('',(-0.0832,-0.0175700202337811,-0.0304694130471586));
#6449=CARTESIAN_POINT('',(-0.0832,-0.0164526864056518,-0.0309368538661266));
#6450=CARTESIAN_POINT('',(-0.0832,-0.0159012286055572,-0.0312354569964503));
#6451=CARTESIAN_POINT('',(-0.0832,-0.0148926948435204,-0.0319478347093681));
#6452=CARTESIAN_POINT('',(-0.0832,-0.0144261331139829,-0.0323711649814803));
#6453=CARTESIAN_POINT('',(-0.0832,-0.013612292139165,-0.0333239891704429));
#6454=CARTESIAN_POINT('',(-0.0832,-0.0132738967732876,-0.0338377978971183));
#6455=CARTESIAN_POINT('',(-0.0832,-0.0127135333560301,-0.0349338841397681));
#6456=CARTESIAN_POINT('',(-0.0832,-0.0124937563772024,-0.0355062446208077));
#6457=CARTESIAN_POINT('',(-0.0832,-0.0121591049053481,-0.0366535317633971));
#6458=CARTESIAN_POINT('',(-0.0832,-0.0120400199758306,-0.0372356200485307));
#6459=CARTESIAN_POINT('',(-0.0832,-0.0119570764414098,-0.0378221659522835));
#6460=CARTESIAN_POINT('',(-0.084,-0.0222,-0.0306));
#6461=CARTESIAN_POINT('',(-0.084,-0.0210860959915729,-0.0306001116860079));
#6462=CARTESIAN_POINT('',(-0.084,-0.0194031867764606,-0.0307416159095961));
#6463=CARTESIAN_POINT('',(-0.084,-0.0173078695829751,-0.0313877307558139));
#6464=CARTESIAN_POINT('',(-0.084,-0.0158213329637488,-0.032188020861281));
#6465=CARTESIAN_POINT('',(-0.084,-0.0145794119474961,-0.0333154244622039));
#6466=CARTESIAN_POINT('',(-0.084,-0.0133450834911928,-0.0351895627513104));
#6467=CARTESIAN_POINT('',(-0.084,-0.012905846054801,-0.0368261108021838));
#6468=CARTESIAN_POINT('',(-0.084,-0.012749215518136,-0.0379340394662343));
#6469=CARTESIAN_POINT('',(-0.084,-0.0127492155181363,-0.0379340394662321));
#6470=CARTESIAN_POINT('',(-0.0832,-0.0222,-0.0298));
#6471=CARTESIAN_POINT('',(-0.0832,-0.020990122683428,-0.0298003555776933));
#6472=CARTESIAN_POINT('',(-0.0831999999999999,-0.0191632100913917,-0.0299608100069664));
#6473=CARTESIAN_POINT('',(-0.0832000000000001,-0.0168972423629175,-0.03068824901068));
#6474=CARTESIAN_POINT('',(-0.0831999999999999,-0.0147549241711571,-0.0318706155325878));
#6475=CARTESIAN_POINT('',(-0.0832000000000001,-0.0127682008622761,-0.0342444053590082));
#6476=CARTESIAN_POINT('',(-0.0832,-0.0121272399313755,-0.0366188328811211));
#6477=CARTESIAN_POINT('',(-0.0832,-0.0119570764414098,-0.0378221659522835));
#6478=CARTESIAN_POINT('',(-0.0832,-0.0119570764414102,-0.0378221659522809));
#6479=CARTESIAN_POINT('',(-0.0838,-0.0125511807489551,-0.037906071087742));
#6480=CARTESIAN_POINT('',(-0.0832,0.0105,-0.0478));
#6481=CARTESIAN_POINT('',(-0.084,0.0442,-0.0486));
#6482=CARTESIAN_POINT('',(-0.084,-0.000471059828884482,-0.0486));
#6483=CARTESIAN_POINT('',(-0.0838,-0.000471059828884003,-0.0484));
#6484=CARTESIAN_POINT('',(-0.0832,-0.000471059828883523,-0.0478));
#6485=CARTESIAN_POINT('',(-0.0832,0.0105,-0.0478));
#6486=CARTESIAN_POINT('',(-0.0832,0.0105,0.005));
#6487=CARTESIAN_POINT('',(-0.0832,-0.0219289401711181,-0.0286));
#6488=CARTESIAN_POINT('',(-0.0832,-0.0205093465687578,-0.0285998192624525));
#6489=CARTESIAN_POINT('',(-0.0832,-0.0183746052056761,-0.0288172457345206));
#6490=CARTESIAN_POINT('',(-0.0831999999999999,-0.0157474298970522,-0.0298147041389572));
#6491=CARTESIAN_POINT('',(-0.0832000000000001,-0.0139611715368476,-0.0310051921610627));
#6492=CARTESIAN_POINT('',(-0.0831999999999999,-0.012527528998672,-0.0326001127558429));
#6493=CARTESIAN_POINT('',(-0.0832000000000004,-0.0111492316022974,-0.0350940063636758));
#6494=CARTESIAN_POINT('',(-0.0832,-0.0106429178011676,-0.0371701859914018));
#6495=CARTESIAN_POINT('',(-0.0832,-0.0104429235585895,-0.0385778340477205));
#6496=CARTESIAN_POINT('',(-0.0832,-0.01044292355858,-0.0385778340477876));
#6497=CARTESIAN_POINT('',(-0.0832,-0.000199999999999994,-0.0466));
#6498=CARTESIAN_POINT('',(-0.0832,-0.00141006279049259,-0.0465996443677967));
#6499=CARTESIAN_POINT('',(-0.0831999999999999,-0.00323811178124548,-0.0464393702965094));
#6500=CARTESIAN_POINT('',(-0.0832,-0.00550767902226417,-0.0457097285844696));
#6501=CARTESIAN_POINT('',(-0.0832,-0.00764751891373013,-0.0445269204761725));
#6502=CARTESIAN_POINT('',(-0.0832,-0.00963239376591268,-0.0421538246975688));
#6503=CARTESIAN_POINT('',(-0.0832,-0.0102728519389114,-0.0397805174462979));
#6504=CARTESIAN_POINT('',(-0.0832,-0.0104429235585704,-0.0385778340478549));
#6505=CARTESIAN_POINT('',(-0.0832,-0.000471059828883064,-0.0478));
#6506=CARTESIAN_POINT('',(-0.0832,-0.00189065343124694,-0.0478001807375602));
#6507=CARTESIAN_POINT('',(-0.0831999999999999,-0.00402539479433551,-0.0475827542655101));
#6508=CARTESIAN_POINT('',(-0.0832000000000001,-0.00665257010297287,-0.0465852958610831));
#6509=CARTESIAN_POINT('',(-0.0831999999999999,-0.00843882846318256,-0.0453948078389753));
#6510=CARTESIAN_POINT('',(-0.0832000000000001,-0.00987247100135631,-0.0437998872441849));
#6511=CARTESIAN_POINT('',(-0.0832,-0.0112507683977209,-0.0413059936363338));
#6512=CARTESIAN_POINT('',(-0.0832,-0.0117570821988388,-0.0392298140086014));
#6513=CARTESIAN_POINT('',(-0.0832,-0.0119570764414106,-0.0378221659522783));
#6514=CARTESIAN_POINT('',(-0.082,0.0105,-0.0598));
#6515=CARTESIAN_POINT('',(-0.083,0.0105,-0.0598));
#6516=CARTESIAN_POINT('',(-0.082,0.0161,-0.0598));
#6517=CARTESIAN_POINT('',(-0.0808747727084868,0.0161,-0.0598));
#6518=CARTESIAN_POINT('',(-0.0808747727084868,0.0165,-0.0598));
#6519=CARTESIAN_POINT('',(-0.0808747727084868,0.0049,-0.0598));
#6520=CARTESIAN_POINT('',(-0.082,0.0049,-0.0598));
#6521=CARTESIAN_POINT('',(-0.083,0.0105,0.005));
#6522=CARTESIAN_POINT('',(-0.083,0.0105,-0.0632));
#6523=CARTESIAN_POINT('',(-0.084,0.0105,-0.0632));
#6524=CARTESIAN_POINT('',(-0.084,0.0105,0.005));
#6525=CARTESIAN_POINT('',(-0.084,-0.0127492155181366,-0.0379340394662299));
#6526=CARTESIAN_POINT('',(-0.084,-0.0125356582789873,-0.0394350778118018));
#6527=CARTESIAN_POINT('',(-0.084,-0.0119845822332923,-0.0416539172900541));
#6528=CARTESIAN_POINT('',(-0.084,-0.0105122690604343,-0.0442858836968117));
#6529=CARTESIAN_POINT('',(-0.0839999999999999,-0.00898584536251561,-0.0459836044310688));
#6530=CARTESIAN_POINT('',(-0.084,-0.00708894010095669,-0.0472668145003778));
#6531=CARTESIAN_POINT('',(-0.084,-0.00425240651742867,-0.0483664424056448));
#6532=CARTESIAN_POINT('',(-0.084,-0.00198833740814567,-0.0485999361399347));
#6533=CARTESIAN_POINT('',(-0.084,-0.000471059828884962,-0.0486));
#6534=CARTESIAN_POINT('',(-0.082,0.0049,-0.0598));
#6535=CARTESIAN_POINT('',(-0.0805816653826392,0.0045,-0.0594));
#6536=CARTESIAN_POINT('',(-0.080689512743031,0.00462961639593875,-0.0595296163959387));
#6537=CARTESIAN_POINT('',(-0.0807854706747255,0.00476358889019171,-0.0596635888901917));
#6538=CARTESIAN_POINT('',(-0.0808747727084868,0.0049,-0.0598));
#6539=CARTESIAN_POINT('',(-0.0805816653826392,0.0045,-0.0594));
#6540=CARTESIAN_POINT('',(-0.0808747727084868,0.0045,-0.0594));
#6541=CARTESIAN_POINT('',(-0.082,0.0045,-0.0594));
#6542=CARTESIAN_POINT('',(-0.082,-0.0247,-0.0302));
#6543=CARTESIAN_POINT('',(-0.077,0.0045,0.1));
#6544=CARTESIAN_POINT('',(-0.082,0.0045,-0.06));
#6545=CARTESIAN_POINT('',(-0.082,0.0045,-0.0529656854249493));
#6546=CARTESIAN_POINT('',(-0.0795,0.0045,-0.0592));
#6547=CARTESIAN_POINT('',(-0.0788,0.0045,-0.0600485281374239));
#6548=CARTESIAN_POINT('',(-0.0788,0.0045,-0.056));
#6549=CARTESIAN_POINT('',(-0.0788,0.0045,-0.0561656854249493));
#6550=CARTESIAN_POINT('',(-0.0806828427124746,0.0045,-0.0542828427124747));
#6551=CARTESIAN_POINT('',(-0.0784,0.0049,-0.056));
#6552=CARTESIAN_POINT('',(-0.0795313708498985,0.00376862915010155,-0.0564686291501015));
#6553=CARTESIAN_POINT('',(-0.0784,0.0049,-0.056));
#6554=CARTESIAN_POINT('',(-0.0784,0.0049,-0.056));
#6555=CARTESIAN_POINT('',(-0.082,0.0049,-0.0524));
#6556=CARTESIAN_POINT('',(-0.082,0.0338252861600721,-0.0114934680169039));
#6557=CARTESIAN_POINT('',(-0.0784,0.0105,-0.056));
#6558=CARTESIAN_POINT('',(-0.0784,0.0161,-0.056));
#6559=CARTESIAN_POINT('',(-0.0784,0.0161,-0.056));
#6560=CARTESIAN_POINT('',(-0.082,0.0161,-0.0524));
#6561=CARTESIAN_POINT('',(-0.082,0.0165,-0.0524));
#6562=CARTESIAN_POINT('',(-0.0784,0.0165,-0.056));
#6563=CARTESIAN_POINT('',(-0.0759828427124746,0.0165,-0.0589828427124746));
#6564=CARTESIAN_POINT('',(-0.066764642240337,0.00446464224033691,-0.0511804770128847));
#6565=CARTESIAN_POINT('',(-0.0788,0.0165,-0.0561656854249492));
#6566=CARTESIAN_POINT('',(-0.0759828427124746,0.0165,-0.0589828427124746));
#6567=CARTESIAN_POINT('',(-0.082,0.0165,-0.0529656854249493));
#6568=CARTESIAN_POINT('',(-0.082,-0.0128252861600721,-0.0114934680169039));
#6569=CARTESIAN_POINT('',(-0.077,0.0165,0.1));
#6570=CARTESIAN_POINT('',(-0.0795,0.0165,-0.0592));
#6571=CARTESIAN_POINT('',(-0.0788,0.0165,-0.0600485281374239));
#6572=CARTESIAN_POINT('',(-0.0805816653826392,0.0165,-0.0594));
#6573=CARTESIAN_POINT('',(-0.077,0.0165,-0.0594));
#6574=CARTESIAN_POINT('',(-0.082,0.0165,-0.0594));
#6575=CARTESIAN_POINT('',(-0.082,0.0165,-0.06));
#6576=CARTESIAN_POINT('',(-0.0788,0.0165,-0.06));
#6577=CARTESIAN_POINT('',(-0.077,0.0165,-0.0594));
#6578=CARTESIAN_POINT('',(-0.0808747727084868,0.0161,-0.0598));
#6579=CARTESIAN_POINT('',(-0.0807854706747254,0.0162364111098083,-0.0596635888901917));
#6580=CARTESIAN_POINT('',(-0.080689512743031,0.0163703836040613,-0.0595296163959387));
#6581=CARTESIAN_POINT('',(-0.0805816653826392,0.0165,-0.0594));
#6582=CARTESIAN_POINT('',(-0.082,0.0457,-0.0302));
#6583=CARTESIAN_POINT('',(-0.084,-0.0127492155181366,-0.0379340394662299));
#6584=CARTESIAN_POINT('',(-0.084,-0.0125357007734932,-0.0394347791289609));
#6585=CARTESIAN_POINT('',(-0.084,-0.0121770384670479,-0.040887506564234));
#6586=CARTESIAN_POINT('',(-0.084,-0.0112510793612658,-0.0429675148418806));
#6587=CARTESIAN_POINT('',(-0.084,-0.0108757012606373,-0.0436342708740518));
#6588=CARTESIAN_POINT('',(-0.084,-0.0100013356101809,-0.0448548706413675));
#6589=CARTESIAN_POINT('',(-0.084,-0.009486197251011,-0.045426846376023));
#6590=CARTESIAN_POINT('',(-0.084,-0.00834235362318609,-0.0464192620319981));
#6591=CARTESIAN_POINT('',(-0.084,-0.00772206653244239,-0.0468390418725525));
#6592=CARTESIAN_POINT('',(-0.084,-0.00637259466150569,-0.0475451007795333));
#6593=CARTESIAN_POINT('',(-0.084,-0.00566449204364069,-0.0478199221873775));
#6594=CARTESIAN_POINT('',(-0.084,-0.00350987157761719,-0.0484377457584304));
#6595=CARTESIAN_POINT('',(-0.084,-0.00198710056858663,-0.0485999361919915));
#6596=CARTESIAN_POINT('',(-0.084,-0.000471059828884962,-0.0486));
#6597=CARTESIAN_POINT('',(-0.0836,-0.0123531459797736,-0.0378781027092541));
#6598=CARTESIAN_POINT('',(-0.0835999999999981,-0.0121437433380115,-0.0393509354083394));
#6599=CARTESIAN_POINT('',(-0.0835999999999956,-0.0117922924313753,-0.0407685740528537));
#6600=CARTESIAN_POINT('',(-0.0835999999999917,-0.0108955297823198,-0.0427824799157016));
#6601=CARTESIAN_POINT('',(-0.0835999999999903,-0.0105335146916263,-0.0434251038387924));
#6602=CARTESIAN_POINT('',(-0.0835999999999882,-0.00969328386147289,-0.0445980010577112));
#6603=CARTESIAN_POINT('',(-0.0835999999999874,-0.00919974893308809,-0.0451458073978351));
#6604=CARTESIAN_POINT('',(-0.0835999999999867,-0.00810431017482609,-0.0460962245356387));
#6605=CARTESIAN_POINT('',(-0.0835999999999869,-0.00751024317152839,-0.0464984112395194));
#6606=CARTESIAN_POINT('',(-0.083599999999988,-0.00621353065981319,-0.0471768995818344));
#6607=CARTESIAN_POINT('',(-0.0835999999999891,-0.00553096933858109,-0.0474420127879749));
#6608=CARTESIAN_POINT('',(-0.0835999999999929,-0.0034448755231416,-0.048040417356836));
#6609=CARTESIAN_POINT('',(-0.0835999999999965,-0.00195896088914817,-0.048200061021781));
#6610=CARTESIAN_POINT('',(-0.0836,-0.000471059828884013,-0.0482));
#6611=CARTESIAN_POINT('',(-0.0832,-0.0119570764414106,-0.0378221659522783));
#6612=CARTESIAN_POINT('',(-0.0831999999999962,-0.0117517859025298,-0.0392670916877179));
#6613=CARTESIAN_POINT('',(-0.0831999999999912,-0.0114075463957027,-0.0406496415414734));
#6614=CARTESIAN_POINT('',(-0.0831999999999834,-0.0105399802033738,-0.0425974449895226));
#6615=CARTESIAN_POINT('',(-0.0831999999999806,-0.0101913281226153,-0.043215936803533));
#6616=CARTESIAN_POINT('',(-0.0831999999999764,-0.00938523211276487,-0.0443411314740548));
#6617=CARTESIAN_POINT('',(-0.0831999999999748,-0.00891330061516517,-0.0448647684196472));
#6618=CARTESIAN_POINT('',(-0.0831999999999734,-0.00786626672646608,-0.0457731870392793));
#6619=CARTESIAN_POINT('',(-0.0831999999999738,-0.00729841981061438,-0.0461577806064863));
#6620=CARTESIAN_POINT('',(-0.083199999999976,-0.00605446665812068,-0.0468086983841355));
#6621=CARTESIAN_POINT('',(-0.0831999999999782,-0.00539744663352148,-0.0470641033885723));
#6622=CARTESIAN_POINT('',(-0.0831999999999858,-0.00337987946866599,-0.0476430889552416));
#6623=CARTESIAN_POINT('',(-0.083199999999993,-0.00193082120970971,-0.0478001858515705));
#6624=CARTESIAN_POINT('',(-0.0832,-0.000471059828883064,-0.0478));
#6625=CARTESIAN_POINT('',(-0.0795,0.0165,-0.0592));
#6626=CARTESIAN_POINT('',(-0.0795,0.0161,-0.0592));
#6627=CARTESIAN_POINT('',(-0.0784,0.0161,-0.0602198039027186));
#6628=CARTESIAN_POINT('',(-0.0784,0.0165,-0.0602198039027186));
#6629=CARTESIAN_POINT('',(-0.0784,0.0049,-0.0602198039027186));
#6630=CARTESIAN_POINT('',(-0.0795,0.0049,-0.0592));
#6631=CARTESIAN_POINT('',(-0.08408,0.00112765863996468,-0.0457201062529222));
#6632=CARTESIAN_POINT('',(-0.08408,0.000685105759976457,-0.0457200708352814));
#6633=CARTESIAN_POINT('',(-0.08408,0.000242552879988232,-0.0457200354176407));
#6634=CARTESIAN_POINT('',(-0.08408,-0.000199999999999994,-0.04572));
#6635=CARTESIAN_POINT('',(-0.08408,-0.00130638219997056,-0.045719911455898));
#6636=CARTESIAN_POINT('',(-0.08408,-0.00242680369618187,-0.0456254591234852));
#6637=CARTESIAN_POINT('',(-0.08408,-0.00401990779771368,-0.0452589297007183));
#6638=CARTESIAN_POINT('',(-0.08408,-0.00454257095403859,-0.0450969475796675));
#6639=CARTESIAN_POINT('',(-0.08408,-0.00555449910502188,-0.0446735491533122));
#6640=CARTESIAN_POINT('',(-0.08408,-0.00604752545370815,-0.0444060829118273));
#6641=CARTESIAN_POINT('',(-0.08408,-0.00694161072248932,-0.0437741601811558));
#6642=CARTESIAN_POINT('',(-0.08408,-0.00735241131422094,-0.043401442595404));
#6643=CARTESIAN_POINT('',(-0.08408,-0.00807117555473795,-0.0425599923734997));
#6644=CARTESIAN_POINT('',(-0.08408,-0.00837162123518797,-0.0421044206997203));
#6645=CARTESIAN_POINT('',(-0.08408,-0.00887498185657762,-0.0411205616876033));
#6646=CARTESIAN_POINT('',(-0.08408,-0.00907500099785212,-0.0406008654249576));
#6647=CARTESIAN_POINT('',(-0.08408,-0.00938262583197452,-0.0395462561916715));
#6648=CARTESIAN_POINT('',(-0.08408,-0.00949376700234944,-0.0390051336753142));
#6649=CARTESIAN_POINT('',(-0.08408,-0.00957157057419154,-0.0384547731823705));
#6650=CARTESIAN_POINT('',(-0.08408,-0.00963381343166522,-0.0380144847880156));
#6651=CARTESIAN_POINT('',(-0.08408,-0.0096960562891389,-0.0375741963936606));
#6652=CARTESIAN_POINT('',(-0.08408,-0.00975829914661258,-0.0371339079993057));
#6653=CARTESIAN_POINT('',(-0.084,0.00113309441269194,-0.0458001336632169));
#6654=CARTESIAN_POINT('',(-0.084,0.000688729608461294,-0.0458000891088113));
#6655=CARTESIAN_POINT('',(-0.084,0.00024436480423065,-0.0458000445544056));
#6656=CARTESIAN_POINT('',(-0.084,-0.000199999999999994,-0.0458));
#6657=CARTESIAN_POINT('',(-0.084,-0.0013109120105766,-0.0457998886139859));
#6658=CARTESIAN_POINT('',(-0.084,-0.00243717674618131,-0.0457051573889825));
#6659=CARTESIAN_POINT('',(-0.084,-0.0040416867996518,-0.0453360115747942));
#6660=CARTESIAN_POINT('',(-0.084,-0.00456869902787319,-0.0451727329772288));
#6661=CARTESIAN_POINT('',(-0.084,-0.00559020951314249,-0.0447453306969996));
#6662=CARTESIAN_POINT('',(-0.084,-0.00608854781195679,-0.0444750338292567));
#6663=CARTESIAN_POINT('',(-0.084,-0.00699303748921579,-0.04383579700929));
#6664=CARTESIAN_POINT('',(-0.084,-0.00740890727529339,-0.0434584782702327));
#6665=CARTESIAN_POINT('',(-0.084,-0.00813631485529229,-0.0426069031422322));
#6666=CARTESIAN_POINT('',(-0.084,-0.00844021050714479,-0.0421460371909168));
#6667=CARTESIAN_POINT('',(-0.084,-0.00894875320088609,-0.0411519757032968));
#6668=CARTESIAN_POINT('',(-0.084,-0.00915056850921089,-0.0406274917844335));
#6669=CARTESIAN_POINT('',(-0.084,-0.00946065031039979,-0.0395644572866653));
#6670=CARTESIAN_POINT('',(-0.084,-0.00957251364069679,-0.0390196106095101));
#6671=CARTESIAN_POINT('',(-0.084,-0.00965078448186419,-0.0384659605337656));
#6672=CARTESIAN_POINT('',(-0.084,-0.00971340115479811,-0.03802304047317));
#6673=CARTESIAN_POINT('',(-0.084,-0.00977601782773203,-0.0375801204125744));
#6674=CARTESIAN_POINT('',(-0.084,-0.00983863450066595,-0.0371372003519788));
#6675=CARTESIAN_POINT('',(-0.0836,0.00116027327632819,-0.0462002707146901));
#6676=CARTESIAN_POINT('',(-0.0836,0.000706848850885462,-0.0462001804764601));
#6677=CARTESIAN_POINT('',(-0.0836,0.000253424425442734,-0.04620009023823));
#6678=CARTESIAN_POINT('',(-0.0836,-0.000199999999999994,-0.0462));
#6679=CARTESIAN_POINT('',(-0.0836,-0.00133356106360681,-0.0461997744044249));
#6680=CARTESIAN_POINT('',(-0.0836,-0.00248904199617846,-0.0461036487164684));
#6681=CARTESIAN_POINT('',(-0.0836,-0.00415058180934229,-0.0457214209451733));
#6682=CARTESIAN_POINT('',(-0.0836,-0.00469933939704609,-0.0455516599650351));
#6683=CARTESIAN_POINT('',(-0.0836,-0.00576876155374539,-0.0451042384154365));
#6684=CARTESIAN_POINT('',(-0.0836,-0.00629365960319979,-0.0448197884164032));
#6685=CARTESIAN_POINT('',(-0.0836,-0.00725017132284789,-0.0441439811499609));
#6686=CARTESIAN_POINT('',(-0.0836,-0.00769138708065539,-0.0437436566443761));
#6687=CARTESIAN_POINT('',(-0.0836,-0.00846201135806369,-0.0428414569858945));
#6688=CARTESIAN_POINT('',(-0.0836,-0.00878315686692859,-0.0423541196468992));
#6689=CARTESIAN_POINT('',(-0.0836,-0.00931760992242809,-0.0413090457817641));
#6690=CARTESIAN_POINT('',(-0.0836,-0.00952840606600439,-0.0407606235818129));
#6691=CARTESIAN_POINT('',(-0.0836,-0.00985077270252579,-0.0396554627616341));
#6692=CARTESIAN_POINT('',(-0.0836,-0.00996624683243319,-0.0390919952804895));
#6693=CARTESIAN_POINT('',(-0.0836,-0.0100468540202271,-0.0385218972907409));
#6694=CARTESIAN_POINT('',(-0.0836,-0.0101113397704622,-0.038065818898942));
#6695=CARTESIAN_POINT('',(-0.0836,-0.0101758255206973,-0.0376097405071431));
#6696=CARTESIAN_POINT('',(-0.0836,-0.0102403112709325,-0.0371536621153443));
#6697=CARTESIAN_POINT('',(-0.0832,0.00118745213996444,-0.0466004077661633));
#6698=CARTESIAN_POINT('',(-0.0832,0.00072496809330963,-0.0466002718441089));
#6699=CARTESIAN_POINT('',(-0.0832,0.000262484046654818,-0.0466001359220544));
#6700=CARTESIAN_POINT('',(-0.0832,-0.000199999999999994,-0.0466));
#6701=CARTESIAN_POINT('',(-0.0832,-0.00135621011663702,-0.0465996601948639));
#6702=CARTESIAN_POINT('',(-0.0832,-0.00254090724617561,-0.0465021400439543));
#6703=CARTESIAN_POINT('',(-0.0832,-0.0042594768190328,-0.0461068303155524));
#6704=CARTESIAN_POINT('',(-0.0832,-0.00482997976621899,-0.0459305869528414));
#6705=CARTESIAN_POINT('',(-0.0832,-0.00594731359434829,-0.0454631461338734));
#6706=CARTESIAN_POINT('',(-0.0832,-0.0064987713944428,-0.0451645430035497));
#6707=CARTESIAN_POINT('',(-0.0832,-0.00750730515647999,-0.0444521652906318));
#6708=CARTESIAN_POINT('',(-0.0832,-0.00797386688601739,-0.0440288350185195));
#6709=CARTESIAN_POINT('',(-0.0832,-0.00878770786083509,-0.0430760108295568));
#6710=CARTESIAN_POINT('',(-0.0832,-0.00912610322671239,-0.0425622021028816));
#6711=CARTESIAN_POINT('',(-0.0832,-0.00968646664397009,-0.0414661158602314));
#6712=CARTESIAN_POINT('',(-0.0832,-0.00990624362279789,-0.0408937553791923));
#6713=CARTESIAN_POINT('',(-0.0832,-0.0102408950946518,-0.0397464682366029));
#6714=CARTESIAN_POINT('',(-0.0832,-0.0103599800241696,-0.0391643799514689));
#6715=CARTESIAN_POINT('',(-0.0832,-0.01044292355859,-0.0385778340477162));
#6716=CARTESIAN_POINT('',(-0.0832,-0.0105092783861263,-0.038108597324714));
#6717=CARTESIAN_POINT('',(-0.0832,-0.0105756332136626,-0.0376393606017119));
#6718=CARTESIAN_POINT('',(-0.0832,-0.010641988041199,-0.0371701238787097));
#6719=CARTESIAN_POINT('',(-0.0838,-0.00984881925104564,-0.0384939289122532));
#6720=CARTESIAN_POINT('',(-0.084,-0.00965078448186359,-0.0384659605337692));
#6721=CARTESIAN_POINT('',(-0.084,-0.00986429922650659,-0.0369652208710377));
#6722=CARTESIAN_POINT('',(-0.084,-0.0102229615329515,-0.0355124934357645));
#6723=CARTESIAN_POINT('',(-0.084,-0.011148920638733,-0.0334324851581174));
#6724=CARTESIAN_POINT('',(-0.084,-0.0115242987393615,-0.0327657291259458));
#6725=CARTESIAN_POINT('',(-0.084,-0.0123986643898179,-0.0315451293586297));
#6726=CARTESIAN_POINT('',(-0.084,-0.0129138027489876,-0.030973153623974));
#6727=CARTESIAN_POINT('',(-0.084,-0.0140576463768129,-0.0299807379679986));
#6728=CARTESIAN_POINT('',(-0.084,-0.0146779334675568,-0.0295609581274442));
#6729=CARTESIAN_POINT('',(-0.084,-0.0160274053384939,-0.0288548992204637));
#6730=CARTESIAN_POINT('',(-0.084,-0.0167355079563593,-0.0285800778126196));
#6731=CARTESIAN_POINT('',(-0.084,-0.0188901284223836,-0.0279622542415676));
#6732=CARTESIAN_POINT('',(-0.084,-0.0204128994314147,-0.0278000638080075));
#6733=CARTESIAN_POINT('',(-0.084,-0.0219289401711167,-0.0278));
#6734=CARTESIAN_POINT('',(-0.0836,-0.0100468540202266,-0.0385218972907448));
#6735=CARTESIAN_POINT('',(-0.0836000000000018,-0.0102562566619883,-0.0370490645916591));
#6736=CARTESIAN_POINT('',(-0.083600000000004,-0.0106077075686241,-0.0356314259471446));
#6737=CARTESIAN_POINT('',(-0.0836000000000076,-0.011504470217679,-0.0336175200842962));
#6738=CARTESIAN_POINT('',(-0.0836000000000088,-0.0118664853083724,-0.032974896161205));
#6739=CARTESIAN_POINT('',(-0.0836000000000109,-0.0127067161385258,-0.0318019989422858));
#6740=CARTESIAN_POINT('',(-0.0836000000000117,-0.0132002510669105,-0.0312541926021619));
#6741=CARTESIAN_POINT('',(-0.0836000000000124,-0.0142956898251729,-0.0303037754643578));
#6742=CARTESIAN_POINT('',(-0.0836000000000124,-0.0148897568284708,-0.0299015887604773));
#6743=CARTESIAN_POINT('',(-0.0836000000000113,-0.0161864693401862,-0.0292231004181626));
#6744=CARTESIAN_POINT('',(-0.0836000000000104,-0.0168690306614187,-0.0289579872120223));
#6745=CARTESIAN_POINT('',(-0.0836000000000068,-0.018955124476859,-0.0283595826431621));
#6746=CARTESIAN_POINT('',(-0.0836000000000035,-0.0204410391108529,-0.028199938978218));
#6747=CARTESIAN_POINT('',(-0.0836,-0.0219289401711174,-0.0282));
#6748=CARTESIAN_POINT('',(-0.0831999999999874,-0.010442923558602,-0.0385778340477222));
#6749=CARTESIAN_POINT('',(-0.0831999999999911,-0.0106482140974823,-0.0371329083122831));
#6750=CARTESIAN_POINT('',(-0.0831999999999954,-0.0109924536043088,-0.0357503584585285));
#6751=CARTESIAN_POINT('',(-0.0832000000000027,-0.0118600197966362,-0.0338025550104808));
#6752=CARTESIAN_POINT('',(-0.083200000000005,-0.012208671877394,-0.0331840631964707));
#6753=CARTESIAN_POINT('',(-0.0832000000000092,-0.0130147678872434,-0.03205886852595));
#6754=CARTESIAN_POINT('',(-0.0832000000000108,-0.0134866993848424,-0.0315352315803586));
#6755=CARTESIAN_POINT('',(-0.0832000000000123,-0.0145337332735404,-0.0306268129607272));
#6756=CARTESIAN_POINT('',(-0.0832000000000123,-0.0151015801893914,-0.0302422193935211));
#6757=CARTESIAN_POINT('',(-0.08320000000001,-0.0163455333418835,-0.0295913016158731));
#6758=CARTESIAN_POINT('',(-0.0832000000000082,-0.0170025533664823,-0.0293358966114369));
#6759=CARTESIAN_POINT('',(-0.083200000000001,-0.0190201205313364,-0.0287569110447691));
#6760=CARTESIAN_POINT('',(-0.0831999999999944,-0.020469178790292,-0.028599814148441));
#6761=CARTESIAN_POINT('',(-0.0831999999999874,-0.0219289401711181,-0.0286000000000125));
#6762=CARTESIAN_POINT('',(-0.0795,0.0049,-0.0592));
#6763=CARTESIAN_POINT('',(-0.0788,0.0045,-0.0600485281374239));
#6764=CARTESIAN_POINT('',(-0.0786677871939792,0.00463221280602078,-0.0601108538518886));
#6765=CARTESIAN_POINT('',(-0.0785342802475479,0.00476571975245209,-0.0601671348563696));
#6766=CARTESIAN_POINT('',(-0.0784,0.0049,-0.0602198039027186));
#6767=CARTESIAN_POINT('',(-0.0788,0.0045,0.1));
#6768=CARTESIAN_POINT('',(-0.0784,0.0049,-0.0602198039027186));
#6769=CARTESIAN_POINT('',(-0.0784,0.003,0.035));
#6770=CARTESIAN_POINT('',(-0.0784,0.0161,0.005));
#6771=CARTESIAN_POINT('',(-0.0784,0.0161,0.035));
#6772=CARTESIAN_POINT('',(-0.0784,0.0161,-0.0602198039027186));
#6773=CARTESIAN_POINT('',(-0.0785342802475479,0.0162342802475479,-0.0601671348563696));
#6774=CARTESIAN_POINT('',(-0.0786677871939792,0.0163677871939792,-0.0601108538518886));
#6775=CARTESIAN_POINT('',(-0.0788,0.0165,-0.0600485281374239));
#6776=CARTESIAN_POINT('',(-0.0795,0.0165,-0.0592));
#6777=CARTESIAN_POINT('',(-0.0825,0.0369,0.0109695890602437));
#6778=CARTESIAN_POINT('',(-0.0825,0.0369,0.0109695890602437));
#6779=CARTESIAN_POINT('',(-0.082,0.0369,0.0109695890602437));
#6780=CARTESIAN_POINT('',(-0.0825,0.0401,0.0109695890602437));
#6781=CARTESIAN_POINT('',(-0.082,0.0401,0.0109695890602437));
#6782=CARTESIAN_POINT('',(-0.082,0.0105,0.0109695890602437));
#6783=CARTESIAN_POINT('',(-0.0825,0.02815,-0.00238041093975626));
#6784=CARTESIAN_POINT('',(-0.082,0.0156347945301219,0.0101347945301219));
#6785=CARTESIAN_POINT('',(-0.0825,0.0401,0.0169695890602438));
#6786=CARTESIAN_POINT('',(-0.082,0.0401,0.005));
#6787=CARTESIAN_POINT('',(-0.0825,0.0369,0.0169695890602438));
#6788=CARTESIAN_POINT('',(-0.082,0.0369,0.005));
#6789=CARTESIAN_POINT('',(-0.107,-0.032700000002,-0.038200000002));
#6790=CARTESIAN_POINT('',(-0.107,-0.025200000002,-0.053200000002));
#6791=CARTESIAN_POINT('',(-0.107,-0.0327000000020001,-0.053200000002));
#6792=CARTESIAN_POINT('',(-0.107,-0.036450000002,-0.045700000002));
#6793=CARTESIAN_POINT('',(-0.082,0.0105,0.005));
#6794=MECHANICAL_DESIGN_GEOMETRIC_PRESENTATION_REPRESENTATION('',(#3376),
#6795);
#6795=(
GEOMETRIC_REPRESENTATION_CONTEXT(3)
GLOBAL_UNCERTAINTY_ASSIGNED_CONTEXT((#6796))
GLOBAL_UNIT_ASSIGNED_CONTEXT((#6799,#6798,#6797))
REPRESENTATION_CONTEXT('Rear_Cover','TOP_LEVEL_ASSEMBLY_PART')
);
#6796=UNCERTAINTY_MEASURE_WITH_UNIT(LENGTH_MEASURE(2.E-5),#6799,
'DISTANCE_ACCURACY_VALUE','Maximum Tolerance applied to model');
#6797=(
NAMED_UNIT(*)
SI_UNIT($,.STERADIAN.)
SOLID_ANGLE_UNIT()
);
#6798=(
NAMED_UNIT(*)
PLANE_ANGLE_UNIT()
SI_UNIT($,.RADIAN.)
);
#6799=(
LENGTH_UNIT()
NAMED_UNIT(*)
SI_UNIT($,.METRE.)
);
#6800=PRODUCT_DEFINITION_SHAPE('','',#6801);
#6801=PRODUCT_DEFINITION('','',#6803,#6802);
#6802=PRODUCT_DEFINITION_CONTEXT('',#6809,'design');
#6803=PRODUCT_DEFINITION_FORMATION_WITH_SPECIFIED_SOURCE('','',#6805,
 .NOT_KNOWN.);
#6804=PRODUCT_RELATED_PRODUCT_CATEGORY('','',(#6805));
#6805=PRODUCT('Rear_Cover','Rear_Cover','Rear_Cover',(#6807));
#6806=PRODUCT_CATEGORY('','');
#6807=PRODUCT_CONTEXT('',#6809,'mechanical');
#6808=APPLICATION_PROTOCOL_DEFINITION('international standard',
'ap242_managed_model_based_3d_engineering',2020,#6809);
#6809=APPLICATION_CONTEXT('managed model based 3d engineering');
ENDSEC;
END-ISO-10303-21;
