ISO-10303-21;
HEADER;
/* Generated by software containing ST-Developer
 * from STEP Tools, Inc. (www.steptools.com) 
 */
/* OPTION: using custom renumber hook */

FILE_DESCRIPTION(
/* description */ ('STEP AP242 Edition 2',
'CAx-IF Rec.Pracs.---Representation and Presentation of Product Manufa
cturing Information (PMI)---4.0---2014-10-13',
'CAx-IF Rec.Pracs.---3D Tessellated Geometry---0.4---2014-09-14','2;1',
'CAx-IF Rec.Pracs.---User Defined Attributes---1.5---2016-08-15'),
/* implementation_level */ '2;1');

FILE_NAME(
/* name */ 'Pneuma_101 - 1-8-NPT Direct_Action_Valve',
/* time_stamp */ '2026-04-29T18:06:41Z',
/* author */ (''),
/* organization */ (''),
/* preprocessor_version */ 'ST-DEVELOPER v20',
/* originating_system */ 'ONSHAPE BY PTC INC, 1.214',
/* authorisation */ '  ');

FILE_SCHEMA (('AP242_MANAGED_MODEL_BASED_3D_ENGINEERING_MIM_LF { 1 0 10303 442 3 1 4 }'));
ENDSEC;

DATA;
#10=SHAPE_REPRESENTATION_RELATIONSHIP('','',#1239,#11);
#11=ADVANCED_BREP_SHAPE_REPRESENTATION('',(#1237),#2619);
#12=OVER_RIDING_STYLED_ITEM('',(#1074),#1045,#1072);
#13=OVER_RIDING_STYLED_ITEM('',(#1075),#1046,#1072);
#14=OVER_RIDING_STYLED_ITEM('',(#1076),#1047,#1072);
#15=OVER_RIDING_STYLED_ITEM('',(#1077),#1048,#1072);
#16=OVER_RIDING_STYLED_ITEM('',(#1078),#1049,#1072);
#17=OVER_RIDING_STYLED_ITEM('',(#1079),#1050,#1072);
#18=OVER_RIDING_STYLED_ITEM('',(#1080),#1051,#1072);
#19=OVER_RIDING_STYLED_ITEM('',(#1081),#1052,#1072);
#20=OVER_RIDING_STYLED_ITEM('',(#1082),#1053,#1072);
#21=OVER_RIDING_STYLED_ITEM('',(#1083),#1054,#1072);
#22=OVER_RIDING_STYLED_ITEM('',(#1084),#1055,#1072);
#23=OVER_RIDING_STYLED_ITEM('',(#1085),#1056,#1072);
#24=OVER_RIDING_STYLED_ITEM('',(#1086),#1057,#1072);
#25=OVER_RIDING_STYLED_ITEM('',(#1087),#1058,#1072);
#26=OVER_RIDING_STYLED_ITEM('',(#1088),#1059,#1072);
#27=OVER_RIDING_STYLED_ITEM('',(#1089),#1060,#1072);
#28=OVER_RIDING_STYLED_ITEM('',(#1090),#1061,#1072);
#29=OVER_RIDING_STYLED_ITEM('',(#1091),#1062,#1072);
#30=OVER_RIDING_STYLED_ITEM('',(#1092),#1063,#1072);
#31=OVER_RIDING_STYLED_ITEM('',(#1093),#1064,#1072);
#32=OVER_RIDING_STYLED_ITEM('',(#1094),#1065,#1072);
#33=OVER_RIDING_STYLED_ITEM('',(#1095),#1066,#1072);
#34=OVER_RIDING_STYLED_ITEM('',(#1096),#1067,#1072);
#35=OVER_RIDING_STYLED_ITEM('',(#1097),#1068,#1072);
#36=OVER_RIDING_STYLED_ITEM('',(#1098),#1069,#1072);
#37=OVER_RIDING_STYLED_ITEM('',(#1099),#1070,#1072);
#38=ELLIPSE('',#1253,0.00636396103067893,0.0045);
#39=ELLIPSE('',#1254,0.00636396103067893,0.0045);
#40=CYLINDRICAL_SURFACE('',#1252,0.0045);
#41=CYLINDRICAL_SURFACE('',#1257,0.0045);
#42=B_SPLINE_CURVE_WITH_KNOTS('',3,(#1486,#1487,#1488,#1489),
 .UNSPECIFIED.,.F.,.F.,(4,4),(0.,1.),.UNSPECIFIED.);
#43=B_SPLINE_CURVE_WITH_KNOTS('',3,(#1492,#1493,#1494,#1495),
 .UNSPECIFIED.,.F.,.F.,(4,4),(0.,1.),.UNSPECIFIED.);
#44=B_SPLINE_CURVE_WITH_KNOTS('',3,(#1497,#1498,#1499,#1500),
 .UNSPECIFIED.,.F.,.F.,(4,4),(0.,1.),.UNSPECIFIED.);
#45=B_SPLINE_CURVE_WITH_KNOTS('',3,(#1502,#1503,#1504,#1505),
 .UNSPECIFIED.,.F.,.F.,(4,4),(0.,1.),.UNSPECIFIED.);
#46=B_SPLINE_CURVE_WITH_KNOTS('',3,(#1507,#1508,#1509,#1510,#1511,#1512),
 .UNSPECIFIED.,.F.,.F.,(4,1,1,4),(-0.00256605633094939,-0.0012837050187692,
-1.3537065890112E-6,0.00256334891777137),.UNSPECIFIED.);
#47=B_SPLINE_CURVE_WITH_KNOTS('',3,(#1517,#1518,#1519,#1520,#1521,#1522),
 .UNSPECIFIED.,.F.,.F.,(4,1,1,4),(-0.00256605633094939,-0.0012837050187692,
-1.35370658900535E-6,0.00256334891777138),.UNSPECIFIED.);
#48=B_SPLINE_CURVE_WITH_KNOTS('',3,(#1530,#1531,#1532,#1533),
 .UNSPECIFIED.,.F.,.F.,(4,4),(0.,1.),.UNSPECIFIED.);
#49=B_SPLINE_CURVE_WITH_KNOTS('',3,(#1536,#1537,#1538,#1539),
 .UNSPECIFIED.,.F.,.F.,(4,4),(0.,1.),.UNSPECIFIED.);
#50=B_SPLINE_CURVE_WITH_KNOTS('',3,(#1540,#1541,#1542,#1543),
 .UNSPECIFIED.,.F.,.F.,(4,4),(0.,1.),.UNSPECIFIED.);
#51=B_SPLINE_CURVE_WITH_KNOTS('',3,(#1552,#1553,#1554,#1555),
 .UNSPECIFIED.,.F.,.F.,(4,4),(0.,1.),.UNSPECIFIED.);
#52=B_SPLINE_CURVE_WITH_KNOTS('',3,(#1557,#1558,#1559,#1560),
 .UNSPECIFIED.,.F.,.F.,(4,4),(0.,1.),.UNSPECIFIED.);
#53=B_SPLINE_CURVE_WITH_KNOTS('',3,(#1569,#1570,#1571,#1572),
 .UNSPECIFIED.,.F.,.F.,(4,4),(0.,1.),.UNSPECIFIED.);
#54=B_SPLINE_CURVE_WITH_KNOTS('',3,(#1574,#1575,#1576,#1577),
 .UNSPECIFIED.,.F.,.F.,(4,4),(0.,1.),.UNSPECIFIED.);
#55=B_SPLINE_CURVE_WITH_KNOTS('',3,(#1579,#1580,#1581,#1582),
 .UNSPECIFIED.,.F.,.F.,(4,4),(0.,1.),.UNSPECIFIED.);
#56=B_SPLINE_CURVE_WITH_KNOTS('',3,(#1588,#1589,#1590,#1591),
 .UNSPECIFIED.,.F.,.F.,(4,4),(0.,1.),.UNSPECIFIED.);
#57=B_SPLINE_CURVE_WITH_KNOTS('',3,(#1593,#1594,#1595,#1596),
 .UNSPECIFIED.,.F.,.F.,(4,4),(0.,1.),.UNSPECIFIED.);
#58=B_SPLINE_CURVE_WITH_KNOTS('',3,(#1598,#1599,#1600,#1601),
 .UNSPECIFIED.,.F.,.F.,(4,4),(0.,1.),.UNSPECIFIED.);
#59=B_SPLINE_CURVE_WITH_KNOTS('',3,(#1603,#1604,#1605,#1606),
 .UNSPECIFIED.,.F.,.F.,(4,4),(0.,1.),.UNSPECIFIED.);
#60=B_SPLINE_CURVE_WITH_KNOTS('',3,(#1620,#1621,#1622,#1623,#1624,#1625,
#1626),.UNSPECIFIED.,.F.,.F.,(4,1,1,1,4),(0.,0.000801267996442952,0.0016025359928859,
0.00240380398932886,0.00320507198577181),.UNSPECIFIED.);
#61=B_SPLINE_CURVE_WITH_KNOTS('',3,(#1628,#1629,#1630,#1631),
 .UNSPECIFIED.,.F.,.F.,(4,4),(0.,1.),.UNSPECIFIED.);
#62=B_SPLINE_CURVE_WITH_KNOTS('',3,(#1633,#1634,#1635,#1636),
 .UNSPECIFIED.,.F.,.F.,(4,4),(0.,1.),.UNSPECIFIED.);
#63=B_SPLINE_CURVE_WITH_KNOTS('',3,(#1649,#1650,#1651,#1652),
 .UNSPECIFIED.,.F.,.F.,(4,4),(0.,1.),.UNSPECIFIED.);
#64=B_SPLINE_CURVE_WITH_KNOTS('',3,(#1661,#1662,#1663,#1664,#1665,#1666,
#1667),.UNSPECIFIED.,.F.,.F.,(4,1,1,1,4),(0.,0.000801267996442966,0.00160253599288593,
0.0024038039893289,0.00320507198577186),.UNSPECIFIED.);
#65=B_SPLINE_CURVE_WITH_KNOTS('',3,(#1669,#1670,#1671,#1672),
 .UNSPECIFIED.,.F.,.F.,(4,4),(0.,1.),.UNSPECIFIED.);
#66=B_SPLINE_CURVE_WITH_KNOTS('',3,(#1674,#1675,#1676,#1677),
 .UNSPECIFIED.,.F.,.F.,(4,4),(0.,1.),.UNSPECIFIED.);
#67=B_SPLINE_CURVE_WITH_KNOTS('',3,(#1683,#1684,#1685,#1686,#1687,#1688,
#1689),.UNSPECIFIED.,.F.,.F.,(4,1,1,1,4),(0.0206935989673328,0.0215068158251363,
0.0223200326829397,0.0231332495407431,0.0239464663985465),.UNSPECIFIED.);
#68=B_SPLINE_CURVE_WITH_KNOTS('',3,(#1693,#1694,#1695,#1696,#1697,#1698,
#1699),.UNSPECIFIED.,.F.,.F.,(4,1,1,1,4),(0.0206935989673298,0.0215068158251332,
0.0223200326829366,0.0231332495407401,0.0239464663985435),.UNSPECIFIED.);
#69=B_SPLINE_CURVE_WITH_KNOTS('',3,(#1703,#1704,#1705,#1706,#1707,#1708,
#1709),.UNSPECIFIED.,.F.,.F.,(4,1,1,1,4),(0.0206935989673318,0.0215068158251353,
0.0223200326829387,0.0231332495407421,0.0239464663985456),.UNSPECIFIED.);
#70=B_SPLINE_CURVE_WITH_KNOTS('',3,(#1713,#1714,#1715,#1716,#1717,#1718,
#1719),.UNSPECIFIED.,.F.,.F.,(4,1,1,1,4),(0.0327759348508508,0.0335899654740099,
0.0344039960971691,0.0352180267203282,0.0360320573434873),.UNSPECIFIED.);
#71=B_SPLINE_CURVE_WITH_KNOTS('',3,(#1732,#1733,#1734,#1735),
 .UNSPECIFIED.,.F.,.F.,(4,4),(0.,1.),.UNSPECIFIED.);
#72=B_SPLINE_CURVE_WITH_KNOTS('',3,(#1737,#1738,#1739,#1740),
 .UNSPECIFIED.,.F.,.F.,(4,4),(0.,1.),.UNSPECIFIED.);
#73=B_SPLINE_CURVE_WITH_KNOTS('',3,(#1742,#1743,#1744,#1745),
 .UNSPECIFIED.,.F.,.F.,(4,4),(0.,1.),.UNSPECIFIED.);
#74=B_SPLINE_CURVE_WITH_KNOTS('',3,(#1757,#1758,#1759,#1760),
 .UNSPECIFIED.,.F.,.F.,(4,4),(0.,1.),.UNSPECIFIED.);
#75=B_SPLINE_CURVE_WITH_KNOTS('',3,(#1762,#1763,#1764,#1765),
 .UNSPECIFIED.,.F.,.F.,(4,4),(0.,1.),.UNSPECIFIED.);
#76=B_SPLINE_CURVE_WITH_KNOTS('',3,(#1767,#1768,#1769,#1770),
 .UNSPECIFIED.,.F.,.F.,(4,4),(0.,1.),.UNSPECIFIED.);
#77=B_SPLINE_CURVE_WITH_KNOTS('',3,(#1779,#1780,#1781,#1782),
 .UNSPECIFIED.,.F.,.F.,(4,4),(0.,1.),.UNSPECIFIED.);
#78=B_SPLINE_CURVE_WITH_KNOTS('',3,(#1784,#1785,#1786,#1787),
 .UNSPECIFIED.,.F.,.F.,(4,4),(0.,1.),.UNSPECIFIED.);
#79=B_SPLINE_CURVE_WITH_KNOTS('',3,(#1789,#1790,#1791,#1792),
 .UNSPECIFIED.,.F.,.F.,(4,4),(0.,1.),.UNSPECIFIED.);
#80=B_SPLINE_CURVE_WITH_KNOTS('',3,(#1876,#1877,#1878,#1879),
 .UNSPECIFIED.,.F.,.F.,(4,4),(0.,1.),.UNSPECIFIED.);
#81=B_SPLINE_CURVE_WITH_KNOTS('',3,(#1960,#1961,#1962,#1963),
 .UNSPECIFIED.,.F.,.F.,(4,4),(0.,1.),.UNSPECIFIED.);
#82=B_SPLINE_CURVE_WITH_KNOTS('',3,(#2044,#2045,#2046,#2047),
 .UNSPECIFIED.,.F.,.F.,(4,4),(0.,1.),.UNSPECIFIED.);
#83=B_SPLINE_CURVE_WITH_KNOTS('',3,(#2128,#2129,#2130,#2131),
 .UNSPECIFIED.,.F.,.F.,(4,4),(0.,1.),.UNSPECIFIED.);
#84=B_SPLINE_CURVE_WITH_KNOTS('',3,(#2140,#2141,#2142,#2143),
 .UNSPECIFIED.,.F.,.F.,(4,4),(0.374999999999993,0.95),.UNSPECIFIED.);
#85=B_SPLINE_CURVE_WITH_KNOTS('',3,(#2144,#2145,#2146,#2147),
 .UNSPECIFIED.,.F.,.F.,(4,4),(0.0526315789473683,0.657894736842113),
 .UNSPECIFIED.);
#86=B_SPLINE_CURVE_WITH_KNOTS('',3,(#2156,#2157,#2158,#2159),
 .UNSPECIFIED.,.F.,.F.,(4,4),(0.528301886792447,0.962264150943396),
 .UNSPECIFIED.);
#87=B_SPLINE_CURVE_WITH_KNOTS('',3,(#2160,#2161,#2162,#2163),
 .UNSPECIFIED.,.F.,.F.,(4,4),(0.0384615384615385,0.480769230769236),
 .UNSPECIFIED.);
#88=B_SPLINE_CURVE_WITH_KNOTS('',3,(#2172,#2173,#2174,#2175),
 .UNSPECIFIED.,.F.,.F.,(4,4),(0.519230769230764,0.961538461538461),
 .UNSPECIFIED.);
#89=B_SPLINE_CURVE_WITH_KNOTS('',3,(#2176,#2177,#2178,#2179),
 .UNSPECIFIED.,.F.,.F.,(4,4),(0.0377358490566038,0.471698113207553),
 .UNSPECIFIED.);
#90=B_SPLINE_CURVE_WITH_KNOTS('',3,(#2189,#2190,#2191,#2192),
 .UNSPECIFIED.,.F.,.F.,(4,4),(0.342105263157887,0.947368421052632),
 .UNSPECIFIED.);
#91=B_SPLINE_CURVE_WITH_KNOTS('',3,(#2193,#2194,#2195,#2196),
 .UNSPECIFIED.,.F.,.F.,(4,4),(0.0499999999999999,0.625000000000008),
 .UNSPECIFIED.);
#92=B_SPLINE_CURVE_WITH_KNOTS('',3,(#2215,#2216,#2217,#2218,#2219,#2220,
#2221),.UNSPECIFIED.,.F.,.F.,(4,1,1,1,4),(0.,0.000801267996442962,0.00160253599288592,
0.00240380398932889,0.00320507198577185),.UNSPECIFIED.);
#93=B_SPLINE_CURVE_WITH_KNOTS('',3,(#2226,#2227,#2228,#2229,#2230,#2231,
#2232),.UNSPECIFIED.,.F.,.F.,(4,1,1,1,4),(0.,0.000801267996442975,0.00160253599288595,
0.00240380398932892,0.0032050719857719),.UNSPECIFIED.);
#94=B_SPLINE_CURVE_WITH_KNOTS('',3,(#2236,#2237,#2238,#2239,#2240,#2241,
#2242),.UNSPECIFIED.,.F.,.F.,(4,1,1,1,4),(-2.60208521396521E-18,0.000801267996443013,
0.00160253599288603,0.00240380398932904,0.00320507198577206),
 .UNSPECIFIED.);
#95=B_SPLINE_CURVE_WITH_KNOTS('',3,(#2248,#2249,#2250,#2251,#2252,#2253,
#2254),.UNSPECIFIED.,.F.,.F.,(4,1,1,1,4),(2.7972416050126E-17,0.00080126799644298,
0.00160253599288593,0.00240380398932888,0.00320507198577183),
 .UNSPECIFIED.);
#96=B_SPLINE_CURVE_WITH_KNOTS('',3,(#2258,#2259,#2260,#2261,#2262,#2263,
#2264),.UNSPECIFIED.,.F.,.F.,(4,1,1,1,4),(-1.2793585635329E-17,0.000801267996442957,
0.00160253599288593,0.0024038039893289,0.00320507198577187),
 .UNSPECIFIED.);
#97=B_SPLINE_CURVE_WITH_KNOTS('',3,(#2376,#2377,#2378,#2379),
 .UNSPECIFIED.,.F.,.F.,(4,4),(0.,1.),.UNSPECIFIED.);
#98=B_SPLINE_CURVE_WITH_KNOTS('',3,(#2382,#2383,#2384,#2385),
 .UNSPECIFIED.,.F.,.F.,(4,4),(0.,1.),.UNSPECIFIED.);
#99=B_SPLINE_CURVE_WITH_KNOTS('',3,(#2387,#2388,#2389,#2390),
 .UNSPECIFIED.,.F.,.F.,(4,4),(0.,1.),.UNSPECIFIED.);
#100=B_SPLINE_CURVE_WITH_KNOTS('',3,(#2392,#2393,#2394,#2395),
 .UNSPECIFIED.,.F.,.F.,(4,4),(0.,0.0020023043451629),.UNSPECIFIED.);
#101=B_SPLINE_CURVE_WITH_KNOTS('',3,(#2400,#2401,#2402,#2403),
 .UNSPECIFIED.,.F.,.F.,(4,4),(0.,1.),.UNSPECIFIED.);
#102=B_SPLINE_CURVE_WITH_KNOTS('',3,(#2411,#2412,#2413,#2414),
 .UNSPECIFIED.,.F.,.F.,(4,4),(0.,1.),.UNSPECIFIED.);
#103=B_SPLINE_CURVE_WITH_KNOTS('',3,(#2424,#2425,#2426,#2427),
 .UNSPECIFIED.,.F.,.F.,(4,4),(0.,7.45467687327623E-5),.UNSPECIFIED.);
#104=B_SPLINE_CURVE_WITH_KNOTS('',3,(#2441,#2442,#2443,#2444),
 .UNSPECIFIED.,.F.,.F.,(4,4),(0.,1.),.UNSPECIFIED.);
#105=B_SPLINE_CURVE_WITH_KNOTS('',3,(#2446,#2447,#2448,#2449),
 .UNSPECIFIED.,.F.,.F.,(4,4),(0.,1.),.UNSPECIFIED.);
#106=B_SPLINE_CURVE_WITH_KNOTS('',3,(#2458,#2459,#2460,#2461),
 .UNSPECIFIED.,.F.,.F.,(4,4),(0.,1.),.UNSPECIFIED.);
#107=B_SPLINE_CURVE_WITH_KNOTS('',3,(#2463,#2464,#2465,#2466),
 .UNSPECIFIED.,.F.,.F.,(4,4),(0.,1.),.UNSPECIFIED.);
#108=B_SPLINE_CURVE_WITH_KNOTS('',3,(#2468,#2469,#2470,#2471),
 .UNSPECIFIED.,.F.,.F.,(4,4),(0.,1.),.UNSPECIFIED.);
#109=B_SPLINE_CURVE_WITH_KNOTS('',3,(#2480,#2481,#2482,#2483),
 .UNSPECIFIED.,.F.,.F.,(4,4),(0.0606060606060607,1.),.UNSPECIFIED.);
#110=B_SPLINE_CURVE_WITH_KNOTS('',3,(#2485,#2486,#2487,#2488),
 .UNSPECIFIED.,.F.,.F.,(4,4),(0.,1.),.UNSPECIFIED.);
#111=B_SPLINE_CURVE_WITH_KNOTS('',3,(#2490,#2491,#2492,#2493),
 .UNSPECIFIED.,.F.,.F.,(4,4),(0.,1.),.UNSPECIFIED.);
#112=B_SPLINE_CURVE_WITH_KNOTS('',3,(#2502,#2503,#2504,#2505),
 .UNSPECIFIED.,.F.,.F.,(4,4),(0.,0.939393939393939),.UNSPECIFIED.);
#113=B_SPLINE_CURVE_WITH_KNOTS('',3,(#2507,#2508,#2509,#2510),
 .UNSPECIFIED.,.F.,.F.,(4,4),(0.,1.),.UNSPECIFIED.);
#114=B_SPLINE_CURVE_WITH_KNOTS('',3,(#2512,#2513,#2514,#2515),
 .UNSPECIFIED.,.F.,.F.,(4,4),(0.,1.),.UNSPECIFIED.);
#115=B_SPLINE_CURVE_WITH_KNOTS('',3,(#2517,#2518,#2519,#2520),
 .UNSPECIFIED.,.F.,.F.,(4,4),(0.,1.),.UNSPECIFIED.);
#116=B_SPLINE_CURVE_WITH_KNOTS('',3,(#2522,#2523,#2524,#2525),
 .UNSPECIFIED.,.F.,.F.,(4,4),(0.,1.),.UNSPECIFIED.);
#117=B_SPLINE_CURVE_WITH_KNOTS('',3,(#2531,#2532,#2533,#2534,#2535,#2536,
#2537),.UNSPECIFIED.,.F.,.F.,(4,1,1,1,4),(0.,0.000978005262144237,0.00195601052428847,
0.00293401578643271,0.00391202104857695),.UNSPECIFIED.);
#118=B_SPLINE_CURVE_WITH_KNOTS('',3,(#2541,#2542,#2543,#2544,#2545,#2546,
#2547),.UNSPECIFIED.,.F.,.F.,(4,1,1,1,4),(0.,0.000980938766978878,0.00196187753395776,
0.00294281630093663,0.00392375506791551),.UNSPECIFIED.);
#119=B_SPLINE_CURVE_WITH_KNOTS('',3,(#2558,#2559,#2560,#2561),
 .UNSPECIFIED.,.F.,.F.,(4,4),(0.48461538461539,1.),.UNSPECIFIED.);
#120=B_SPLINE_CURVE_WITH_KNOTS('',3,(#2562,#2563,#2564,#2565),
 .UNSPECIFIED.,.F.,.F.,(4,4),(0.,0.524528301886787),.UNSPECIFIED.);
#121=B_SPLINE_CURVE_WITH_KNOTS('',3,(#2574,#2575,#2576,#2577),
 .UNSPECIFIED.,.F.,.F.,(4,4),(0.663157894736849,1.),.UNSPECIFIED.);
#122=B_SPLINE_CURVE_WITH_KNOTS('',3,(#2578,#2579,#2580,#2581),
 .UNSPECIFIED.,.F.,.F.,(4,4),(0.,0.369999999999993),.UNSPECIFIED.);
#123=B_SPLINE_CURVE_WITH_KNOTS('',3,(#2591,#2592,#2593,#2594),
 .UNSPECIFIED.,.F.,.F.,(4,4),(0.,0.503846153846148),.UNSPECIFIED.);
#124=B_SPLINE_CURVE_WITH_KNOTS('',3,(#2595,#2596,#2597,#2598),
 .UNSPECIFIED.,.F.,.F.,(4,4),(0.486792452830194,1.),.UNSPECIFIED.);
#125=B_SPLINE_CURVE_WITH_KNOTS('',3,(#2608,#2609,#2610,#2611),
 .UNSPECIFIED.,.F.,.F.,(4,4),(0.630000000000007,1.),.UNSPECIFIED.);
#126=B_SPLINE_CURVE_WITH_KNOTS('',3,(#2612,#2613,#2614,#2615),
 .UNSPECIFIED.,.F.,.F.,(4,4),(0.,0.336842105263151),.UNSPECIFIED.);
#127=B_SPLINE_SURFACE_WITH_KNOTS('',3,1,((#1478,#1479),(#1480,#1481),(#1482,
#1483),(#1484,#1485)),.SURF_OF_LINEAR_EXTRUSION.,.F.,.F.,.F.,(4,4),(2,2),
(-5.30901388974183E-15,1.00000000000008),(0.,1.),
 .PIECEWISE_BEZIER_KNOTS.);
#128=B_SPLINE_SURFACE_WITH_KNOTS('',3,1,((#1544,#1545),(#1546,#1547),(#1548,
#1549),(#1550,#1551)),.SURF_OF_LINEAR_EXTRUSION.,.F.,.F.,.F.,(4,4),(2,2),
(-3.05779402225805E-15,1.00000000000003),(0.,1.),
 .PIECEWISE_BEZIER_KNOTS.);
#129=B_SPLINE_SURFACE_WITH_KNOTS('',3,1,((#1561,#1562),(#1563,#1564),(#1565,
#1566),(#1567,#1568)),.SURF_OF_LINEAR_EXTRUSION.,.F.,.F.,.F.,(4,4),(2,2),
(-2.6253658891872E-16,1.),(0.,1.),.PIECEWISE_BEZIER_KNOTS.);
#130=B_SPLINE_SURFACE_WITH_KNOTS('',3,1,((#1612,#1613),(#1614,#1615),(#1616,
#1617),(#1618,#1619)),.SURF_OF_LINEAR_EXTRUSION.,.F.,.F.,.F.,(4,4),(2,2),
(-5.42933297865329E-16,1.00000000000008),(0.,1.),
 .PIECEWISE_BEZIER_KNOTS.);
#131=B_SPLINE_SURFACE_WITH_KNOTS('',3,1,((#1641,#1642),(#1643,#1644),(#1645,
#1646),(#1647,#1648)),.SURF_OF_LINEAR_EXTRUSION.,.F.,.F.,.F.,(4,4),(2,2),
(-7.31561446555027E-16,1.),(0.,1.),.PIECEWISE_BEZIER_KNOTS.);
#132=B_SPLINE_SURFACE_WITH_KNOTS('',3,1,((#1653,#1654),(#1655,#1656),(#1657,
#1658),(#1659,#1660)),.SURF_OF_LINEAR_EXTRUSION.,.F.,.F.,.F.,(4,4),(2,2),
(-5.42933297868445E-16,1.00000000000008),(0.,1.),
 .PIECEWISE_BEZIER_KNOTS.);
#133=B_SPLINE_SURFACE_WITH_KNOTS('',3,1,((#1724,#1725),(#1726,#1727),(#1728,
#1729),(#1730,#1731)),.SURF_OF_LINEAR_EXTRUSION.,.F.,.F.,.F.,(4,4),(2,2),
(-6.41411044634632E-16,1.00000000000003),(0.,1.),
 .PIECEWISE_BEZIER_KNOTS.);
#134=B_SPLINE_SURFACE_WITH_KNOTS('',3,1,((#1749,#1750),(#1751,#1752),(#1753,
#1754),(#1755,#1756)),.SURF_OF_LINEAR_EXTRUSION.,.F.,.F.,.F.,(4,4),(2,2),
(-5.284524187545E-16,1.),(0.,1.),.PIECEWISE_BEZIER_KNOTS.);
#135=B_SPLINE_SURFACE_WITH_KNOTS('',3,1,((#1771,#1772),(#1773,#1774),(#1775,
#1776),(#1777,#1778)),.SURF_OF_LINEAR_EXTRUSION.,.F.,.F.,.F.,(4,4),(2,2),
(4.19399867032503E-16,1.),(0.,1.),.PIECEWISE_BEZIER_KNOTS.);
#136=B_SPLINE_SURFACE_WITH_KNOTS('',3,3,((#1796,#1797,#1798,#1799,#1800,
#1801,#1802,#1803),(#1804,#1805,#1806,#1807,#1808,#1809,#1810,#1811),(#1812,
#1813,#1814,#1815,#1816,#1817,#1818,#1819),(#1820,#1821,#1822,#1823,#1824,
#1825,#1826,#1827),(#1828,#1829,#1830,#1831,#1832,#1833,#1834,#1835),(#1836,
#1837,#1838,#1839,#1840,#1841,#1842,#1843),(#1844,#1845,#1846,#1847,#1848,
#1849,#1850,#1851),(#1852,#1853,#1854,#1855,#1856,#1857,#1858,#1859),(#1860,
#1861,#1862,#1863,#1864,#1865,#1866,#1867),(#1868,#1869,#1870,#1871,#1872,
#1873,#1874,#1875)),.UNSPECIFIED.,.F.,.F.,.F.,(4,2,2,2,4),(4,2,2,4),(0.,
0.25,0.5,0.75,1.),(0.,0.25,0.75,1.),.UNSPECIFIED.);
#137=B_SPLINE_SURFACE_WITH_KNOTS('',3,3,((#1880,#1881,#1882,#1883,#1884,
#1885,#1886,#1887),(#1888,#1889,#1890,#1891,#1892,#1893,#1894,#1895),(#1896,
#1897,#1898,#1899,#1900,#1901,#1902,#1903),(#1904,#1905,#1906,#1907,#1908,
#1909,#1910,#1911),(#1912,#1913,#1914,#1915,#1916,#1917,#1918,#1919),(#1920,
#1921,#1922,#1923,#1924,#1925,#1926,#1927),(#1928,#1929,#1930,#1931,#1932,
#1933,#1934,#1935),(#1936,#1937,#1938,#1939,#1940,#1941,#1942,#1943),(#1944,
#1945,#1946,#1947,#1948,#1949,#1950,#1951),(#1952,#1953,#1954,#1955,#1956,
#1957,#1958,#1959)),.UNSPECIFIED.,.F.,.F.,.F.,(4,2,2,2,4),(4,2,2,4),(0.,
0.25,0.5,0.75,1.),(0.,0.25,0.75,1.),.UNSPECIFIED.);
#138=B_SPLINE_SURFACE_WITH_KNOTS('',3,3,((#1964,#1965,#1966,#1967,#1968,
#1969,#1970,#1971),(#1972,#1973,#1974,#1975,#1976,#1977,#1978,#1979),(#1980,
#1981,#1982,#1983,#1984,#1985,#1986,#1987),(#1988,#1989,#1990,#1991,#1992,
#1993,#1994,#1995),(#1996,#1997,#1998,#1999,#2000,#2001,#2002,#2003),(#2004,
#2005,#2006,#2007,#2008,#2009,#2010,#2011),(#2012,#2013,#2014,#2015,#2016,
#2017,#2018,#2019),(#2020,#2021,#2022,#2023,#2024,#2025,#2026,#2027),(#2028,
#2029,#2030,#2031,#2032,#2033,#2034,#2035),(#2036,#2037,#2038,#2039,#2040,
#2041,#2042,#2043)),.UNSPECIFIED.,.F.,.F.,.F.,(4,2,2,2,4),(4,2,2,4),(0.,
0.25,0.5,0.75,1.),(0.,0.25,0.75,1.),.UNSPECIFIED.);
#139=B_SPLINE_SURFACE_WITH_KNOTS('',3,3,((#2048,#2049,#2050,#2051,#2052,
#2053,#2054,#2055),(#2056,#2057,#2058,#2059,#2060,#2061,#2062,#2063),(#2064,
#2065,#2066,#2067,#2068,#2069,#2070,#2071),(#2072,#2073,#2074,#2075,#2076,
#2077,#2078,#2079),(#2080,#2081,#2082,#2083,#2084,#2085,#2086,#2087),(#2088,
#2089,#2090,#2091,#2092,#2093,#2094,#2095),(#2096,#2097,#2098,#2099,#2100,
#2101,#2102,#2103),(#2104,#2105,#2106,#2107,#2108,#2109,#2110,#2111),(#2112,
#2113,#2114,#2115,#2116,#2117,#2118,#2119),(#2120,#2121,#2122,#2123,#2124,
#2125,#2126,#2127)),.UNSPECIFIED.,.F.,.F.,.F.,(4,2,2,2,4),(4,2,2,4),(0.,
0.25,0.5,0.75,1.),(0.,0.25,0.75,1.),.UNSPECIFIED.);
#140=B_SPLINE_SURFACE_WITH_KNOTS('',3,1,((#2132,#2133),(#2134,#2135),(#2136,
#2137),(#2138,#2139)),.SURF_OF_LINEAR_EXTRUSION.,.F.,.F.,.F.,(4,4),(2,2),
(-1.32971674778032E-14,1.00000000000001),(0.,1.),
 .PIECEWISE_BEZIER_KNOTS.);
#141=B_SPLINE_SURFACE_WITH_KNOTS('',3,1,((#2148,#2149),(#2150,#2151),(#2152,
#2153),(#2154,#2155)),.SURF_OF_LINEAR_EXTRUSION.,.F.,.F.,.F.,(4,4),(2,2),
(-5.87099813209608E-14,1.00000000000082),(0.,1.),
 .PIECEWISE_BEZIER_KNOTS.);
#142=B_SPLINE_SURFACE_WITH_KNOTS('',3,1,((#2164,#2165),(#2166,#2167),(#2168,
#2169),(#2170,#2171)),.SURF_OF_LINEAR_EXTRUSION.,.F.,.F.,.F.,(4,4),(2,2),
(-1.17261590093004E-15,1.00000000000001),(0.,1.),
 .PIECEWISE_BEZIER_KNOTS.);
#143=B_SPLINE_SURFACE_WITH_KNOTS('',3,1,((#2181,#2182),(#2183,#2184),(#2185,
#2186),(#2187,#2188)),.SURF_OF_LINEAR_EXTRUSION.,.F.,.F.,.F.,(4,4),(2,2),
(-5.71330574646155E-15,0.999999999999999),(0.,1.),
 .PIECEWISE_BEZIER_KNOTS.);
#144=B_SPLINE_SURFACE_WITH_KNOTS('',3,1,((#2201,#2202),(#2203,#2204),(#2205,
#2206),(#2207,#2208),(#2209,#2210),(#2211,#2212),(#2213,#2214)),
 .SURF_OF_LINEAR_EXTRUSION.,.F.,.F.,.F.,(4,1,1,1,4),(2,2),(0.,0.25,0.5,
0.75,1.),(0.,1.),.UNSPECIFIED.);
#145=B_SPLINE_SURFACE_WITH_KNOTS('',3,3,((#2292,#2293,#2294,#2295,#2296,
#2297,#2298,#2299,#2300,#2301,#2302,#2303,#2304,#2305),(#2306,#2307,#2308,
#2309,#2310,#2311,#2312,#2313,#2314,#2315,#2316,#2317,#2318,#2319),(#2320,
#2321,#2322,#2323,#2324,#2325,#2326,#2327,#2328,#2329,#2330,#2331,#2332,
#2333),(#2334,#2335,#2336,#2337,#2338,#2339,#2340,#2341,#2342,#2343,#2344,
#2345,#2346,#2347),(#2348,#2349,#2350,#2351,#2352,#2353,#2354,#2355,#2356,
#2357,#2358,#2359,#2360,#2361),(#2362,#2363,#2364,#2365,#2366,#2367,#2368,
#2369,#2370,#2371,#2372,#2373,#2374,#2375)),.UNSPECIFIED.,.F.,.F.,.F.,(4,
2,4),(4,2,2,2,2,2,4),(-0.00600001271420301,0.496999993642898,1.),(0.,0.000158565891903127,
0.000198207364878909,0.00023784883785469,0.000242804021976663,0.000245281614037649,
0.000317131783806254),.UNSPECIFIED.);
#146=B_SPLINE_SURFACE_WITH_KNOTS('',3,1,((#2433,#2434),(#2435,#2436),(#2437,
#2438),(#2439,#2440)),.SURF_OF_LINEAR_EXTRUSION.,.F.,.F.,.F.,(4,4),(2,2),
(1.82186918736221E-15,1.),(0.,1.),.PIECEWISE_BEZIER_KNOTS.);
#147=B_SPLINE_SURFACE_WITH_KNOTS('',3,1,((#2450,#2451),(#2452,#2453),(#2454,
#2455),(#2456,#2457)),.SURF_OF_LINEAR_EXTRUSION.,.F.,.F.,.F.,(4,4),(2,2),
(2.50727467698659E-15,1.),(0.,1.),.PIECEWISE_BEZIER_KNOTS.);
#148=B_SPLINE_SURFACE_WITH_KNOTS('',3,1,((#2472,#2473),(#2474,#2475),(#2476,
#2477),(#2478,#2479)),.SURF_OF_LINEAR_EXTRUSION.,.F.,.F.,.F.,(4,4),(2,2),
(4.58574742896665E-16,1.00000000000008),(0.,1.),
 .PIECEWISE_BEZIER_KNOTS.);
#149=B_SPLINE_SURFACE_WITH_KNOTS('',3,1,((#2494,#2495),(#2496,#2497),(#2498,
#2499),(#2500,#2501)),.SURF_OF_LINEAR_EXTRUSION.,.F.,.F.,.F.,(4,4),(2,2),
(5.80848340692725E-16,0.999999999999973),(0.,1.),
 .PIECEWISE_BEZIER_KNOTS.);
#150=B_SPLINE_SURFACE_WITH_KNOTS('',3,1,((#2550,#2551),(#2552,#2553),(#2554,
#2555),(#2556,#2557)),.SURF_OF_LINEAR_EXTRUSION.,.F.,.F.,.F.,(4,4),(2,2),
(-1.61065605297508E-13,1.00000000000082),(0.,1.),
 .PIECEWISE_BEZIER_KNOTS.);
#151=B_SPLINE_SURFACE_WITH_KNOTS('',3,1,((#2566,#2567),(#2568,#2569),(#2570,
#2571),(#2572,#2573)),.SURF_OF_LINEAR_EXTRUSION.,.F.,.F.,.F.,(4,4),(2,2),
(-1.16976985805122E-15,1.00000000000003),(0.,1.),
 .PIECEWISE_BEZIER_KNOTS.);
#152=B_SPLINE_SURFACE_WITH_KNOTS('',3,1,((#2583,#2584),(#2585,#2586),(#2587,
#2588),(#2589,#2590)),.SURF_OF_LINEAR_EXTRUSION.,.F.,.F.,.F.,(4,4),(2,2),
(-1.25870663060555E-15,1.00000000000001),(0.,1.),
 .PIECEWISE_BEZIER_KNOTS.);
#153=B_SPLINE_SURFACE_WITH_KNOTS('',3,1,((#2600,#2601),(#2602,#2603),(#2604,
#2605),(#2606,#2607)),.SURF_OF_LINEAR_EXTRUSION.,.F.,.F.,.F.,(4,4),(2,2),
(1.0622021857446E-15,1.00000000000002),(0.,1.),.PIECEWISE_BEZIER_KNOTS.);
#154=CIRCLE('',#1246,0.0051);
#155=CIRCLE('',#1247,0.0045);
#156=CIRCLE('',#1249,0.0045);
#157=CIRCLE('',#1251,0.0045);
#158=CIRCLE('',#1258,0.0045);
#159=CIRCLE('',#1259,0.0045);
#160=CIRCLE('',#1264,0.0051);
#161=CIRCLE('',#1266,0.0051);
#162=CIRCLE('',#1274,0.003);
#163=CIRCLE('',#1275,0.003);
#164=CIRCLE('',#1278,0.004);
#165=CIRCLE('',#1281,0.004);
#166=CONICAL_SURFACE('',#1245,0.0045,0.78539816339746);
#167=CONICAL_SURFACE('',#1248,0.0035,0.785398163397448);
#168=CONICAL_SURFACE('',#1250,0.0035,0.785398163397448);
#169=CONICAL_SURFACE('',#1263,0.0045,0.785398163397448);
#170=CONICAL_SURFACE('',#1265,0.0045,0.78539816339745);
#171=CONICAL_SURFACE('',#1277,0.002,0.785398163397449);
#172=CONICAL_SURFACE('',#1280,0.002,0.785398163397449);
#173=ORIENTED_EDGE('',*,*,#475,.F.);
#174=ORIENTED_EDGE('',*,*,#476,.T.);
#175=ORIENTED_EDGE('',*,*,#477,.T.);
#176=ORIENTED_EDGE('',*,*,#478,.F.);
#177=ORIENTED_EDGE('',*,*,#479,.F.);
#178=ORIENTED_EDGE('',*,*,#475,.T.);
#179=ORIENTED_EDGE('',*,*,#480,.T.);
#180=ORIENTED_EDGE('',*,*,#481,.F.);
#181=ORIENTED_EDGE('',*,*,#482,.F.);
#182=ORIENTED_EDGE('',*,*,#481,.T.);
#183=ORIENTED_EDGE('',*,*,#483,.T.);
#184=ORIENTED_EDGE('',*,*,#484,.F.);
#185=ORIENTED_EDGE('',*,*,#477,.F.);
#186=ORIENTED_EDGE('',*,*,#485,.T.);
#187=ORIENTED_EDGE('',*,*,#484,.T.);
#188=ORIENTED_EDGE('',*,*,#486,.F.);
#189=ORIENTED_EDGE('',*,*,#487,.F.);
#190=ORIENTED_EDGE('',*,*,#488,.F.);
#191=ORIENTED_EDGE('',*,*,#489,.T.);
#192=ORIENTED_EDGE('',*,*,#490,.F.);
#193=ORIENTED_EDGE('',*,*,#491,.F.);
#194=ORIENTED_EDGE('',*,*,#492,.F.);
#195=ORIENTED_EDGE('',*,*,#493,.F.);
#196=ORIENTED_EDGE('',*,*,#494,.F.);
#197=ORIENTED_EDGE('',*,*,#495,.F.);
#198=ORIENTED_EDGE('',*,*,#496,.F.);
#199=ORIENTED_EDGE('',*,*,#488,.T.);
#200=ORIENTED_EDGE('',*,*,#497,.F.);
#201=ORIENTED_EDGE('',*,*,#496,.T.);
#202=ORIENTED_EDGE('',*,*,#498,.F.);
#203=ORIENTED_EDGE('',*,*,#494,.T.);
#204=ORIENTED_EDGE('',*,*,#499,.T.);
#205=ORIENTED_EDGE('',*,*,#500,.T.);
#206=ORIENTED_EDGE('',*,*,#490,.T.);
#207=ORIENTED_EDGE('',*,*,#501,.T.);
#208=ORIENTED_EDGE('',*,*,#487,.T.);
#209=ORIENTED_EDGE('',*,*,#502,.F.);
#210=ORIENTED_EDGE('',*,*,#501,.F.);
#211=ORIENTED_EDGE('',*,*,#489,.F.);
#212=ORIENTED_EDGE('',*,*,#503,.F.);
#213=ORIENTED_EDGE('',*,*,#491,.T.);
#214=ORIENTED_EDGE('',*,*,#500,.F.);
#215=ORIENTED_EDGE('',*,*,#504,.T.);
#216=ORIENTED_EDGE('',*,*,#505,.F.);
#217=ORIENTED_EDGE('',*,*,#506,.T.);
#218=ORIENTED_EDGE('',*,*,#507,.F.);
#219=ORIENTED_EDGE('',*,*,#492,.T.);
#220=ORIENTED_EDGE('',*,*,#508,.T.);
#221=ORIENTED_EDGE('',*,*,#509,.T.);
#222=ORIENTED_EDGE('',*,*,#510,.T.);
#223=ORIENTED_EDGE('',*,*,#511,.T.);
#224=ORIENTED_EDGE('',*,*,#512,.T.);
#225=ORIENTED_EDGE('',*,*,#513,.T.);
#226=ORIENTED_EDGE('',*,*,#514,.T.);
#227=ORIENTED_EDGE('',*,*,#498,.T.);
#228=ORIENTED_EDGE('',*,*,#495,.T.);
#229=ORIENTED_EDGE('',*,*,#497,.T.);
#230=ORIENTED_EDGE('',*,*,#493,.T.);
#231=ORIENTED_EDGE('',*,*,#515,.F.);
#232=ORIENTED_EDGE('',*,*,#506,.F.);
#233=ORIENTED_EDGE('',*,*,#516,.F.);
#234=ORIENTED_EDGE('',*,*,#517,.F.);
#235=ORIENTED_EDGE('',*,*,#518,.F.);
#236=ORIENTED_EDGE('',*,*,#503,.T.);
#237=ORIENTED_EDGE('',*,*,#507,.T.);
#238=ORIENTED_EDGE('',*,*,#515,.T.);
#239=ORIENTED_EDGE('',*,*,#519,.T.);
#240=ORIENTED_EDGE('',*,*,#502,.T.);
#241=ORIENTED_EDGE('',*,*,#520,.F.);
#242=ORIENTED_EDGE('',*,*,#504,.F.);
#243=ORIENTED_EDGE('',*,*,#499,.F.);
#244=ORIENTED_EDGE('',*,*,#521,.F.);
#245=ORIENTED_EDGE('',*,*,#522,.F.);
#246=ORIENTED_EDGE('',*,*,#523,.F.);
#247=ORIENTED_EDGE('',*,*,#509,.F.);
#248=ORIENTED_EDGE('',*,*,#480,.F.);
#249=ORIENTED_EDGE('',*,*,#478,.T.);
#250=ORIENTED_EDGE('',*,*,#486,.T.);
#251=ORIENTED_EDGE('',*,*,#483,.F.);
#252=ORIENTED_EDGE('',*,*,#524,.F.);
#253=ORIENTED_EDGE('',*,*,#520,.T.);
#254=ORIENTED_EDGE('',*,*,#518,.T.);
#255=ORIENTED_EDGE('',*,*,#525,.F.);
#256=ORIENTED_EDGE('',*,*,#526,.F.);
#257=ORIENTED_EDGE('',*,*,#527,.F.);
#258=ORIENTED_EDGE('',*,*,#528,.F.);
#259=ORIENTED_EDGE('',*,*,#529,.T.);
#260=ORIENTED_EDGE('',*,*,#530,.F.);
#261=ORIENTED_EDGE('',*,*,#531,.T.);
#262=ORIENTED_EDGE('',*,*,#532,.F.);
#263=ORIENTED_EDGE('',*,*,#533,.F.);
#264=ORIENTED_EDGE('',*,*,#508,.F.);
#265=ORIENTED_EDGE('',*,*,#505,.T.);
#266=ORIENTED_EDGE('',*,*,#524,.T.);
#267=ORIENTED_EDGE('',*,*,#534,.F.);
#268=ORIENTED_EDGE('',*,*,#521,.T.);
#269=ORIENTED_EDGE('',*,*,#535,.T.);
#270=ORIENTED_EDGE('',*,*,#536,.F.);
#271=ORIENTED_EDGE('',*,*,#537,.F.);
#272=ORIENTED_EDGE('',*,*,#512,.F.);
#273=ORIENTED_EDGE('',*,*,#538,.F.);
#274=ORIENTED_EDGE('',*,*,#513,.F.);
#275=ORIENTED_EDGE('',*,*,#539,.T.);
#276=ORIENTED_EDGE('',*,*,#540,.F.);
#277=ORIENTED_EDGE('',*,*,#541,.F.);
#278=ORIENTED_EDGE('',*,*,#511,.F.);
#279=ORIENTED_EDGE('',*,*,#542,.T.);
#280=ORIENTED_EDGE('',*,*,#543,.F.);
#281=ORIENTED_EDGE('',*,*,#544,.F.);
#282=ORIENTED_EDGE('',*,*,#510,.F.);
#283=ORIENTED_EDGE('',*,*,#545,.F.);
#284=ORIENTED_EDGE('',*,*,#514,.F.);
#285=ORIENTED_EDGE('',*,*,#523,.T.);
#286=ORIENTED_EDGE('',*,*,#546,.F.);
#287=ORIENTED_EDGE('',*,*,#542,.F.);
#288=ORIENTED_EDGE('',*,*,#544,.T.);
#289=ORIENTED_EDGE('',*,*,#547,.F.);
#290=ORIENTED_EDGE('',*,*,#539,.F.);
#291=ORIENTED_EDGE('',*,*,#537,.T.);
#292=ORIENTED_EDGE('',*,*,#548,.F.);
#293=ORIENTED_EDGE('',*,*,#516,.T.);
#294=ORIENTED_EDGE('',*,*,#541,.T.);
#295=ORIENTED_EDGE('',*,*,#549,.F.);
#296=ORIENTED_EDGE('',*,*,#535,.F.);
#297=ORIENTED_EDGE('',*,*,#550,.F.);
#298=ORIENTED_EDGE('',*,*,#526,.T.);
#299=ORIENTED_EDGE('',*,*,#551,.F.);
#300=ORIENTED_EDGE('',*,*,#548,.T.);
#301=ORIENTED_EDGE('',*,*,#552,.F.);
#302=ORIENTED_EDGE('',*,*,#532,.T.);
#303=ORIENTED_EDGE('',*,*,#553,.F.);
#304=ORIENTED_EDGE('',*,*,#546,.T.);
#305=ORIENTED_EDGE('',*,*,#554,.F.);
#306=ORIENTED_EDGE('',*,*,#530,.T.);
#307=ORIENTED_EDGE('',*,*,#555,.F.);
#308=ORIENTED_EDGE('',*,*,#547,.T.);
#309=ORIENTED_EDGE('',*,*,#545,.T.);
#310=ORIENTED_EDGE('',*,*,#531,.F.);
#311=ORIENTED_EDGE('',*,*,#554,.T.);
#312=ORIENTED_EDGE('',*,*,#543,.T.);
#313=ORIENTED_EDGE('',*,*,#553,.T.);
#314=ORIENTED_EDGE('',*,*,#556,.F.);
#315=ORIENTED_EDGE('',*,*,#528,.T.);
#316=ORIENTED_EDGE('',*,*,#557,.F.);
#317=ORIENTED_EDGE('',*,*,#549,.T.);
#318=ORIENTED_EDGE('',*,*,#529,.F.);
#319=ORIENTED_EDGE('',*,*,#556,.T.);
#320=ORIENTED_EDGE('',*,*,#540,.T.);
#321=ORIENTED_EDGE('',*,*,#555,.T.);
#322=ORIENTED_EDGE('',*,*,#538,.T.);
#323=ORIENTED_EDGE('',*,*,#557,.T.);
#324=ORIENTED_EDGE('',*,*,#527,.T.);
#325=ORIENTED_EDGE('',*,*,#550,.T.);
#326=ORIENTED_EDGE('',*,*,#536,.T.);
#327=ORIENTED_EDGE('',*,*,#534,.T.);
#328=ORIENTED_EDGE('',*,*,#533,.T.);
#329=ORIENTED_EDGE('',*,*,#552,.T.);
#330=ORIENTED_EDGE('',*,*,#522,.T.);
#331=ORIENTED_EDGE('',*,*,#551,.T.);
#332=ORIENTED_EDGE('',*,*,#525,.T.);
#333=ORIENTED_EDGE('',*,*,#519,.F.);
#334=ORIENTED_EDGE('',*,*,#517,.T.);
#335=ORIENTED_EDGE('',*,*,#558,.T.);
#336=ORIENTED_EDGE('',*,*,#559,.F.);
#337=ORIENTED_EDGE('',*,*,#560,.F.);
#338=ORIENTED_EDGE('',*,*,#561,.T.);
#339=ORIENTED_EDGE('',*,*,#476,.F.);
#340=ORIENTED_EDGE('',*,*,#479,.T.);
#341=ORIENTED_EDGE('',*,*,#482,.T.);
#342=ORIENTED_EDGE('',*,*,#485,.F.);
#343=ORIENTED_EDGE('',*,*,#562,.T.);
#344=ORIENTED_EDGE('',*,*,#563,.F.);
#345=ORIENTED_EDGE('',*,*,#560,.T.);
#346=ORIENTED_EDGE('',*,*,#564,.F.);
#347=ORIENTED_EDGE('',*,*,#565,.T.);
#348=ORIENTED_EDGE('',*,*,#566,.T.);
#349=ORIENTED_EDGE('',*,*,#567,.T.);
#350=ORIENTED_EDGE('',*,*,#568,.T.);
#351=ORIENTED_EDGE('',*,*,#569,.T.);
#352=ORIENTED_EDGE('',*,*,#570,.T.);
#353=ORIENTED_EDGE('',*,*,#571,.T.);
#354=ORIENTED_EDGE('',*,*,#572,.T.);
#355=ORIENTED_EDGE('',*,*,#573,.F.);
#356=ORIENTED_EDGE('',*,*,#571,.F.);
#357=ORIENTED_EDGE('',*,*,#574,.F.);
#358=ORIENTED_EDGE('',*,*,#575,.F.);
#359=ORIENTED_EDGE('',*,*,#573,.T.);
#360=ORIENTED_EDGE('',*,*,#576,.F.);
#361=ORIENTED_EDGE('',*,*,#577,.F.);
#362=ORIENTED_EDGE('',*,*,#572,.F.);
#363=ORIENTED_EDGE('',*,*,#578,.T.);
#364=ORIENTED_EDGE('',*,*,#569,.F.);
#365=ORIENTED_EDGE('',*,*,#577,.T.);
#366=ORIENTED_EDGE('',*,*,#579,.F.);
#367=ORIENTED_EDGE('',*,*,#574,.T.);
#368=ORIENTED_EDGE('',*,*,#570,.F.);
#369=ORIENTED_EDGE('',*,*,#578,.F.);
#370=ORIENTED_EDGE('',*,*,#580,.F.);
#371=ORIENTED_EDGE('',*,*,#581,.T.);
#372=ORIENTED_EDGE('',*,*,#582,.F.);
#373=ORIENTED_EDGE('',*,*,#583,.F.);
#374=ORIENTED_EDGE('',*,*,#584,.F.);
#375=ORIENTED_EDGE('',*,*,#585,.T.);
#376=ORIENTED_EDGE('',*,*,#586,.T.);
#377=ORIENTED_EDGE('',*,*,#587,.T.);
#378=ORIENTED_EDGE('',*,*,#588,.F.);
#379=ORIENTED_EDGE('',*,*,#589,.T.);
#380=ORIENTED_EDGE('',*,*,#590,.T.);
#381=ORIENTED_EDGE('',*,*,#580,.T.);
#382=ORIENTED_EDGE('',*,*,#579,.T.);
#383=ORIENTED_EDGE('',*,*,#576,.T.);
#384=ORIENTED_EDGE('',*,*,#575,.T.);
#385=ORIENTED_EDGE('',*,*,#591,.F.);
#386=ORIENTED_EDGE('',*,*,#592,.T.);
#387=ORIENTED_EDGE('',*,*,#588,.T.);
#388=ORIENTED_EDGE('',*,*,#593,.T.);
#389=ORIENTED_EDGE('',*,*,#594,.F.);
#390=ORIENTED_EDGE('',*,*,#584,.T.);
#391=ORIENTED_EDGE('',*,*,#595,.F.);
#392=ORIENTED_EDGE('',*,*,#589,.F.);
#393=ORIENTED_EDGE('',*,*,#592,.F.);
#394=ORIENTED_EDGE('',*,*,#596,.T.);
#395=ORIENTED_EDGE('',*,*,#597,.F.);
#396=ORIENTED_EDGE('',*,*,#598,.T.);
#397=ORIENTED_EDGE('',*,*,#593,.F.);
#398=ORIENTED_EDGE('',*,*,#587,.F.);
#399=ORIENTED_EDGE('',*,*,#599,.F.);
#400=ORIENTED_EDGE('',*,*,#600,.F.);
#401=ORIENTED_EDGE('',*,*,#581,.F.);
#402=ORIENTED_EDGE('',*,*,#594,.T.);
#403=ORIENTED_EDGE('',*,*,#601,.F.);
#404=ORIENTED_EDGE('',*,*,#597,.T.);
#405=ORIENTED_EDGE('',*,*,#602,.F.);
#406=ORIENTED_EDGE('',*,*,#603,.F.);
#407=ORIENTED_EDGE('',*,*,#604,.F.);
#408=ORIENTED_EDGE('',*,*,#602,.T.);
#409=ORIENTED_EDGE('',*,*,#586,.F.);
#410=ORIENTED_EDGE('',*,*,#605,.F.);
#411=ORIENTED_EDGE('',*,*,#606,.F.);
#412=ORIENTED_EDGE('',*,*,#590,.F.);
#413=ORIENTED_EDGE('',*,*,#595,.T.);
#414=ORIENTED_EDGE('',*,*,#583,.T.);
#415=ORIENTED_EDGE('',*,*,#582,.T.);
#416=ORIENTED_EDGE('',*,*,#607,.F.);
#417=ORIENTED_EDGE('',*,*,#608,.F.);
#418=ORIENTED_EDGE('',*,*,#609,.F.);
#419=ORIENTED_EDGE('',*,*,#610,.T.);
#420=ORIENTED_EDGE('',*,*,#605,.T.);
#421=ORIENTED_EDGE('',*,*,#585,.F.);
#422=ORIENTED_EDGE('',*,*,#609,.T.);
#423=ORIENTED_EDGE('',*,*,#611,.T.);
#424=ORIENTED_EDGE('',*,*,#612,.F.);
#425=ORIENTED_EDGE('',*,*,#598,.F.);
#426=ORIENTED_EDGE('',*,*,#601,.T.);
#427=ORIENTED_EDGE('',*,*,#613,.F.);
#428=ORIENTED_EDGE('',*,*,#614,.T.);
#429=ORIENTED_EDGE('',*,*,#615,.F.);
#430=ORIENTED_EDGE('',*,*,#616,.T.);
#431=ORIENTED_EDGE('',*,*,#617,.F.);
#432=ORIENTED_EDGE('',*,*,#599,.T.);
#433=ORIENTED_EDGE('',*,*,#596,.F.);
#434=ORIENTED_EDGE('',*,*,#591,.T.);
#435=ORIENTED_EDGE('',*,*,#618,.F.);
#436=ORIENTED_EDGE('',*,*,#562,.F.);
#437=ORIENTED_EDGE('',*,*,#619,.F.);
#438=ORIENTED_EDGE('',*,*,#606,.T.);
#439=ORIENTED_EDGE('',*,*,#610,.F.);
#440=ORIENTED_EDGE('',*,*,#620,.F.);
#441=ORIENTED_EDGE('',*,*,#567,.F.);
#442=ORIENTED_EDGE('',*,*,#621,.F.);
#443=ORIENTED_EDGE('',*,*,#614,.F.);
#444=ORIENTED_EDGE('',*,*,#619,.T.);
#445=ORIENTED_EDGE('',*,*,#568,.F.);
#446=ORIENTED_EDGE('',*,*,#620,.T.);
#447=ORIENTED_EDGE('',*,*,#613,.T.);
#448=ORIENTED_EDGE('',*,*,#603,.T.);
#449=ORIENTED_EDGE('',*,*,#604,.T.);
#450=ORIENTED_EDGE('',*,*,#558,.F.);
#451=ORIENTED_EDGE('',*,*,#622,.F.);
#452=ORIENTED_EDGE('',*,*,#611,.F.);
#453=ORIENTED_EDGE('',*,*,#608,.T.);
#454=ORIENTED_EDGE('',*,*,#623,.F.);
#455=ORIENTED_EDGE('',*,*,#622,.T.);
#456=ORIENTED_EDGE('',*,*,#561,.F.);
#457=ORIENTED_EDGE('',*,*,#563,.T.);
#458=ORIENTED_EDGE('',*,*,#618,.T.);
#459=ORIENTED_EDGE('',*,*,#612,.T.);
#460=ORIENTED_EDGE('',*,*,#624,.F.);
#461=ORIENTED_EDGE('',*,*,#565,.F.);
#462=ORIENTED_EDGE('',*,*,#625,.F.);
#463=ORIENTED_EDGE('',*,*,#616,.F.);
#464=ORIENTED_EDGE('',*,*,#625,.T.);
#465=ORIENTED_EDGE('',*,*,#564,.T.);
#466=ORIENTED_EDGE('',*,*,#559,.T.);
#467=ORIENTED_EDGE('',*,*,#623,.T.);
#468=ORIENTED_EDGE('',*,*,#607,.T.);
#469=ORIENTED_EDGE('',*,*,#600,.T.);
#470=ORIENTED_EDGE('',*,*,#617,.T.);
#471=ORIENTED_EDGE('',*,*,#621,.T.);
#472=ORIENTED_EDGE('',*,*,#566,.F.);
#473=ORIENTED_EDGE('',*,*,#624,.T.);
#474=ORIENTED_EDGE('',*,*,#615,.T.);
#475=EDGE_CURVE('',#626,#627,#723,.T.);
#476=EDGE_CURVE('',#626,#628,#724,.T.);
#477=EDGE_CURVE('',#628,#629,#725,.T.);
#478=EDGE_CURVE('',#627,#629,#726,.T.);
#479=EDGE_CURVE('',#626,#630,#727,.T.);
#480=EDGE_CURVE('',#627,#631,#728,.T.);
#481=EDGE_CURVE('',#630,#631,#729,.T.);
#482=EDGE_CURVE('',#630,#632,#730,.T.);
#483=EDGE_CURVE('',#631,#633,#731,.T.);
#484=EDGE_CURVE('',#632,#633,#732,.T.);
#485=EDGE_CURVE('',#628,#632,#733,.T.);
#486=EDGE_CURVE('',#629,#633,#734,.T.);
#487=EDGE_CURVE('',#634,#634,#154,.F.);
#488=EDGE_CURVE('',#635,#635,#155,.T.);
#489=EDGE_CURVE('',#636,#637,#42,.T.);
#490=EDGE_CURVE('',#638,#637,#43,.T.);
#491=EDGE_CURVE('',#639,#638,#44,.F.);
#492=EDGE_CURVE('',#636,#639,#45,.T.);
#493=EDGE_CURVE('',#640,#641,#46,.T.);
#494=EDGE_CURVE('',#641,#640,#156,.F.);
#495=EDGE_CURVE('',#642,#643,#47,.T.);
#496=EDGE_CURVE('',#643,#642,#157,.F.);
#497=EDGE_CURVE('',#643,#640,#38,.F.);
#498=EDGE_CURVE('',#641,#642,#39,.T.);
#499=EDGE_CURVE('',#644,#645,#48,.T.);
#500=EDGE_CURVE('',#645,#638,#49,.T.);
#501=EDGE_CURVE('',#637,#644,#50,.T.);
#502=EDGE_CURVE('',#644,#646,#51,.F.);
#503=EDGE_CURVE('',#646,#636,#52,.T.);
#504=EDGE_CURVE('',#645,#647,#53,.T.);
#505=EDGE_CURVE('',#639,#647,#54,.T.);
#506=EDGE_CURVE('',#648,#649,#55,.T.);
#507=EDGE_CURVE('',#636,#649,#735,.T.);
#508=EDGE_CURVE('',#639,#650,#736,.T.);
#509=EDGE_CURVE('',#650,#651,#56,.T.);
#510=EDGE_CURVE('',#651,#652,#57,.T.);
#511=EDGE_CURVE('',#652,#653,#58,.T.);
#512=EDGE_CURVE('',#653,#648,#59,.T.);
#513=EDGE_CURVE('',#654,#654,#158,.T.);
#514=EDGE_CURVE('',#655,#655,#159,.F.);
#515=EDGE_CURVE('',#649,#656,#60,.T.);
#516=EDGE_CURVE('',#657,#648,#61,.F.);
#517=EDGE_CURVE('',#656,#657,#62,.T.);
#518=EDGE_CURVE('',#646,#658,#737,.T.);
#519=EDGE_CURVE('',#656,#658,#738,.T.);
#520=EDGE_CURVE('',#647,#646,#63,.T.);
#521=EDGE_CURVE('',#659,#650,#64,.T.);
#522=EDGE_CURVE('',#660,#659,#65,.T.);
#523=EDGE_CURVE('',#651,#660,#66,.F.);
#524=EDGE_CURVE('',#647,#661,#739,.T.);
#525=EDGE_CURVE('',#662,#658,#740,.T.);
#526=EDGE_CURVE('',#663,#662,#67,.T.);
#527=EDGE_CURVE('',#664,#663,#741,.T.);
#528=EDGE_CURVE('',#665,#664,#68,.T.);
#529=EDGE_CURVE('',#665,#666,#742,.T.);
#530=EDGE_CURVE('',#667,#666,#69,.T.);
#531=EDGE_CURVE('',#667,#668,#743,.T.);
#532=EDGE_CURVE('',#669,#668,#70,.T.);
#533=EDGE_CURVE('',#661,#669,#744,.T.);
#534=EDGE_CURVE('',#659,#661,#745,.T.);
#535=EDGE_CURVE('',#653,#670,#71,.T.);
#536=EDGE_CURVE('',#671,#670,#72,.T.);
#537=EDGE_CURVE('',#648,#671,#73,.F.);
#538=EDGE_CURVE('',#672,#672,#160,.F.);
#539=EDGE_CURVE('',#652,#673,#74,.T.);
#540=EDGE_CURVE('',#674,#673,#75,.T.);
#541=EDGE_CURVE('',#653,#674,#76,.F.);
#542=EDGE_CURVE('',#651,#675,#77,.T.);
#543=EDGE_CURVE('',#676,#675,#78,.T.);
#544=EDGE_CURVE('',#652,#676,#79,.F.);
#545=EDGE_CURVE('',#677,#677,#161,.T.);
#546=EDGE_CURVE('',#675,#660,#80,.T.);
#547=EDGE_CURVE('',#673,#676,#81,.T.);
#548=EDGE_CURVE('',#657,#671,#82,.T.);
#549=EDGE_CURVE('',#670,#674,#83,.T.);
#550=EDGE_CURVE('',#663,#671,#84,.T.);
#551=EDGE_CURVE('',#657,#662,#85,.T.);
#552=EDGE_CURVE('',#669,#660,#86,.T.);
#553=EDGE_CURVE('',#675,#668,#87,.T.);
#554=EDGE_CURVE('',#667,#676,#88,.T.);
#555=EDGE_CURVE('',#673,#666,#89,.T.);
#556=EDGE_CURVE('',#665,#674,#90,.T.);
#557=EDGE_CURVE('',#670,#664,#91,.T.);
#558=EDGE_CURVE('',#678,#679,#92,.T.);
#559=EDGE_CURVE('',#680,#679,#746,.T.);
#560=EDGE_CURVE('',#681,#680,#93,.T.);
#561=EDGE_CURVE('',#681,#678,#747,.T.);
#562=EDGE_CURVE('',#682,#683,#94,.T.);
#563=EDGE_CURVE('',#681,#683,#748,.T.);
#564=EDGE_CURVE('',#684,#680,#749,.T.);
#565=EDGE_CURVE('',#684,#685,#95,.T.);
#566=EDGE_CURVE('',#685,#686,#750,.T.);
#567=EDGE_CURVE('',#686,#687,#96,.T.);
#568=EDGE_CURVE('',#687,#682,#751,.T.);
#569=EDGE_CURVE('',#688,#689,#752,.T.);
#570=EDGE_CURVE('',#689,#690,#162,.T.);
#571=EDGE_CURVE('',#690,#691,#753,.T.);
#572=EDGE_CURVE('',#691,#688,#163,.T.);
#573=EDGE_CURVE('',#691,#692,#754,.T.);
#574=EDGE_CURVE('',#693,#690,#755,.T.);
#575=EDGE_CURVE('',#692,#693,#756,.T.);
#576=EDGE_CURVE('',#694,#692,#164,.T.);
#577=EDGE_CURVE('',#688,#694,#757,.T.);
#578=EDGE_CURVE('',#695,#689,#758,.T.);
#579=EDGE_CURVE('',#695,#694,#759,.T.);
#580=EDGE_CURVE('',#693,#695,#165,.T.);
#581=EDGE_CURVE('',#696,#697,#97,.F.);
#582=EDGE_CURVE('',#698,#697,#98,.T.);
#583=EDGE_CURVE('',#699,#698,#99,.T.);
#584=EDGE_CURVE('',#696,#699,#100,.T.);
#585=EDGE_CURVE('',#700,#701,#760,.T.);
#586=EDGE_CURVE('',#701,#702,#101,.T.);
#587=EDGE_CURVE('',#702,#703,#761,.T.);
#588=EDGE_CURVE('',#704,#703,#762,.T.);
#589=EDGE_CURVE('',#704,#705,#763,.F.);
#590=EDGE_CURVE('',#705,#700,#102,.T.);
#591=EDGE_CURVE('',#706,#707,#764,.T.);
#592=EDGE_CURVE('',#706,#704,#765,.T.);
#593=EDGE_CURVE('',#703,#707,#766,.T.);
#594=EDGE_CURVE('',#696,#708,#767,.F.);
#595=EDGE_CURVE('',#705,#699,#103,.T.);
#596=EDGE_CURVE('',#706,#708,#768,.F.);
#597=EDGE_CURVE('',#709,#702,#769,.T.);
#598=EDGE_CURVE('',#709,#707,#770,.T.);
#599=EDGE_CURVE('',#710,#708,#104,.T.);
#600=EDGE_CURVE('',#697,#710,#105,.T.);
#601=EDGE_CURVE('',#709,#711,#106,.T.);
#602=EDGE_CURVE('',#712,#702,#107,.F.);
#603=EDGE_CURVE('',#711,#712,#108,.T.);
#604=EDGE_CURVE('',#712,#713,#109,.T.);
#605=EDGE_CURVE('',#714,#701,#110,.T.);
#606=EDGE_CURVE('',#713,#714,#111,.F.);
#607=EDGE_CURVE('',#715,#697,#112,.T.);
#608=EDGE_CURVE('',#716,#715,#113,.F.);
#609=EDGE_CURVE('',#700,#716,#114,.T.);
#610=EDGE_CURVE('',#717,#714,#115,.T.);
#611=EDGE_CURVE('',#716,#718,#116,.T.);
#612=EDGE_CURVE('',#717,#718,#771,.T.);
#613=EDGE_CURVE('',#719,#711,#772,.F.);
#614=EDGE_CURVE('',#719,#720,#117,.T.);
#615=EDGE_CURVE('',#721,#720,#773,.T.);
#616=EDGE_CURVE('',#721,#722,#118,.T.);
#617=EDGE_CURVE('',#710,#722,#774,.F.);
#618=EDGE_CURVE('',#683,#717,#119,.T.);
#619=EDGE_CURVE('',#713,#682,#120,.T.);
#620=EDGE_CURVE('',#687,#719,#121,.T.);
#621=EDGE_CURVE('',#720,#686,#122,.T.);
#622=EDGE_CURVE('',#718,#678,#123,.T.);
#623=EDGE_CURVE('',#679,#715,#124,.T.);
#624=EDGE_CURVE('',#685,#721,#125,.T.);
#625=EDGE_CURVE('',#722,#684,#126,.T.);
#626=VERTEX_POINT('',#1451);
#627=VERTEX_POINT('',#1452);
#628=VERTEX_POINT('',#1454);
#629=VERTEX_POINT('',#1456);
#630=VERTEX_POINT('',#1460);
#631=VERTEX_POINT('',#1462);
#632=VERTEX_POINT('',#1466);
#633=VERTEX_POINT('',#1468);
#634=VERTEX_POINT('',#1475);
#635=VERTEX_POINT('',#1477);
#636=VERTEX_POINT('',#1490);
#637=VERTEX_POINT('',#1491);
#638=VERTEX_POINT('',#1496);
#639=VERTEX_POINT('',#1501);
#640=VERTEX_POINT('',#1513);
#641=VERTEX_POINT('',#1514);
#642=VERTEX_POINT('',#1523);
#643=VERTEX_POINT('',#1524);
#644=VERTEX_POINT('',#1534);
#645=VERTEX_POINT('',#1535);
#646=VERTEX_POINT('',#1556);
#647=VERTEX_POINT('',#1573);
#648=VERTEX_POINT('',#1583);
#649=VERTEX_POINT('',#1584);
#650=VERTEX_POINT('',#1587);
#651=VERTEX_POINT('',#1592);
#652=VERTEX_POINT('',#1597);
#653=VERTEX_POINT('',#1602);
#654=VERTEX_POINT('',#1609);
#655=VERTEX_POINT('',#1611);
#656=VERTEX_POINT('',#1627);
#657=VERTEX_POINT('',#1632);
#658=VERTEX_POINT('',#1639);
#659=VERTEX_POINT('',#1668);
#660=VERTEX_POINT('',#1673);
#661=VERTEX_POINT('',#1680);
#662=VERTEX_POINT('',#1682);
#663=VERTEX_POINT('',#1690);
#664=VERTEX_POINT('',#1692);
#665=VERTEX_POINT('',#1700);
#666=VERTEX_POINT('',#1702);
#667=VERTEX_POINT('',#1710);
#668=VERTEX_POINT('',#1712);
#669=VERTEX_POINT('',#1720);
#670=VERTEX_POINT('',#1736);
#671=VERTEX_POINT('',#1741);
#672=VERTEX_POINT('',#1748);
#673=VERTEX_POINT('',#1761);
#674=VERTEX_POINT('',#1766);
#675=VERTEX_POINT('',#1783);
#676=VERTEX_POINT('',#1788);
#677=VERTEX_POINT('',#1795);
#678=VERTEX_POINT('',#2222);
#679=VERTEX_POINT('',#2223);
#680=VERTEX_POINT('',#2225);
#681=VERTEX_POINT('',#2233);
#682=VERTEX_POINT('',#2243);
#683=VERTEX_POINT('',#2244);
#684=VERTEX_POINT('',#2247);
#685=VERTEX_POINT('',#2255);
#686=VERTEX_POINT('',#2257);
#687=VERTEX_POINT('',#2265);
#688=VERTEX_POINT('',#2269);
#689=VERTEX_POINT('',#2270);
#690=VERTEX_POINT('',#2272);
#691=VERTEX_POINT('',#2274);
#692=VERTEX_POINT('',#2278);
#693=VERTEX_POINT('',#2280);
#694=VERTEX_POINT('',#2284);
#695=VERTEX_POINT('',#2288);
#696=VERTEX_POINT('',#2380);
#697=VERTEX_POINT('',#2381);
#698=VERTEX_POINT('',#2386);
#699=VERTEX_POINT('',#2391);
#700=VERTEX_POINT('',#2398);
#701=VERTEX_POINT('',#2399);
#702=VERTEX_POINT('',#2404);
#703=VERTEX_POINT('',#2406);
#704=VERTEX_POINT('',#2408);
#705=VERTEX_POINT('',#2410);
#706=VERTEX_POINT('',#2417);
#707=VERTEX_POINT('',#2418);
#708=VERTEX_POINT('',#2423);
#709=VERTEX_POINT('',#2431);
#710=VERTEX_POINT('',#2445);
#711=VERTEX_POINT('',#2462);
#712=VERTEX_POINT('',#2467);
#713=VERTEX_POINT('',#2484);
#714=VERTEX_POINT('',#2489);
#715=VERTEX_POINT('',#2506);
#716=VERTEX_POINT('',#2511);
#717=VERTEX_POINT('',#2521);
#718=VERTEX_POINT('',#2526);
#719=VERTEX_POINT('',#2530);
#720=VERTEX_POINT('',#2538);
#721=VERTEX_POINT('',#2540);
#722=VERTEX_POINT('',#2548);
#723=LINE('',#1450,#775);
#724=LINE('',#1453,#776);
#725=LINE('',#1455,#777);
#726=LINE('',#1457,#778);
#727=LINE('',#1459,#779);
#728=LINE('',#1461,#780);
#729=LINE('',#1463,#781);
#730=LINE('',#1465,#782);
#731=LINE('',#1467,#783);
#732=LINE('',#1469,#784);
#733=LINE('',#1471,#785);
#734=LINE('',#1472,#786);
#735=LINE('',#1585,#787);
#736=LINE('',#1586,#788);
#737=LINE('',#1638,#789);
#738=LINE('',#1640,#790);
#739=LINE('',#1679,#791);
#740=LINE('',#1681,#792);
#741=LINE('',#1691,#793);
#742=LINE('',#1701,#794);
#743=LINE('',#1711,#795);
#744=LINE('',#1721,#796);
#745=LINE('',#1723,#797);
#746=LINE('',#2224,#798);
#747=LINE('',#2234,#799);
#748=LINE('',#2245,#800);
#749=LINE('',#2246,#801);
#750=LINE('',#2256,#802);
#751=LINE('',#2266,#803);
#752=LINE('',#2268,#804);
#753=LINE('',#2273,#805);
#754=LINE('',#2277,#806);
#755=LINE('',#2279,#807);
#756=LINE('',#2281,#808);
#757=LINE('',#2285,#809);
#758=LINE('',#2287,#810);
#759=LINE('',#2289,#811);
#760=LINE('',#2397,#812);
#761=LINE('',#2405,#813);
#762=LINE('',#2407,#814);
#763=LINE('',#2409,#815);
#764=LINE('',#2416,#816);
#765=LINE('',#2419,#817);
#766=LINE('',#2420,#818);
#767=LINE('',#2422,#819);
#768=LINE('',#2428,#820);
#769=LINE('',#2430,#821);
#770=LINE('',#2432,#822);
#771=LINE('',#2527,#823);
#772=LINE('',#2529,#824);
#773=LINE('',#2539,#825);
#774=LINE('',#2549,#826);
#775=VECTOR('',#1296,1.);
#776=VECTOR('',#1297,1.);
#777=VECTOR('',#1298,1.);
#778=VECTOR('',#1299,1.);
#779=VECTOR('',#1302,1.);
#780=VECTOR('',#1303,1.);
#781=VECTOR('',#1304,1.);
#782=VECTOR('',#1307,1.);
#783=VECTOR('',#1308,1.);
#784=VECTOR('',#1309,1.);
#785=VECTOR('',#1312,1.);
#786=VECTOR('',#1313,1.);
#787=VECTOR('',#1338,1.);
#788=VECTOR('',#1339,1.);
#789=VECTOR('',#1348,1.);
#790=VECTOR('',#1349,1.);
#791=VECTOR('',#1352,1.);
#792=VECTOR('',#1353,1.);
#793=VECTOR('',#1354,1.);
#794=VECTOR('',#1355,1.);
#795=VECTOR('',#1356,1.);
#796=VECTOR('',#1357,1.);
#797=VECTOR('',#1360,1.);
#798=VECTOR('',#1379,1.);
#799=VECTOR('',#1380,1.);
#800=VECTOR('',#1383,1.);
#801=VECTOR('',#1384,1.);
#802=VECTOR('',#1385,1.);
#803=VECTOR('',#1386,1.);
#804=VECTOR('',#1389,1.);
#805=VECTOR('',#1392,1.);
#806=VECTOR('',#1397,1.);
#807=VECTOR('',#1398,1.);
#808=VECTOR('',#1399,1.);
#809=VECTOR('',#1404,1.);
#810=VECTOR('',#1407,1.);
#811=VECTOR('',#1408,1.);
#812=VECTOR('',#1415,1.);
#813=VECTOR('',#1416,1.);
#814=VECTOR('',#1417,1.);
#815=VECTOR('',#1418,1.);
#816=VECTOR('',#1421,1.);
#817=VECTOR('',#1422,1.);
#818=VECTOR('',#1423,1.);
#819=VECTOR('',#1426,1.);
#820=VECTOR('',#1427,1.);
#821=VECTOR('',#1430,1.);
#822=VECTOR('',#1431,1.);
#823=VECTOR('',#1434,1.);
#824=VECTOR('',#1437,1.);
#825=VECTOR('',#1438,1.);
#826=VECTOR('',#1439,1.);
#827=EDGE_LOOP('',(#173,#174,#175,#176));
#828=EDGE_LOOP('',(#177,#178,#179,#180));
#829=EDGE_LOOP('',(#181,#182,#183,#184));
#830=EDGE_LOOP('',(#185,#186,#187,#188));
#831=EDGE_LOOP('',(#189));
#832=EDGE_LOOP('',(#190));
#833=EDGE_LOOP('',(#191,#192,#193,#194));
#834=EDGE_LOOP('',(#195,#196));
#835=EDGE_LOOP('',(#197,#198));
#836=EDGE_LOOP('',(#199));
#837=EDGE_LOOP('',(#200,#201,#202,#203));
#838=EDGE_LOOP('',(#204,#205,#206,#207));
#839=EDGE_LOOP('',(#208));
#840=EDGE_LOOP('',(#209,#210,#211,#212));
#841=EDGE_LOOP('',(#213,#214,#215,#216));
#842=EDGE_LOOP('',(#217,#218,#219,#220,#221,#222,#223,#224));
#843=EDGE_LOOP('',(#225));
#844=EDGE_LOOP('',(#226));
#845=EDGE_LOOP('',(#227,#228,#229,#230));
#846=EDGE_LOOP('',(#231,#232,#233,#234));
#847=EDGE_LOOP('',(#235,#236,#237,#238,#239));
#848=EDGE_LOOP('',(#240,#241,#242,#243));
#849=EDGE_LOOP('',(#244,#245,#246,#247));
#850=EDGE_LOOP('',(#248,#249,#250,#251));
#851=EDGE_LOOP('',(#252,#253,#254,#255,#256,#257,#258,#259,#260,#261,#262,
#263));
#852=EDGE_LOOP('',(#264,#265,#266,#267,#268));
#853=EDGE_LOOP('',(#269,#270,#271,#272));
#854=EDGE_LOOP('',(#273));
#855=EDGE_LOOP('',(#274));
#856=EDGE_LOOP('',(#275,#276,#277,#278));
#857=EDGE_LOOP('',(#279,#280,#281,#282));
#858=EDGE_LOOP('',(#283));
#859=EDGE_LOOP('',(#284));
#860=EDGE_LOOP('',(#285,#286,#287));
#861=EDGE_LOOP('',(#288,#289,#290));
#862=EDGE_LOOP('',(#291,#292,#293));
#863=EDGE_LOOP('',(#294,#295,#296));
#864=EDGE_LOOP('',(#297,#298,#299,#300));
#865=EDGE_LOOP('',(#301,#302,#303,#304));
#866=EDGE_LOOP('',(#305,#306,#307,#308));
#867=EDGE_LOOP('',(#309));
#868=EDGE_LOOP('',(#310,#311,#312,#313));
#869=EDGE_LOOP('',(#314,#315,#316,#317));
#870=EDGE_LOOP('',(#318,#319,#320,#321));
#871=EDGE_LOOP('',(#322));
#872=EDGE_LOOP('',(#323,#324,#325,#326));
#873=EDGE_LOOP('',(#327,#328,#329,#330));
#874=EDGE_LOOP('',(#331,#332,#333,#334));
#875=EDGE_LOOP('',(#335,#336,#337,#338));
#876=EDGE_LOOP('',(#339,#340,#341,#342));
#877=EDGE_LOOP('',(#343,#344,#345,#346,#347,#348,#349,#350));
#878=EDGE_LOOP('',(#351,#352,#353,#354));
#879=EDGE_LOOP('',(#355,#356,#357,#358));
#880=EDGE_LOOP('',(#359,#360,#361,#362));
#881=EDGE_LOOP('',(#363,#364,#365,#366));
#882=EDGE_LOOP('',(#367,#368,#369,#370));
#883=EDGE_LOOP('',(#371,#372,#373,#374));
#884=EDGE_LOOP('',(#375,#376,#377,#378,#379,#380));
#885=EDGE_LOOP('',(#381,#382,#383,#384));
#886=EDGE_LOOP('',(#385,#386,#387,#388));
#887=EDGE_LOOP('',(#389,#390,#391,#392,#393,#394));
#888=EDGE_LOOP('',(#395,#396,#397,#398));
#889=EDGE_LOOP('',(#399,#400,#401,#402));
#890=EDGE_LOOP('',(#403,#404,#405,#406));
#891=EDGE_LOOP('',(#407,#408,#409,#410,#411));
#892=EDGE_LOOP('',(#412,#413,#414,#415,#416,#417,#418));
#893=EDGE_LOOP('',(#419,#420,#421,#422,#423,#424));
#894=EDGE_LOOP('',(#425,#426,#427,#428,#429,#430,#431,#432,#433,#434));
#895=EDGE_LOOP('',(#435,#436,#437,#438,#439));
#896=EDGE_LOOP('',(#440,#441,#442,#443));
#897=EDGE_LOOP('',(#444,#445,#446,#447,#448,#449));
#898=EDGE_LOOP('',(#450,#451,#452,#453,#454));
#899=EDGE_LOOP('',(#455,#456,#457,#458,#459));
#900=EDGE_LOOP('',(#460,#461,#462,#463));
#901=EDGE_LOOP('',(#464,#465,#466,#467,#468,#469,#470));
#902=EDGE_LOOP('',(#471,#472,#473,#474));
#903=FACE_BOUND('',#827,.T.);
#904=FACE_BOUND('',#828,.T.);
#905=FACE_BOUND('',#829,.T.);
#906=FACE_BOUND('',#830,.T.);
#907=FACE_BOUND('',#831,.T.);
#908=FACE_BOUND('',#832,.T.);
#909=FACE_BOUND('',#833,.T.);
#910=FACE_BOUND('',#834,.T.);
#911=FACE_BOUND('',#835,.T.);
#912=FACE_BOUND('',#836,.T.);
#913=FACE_BOUND('',#837,.T.);
#914=FACE_BOUND('',#838,.T.);
#915=FACE_BOUND('',#839,.T.);
#916=FACE_BOUND('',#840,.T.);
#917=FACE_BOUND('',#841,.T.);
#918=FACE_BOUND('',#842,.T.);
#919=FACE_BOUND('',#843,.T.);
#920=FACE_BOUND('',#844,.T.);
#921=FACE_BOUND('',#845,.T.);
#922=FACE_BOUND('',#846,.T.);
#923=FACE_BOUND('',#847,.T.);
#924=FACE_BOUND('',#848,.T.);
#925=FACE_BOUND('',#849,.T.);
#926=FACE_BOUND('',#850,.T.);
#927=FACE_BOUND('',#851,.T.);
#928=FACE_BOUND('',#852,.T.);
#929=FACE_BOUND('',#853,.T.);
#930=FACE_BOUND('',#854,.T.);
#931=FACE_BOUND('',#855,.T.);
#932=FACE_BOUND('',#856,.T.);
#933=FACE_BOUND('',#857,.T.);
#934=FACE_BOUND('',#858,.T.);
#935=FACE_BOUND('',#859,.T.);
#936=FACE_BOUND('',#860,.T.);
#937=FACE_BOUND('',#861,.T.);
#938=FACE_BOUND('',#862,.T.);
#939=FACE_BOUND('',#863,.T.);
#940=FACE_BOUND('',#864,.T.);
#941=FACE_BOUND('',#865,.T.);
#942=FACE_BOUND('',#866,.T.);
#943=FACE_BOUND('',#867,.T.);
#944=FACE_BOUND('',#868,.T.);
#945=FACE_BOUND('',#869,.T.);
#946=FACE_BOUND('',#870,.T.);
#947=FACE_BOUND('',#871,.T.);
#948=FACE_BOUND('',#872,.T.);
#949=FACE_BOUND('',#873,.T.);
#950=FACE_BOUND('',#874,.T.);
#951=FACE_BOUND('',#875,.T.);
#952=FACE_BOUND('',#876,.T.);
#953=FACE_BOUND('',#877,.T.);
#954=FACE_BOUND('',#878,.T.);
#955=FACE_BOUND('',#879,.T.);
#956=FACE_BOUND('',#880,.T.);
#957=FACE_BOUND('',#881,.T.);
#958=FACE_BOUND('',#882,.T.);
#959=FACE_BOUND('',#883,.T.);
#960=FACE_BOUND('',#884,.T.);
#961=FACE_BOUND('',#885,.T.);
#962=FACE_BOUND('',#886,.T.);
#963=FACE_BOUND('',#887,.T.);
#964=FACE_BOUND('',#888,.T.);
#965=FACE_BOUND('',#889,.T.);
#966=FACE_BOUND('',#890,.T.);
#967=FACE_BOUND('',#891,.T.);
#968=FACE_BOUND('',#892,.T.);
#969=FACE_BOUND('',#893,.T.);
#970=FACE_BOUND('',#894,.T.);
#971=FACE_BOUND('',#895,.T.);
#972=FACE_BOUND('',#896,.T.);
#973=FACE_BOUND('',#897,.T.);
#974=FACE_BOUND('',#898,.T.);
#975=FACE_BOUND('',#899,.T.);
#976=FACE_BOUND('',#900,.T.);
#977=FACE_BOUND('',#901,.T.);
#978=FACE_BOUND('',#902,.T.);
#979=PLANE('',#1241);
#980=PLANE('',#1242);
#981=PLANE('',#1243);
#982=PLANE('',#1244);
#983=PLANE('',#1255);
#984=PLANE('',#1256);
#985=PLANE('',#1260);
#986=PLANE('',#1261);
#987=PLANE('',#1262);
#988=PLANE('',#1267);
#989=PLANE('',#1268);
#990=PLANE('',#1269);
#991=PLANE('',#1270);
#992=PLANE('',#1271);
#993=PLANE('',#1272);
#994=PLANE('',#1273);
#995=PLANE('',#1276);
#996=PLANE('',#1279);
#997=PLANE('',#1282);
#998=PLANE('',#1283);
#999=PLANE('',#1284);
#1000=PLANE('',#1285);
#1001=PLANE('',#1286);
#1002=PLANE('',#1287);
#1003=PLANE('',#1288);
#1004=PLANE('',#1289);
#1005=PLANE('',#1290);
#1006=PLANE('',#1291);
#1007=ADVANCED_FACE('',(#903),#979,.T.);
#1008=ADVANCED_FACE('',(#904),#980,.F.);
#1009=ADVANCED_FACE('',(#905),#981,.F.);
#1010=ADVANCED_FACE('',(#906),#982,.T.);
#1011=ADVANCED_FACE('',(#907,#908),#166,.F.);
#1012=ADVANCED_FACE('',(#909),#127,.T.);
#1013=ADVANCED_FACE('',(#910),#167,.F.);
#1014=ADVANCED_FACE('',(#911),#168,.F.);
#1015=ADVANCED_FACE('',(#912,#913),#40,.F.);
#1016=ADVANCED_FACE('',(#914,#915),#983,.T.);
#1017=ADVANCED_FACE('',(#916),#128,.T.);
#1018=ADVANCED_FACE('',(#917),#129,.T.);
#1019=ADVANCED_FACE('',(#918),#984,.F.);
#1020=ADVANCED_FACE('',(#919,#920,#921),#41,.F.);
#1021=ADVANCED_FACE('',(#922),#130,.T.);
#1022=ADVANCED_FACE('',(#923),#985,.F.);
#1023=ADVANCED_FACE('',(#924),#131,.T.);
#1024=ADVANCED_FACE('',(#925),#132,.T.);
#1025=ADVANCED_FACE('',(#926,#927),#986,.F.);
#1026=ADVANCED_FACE('',(#928),#987,.T.);
#1027=ADVANCED_FACE('',(#929),#133,.T.);
#1028=ADVANCED_FACE('',(#930,#931),#169,.F.);
#1029=ADVANCED_FACE('',(#932),#134,.T.);
#1030=ADVANCED_FACE('',(#933),#135,.T.);
#1031=ADVANCED_FACE('',(#934,#935),#170,.F.);
#1032=ADVANCED_FACE('',(#936),#136,.T.);
#1033=ADVANCED_FACE('',(#937),#137,.T.);
#1034=ADVANCED_FACE('',(#938),#138,.T.);
#1035=ADVANCED_FACE('',(#939),#139,.T.);
#1036=ADVANCED_FACE('',(#940),#140,.T.);
#1037=ADVANCED_FACE('',(#941),#141,.T.);
#1038=ADVANCED_FACE('',(#942),#142,.T.);
#1039=ADVANCED_FACE('',(#943,#944),#988,.F.);
#1040=ADVANCED_FACE('',(#945),#143,.T.);
#1041=ADVANCED_FACE('',(#946),#989,.F.);
#1042=ADVANCED_FACE('',(#947,#948),#990,.T.);
#1043=ADVANCED_FACE('',(#949),#991,.T.);
#1044=ADVANCED_FACE('',(#950),#992,.T.);
#1045=ADVANCED_FACE('Face appearance 1',(#951),#144,.F.);
#1046=ADVANCED_FACE('Face appearance 1',(#952,#953),#993,.F.);
#1047=ADVANCED_FACE('Face appearance 1',(#954),#994,.T.);
#1048=ADVANCED_FACE('Face appearance 1',(#955),#995,.F.);
#1049=ADVANCED_FACE('Face appearance 1',(#956),#171,.T.);
#1050=ADVANCED_FACE('Face appearance 1',(#957),#996,.F.);
#1051=ADVANCED_FACE('Face appearance 1',(#958),#172,.T.);
#1052=ADVANCED_FACE('Face appearance 1',(#959),#145,.T.);
#1053=ADVANCED_FACE('Face appearance 1',(#960),#997,.T.);
#1054=ADVANCED_FACE('Face appearance 1',(#961,#962),#998,.F.);
#1055=ADVANCED_FACE('Face appearance 1',(#963),#999,.F.);
#1056=ADVANCED_FACE('Face appearance 1',(#964),#1000,.T.);
#1057=ADVANCED_FACE('Face appearance 1',(#965),#146,.T.);
#1058=ADVANCED_FACE('Face appearance 1',(#966),#147,.T.);
#1059=ADVANCED_FACE('Face appearance 1',(#967),#148,.T.);
#1060=ADVANCED_FACE('Face appearance 1',(#968),#149,.T.);
#1061=ADVANCED_FACE('Face appearance 1',(#969),#1001,.T.);
#1062=ADVANCED_FACE('Face appearance 1',(#970),#1002,.F.);
#1063=ADVANCED_FACE('Face appearance 1',(#971),#150,.T.);
#1064=ADVANCED_FACE('Face appearance 1',(#972),#151,.T.);
#1065=ADVANCED_FACE('Face appearance 1',(#973),#1003,.T.);
#1066=ADVANCED_FACE('Face appearance 1',(#974),#152,.T.);
#1067=ADVANCED_FACE('Face appearance 1',(#975),#1004,.F.);
#1068=ADVANCED_FACE('Face appearance 1',(#976),#153,.T.);
#1069=ADVANCED_FACE('Face appearance 1',(#977),#1005,.F.);
#1070=ADVANCED_FACE('Face appearance 1',(#978),#1006,.T.);
#1071=CLOSED_SHELL('',(#1007,#1008,#1009,#1010,#1011,#1012,#1013,#1014,
#1015,#1016,#1017,#1018,#1019,#1020,#1021,#1022,#1023,#1024,#1025,#1026,
#1027,#1028,#1029,#1030,#1031,#1032,#1033,#1034,#1035,#1036,#1037,#1038,
#1039,#1040,#1041,#1042,#1043,#1044,#1045,#1046,#1047,#1048,#1049,#1050,
#1051,#1052,#1053,#1054,#1055,#1056,#1057,#1058,#1059,#1060,#1061,#1062,
#1063,#1064,#1065,#1066,#1067,#1068,#1069,#1070));
#1072=STYLED_ITEM('',(#1073),#1237);
#1073=PRESENTATION_STYLE_ASSIGNMENT((#1100));
#1074=PRESENTATION_STYLE_ASSIGNMENT((#1101));
#1075=PRESENTATION_STYLE_ASSIGNMENT((#1102));
#1076=PRESENTATION_STYLE_ASSIGNMENT((#1103));
#1077=PRESENTATION_STYLE_ASSIGNMENT((#1104));
#1078=PRESENTATION_STYLE_ASSIGNMENT((#1105));
#1079=PRESENTATION_STYLE_ASSIGNMENT((#1106));
#1080=PRESENTATION_STYLE_ASSIGNMENT((#1107));
#1081=PRESENTATION_STYLE_ASSIGNMENT((#1108));
#1082=PRESENTATION_STYLE_ASSIGNMENT((#1109));
#1083=PRESENTATION_STYLE_ASSIGNMENT((#1110));
#1084=PRESENTATION_STYLE_ASSIGNMENT((#1111));
#1085=PRESENTATION_STYLE_ASSIGNMENT((#1112));
#1086=PRESENTATION_STYLE_ASSIGNMENT((#1113));
#1087=PRESENTATION_STYLE_ASSIGNMENT((#1114));
#1088=PRESENTATION_STYLE_ASSIGNMENT((#1115));
#1089=PRESENTATION_STYLE_ASSIGNMENT((#1116));
#1090=PRESENTATION_STYLE_ASSIGNMENT((#1117));
#1091=PRESENTATION_STYLE_ASSIGNMENT((#1118));
#1092=PRESENTATION_STYLE_ASSIGNMENT((#1119));
#1093=PRESENTATION_STYLE_ASSIGNMENT((#1120));
#1094=PRESENTATION_STYLE_ASSIGNMENT((#1121));
#1095=PRESENTATION_STYLE_ASSIGNMENT((#1122));
#1096=PRESENTATION_STYLE_ASSIGNMENT((#1123));
#1097=PRESENTATION_STYLE_ASSIGNMENT((#1124));
#1098=PRESENTATION_STYLE_ASSIGNMENT((#1125));
#1099=PRESENTATION_STYLE_ASSIGNMENT((#1126));
#1100=SURFACE_STYLE_USAGE(.BOTH.,#1127);
#1101=SURFACE_STYLE_USAGE(.BOTH.,#1128);
#1102=SURFACE_STYLE_USAGE(.BOTH.,#1129);
#1103=SURFACE_STYLE_USAGE(.BOTH.,#1130);
#1104=SURFACE_STYLE_USAGE(.BOTH.,#1131);
#1105=SURFACE_STYLE_USAGE(.BOTH.,#1132);
#1106=SURFACE_STYLE_USAGE(.BOTH.,#1133);
#1107=SURFACE_STYLE_USAGE(.BOTH.,#1134);
#1108=SURFACE_STYLE_USAGE(.BOTH.,#1135);
#1109=SURFACE_STYLE_USAGE(.BOTH.,#1136);
#1110=SURFACE_STYLE_USAGE(.BOTH.,#1137);
#1111=SURFACE_STYLE_USAGE(.BOTH.,#1138);
#1112=SURFACE_STYLE_USAGE(.BOTH.,#1139);
#1113=SURFACE_STYLE_USAGE(.BOTH.,#1140);
#1114=SURFACE_STYLE_USAGE(.BOTH.,#1141);
#1115=SURFACE_STYLE_USAGE(.BOTH.,#1142);
#1116=SURFACE_STYLE_USAGE(.BOTH.,#1143);
#1117=SURFACE_STYLE_USAGE(.BOTH.,#1144);
#1118=SURFACE_STYLE_USAGE(.BOTH.,#1145);
#1119=SURFACE_STYLE_USAGE(.BOTH.,#1146);
#1120=SURFACE_STYLE_USAGE(.BOTH.,#1147);
#1121=SURFACE_STYLE_USAGE(.BOTH.,#1148);
#1122=SURFACE_STYLE_USAGE(.BOTH.,#1149);
#1123=SURFACE_STYLE_USAGE(.BOTH.,#1150);
#1124=SURFACE_STYLE_USAGE(.BOTH.,#1151);
#1125=SURFACE_STYLE_USAGE(.BOTH.,#1152);
#1126=SURFACE_STYLE_USAGE(.BOTH.,#1153);
#1127=SURFACE_SIDE_STYLE('',(#1154));
#1128=SURFACE_SIDE_STYLE('',(#1155));
#1129=SURFACE_SIDE_STYLE('',(#1156));
#1130=SURFACE_SIDE_STYLE('',(#1157));
#1131=SURFACE_SIDE_STYLE('',(#1158));
#1132=SURFACE_SIDE_STYLE('',(#1159));
#1133=SURFACE_SIDE_STYLE('',(#1160));
#1134=SURFACE_SIDE_STYLE('',(#1161));
#1135=SURFACE_SIDE_STYLE('',(#1162));
#1136=SURFACE_SIDE_STYLE('',(#1163));
#1137=SURFACE_SIDE_STYLE('',(#1164));
#1138=SURFACE_SIDE_STYLE('',(#1165));
#1139=SURFACE_SIDE_STYLE('',(#1166));
#1140=SURFACE_SIDE_STYLE('',(#1167));
#1141=SURFACE_SIDE_STYLE('',(#1168));
#1142=SURFACE_SIDE_STYLE('',(#1169));
#1143=SURFACE_SIDE_STYLE('',(#1170));
#1144=SURFACE_SIDE_STYLE('',(#1171));
#1145=SURFACE_SIDE_STYLE('',(#1172));
#1146=SURFACE_SIDE_STYLE('',(#1173));
#1147=SURFACE_SIDE_STYLE('',(#1174));
#1148=SURFACE_SIDE_STYLE('',(#1175));
#1149=SURFACE_SIDE_STYLE('',(#1176));
#1150=SURFACE_SIDE_STYLE('',(#1177));
#1151=SURFACE_SIDE_STYLE('',(#1178));
#1152=SURFACE_SIDE_STYLE('',(#1179));
#1153=SURFACE_SIDE_STYLE('',(#1180));
#1154=SURFACE_STYLE_FILL_AREA(#1181);
#1155=SURFACE_STYLE_FILL_AREA(#1182);
#1156=SURFACE_STYLE_FILL_AREA(#1183);
#1157=SURFACE_STYLE_FILL_AREA(#1184);
#1158=SURFACE_STYLE_FILL_AREA(#1185);
#1159=SURFACE_STYLE_FILL_AREA(#1186);
#1160=SURFACE_STYLE_FILL_AREA(#1187);
#1161=SURFACE_STYLE_FILL_AREA(#1188);
#1162=SURFACE_STYLE_FILL_AREA(#1189);
#1163=SURFACE_STYLE_FILL_AREA(#1190);
#1164=SURFACE_STYLE_FILL_AREA(#1191);
#1165=SURFACE_STYLE_FILL_AREA(#1192);
#1166=SURFACE_STYLE_FILL_AREA(#1193);
#1167=SURFACE_STYLE_FILL_AREA(#1194);
#1168=SURFACE_STYLE_FILL_AREA(#1195);
#1169=SURFACE_STYLE_FILL_AREA(#1196);
#1170=SURFACE_STYLE_FILL_AREA(#1197);
#1171=SURFACE_STYLE_FILL_AREA(#1198);
#1172=SURFACE_STYLE_FILL_AREA(#1199);
#1173=SURFACE_STYLE_FILL_AREA(#1200);
#1174=SURFACE_STYLE_FILL_AREA(#1201);
#1175=SURFACE_STYLE_FILL_AREA(#1202);
#1176=SURFACE_STYLE_FILL_AREA(#1203);
#1177=SURFACE_STYLE_FILL_AREA(#1204);
#1178=SURFACE_STYLE_FILL_AREA(#1205);
#1179=SURFACE_STYLE_FILL_AREA(#1206);
#1180=SURFACE_STYLE_FILL_AREA(#1207);
#1181=FILL_AREA_STYLE('',(#1208));
#1182=FILL_AREA_STYLE('',(#1209));
#1183=FILL_AREA_STYLE('',(#1210));
#1184=FILL_AREA_STYLE('',(#1211));
#1185=FILL_AREA_STYLE('',(#1212));
#1186=FILL_AREA_STYLE('',(#1213));
#1187=FILL_AREA_STYLE('',(#1214));
#1188=FILL_AREA_STYLE('',(#1215));
#1189=FILL_AREA_STYLE('',(#1216));
#1190=FILL_AREA_STYLE('',(#1217));
#1191=FILL_AREA_STYLE('',(#1218));
#1192=FILL_AREA_STYLE('',(#1219));
#1193=FILL_AREA_STYLE('',(#1220));
#1194=FILL_AREA_STYLE('',(#1221));
#1195=FILL_AREA_STYLE('',(#1222));
#1196=FILL_AREA_STYLE('',(#1223));
#1197=FILL_AREA_STYLE('',(#1224));
#1198=FILL_AREA_STYLE('',(#1225));
#1199=FILL_AREA_STYLE('',(#1226));
#1200=FILL_AREA_STYLE('',(#1227));
#1201=FILL_AREA_STYLE('',(#1228));
#1202=FILL_AREA_STYLE('',(#1229));
#1203=FILL_AREA_STYLE('',(#1230));
#1204=FILL_AREA_STYLE('',(#1231));
#1205=FILL_AREA_STYLE('',(#1232));
#1206=FILL_AREA_STYLE('',(#1233));
#1207=FILL_AREA_STYLE('',(#1234));
#1208=FILL_AREA_STYLE_COLOUR('',#1235);
#1209=FILL_AREA_STYLE_COLOUR('',#1236);
#1210=FILL_AREA_STYLE_COLOUR('',#1236);
#1211=FILL_AREA_STYLE_COLOUR('',#1236);
#1212=FILL_AREA_STYLE_COLOUR('',#1236);
#1213=FILL_AREA_STYLE_COLOUR('',#1236);
#1214=FILL_AREA_STYLE_COLOUR('',#1236);
#1215=FILL_AREA_STYLE_COLOUR('',#1236);
#1216=FILL_AREA_STYLE_COLOUR('',#1236);
#1217=FILL_AREA_STYLE_COLOUR('',#1236);
#1218=FILL_AREA_STYLE_COLOUR('',#1236);
#1219=FILL_AREA_STYLE_COLOUR('',#1236);
#1220=FILL_AREA_STYLE_COLOUR('',#1236);
#1221=FILL_AREA_STYLE_COLOUR('',#1236);
#1222=FILL_AREA_STYLE_COLOUR('',#1236);
#1223=FILL_AREA_STYLE_COLOUR('',#1236);
#1224=FILL_AREA_STYLE_COLOUR('',#1236);
#1225=FILL_AREA_STYLE_COLOUR('',#1236);
#1226=FILL_AREA_STYLE_COLOUR('',#1236);
#1227=FILL_AREA_STYLE_COLOUR('',#1236);
#1228=FILL_AREA_STYLE_COLOUR('',#1236);
#1229=FILL_AREA_STYLE_COLOUR('',#1236);
#1230=FILL_AREA_STYLE_COLOUR('',#1236);
#1231=FILL_AREA_STYLE_COLOUR('',#1236);
#1232=FILL_AREA_STYLE_COLOUR('',#1236);
#1233=FILL_AREA_STYLE_COLOUR('',#1236);
#1234=FILL_AREA_STYLE_COLOUR('',#1236);
#1235=COLOUR_RGB('',0.701960784313725,0.682352941176471,0.623529411764706);
#1236=COLOUR_RGB('',0.349019607843138,0.376470588235294,0.4);
#1237=MANIFOLD_SOLID_BREP('1/8"NPT Direct_Action_Valve',#1071);
#1238=SHAPE_DEFINITION_REPRESENTATION(#2624,#1239);
#1239=SHAPE_REPRESENTATION('1/8"NPT Direct_Action_Valve',(#1240),#2619);
#1240=AXIS2_PLACEMENT_3D('',#1448,#1292,#1293);
#1241=AXIS2_PLACEMENT_3D('',#1449,#1294,#1295);
#1242=AXIS2_PLACEMENT_3D('',#1458,#1300,#1301);
#1243=AXIS2_PLACEMENT_3D('',#1464,#1305,#1306);
#1244=AXIS2_PLACEMENT_3D('',#1470,#1310,#1311);
#1245=AXIS2_PLACEMENT_3D('',#1473,#1314,#1315);
#1246=AXIS2_PLACEMENT_3D('',#1474,#1316,#1317);
#1247=AXIS2_PLACEMENT_3D('',#1476,#1318,#1319);
#1248=AXIS2_PLACEMENT_3D('',#1506,#1320,#1321);
#1249=AXIS2_PLACEMENT_3D('',#1515,#1322,#1323);
#1250=AXIS2_PLACEMENT_3D('',#1516,#1324,#1325);
#1251=AXIS2_PLACEMENT_3D('',#1525,#1326,#1327);
#1252=AXIS2_PLACEMENT_3D('',#1526,#1328,#1329);
#1253=AXIS2_PLACEMENT_3D('',#1527,#1330,#1331);
#1254=AXIS2_PLACEMENT_3D('',#1528,#1332,#1333);
#1255=AXIS2_PLACEMENT_3D('',#1529,#1334,#1335);
#1256=AXIS2_PLACEMENT_3D('',#1578,#1336,#1337);
#1257=AXIS2_PLACEMENT_3D('',#1607,#1340,#1341);
#1258=AXIS2_PLACEMENT_3D('',#1608,#1342,#1343);
#1259=AXIS2_PLACEMENT_3D('',#1610,#1344,#1345);
#1260=AXIS2_PLACEMENT_3D('',#1637,#1346,#1347);
#1261=AXIS2_PLACEMENT_3D('',#1678,#1350,#1351);
#1262=AXIS2_PLACEMENT_3D('',#1722,#1358,#1359);
#1263=AXIS2_PLACEMENT_3D('',#1746,#1361,#1362);
#1264=AXIS2_PLACEMENT_3D('',#1747,#1363,#1364);
#1265=AXIS2_PLACEMENT_3D('',#1793,#1365,#1366);
#1266=AXIS2_PLACEMENT_3D('',#1794,#1367,#1368);
#1267=AXIS2_PLACEMENT_3D('',#2180,#1369,#1370);
#1268=AXIS2_PLACEMENT_3D('',#2197,#1371,#1372);
#1269=AXIS2_PLACEMENT_3D('',#2198,#1373,#1374);
#1270=AXIS2_PLACEMENT_3D('',#2199,#1375,#1376);
#1271=AXIS2_PLACEMENT_3D('',#2200,#1377,#1378);
#1272=AXIS2_PLACEMENT_3D('',#2235,#1381,#1382);
#1273=AXIS2_PLACEMENT_3D('',#2267,#1387,#1388);
#1274=AXIS2_PLACEMENT_3D('',#2271,#1390,#1391);
#1275=AXIS2_PLACEMENT_3D('',#2275,#1393,#1394);
#1276=AXIS2_PLACEMENT_3D('',#2276,#1395,#1396);
#1277=AXIS2_PLACEMENT_3D('',#2282,#1400,#1401);
#1278=AXIS2_PLACEMENT_3D('',#2283,#1402,#1403);
#1279=AXIS2_PLACEMENT_3D('',#2286,#1405,#1406);
#1280=AXIS2_PLACEMENT_3D('',#2290,#1409,#1410);
#1281=AXIS2_PLACEMENT_3D('',#2291,#1411,#1412);
#1282=AXIS2_PLACEMENT_3D('',#2396,#1413,#1414);
#1283=AXIS2_PLACEMENT_3D('',#2415,#1419,#1420);
#1284=AXIS2_PLACEMENT_3D('',#2421,#1424,#1425);
#1285=AXIS2_PLACEMENT_3D('',#2429,#1428,#1429);
#1286=AXIS2_PLACEMENT_3D('',#2516,#1432,#1433);
#1287=AXIS2_PLACEMENT_3D('',#2528,#1435,#1436);
#1288=AXIS2_PLACEMENT_3D('',#2582,#1440,#1441);
#1289=AXIS2_PLACEMENT_3D('',#2599,#1442,#1443);
#1290=AXIS2_PLACEMENT_3D('',#2616,#1444,#1445);
#1291=AXIS2_PLACEMENT_3D('',#2617,#1446,#1447);
#1292=DIRECTION('',(0.,0.,1.));
#1293=DIRECTION('',(1.,0.,0.));
#1294=DIRECTION('',(0.,1.,0.));
#1295=DIRECTION('',(0.,0.,1.));
#1296=DIRECTION('',(0.,0.,-1.));
#1297=DIRECTION('',(1.,0.,-2.17988279028862E-16));
#1298=DIRECTION('',(0.,0.,-1.));
#1299=DIRECTION('',(1.,0.,0.));
#1300=DIRECTION('',(1.,0.,0.));
#1301=DIRECTION('',(0.,0.,-1.));
#1302=DIRECTION('',(0.,-1.,0.));
#1303=DIRECTION('',(0.,-1.,0.));
#1304=DIRECTION('',(0.,0.,-1.));
#1305=DIRECTION('',(0.,1.,0.));
#1306=DIRECTION('',(0.,0.,1.));
#1307=DIRECTION('',(1.,0.,-2.17988279028862E-16));
#1308=DIRECTION('',(1.,0.,0.));
#1309=DIRECTION('',(0.,0.,-1.));
#1310=DIRECTION('',(1.,0.,0.));
#1311=DIRECTION('',(0.,0.,-1.));
#1312=DIRECTION('',(0.,-1.,0.));
#1313=DIRECTION('',(0.,-1.,0.));
#1314=DIRECTION('',(0.,1.,0.));
#1315=DIRECTION('',(0.,0.,1.));
#1316=DIRECTION('',(0.,1.,0.));
#1317=DIRECTION('',(0.,0.,1.));
#1318=DIRECTION('',(0.,1.,0.));
#1319=DIRECTION('',(0.,0.,1.));
#1320=DIRECTION('',(0.,1.,0.));
#1321=DIRECTION('',(0.,0.,1.));
#1322=DIRECTION('',(0.,1.,0.));
#1323=DIRECTION('',(0.,0.,1.));
#1324=DIRECTION('',(0.,1.,0.));
#1325=DIRECTION('',(0.,0.,1.));
#1326=DIRECTION('',(0.,1.,0.));
#1327=DIRECTION('',(0.,0.,1.));
#1328=DIRECTION('',(0.,1.,0.));
#1329=DIRECTION('',(0.,0.,1.));
#1330=DIRECTION('',(0.707106781186548,-0.707106781186548,0.));
#1331=DIRECTION('',(0.707106781186548,0.707106781186548,0.));
#1332=DIRECTION('',(0.707106781186548,0.707106781186548,0.));
#1333=DIRECTION('',(0.707106781186548,-0.707106781186548,0.));
#1334=DIRECTION('',(0.,1.,0.));
#1335=DIRECTION('',(-1.,0.,0.));
#1336=DIRECTION('',(0.,0.,1.));
#1337=DIRECTION('',(1.,0.,0.));
#1338=DIRECTION('',(0.,-1.,0.));
#1339=DIRECTION('',(0.,-1.,0.));
#1340=DIRECTION('',(1.,2.39272203583008E-16,0.));
#1341=DIRECTION('',(-2.39272203583008E-16,1.,0.));
#1342=DIRECTION('',(-1.,0.,0.));
#1343=DIRECTION('',(0.,0.,1.));
#1344=DIRECTION('',(-1.,0.,0.));
#1345=DIRECTION('',(0.,0.,1.));
#1346=DIRECTION('',(1.,0.,0.));
#1347=DIRECTION('',(0.,0.,-1.));
#1348=DIRECTION('',(0.,-1.,0.));
#1349=DIRECTION('',(0.,0.,1.));
#1350=DIRECTION('',(0.,0.,-1.));
#1351=DIRECTION('',(-1.,0.,0.));
#1352=DIRECTION('',(0.,-1.,0.));
#1353=DIRECTION('',(1.,0.,-2.17988279028862E-16));
#1354=DIRECTION('',(0.,1.,0.));
#1355=DIRECTION('',(1.,0.,-2.17988279028862E-16));
#1356=DIRECTION('',(-2.39272203583008E-16,1.,5.21585358785035E-32));
#1357=DIRECTION('',(1.,0.,-2.17988279028862E-16));
#1358=DIRECTION('',(1.,0.,0.));
#1359=DIRECTION('',(0.,0.,-1.));
#1360=DIRECTION('',(0.,0.,1.));
#1361=DIRECTION('',(-1.,0.,0.));
#1362=DIRECTION('',(0.,0.,1.));
#1363=DIRECTION('',(-1.,0.,0.));
#1364=DIRECTION('',(0.,0.,1.));
#1365=DIRECTION('',(1.,0.,0.));
#1366=DIRECTION('',(0.,0.,-1.));
#1367=DIRECTION('',(-1.,-2.39272203583008E-16,0.));
#1368=DIRECTION('',(2.39272203583008E-16,-1.,0.));
#1369=DIRECTION('',(-1.,-2.39272203583008E-16,0.));
#1370=DIRECTION('',(2.39272203583008E-16,-1.,0.));
#1371=DIRECTION('',(0.,1.,0.));
#1372=DIRECTION('',(0.,0.,1.));
#1373=DIRECTION('',(-1.,0.,0.));
#1374=DIRECTION('',(0.,0.,1.));
#1375=DIRECTION('',(0.,1.,0.));
#1376=DIRECTION('',(0.,0.,1.));
#1377=DIRECTION('',(0.,1.,0.));
#1378=DIRECTION('',(0.,0.,1.));
#1379=DIRECTION('',(2.17988279028862E-16,0.,1.));
#1380=DIRECTION('',(2.17988279028862E-16,0.,1.));
#1381=DIRECTION('',(2.17988279028862E-16,0.,1.));
#1382=DIRECTION('',(1.,0.,-2.17988279028862E-16));
#1383=DIRECTION('',(-2.39272203583008E-16,1.,5.21585358785035E-32));
#1384=DIRECTION('',(1.,0.,-2.17988279028862E-16));
#1385=DIRECTION('',(0.,1.,0.));
#1386=DIRECTION('',(1.,0.,-2.17988279028862E-16));
#1387=DIRECTION('',(-1.,0.,0.));
#1388=DIRECTION('',(0.,-1.,0.));
#1389=DIRECTION('',(0.,-1.,0.));
#1390=DIRECTION('',(-1.,0.,0.));
#1391=DIRECTION('',(0.,0.,1.));
#1392=DIRECTION('',(0.,1.,5.78241158658941E-16));
#1393=DIRECTION('',(-1.,0.,0.));
#1394=DIRECTION('',(0.,0.,1.));
#1395=DIRECTION('',(0.707106781186548,4.08878244448904E-16,-0.707106781186548));
#1396=DIRECTION('',(0.,-1.,-5.78241158658941E-16));
#1397=DIRECTION('',(0.707106781186548,0.,0.707106781186547));
#1398=DIRECTION('',(-0.707106781186547,0.,-0.707106781186548));
#1399=DIRECTION('',(0.,-1.,-5.78241158658941E-16));
#1400=DIRECTION('',(1.,0.,0.));
#1401=DIRECTION('',(0.,0.,-1.));
#1402=DIRECTION('',(1.,0.,0.));
#1403=DIRECTION('',(0.,0.,-1.));
#1404=DIRECTION('',(0.707106781186547,0.,-0.707106781186548));
#1405=DIRECTION('',(0.707106781186548,0.,0.707106781186548));
#1406=DIRECTION('',(0.,1.,0.));
#1407=DIRECTION('',(-0.707106781186547,0.,0.707106781186548));
#1408=DIRECTION('',(0.,1.,0.));
#1409=DIRECTION('',(1.,0.,0.));
#1410=DIRECTION('',(0.,0.,-1.));
#1411=DIRECTION('',(1.,0.,0.));
#1412=DIRECTION('',(0.,0.,-1.));
#1413=DIRECTION('',(0.,0.,1.));
#1414=DIRECTION('',(1.,0.,0.));
#1415=DIRECTION('',(-2.39272203583008E-16,1.,0.));
#1416=DIRECTION('',(-0.707106781186548,-0.707106781186548,0.));
#1417=DIRECTION('',(0.,1.,0.));
#1418=DIRECTION('',(-0.707106781186548,0.707106781186548,0.));
#1419=DIRECTION('',(1.,0.,0.));
#1420=DIRECTION('',(0.,0.,-1.));
#1421=DIRECTION('',(0.,1.,0.));
#1422=DIRECTION('',(0.,0.,1.));
#1423=DIRECTION('',(0.,0.,-1.));
#1424=DIRECTION('',(0.707106781186548,0.707106781186548,0.));
#1425=DIRECTION('',(0.,0.,-1.));
#1426=DIRECTION('',(0.,0.,1.));
#1427=DIRECTION('',(-0.577350269189625,0.577350269189625,0.577350269189628));
#1428=DIRECTION('',(-0.707106781186548,0.707106781186548,0.));
#1429=DIRECTION('',(0.,0.,1.));
#1430=DIRECTION('',(0.,0.,1.));
#1431=DIRECTION('',(-0.577350269189625,-0.577350269189625,0.577350269189628));
#1432=DIRECTION('',(0.707106781186548,1.69190997702993E-16,0.707106781186548));
#1433=DIRECTION('',(2.39272203583008E-16,-1.,0.));
#1434=DIRECTION('',(2.39272203583008E-16,-1.,0.));
#1435=DIRECTION('',(0.707106781186549,0.,0.707106781186546));
#1436=DIRECTION('',(0.,1.,0.));
#1437=DIRECTION('',(0.707106781186548,0.,-0.707106781186548));
#1438=DIRECTION('',(0.,1.,0.));
#1439=DIRECTION('',(-0.707106781186548,0.,0.707106781186548));
#1440=DIRECTION('',(0.,1.,0.));
#1441=DIRECTION('',(0.,0.,1.));
#1442=DIRECTION('',(-1.,-2.39272203583008E-16,0.));
#1443=DIRECTION('',(2.39272203583008E-16,-1.,0.));
#1444=DIRECTION('',(0.,1.,0.));
#1445=DIRECTION('',(0.,0.,1.));
#1446=DIRECTION('',(-1.,0.,0.));
#1447=DIRECTION('',(0.,0.,1.));
#1448=CARTESIAN_POINT('',(0.,0.,0.));
#1449=CARTESIAN_POINT('',(-0.0444031800114296,-0.0258832234242196,0.0207));
#1450=CARTESIAN_POINT('',(-0.0671531800114297,-0.0258832234242196,0.0207));
#1451=CARTESIAN_POINT('',(-0.0671531800114297,-0.0258832234242196,-0.00409999999999971));
#1452=CARTESIAN_POINT('',(-0.0671531800114297,-0.0258832234242196,-0.0043));
#1453=CARTESIAN_POINT('',(-0.0444031800114297,-0.0258832234242196,-0.00409999999999971));
#1454=CARTESIAN_POINT('',(-0.0361531800114296,-0.0258832234242196,-0.00409999999999971));
#1455=CARTESIAN_POINT('',(-0.0361531800114296,-0.0258832234242196,0.0207));
#1456=CARTESIAN_POINT('',(-0.0361531800114296,-0.0258832234242196,-0.0043));
#1457=CARTESIAN_POINT('',(-0.0566531800114297,-0.0258832234242196,-0.0043));
#1458=CARTESIAN_POINT('',(-0.0671531800114297,-0.0393832234242197,0.0207));
#1459=CARTESIAN_POINT('',(-0.0671531800114297,-0.0393832234242197,-0.00409999999999971));
#1460=CARTESIAN_POINT('',(-0.0671531800114297,-0.0528832234242197,-0.00409999999999971));
#1461=CARTESIAN_POINT('',(-0.0671531800114297,-0.0218832234242197,-0.0043));
#1462=CARTESIAN_POINT('',(-0.0671531800114297,-0.0528832234242197,-0.0043));
#1463=CARTESIAN_POINT('',(-0.0671531800114297,-0.0528832234242197,0.0207));
#1464=CARTESIAN_POINT('',(-0.0444031800114296,-0.0528832234242197,0.0207));
#1465=CARTESIAN_POINT('',(-0.0444031800114297,-0.0528832234242197,-0.00409999999999971));
#1466=CARTESIAN_POINT('',(-0.0361531800114296,-0.0528832234242197,-0.00409999999999971));
#1467=CARTESIAN_POINT('',(-0.0566531800114297,-0.0528832234242197,-0.0043));
#1468=CARTESIAN_POINT('',(-0.0361531800114296,-0.0528832234242197,-0.0043));
#1469=CARTESIAN_POINT('',(-0.0361531800114296,-0.0528832234242197,0.0207));
#1470=CARTESIAN_POINT('',(-0.0361531800114296,-0.0393832234242197,0.0207));
#1471=CARTESIAN_POINT('',(-0.0361531800114296,-0.0393832234242197,-0.00409999999999972));
#1472=CARTESIAN_POINT('',(-0.0361531800114296,-0.0218832234242197,-0.0043));
#1473=CARTESIAN_POINT('',(-0.0516531800114296,-0.0224832234242197,-0.0163));
#1474=CARTESIAN_POINT('',(-0.0516531800114296,-0.0218832234242197,-0.0163));
#1475=CARTESIAN_POINT('',(-0.0516531800114296,-0.0218832234242197,-0.0112));
#1476=CARTESIAN_POINT('',(-0.0516531800114296,-0.0224832234242197,-0.0163));
#1477=CARTESIAN_POINT('',(-0.0516531800114296,-0.0224832234242197,-0.0118));
#1478=CARTESIAN_POINT('',(-0.0415331800114175,-0.0218832234242197,-0.0273));
#1479=CARTESIAN_POINT('',(-0.0617731800114298,-0.0218832234242197,-0.0273));
#1480=CARTESIAN_POINT('',(-0.0415331800114175,-0.0218832234242197,-0.0286333333333335));
#1481=CARTESIAN_POINT('',(-0.0617731800114298,-0.0218832234242197,-0.0286333333333335));
#1482=CARTESIAN_POINT('',(-0.0415331800114175,-0.0225498900908865,-0.0293000000000001));
#1483=CARTESIAN_POINT('',(-0.0617731800114298,-0.0225498900908865,-0.0293000000000001));
#1484=CARTESIAN_POINT('',(-0.0415331800114175,-0.02388322342422,-0.0293));
#1485=CARTESIAN_POINT('',(-0.0617731800114298,-0.02388322342422,-0.0293));
#1486=CARTESIAN_POINT('',(-0.0616531800114297,-0.0238832234242197,-0.0293));
#1487=CARTESIAN_POINT('',(-0.0616531800114297,-0.0225498900889035,-0.0293));
#1488=CARTESIAN_POINT('',(-0.060986513344763,-0.0218832234242197,-0.0286333333313505));
#1489=CARTESIAN_POINT('',(-0.0596531800114297,-0.0218832234242197,-0.0273));
#1490=CARTESIAN_POINT('',(-0.0616531800114297,-0.0238832234242197,-0.0293));
#1491=CARTESIAN_POINT('',(-0.0596531800114297,-0.0218832234242197,-0.0272999999999991));
#1492=CARTESIAN_POINT('',(-0.0436531800114296,-0.0218832234242197,-0.0273));
#1493=CARTESIAN_POINT('',(-0.0489865133447625,-0.0218832234242197,-0.0273));
#1494=CARTESIAN_POINT('',(-0.0543198466780954,-0.0218832234242197,-0.0273));
#1495=CARTESIAN_POINT('',(-0.0596531800114284,-0.0218832234242197,-0.0273));
#1496=CARTESIAN_POINT('',(-0.0436531800114296,-0.0218832234242197,-0.0273));
#1497=CARTESIAN_POINT('',(-0.0436531800114296,-0.0218832234242197,-0.0273));
#1498=CARTESIAN_POINT('',(-0.0423198466780963,-0.0218832234242197,-0.0286333333309366));
#1499=CARTESIAN_POINT('',(-0.0416531800114296,-0.0225498900884896,-0.0293));
#1500=CARTESIAN_POINT('',(-0.0416531800114296,-0.0238832234242197,-0.0293));
#1501=CARTESIAN_POINT('',(-0.0416531800114296,-0.0238832234242197,-0.0293));
#1502=CARTESIAN_POINT('',(-0.0616531800114295,-0.02388322342422,-0.0293));
#1503=CARTESIAN_POINT('',(-0.0549865133447588,-0.02388322342422,-0.0293));
#1504=CARTESIAN_POINT('',(-0.0483198466780882,-0.02388322342422,-0.0293));
#1505=CARTESIAN_POINT('',(-0.0416531800114176,-0.02388322342422,-0.0293));
#1506=CARTESIAN_POINT('',(-0.0516531800114296,-0.0378832234242197,-0.0163));
#1507=CARTESIAN_POINT('',(-0.0491531800114296,-0.0368832234242197,-0.020041657386774));
#1508=CARTESIAN_POINT('',(-0.0495500204207194,-0.0370249521418232,-0.0201363538694774));
#1509=CARTESIAN_POINT('',(-0.0503565195432391,-0.0372650509938188,-0.0202738190630137));
#1510=CARTESIAN_POINT('',(-0.0520876133218289,-0.0374600030470666,-0.0203668280278774));
#1511=CARTESIAN_POINT('',(-0.0533586398798438,-0.0371669877569289,-0.0202312554066997));
#1512=CARTESIAN_POINT('',(-0.0541531800114296,-0.0368832234242197,-0.020041657386774));
#1513=CARTESIAN_POINT('',(-0.0491531800114296,-0.0368832234242197,-0.020041657386774));
#1514=CARTESIAN_POINT('',(-0.0541531800114296,-0.0368832234242197,-0.020041657386774));
#1515=CARTESIAN_POINT('',(-0.0516531800114296,-0.0368832234242197,-0.0163));
#1516=CARTESIAN_POINT('',(-0.0516531800114296,-0.0378832234242197,-0.0163));
#1517=CARTESIAN_POINT('',(-0.0541531800114296,-0.0368832234242197,-0.0125583426132261));
#1518=CARTESIAN_POINT('',(-0.0537563396021398,-0.0370249521418232,-0.0124636461305226));
#1519=CARTESIAN_POINT('',(-0.0529498404796202,-0.0372650509938188,-0.0123261809369863));
#1520=CARTESIAN_POINT('',(-0.0512187467010302,-0.0374600030470666,-0.0122331719721226));
#1521=CARTESIAN_POINT('',(-0.0499477201430154,-0.0371669877569289,-0.0123687445933003));
#1522=CARTESIAN_POINT('',(-0.0491531800114296,-0.0368832234242197,-0.012558342613226));
#1523=CARTESIAN_POINT('',(-0.0541531800114296,-0.0368832234242197,-0.0125583426132261));
#1524=CARTESIAN_POINT('',(-0.0491531800114296,-0.0368832234242197,-0.0125583426132261));
#1525=CARTESIAN_POINT('',(-0.0516531800114296,-0.0368832234242197,-0.0163));
#1526=CARTESIAN_POINT('',(-0.0516531800114296,-0.0378832234242197,-0.0163));
#1527=CARTESIAN_POINT('',(-0.0516531800114296,-0.0393832234242197,-0.0163));
#1528=CARTESIAN_POINT('',(-0.0516531800114296,-0.0393832234242197,-0.0163));
#1529=CARTESIAN_POINT('',(-0.0516531800114296,-0.0218832234242197,-0.0018));
#1530=CARTESIAN_POINT('',(-0.0596531800114296,-0.0218832234242197,-0.0063));
#1531=CARTESIAN_POINT('',(-0.0543198466780963,-0.0218832234242197,-0.0063));
#1532=CARTESIAN_POINT('',(-0.0489865133447629,-0.0218832234242197,-0.0063));
#1533=CARTESIAN_POINT('',(-0.0436531800114296,-0.0218832234242197,-0.0063));
#1534=CARTESIAN_POINT('',(-0.0596531800114297,-0.0218832234242197,-0.0063));
#1535=CARTESIAN_POINT('',(-0.0436531800114296,-0.0218832234242197,-0.0063));
#1536=CARTESIAN_POINT('',(-0.0436531800114296,-0.0218832234242197,-0.0063));
#1537=CARTESIAN_POINT('',(-0.0436531800114296,-0.0218832234242197,-0.0133));
#1538=CARTESIAN_POINT('',(-0.0436531800114296,-0.0218832234242197,-0.0203));
#1539=CARTESIAN_POINT('',(-0.0436531800114296,-0.0218832234242197,-0.0273));
#1540=CARTESIAN_POINT('',(-0.0596531800114296,-0.0218832234242197,-0.0272999999999991));
#1541=CARTESIAN_POINT('',(-0.0596531800114296,-0.0218832234242197,-0.0202999999999994));
#1542=CARTESIAN_POINT('',(-0.0596531800114296,-0.0218832234242197,-0.0132999999999997));
#1543=CARTESIAN_POINT('',(-0.0596531800114296,-0.0218832234242197,-0.0063));
#1544=CARTESIAN_POINT('',(-0.0616531800114297,-0.0238832234242197,-0.00414999999999138));
#1545=CARTESIAN_POINT('',(-0.0616531800114297,-0.0238832234242197,-0.0294500000000001));
#1546=CARTESIAN_POINT('',(-0.0616531800114297,-0.0225498900908863,-0.00414999999999138));
#1547=CARTESIAN_POINT('',(-0.0616531800114297,-0.0225498900908863,-0.02945));
#1548=CARTESIAN_POINT('',(-0.0609865133447631,-0.0218832234242197,-0.00414999999999141));
#1549=CARTESIAN_POINT('',(-0.0609865133447631,-0.0218832234242197,-0.0294500000000001));
#1550=CARTESIAN_POINT('',(-0.0596531800114296,-0.0218832234242197,-0.00414999999999139));
#1551=CARTESIAN_POINT('',(-0.0596531800114296,-0.0218832234242197,-0.0294500000000001));
#1552=CARTESIAN_POINT('',(-0.0616531800114297,-0.0238832234242197,-0.0043));
#1553=CARTESIAN_POINT('',(-0.0616531800114297,-0.0225498900908645,-0.0043));
#1554=CARTESIAN_POINT('',(-0.0609865133447412,-0.0218832234242197,-0.00496666666666669));
#1555=CARTESIAN_POINT('',(-0.0596531800114296,-0.0218832234242197,-0.0063));
#1556=CARTESIAN_POINT('',(-0.0616531800114297,-0.0238832234242197,-0.0043));
#1557=CARTESIAN_POINT('',(-0.0616531800114297,-0.0238832234242197,-0.00429999999999144));
#1558=CARTESIAN_POINT('',(-0.0616531800114297,-0.0238832234242197,-0.0126333333333276));
#1559=CARTESIAN_POINT('',(-0.0616531800114297,-0.0238832234242197,-0.0209666666666637));
#1560=CARTESIAN_POINT('',(-0.0616531800114297,-0.0238832234242197,-0.0292999999999998));
#1561=CARTESIAN_POINT('',(-0.0416531800114296,-0.0238832234242197,-0.0294500000000172));
#1562=CARTESIAN_POINT('',(-0.0416531800114296,-0.0238832234242197,-0.00414999999998276));
#1563=CARTESIAN_POINT('',(-0.0416531800114296,-0.0225498900908864,-0.0294500000000172));
#1564=CARTESIAN_POINT('',(-0.0416531800114296,-0.0225498900908864,-0.00414999999998275));
#1565=CARTESIAN_POINT('',(-0.0423198466780963,-0.0218832234242197,-0.0294500000000172));
#1566=CARTESIAN_POINT('',(-0.0423198466780963,-0.0218832234242197,-0.00414999999998275));
#1567=CARTESIAN_POINT('',(-0.0436531800114296,-0.0218832234242197,-0.0294500000000172));
#1568=CARTESIAN_POINT('',(-0.0436531800114296,-0.0218832234242197,-0.00414999999998276));
#1569=CARTESIAN_POINT('',(-0.0436531800114296,-0.0218832234242197,-0.0063));
#1570=CARTESIAN_POINT('',(-0.0423198466821831,-0.0218832234242197,-0.00496666666666666));
#1571=CARTESIAN_POINT('',(-0.0416531800114296,-0.0225498900867996,-0.00429999999999999));
#1572=CARTESIAN_POINT('',(-0.0416531800114296,-0.0238832234242197,-0.0043));
#1573=CARTESIAN_POINT('',(-0.0416531800114296,-0.0238832234242197,-0.0043));
#1574=CARTESIAN_POINT('',(-0.0416531800114296,-0.0238832234242197,-0.029300000000017));
#1575=CARTESIAN_POINT('',(-0.0416531800114296,-0.0238832234242197,-0.0209666666666723));
#1576=CARTESIAN_POINT('',(-0.0416531800114296,-0.0238832234242197,-0.0126333333333276));
#1577=CARTESIAN_POINT('',(-0.0416531800114296,-0.0238832234242197,-0.00429999999998296));
#1578=CARTESIAN_POINT('',(-0.035,-0.12719161171211,-0.0293));
#1579=CARTESIAN_POINT('',(-0.0661531800114297,-0.02688322342422,-0.0293));
#1580=CARTESIAN_POINT('',(-0.0646531800114297,-0.02688322342422,-0.0293));
#1581=CARTESIAN_POINT('',(-0.0631531800114297,-0.02688322342422,-0.0293));
#1582=CARTESIAN_POINT('',(-0.0616531800114297,-0.02688322342422,-0.0293));
#1583=CARTESIAN_POINT('',(-0.0661531800114297,-0.0268832234242197,-0.0293));
#1584=CARTESIAN_POINT('',(-0.0616531800114296,-0.0268832234242197,-0.0293));
#1585=CARTESIAN_POINT('',(-0.0616531800114297,-0.0218832234242197,-0.0293));
#1586=CARTESIAN_POINT('',(-0.0416531800114296,-0.0218832234242197,-0.0293));
#1587=CARTESIAN_POINT('',(-0.0416531800114296,-0.0268832234242197,-0.0293));
#1588=CARTESIAN_POINT('',(-0.0416531800114296,-0.02688322342422,-0.0293));
#1589=CARTESIAN_POINT('',(-0.0401531800114297,-0.02688322342422,-0.0293));
#1590=CARTESIAN_POINT('',(-0.0386531800114297,-0.02688322342422,-0.0293));
#1591=CARTESIAN_POINT('',(-0.0371531800114297,-0.02688322342422,-0.0293));
#1592=CARTESIAN_POINT('',(-0.0371531800114296,-0.0268832234242197,-0.0293));
#1593=CARTESIAN_POINT('',(-0.0371531800114297,-0.0268832234242198,-0.0293));
#1594=CARTESIAN_POINT('',(-0.0371531800114297,-0.0352165567575532,-0.0293));
#1595=CARTESIAN_POINT('',(-0.0371531800114297,-0.0435498900908865,-0.0293));
#1596=CARTESIAN_POINT('',(-0.0371531800114297,-0.0518832234242198,-0.0293));
#1597=CARTESIAN_POINT('',(-0.0371531800114296,-0.0518832234242197,-0.0293));
#1598=CARTESIAN_POINT('',(-0.0371531800114297,-0.0518832234242198,-0.0293));
#1599=CARTESIAN_POINT('',(-0.0468198466780963,-0.0518832234242198,-0.0293));
#1600=CARTESIAN_POINT('',(-0.056486513344763,-0.0518832234242198,-0.0293));
#1601=CARTESIAN_POINT('',(-0.0661531800114297,-0.0518832234242198,-0.0293));
#1602=CARTESIAN_POINT('',(-0.0661531800114297,-0.0518832234242197,-0.0293));
#1603=CARTESIAN_POINT('',(-0.0661531800114297,-0.0518832234242199,-0.0293));
#1604=CARTESIAN_POINT('',(-0.0661531800114297,-0.0435498900908866,-0.0293));
#1605=CARTESIAN_POINT('',(-0.0661531800114297,-0.0352165567575533,-0.0293));
#1606=CARTESIAN_POINT('',(-0.0661531800114297,-0.02688322342422,-0.0293));
#1607=CARTESIAN_POINT('',(-0.0752531800114297,-0.0393832234242197,-0.0163));
#1608=CARTESIAN_POINT('',(-0.0675531800114297,-0.0393832234242197,-0.0163));
#1609=CARTESIAN_POINT('',(-0.0675531800114297,-0.0393832234242197,-0.0118));
#1610=CARTESIAN_POINT('',(-0.0357531800114297,-0.0393832234242197,-0.0163));
#1611=CARTESIAN_POINT('',(-0.0357531800114297,-0.0393832234242197,-0.0118));
#1612=CARTESIAN_POINT('',(-0.0616531800114296,-0.0248832234242197,-0.0273));
#1613=CARTESIAN_POINT('',(-0.0661802403714296,-0.0248832234242197,-0.0273));
#1614=CARTESIAN_POINT('',(-0.0616531800114297,-0.0248832234242197,-0.0286333333333334));
#1615=CARTESIAN_POINT('',(-0.0661802403714296,-0.0248832234242197,-0.0286333333333334));
#1616=CARTESIAN_POINT('',(-0.0616531800114297,-0.0255498900908865,-0.0293000000000001));
#1617=CARTESIAN_POINT('',(-0.0661802403714296,-0.0255498900908865,-0.0293000000000001));
#1618=CARTESIAN_POINT('',(-0.0616531800114297,-0.02688322342422,-0.0293));
#1619=CARTESIAN_POINT('',(-0.0661802403714296,-0.02688322342422,-0.0293));
#1620=CARTESIAN_POINT('',(-0.0616531800114297,-0.0268832234242197,-0.0293));
#1621=CARTESIAN_POINT('',(-0.0616531800114297,-0.0266123575225393,-0.0293));
#1622=CARTESIAN_POINT('',(-0.0616531800114296,-0.0260803006870155,-0.0292532107215941));
#1623=CARTESIAN_POINT('',(-0.0616531800114298,-0.0253257810861256,-0.0288616265815045));
#1624=CARTESIAN_POINT('',(-0.0616531800114296,-0.0249337769129959,-0.0281180913376865));
#1625=CARTESIAN_POINT('',(-0.0616531800114297,-0.0248832234242197,-0.0275724058838471));
#1626=CARTESIAN_POINT('',(-0.0616531800114297,-0.0248832234242197,-0.0273));
#1627=CARTESIAN_POINT('',(-0.0616531800114297,-0.0248832234242197,-0.0273));
#1628=CARTESIAN_POINT('',(-0.0661531800114296,-0.0268832234242197,-0.0293));
#1629=CARTESIAN_POINT('',(-0.0661532000114296,-0.0255498900910986,-0.0293));
#1630=CARTESIAN_POINT('',(-0.0661532200114296,-0.024883223424432,-0.0286333333335456));
#1631=CARTESIAN_POINT('',(-0.0661532400114296,-0.0248832234242197,-0.0273000000006368));
#1632=CARTESIAN_POINT('',(-0.0661532100114297,-0.0248832234244447,-0.0273));
#1633=CARTESIAN_POINT('',(-0.0616531800114297,-0.0248832234242197,-0.0273));
#1634=CARTESIAN_POINT('',(-0.0631531800114297,-0.0248832234242197,-0.0273));
#1635=CARTESIAN_POINT('',(-0.0646531800114297,-0.0248832234242197,-0.0273));
#1636=CARTESIAN_POINT('',(-0.0661531800114297,-0.0248832234242197,-0.0273));
#1637=CARTESIAN_POINT('',(-0.0616531800114297,-0.0218832234242197,-0.0168));
#1638=CARTESIAN_POINT('',(-0.0616531800114297,-0.0218832234242197,-0.0043));
#1639=CARTESIAN_POINT('',(-0.0616531800114297,-0.0248832234242197,-0.00429999999999971));
#1640=CARTESIAN_POINT('',(-0.0616531800114297,-0.0248832234242197,-0.0168));
#1641=CARTESIAN_POINT('',(-0.0415331800114175,-0.0238832234242197,-0.0043));
#1642=CARTESIAN_POINT('',(-0.0617731800114417,-0.0238832234242197,-0.0043));
#1643=CARTESIAN_POINT('',(-0.0415331800114175,-0.0225498900908864,-0.00429999999999999));
#1644=CARTESIAN_POINT('',(-0.0617731800114417,-0.0225498900908864,-0.00429999999999999));
#1645=CARTESIAN_POINT('',(-0.0415331800114175,-0.0218832234242197,-0.00496666666666666));
#1646=CARTESIAN_POINT('',(-0.0617731800114417,-0.0218832234242197,-0.00496666666666666));
#1647=CARTESIAN_POINT('',(-0.0415331800114175,-0.0218832234242197,-0.0063));
#1648=CARTESIAN_POINT('',(-0.0617731800114417,-0.0218832234242197,-0.0063));
#1649=CARTESIAN_POINT('',(-0.0416531800114176,-0.0238832234242197,-0.0043));
#1650=CARTESIAN_POINT('',(-0.0483198466780923,-0.0238832234242197,-0.0043));
#1651=CARTESIAN_POINT('',(-0.0549865133447669,-0.0238832234242197,-0.0043));
#1652=CARTESIAN_POINT('',(-0.0616531800114416,-0.0238832234242197,-0.0043));
#1653=CARTESIAN_POINT('',(-0.0371531800114296,-0.0248832234242197,-0.0273));
#1654=CARTESIAN_POINT('',(-0.0416531800114297,-0.0248832234242197,-0.0273));
#1655=CARTESIAN_POINT('',(-0.0371531800114296,-0.0248832234242197,-0.0286333333333334));
#1656=CARTESIAN_POINT('',(-0.0416531800114297,-0.0248832234242197,-0.0286333333333334));
#1657=CARTESIAN_POINT('',(-0.0371531800114296,-0.0255498900908865,-0.0293000000000001));
#1658=CARTESIAN_POINT('',(-0.0416531800114297,-0.0255498900908865,-0.0293000000000001));
#1659=CARTESIAN_POINT('',(-0.0371531800114296,-0.02688322342422,-0.0293));
#1660=CARTESIAN_POINT('',(-0.0416531800114297,-0.02688322342422,-0.0293));
#1661=CARTESIAN_POINT('',(-0.0416531800114296,-0.0248832234242197,-0.0273));
#1662=CARTESIAN_POINT('',(-0.0416531800114296,-0.0248832234242197,-0.0275708659016804));
#1663=CARTESIAN_POINT('',(-0.0416531800114296,-0.0249300127026255,-0.0281029227372041));
#1664=CARTESIAN_POINT('',(-0.0416531800114296,-0.0253215968427152,-0.0288574423380941));
#1665=CARTESIAN_POINT('',(-0.0416531800114296,-0.0260651320865331,-0.0292494465112237));
#1666=CARTESIAN_POINT('',(-0.0416531800114296,-0.0266108175403726,-0.0293));
#1667=CARTESIAN_POINT('',(-0.0416531800114296,-0.0268832234242197,-0.0293));
#1668=CARTESIAN_POINT('',(-0.0416531800114296,-0.0248832234242197,-0.0273));
#1669=CARTESIAN_POINT('',(-0.0371531800114297,-0.0248832234242197,-0.0273));
#1670=CARTESIAN_POINT('',(-0.0386531800114297,-0.0248832234242197,-0.0273));
#1671=CARTESIAN_POINT('',(-0.0401531800114297,-0.0248832234242197,-0.0273));
#1672=CARTESIAN_POINT('',(-0.0416531800114297,-0.0248832234242197,-0.0273));
#1673=CARTESIAN_POINT('',(-0.0371531800114296,-0.0248832234242197,-0.0273));
#1674=CARTESIAN_POINT('',(-0.0371531800114296,-0.0248832234242197,-0.0273));
#1675=CARTESIAN_POINT('',(-0.0371531800114296,-0.0248832234242197,-0.0286333333333333));
#1676=CARTESIAN_POINT('',(-0.0371531800114296,-0.0255498900908863,-0.0293));
#1677=CARTESIAN_POINT('',(-0.0371531800114296,-0.0268832234242197,-0.0293));
#1678=CARTESIAN_POINT('',(-0.0566531800114297,-0.0218832234242197,-0.0043));
#1679=CARTESIAN_POINT('',(-0.0416531800114296,-0.0218832234242197,-0.0043));
#1680=CARTESIAN_POINT('',(-0.0416531800114296,-0.0248832234242197,-0.00429999999999971));
#1681=CARTESIAN_POINT('',(-0.0357374300114296,-0.0248832234242197,-0.00429999999999971));
#1682=CARTESIAN_POINT('',(-0.0661531800114297,-0.0248832234242197,-0.00429999999999971));
#1683=CARTESIAN_POINT('',(-0.0681531800114297,-0.0268832234242116,-0.0043));
#1684=CARTESIAN_POINT('',(-0.0681531800114291,-0.0266118659830151,-0.0043));
#1685=CARTESIAN_POINT('',(-0.068106232426106,-0.0260787870447391,-0.0043));
#1686=CARTESIAN_POINT('',(-0.0677129222365595,-0.0253233799375613,-0.0043));
#1687=CARTESIAN_POINT('',(-0.0669664572020144,-0.0249323369392782,-0.0043));
#1688=CARTESIAN_POINT('',(-0.0664211368030979,-0.0248832234242197,-0.0043));
#1689=CARTESIAN_POINT('',(-0.0661531800114297,-0.0248832234242197,-0.0043));
#1690=CARTESIAN_POINT('',(-0.0681531800114297,-0.0268832234242198,-0.00429999999999971));
#1691=CARTESIAN_POINT('',(-0.0681531800114297,-0.0393832234242197,-0.00429999999999971));
#1692=CARTESIAN_POINT('',(-0.0681531800114297,-0.0518832234242197,-0.00429999999999969));
#1693=CARTESIAN_POINT('',(-0.0661531800114378,-0.0538832234242197,-0.0043));
#1694=CARTESIAN_POINT('',(-0.0664245374526344,-0.0538832234242191,-0.0043));
#1695=CARTESIAN_POINT('',(-0.0669576163909104,-0.053836275838896,-0.00430000000000001));
#1696=CARTESIAN_POINT('',(-0.0677130234980881,-0.0534429656493495,-0.0043));
#1697=CARTESIAN_POINT('',(-0.0681040664963712,-0.0526965006148044,-0.0043));
#1698=CARTESIAN_POINT('',(-0.0681531800114297,-0.0521511802158879,-0.0043));
#1699=CARTESIAN_POINT('',(-0.0681531800114297,-0.0518832234242197,-0.0043));
#1700=CARTESIAN_POINT('',(-0.0661531800114297,-0.0538832234242197,-0.00429999999999971));
#1701=CARTESIAN_POINT('',(-0.0516531800114297,-0.0538832234242197,-0.00429999999999971));
#1702=CARTESIAN_POINT('',(-0.0371531800114296,-0.0538832234242197,-0.00429999999999971));
#1703=CARTESIAN_POINT('',(-0.0351531800114296,-0.0518832234242278,-0.0043));
#1704=CARTESIAN_POINT('',(-0.0351531800114302,-0.0521545808654244,-0.0043));
#1705=CARTESIAN_POINT('',(-0.0352001275967533,-0.0526876598037004,-0.0043));
#1706=CARTESIAN_POINT('',(-0.0355934377862998,-0.0534430669108781,-0.0043));
#1707=CARTESIAN_POINT('',(-0.036339902820845,-0.0538341099091612,-0.0043));
#1708=CARTESIAN_POINT('',(-0.0368852232197615,-0.0538832234242197,-0.0043));
#1709=CARTESIAN_POINT('',(-0.0371531800114297,-0.0538832234242197,-0.0043));
#1710=CARTESIAN_POINT('',(-0.0351531800114296,-0.0518832234242197,-0.00429999999999971));
#1711=CARTESIAN_POINT('',(-0.0351531800114296,-0.0393832234242197,-0.00429999999999971));
#1712=CARTESIAN_POINT('',(-0.0351531800114296,-0.0268832234242197,-0.00429999999999971));
#1713=CARTESIAN_POINT('',(-0.0371531800114296,-0.0248832234242197,-0.0043));
#1714=CARTESIAN_POINT('',(-0.0368818364703766,-0.0248832234242197,-0.0043));
#1715=CARTESIAN_POINT('',(-0.0363481426614427,-0.0249302924002079,-0.0043));
#1716=CARTESIAN_POINT('',(-0.035593366980995,-0.0253236504360063,-0.0043));
#1717=CARTESIAN_POINT('',(-0.0352025422116913,-0.0260693779576892,-0.0043));
#1718=CARTESIAN_POINT('',(-0.0351531800114296,-0.0266144220824855,-0.0043));
#1719=CARTESIAN_POINT('',(-0.0351531800114296,-0.0268832234242197,-0.0043));
#1720=CARTESIAN_POINT('',(-0.0371531800114296,-0.0248832234242197,-0.00429999999999971));
#1721=CARTESIAN_POINT('',(-0.0357374300114296,-0.0248832234242197,-0.00429999999999971));
#1722=CARTESIAN_POINT('',(-0.0416531800114296,-0.0218832234242197,-0.0168));
#1723=CARTESIAN_POINT('',(-0.0416531800114296,-0.0248832234242197,-0.0168));
#1724=CARTESIAN_POINT('',(-0.0681531800114297,-0.0268832234242197,-0.0273));
#1725=CARTESIAN_POINT('',(-0.0681531800114297,-0.0518832234242199,-0.0273));
#1726=CARTESIAN_POINT('',(-0.0681531800114296,-0.0268832234242197,-0.0286333333333333));
#1727=CARTESIAN_POINT('',(-0.0681531800114296,-0.0518832234242199,-0.0286333333333333));
#1728=CARTESIAN_POINT('',(-0.0674865133447629,-0.0268832234242196,-0.0293));
#1729=CARTESIAN_POINT('',(-0.0674865133447629,-0.0518832234242198,-0.0293));
#1730=CARTESIAN_POINT('',(-0.0661531800114296,-0.0268832234242197,-0.0293));
#1731=CARTESIAN_POINT('',(-0.0661531800114296,-0.0518832234242199,-0.0293));
#1732=CARTESIAN_POINT('',(-0.0661531800114298,-0.0518832234242197,-0.0293));
#1733=CARTESIAN_POINT('',(-0.0674865133447629,-0.0518832234242196,-0.0293));
#1734=CARTESIAN_POINT('',(-0.0681531800114296,-0.0518832234242197,-0.0286333333333333));
#1735=CARTESIAN_POINT('',(-0.0681531800114297,-0.0518832234242197,-0.0273));
#1736=CARTESIAN_POINT('',(-0.0681531800114297,-0.0518832234242197,-0.0273));
#1737=CARTESIAN_POINT('',(-0.0681531800114297,-0.0268832234242197,-0.0273));
#1738=CARTESIAN_POINT('',(-0.0681531800114297,-0.035216556757553,-0.0273));
#1739=CARTESIAN_POINT('',(-0.0681531800114297,-0.0435498900908864,-0.0273));
#1740=CARTESIAN_POINT('',(-0.0681531800114297,-0.0518832234242197,-0.0273));
#1741=CARTESIAN_POINT('',(-0.0681531800114297,-0.0268832234242197,-0.0273));
#1742=CARTESIAN_POINT('',(-0.0681531800114297,-0.0268832234242198,-0.0273));
#1743=CARTESIAN_POINT('',(-0.0681531800114296,-0.0268832234242197,-0.0286333333333333));
#1744=CARTESIAN_POINT('',(-0.0674865133447629,-0.0268832234242196,-0.0293));
#1745=CARTESIAN_POINT('',(-0.0661531800114296,-0.0268832234242197,-0.0293));
#1746=CARTESIAN_POINT('',(-0.0675531800114297,-0.0393832234242197,-0.0163));
#1747=CARTESIAN_POINT('',(-0.0681531800114297,-0.0393832234242197,-0.0163));
#1748=CARTESIAN_POINT('',(-0.0681531800114297,-0.0393832234242197,-0.0112));
#1749=CARTESIAN_POINT('',(-0.0661531800114297,-0.0538832234242197,-0.0273));
#1750=CARTESIAN_POINT('',(-0.0371531800114296,-0.0538832234242197,-0.0273));
#1751=CARTESIAN_POINT('',(-0.0661531800114297,-0.0538832234242196,-0.0286333333333333));
#1752=CARTESIAN_POINT('',(-0.0371531800114297,-0.0538832234242196,-0.0286333333333333));
#1753=CARTESIAN_POINT('',(-0.0661531800114297,-0.0532165567575531,-0.0293));
#1754=CARTESIAN_POINT('',(-0.0371531800114296,-0.0532165567575531,-0.0293));
#1755=CARTESIAN_POINT('',(-0.0661531800114297,-0.0518832234242197,-0.0293));
#1756=CARTESIAN_POINT('',(-0.0371531800114296,-0.0518832234242197,-0.0293));
#1757=CARTESIAN_POINT('',(-0.0371531800114296,-0.0518832234242197,-0.0293));
#1758=CARTESIAN_POINT('',(-0.0371531800114296,-0.053216556757553,-0.0293));
#1759=CARTESIAN_POINT('',(-0.0371531800114297,-0.0538832234242197,-0.0286333333333333));
#1760=CARTESIAN_POINT('',(-0.0371531800114296,-0.0538832234242197,-0.0273));
#1761=CARTESIAN_POINT('',(-0.0371531800114296,-0.0538832234242197,-0.0273));
#1762=CARTESIAN_POINT('',(-0.0661531800114297,-0.0538832234242197,-0.0273));
#1763=CARTESIAN_POINT('',(-0.056486513344763,-0.0538832234242197,-0.0273));
#1764=CARTESIAN_POINT('',(-0.0468198466780964,-0.0538832234242197,-0.0273));
#1765=CARTESIAN_POINT('',(-0.0371531800114297,-0.0538832234242197,-0.0273));
#1766=CARTESIAN_POINT('',(-0.0661531800114297,-0.0538832234242197,-0.0273));
#1767=CARTESIAN_POINT('',(-0.0661531800114297,-0.0538832234242197,-0.0273));
#1768=CARTESIAN_POINT('',(-0.0661531800114297,-0.0538832234242197,-0.0286333333333333));
#1769=CARTESIAN_POINT('',(-0.0661531800114297,-0.0532165567575531,-0.0293));
#1770=CARTESIAN_POINT('',(-0.0661531800114297,-0.0518832234242197,-0.0293));
#1771=CARTESIAN_POINT('',(-0.0351531800114296,-0.0518832234242198,-0.0273));
#1772=CARTESIAN_POINT('',(-0.0351531800114296,-0.0268832234242197,-0.0273));
#1773=CARTESIAN_POINT('',(-0.0351531800114296,-0.0518832234242198,-0.0286333333333333));
#1774=CARTESIAN_POINT('',(-0.0351531800114296,-0.0268832234242196,-0.0286333333333333));
#1775=CARTESIAN_POINT('',(-0.0358198466780963,-0.0518832234242198,-0.0293));
#1776=CARTESIAN_POINT('',(-0.0358198466780963,-0.0268832234242196,-0.0293));
#1777=CARTESIAN_POINT('',(-0.0371531800114297,-0.0518832234242198,-0.0293));
#1778=CARTESIAN_POINT('',(-0.0371531800114297,-0.0268832234242196,-0.0293));
#1779=CARTESIAN_POINT('',(-0.0371531800114296,-0.0268832234242197,-0.0293));
#1780=CARTESIAN_POINT('',(-0.0358198466780963,-0.0268832234242196,-0.0293));
#1781=CARTESIAN_POINT('',(-0.0351531800114296,-0.0268832234242196,-0.0286333333333333));
#1782=CARTESIAN_POINT('',(-0.0351531800114296,-0.0268832234242197,-0.0273));
#1783=CARTESIAN_POINT('',(-0.0351531800114296,-0.0268832234242197,-0.0273));
#1784=CARTESIAN_POINT('',(-0.0351531800114296,-0.0518832234242197,-0.0273));
#1785=CARTESIAN_POINT('',(-0.0351531800114296,-0.0435498900908864,-0.0273));
#1786=CARTESIAN_POINT('',(-0.0351531800114296,-0.035216556757553,-0.0273));
#1787=CARTESIAN_POINT('',(-0.0351531800114296,-0.0268832234242197,-0.0273));
#1788=CARTESIAN_POINT('',(-0.0351531800114296,-0.0518832234242197,-0.0273));
#1789=CARTESIAN_POINT('',(-0.0351531800114296,-0.0518832234242197,-0.0273));
#1790=CARTESIAN_POINT('',(-0.0351531800114296,-0.0518832234242197,-0.0286333333333333));
#1791=CARTESIAN_POINT('',(-0.0358198466780963,-0.0518832234242197,-0.0293));
#1792=CARTESIAN_POINT('',(-0.0371531800114296,-0.0518832234242197,-0.0293));
#1793=CARTESIAN_POINT('',(-0.0357531800114297,-0.0393832234242197,-0.0163));
#1794=CARTESIAN_POINT('',(-0.0351531800114296,-0.0393832234242197,-0.0163));
#1795=CARTESIAN_POINT('',(-0.0351531800114296,-0.0444832234242197,-0.0163));
#1796=CARTESIAN_POINT('',(-0.0351531800114296,-0.0268832234242197,-0.0273));
#1797=CARTESIAN_POINT('',(-0.0351531800114296,-0.0265498900908864,-0.0273));
#1798=CARTESIAN_POINT('',(-0.0351948466780964,-0.0262582234242197,-0.0273));
#1799=CARTESIAN_POINT('',(-0.0354448466780964,-0.0255082234242197,-0.0273));
#1800=CARTESIAN_POINT('',(-0.0357781800114296,-0.0251748900908864,-0.0273));
#1801=CARTESIAN_POINT('',(-0.0365281800114296,-0.0249248900908864,-0.0273));
#1802=CARTESIAN_POINT('',(-0.0368198466780963,-0.0248832234242197,-0.0273));
#1803=CARTESIAN_POINT('',(-0.0371531800114296,-0.0248832234242197,-0.0273));
#1804=CARTESIAN_POINT('',(-0.0351531800114296,-0.0268832234242197,-0.0275702414156414));
#1805=CARTESIAN_POINT('',(-0.0351531800114296,-0.0265539797451275,-0.0275702414156414));
#1806=CARTESIAN_POINT('',(-0.0351948466780974,-0.0262582234242142,-0.0275702414156414));
#1807=CARTESIAN_POINT('',(-0.0354448466780943,-0.0255082234242307,-0.0275702414156414));
#1808=CARTESIAN_POINT('',(-0.035778180011449,-0.0251748900908741,-0.0275702414156414));
#1809=CARTESIAN_POINT('',(-0.03652818001142,-0.0249248900908926,-0.0275702414156414));
#1810=CARTESIAN_POINT('',(-0.0368239363323374,-0.0248832234242197,-0.0275702414156414));
#1811=CARTESIAN_POINT('',(-0.0371531800114296,-0.0248832234242197,-0.0275702414156414));
#1812=CARTESIAN_POINT('',(-0.0351802260103177,-0.0268832234242203,-0.0278464098626407));
#1813=CARTESIAN_POINT('',(-0.0351802260103177,-0.0265696378934124,-0.0278464098626407));
#1814=CARTESIAN_POINT('',(-0.0352236056323463,-0.0262803337808882,-0.0278464098626407));
#1815=CARTESIAN_POINT('',(-0.0354787614337456,-0.0255455979612548,-0.0278464098626407));
#1816=CARTESIAN_POINT('',(-0.0358155545484768,-0.0252088048465205,-0.0278464098626407));
#1817=CARTESIAN_POINT('',(-0.0365502903680915,-0.0249536490451442,-0.0278464098626407));
#1818=CARTESIAN_POINT('',(-0.0368395944806218,-0.0249102694231077,-0.0278464098626407));
#1819=CARTESIAN_POINT('',(-0.0371531800114297,-0.0249102694231077,-0.0278464098626407));
#1820=CARTESIAN_POINT('',(-0.0353326323034159,-0.0268832234242203,-0.0283647751670853));
#1821=CARTESIAN_POINT('',(-0.0353326323034159,-0.026615621483329,-0.0283647751670853));
#1822=CARTESIAN_POINT('',(-0.0353775990245204,-0.0263565341285691,-0.0283647751670853));
#1823=CARTESIAN_POINT('',(-0.0356315624024623,-0.0256896656867626,-0.0283647751670853));
#1824=CARTESIAN_POINT('',(-0.0359596222739876,-0.0253616058152334,-0.0283647751670853));
#1825=CARTESIAN_POINT('',(-0.0366264907157709,-0.0251076424373202,-0.0283647751670853));
#1826=CARTESIAN_POINT('',(-0.0368855780705385,-0.0250626757162059,-0.0283647751670853));
#1827=CARTESIAN_POINT('',(-0.0371531800114297,-0.0250626757162059,-0.0283647751670853));
#1828=CARTESIAN_POINT('',(-0.035463705750353,-0.0268832234242196,-0.0286116576277303));
#1829=CARTESIAN_POINT('',(-0.035463705750353,-0.0266459469249607,-0.0286116576277303));
#1830=CARTESIAN_POINT('',(-0.0355081895431269,-0.0264109811916214,-0.0286116576277303));
#1831=CARTESIAN_POINT('',(-0.0357541978720048,-0.025798322771496,-0.0286116576277303));
#1832=CARTESIAN_POINT('',(-0.0360682793587204,-0.0254842412847769,-0.0286116576277303));
#1833=CARTESIAN_POINT('',(-0.0366809377788243,-0.025238232955926,-0.0286116576277303));
#1834=CARTESIAN_POINT('',(-0.0369159035121708,-0.025193749163143,-0.0286116576277303));
#1835=CARTESIAN_POINT('',(-0.0371531800114296,-0.025193749163143,-0.0286116576277303));
#1836=CARTESIAN_POINT('',(-0.0358486080722382,-0.0268832234242196,-0.0289942785007026));
#1837=CARTESIAN_POINT('',(-0.0358486080722382,-0.0267127954068345,-0.0289942785007026));
#1838=CARTESIAN_POINT('',(-0.0358862587971423,-0.0265383775502336,-0.0289942785007026));
#1839=CARTESIAN_POINT('',(-0.0360886008251738,-0.0260727253944393,-0.0289942785007026));
#1840=CARTESIAN_POINT('',(-0.0363426819816595,-0.025818644237951,-0.0289942785007026));
#1841=CARTESIAN_POINT('',(-0.0368083341374384,-0.0256163022099387,-0.0289942785007026));
#1842=CARTESIAN_POINT('',(-0.0369827519940445,-0.0255786514850281,-0.0289942785007026));
#1843=CARTESIAN_POINT('',(-0.0371531800114296,-0.0255786514850281,-0.0289942785007026));
#1844=CARTESIAN_POINT('',(-0.0360992345999151,-0.0268832234242196,-0.0291250860161413));
#1845=CARTESIAN_POINT('',(-0.0360992345999151,-0.0267493184470761,-0.0291250860161413));
#1846=CARTESIAN_POINT('',(-0.0361307353319845,-0.0266111266990883,-0.0291250860161413));
#1847=CARTESIAN_POINT('',(-0.0362982667684035,-0.0262373701257744,-0.0291250860161413));
#1848=CARTESIAN_POINT('',(-0.0365073267129915,-0.0260283101811847,-0.0291250860161414));
#1849=CARTESIAN_POINT('',(-0.0368810832862947,-0.0258607787447791,-0.0291250860161414));
#1850=CARTESIAN_POINT('',(-0.0370192750342861,-0.0258292780127052,-0.0291250860161414));
#1851=CARTESIAN_POINT('',(-0.0371531800114296,-0.0258292780127052,-0.0291250860161414));
#1852=CARTESIAN_POINT('',(-0.0366158018326678,-0.0268832234242196,-0.0292742020195533));
#1853=CARTESIAN_POINT('',(-0.0366158018326678,-0.0268200924314296,-0.0292742020195533));
#1854=CARTESIAN_POINT('',(-0.036633349617253,-0.0267534071785202,-0.0292742020195533));
#1855=CARTESIAN_POINT('',(-0.0367243434115756,-0.0265661832746755,-0.0292742020195533));
#1856=CARTESIAN_POINT('',(-0.0368361398618876,-0.0264543868243632,-0.0292742020195533));
#1857=CARTESIAN_POINT('',(-0.0370233637657292,-0.0263633930300444,-0.0292742020195533));
#1858=CARTESIAN_POINT('',(-0.0370900490186396,-0.0263458452454578,-0.0292742020195533));
#1859=CARTESIAN_POINT('',(-0.0371531800114296,-0.0263458452454578,-0.0292742020195533));
#1860=CARTESIAN_POINT('',(-0.0368824365193685,-0.0268832234242197,-0.0293));
#1861=CARTESIAN_POINT('',(-0.0368824365193685,-0.0268543433755417,-0.0293));
#1862=CARTESIAN_POINT('',(-0.0368921379754529,-0.0268229818829489,-0.0293));
#1863=CARTESIAN_POINT('',(-0.0369412095369595,-0.0267305902484254,-0.0293));
#1864=CARTESIAN_POINT('',(-0.0370005468356353,-0.0266712529497495,-0.0293));
#1865=CARTESIAN_POINT('',(-0.0370929384701588,-0.0266221813882429,-0.0293));
#1866=CARTESIAN_POINT('',(-0.0371242999627516,-0.0266124799321587,-0.0293));
#1867=CARTESIAN_POINT('',(-0.0371531800114296,-0.0266124799321587,-0.0293));
#1868=CARTESIAN_POINT('',(-0.0371531800114296,-0.0268832234242197,-0.0293));
#1869=CARTESIAN_POINT('',(-0.0371531800114296,-0.0268832234242197,-0.0293));
#1870=CARTESIAN_POINT('',(-0.0371531800114296,-0.0268832234242197,-0.0293));
#1871=CARTESIAN_POINT('',(-0.0371531800114296,-0.0268832234242197,-0.0293));
#1872=CARTESIAN_POINT('',(-0.0371531800114296,-0.0268832234242197,-0.0293));
#1873=CARTESIAN_POINT('',(-0.0371531800114296,-0.0268832234242197,-0.0293));
#1874=CARTESIAN_POINT('',(-0.0371531800114296,-0.0268832234242197,-0.0293));
#1875=CARTESIAN_POINT('',(-0.0371531800114296,-0.0268832234242197,-0.0293));
#1876=CARTESIAN_POINT('',(-0.0351531800114296,-0.0268832234242197,-0.0273));
#1877=CARTESIAN_POINT('',(-0.0351531800114296,-0.0255498900908864,-0.0273));
#1878=CARTESIAN_POINT('',(-0.0358198466780964,-0.0248832234242197,-0.0273));
#1879=CARTESIAN_POINT('',(-0.0371531800114296,-0.0248832234242197,-0.0273));
#1880=CARTESIAN_POINT('',(-0.0371531800114296,-0.0538832234242197,-0.0273));
#1881=CARTESIAN_POINT('',(-0.0368198466780963,-0.0538832234242197,-0.0273));
#1882=CARTESIAN_POINT('',(-0.0365281800114296,-0.053841556757553,-0.0273));
#1883=CARTESIAN_POINT('',(-0.0357781800114297,-0.0535915567575531,-0.0273));
#1884=CARTESIAN_POINT('',(-0.0354448466780964,-0.0532582234242198,-0.0273));
#1885=CARTESIAN_POINT('',(-0.0351948466780964,-0.0525082234242198,-0.0273));
#1886=CARTESIAN_POINT('',(-0.0351531800114296,-0.0522165567575531,-0.0273));
#1887=CARTESIAN_POINT('',(-0.0351531800114296,-0.0518832234242197,-0.0273));
#1888=CARTESIAN_POINT('',(-0.0371531800114296,-0.0538832234242197,-0.0275702414156415));
#1889=CARTESIAN_POINT('',(-0.0368239363323375,-0.0538832234242197,-0.0275702414156415));
#1890=CARTESIAN_POINT('',(-0.0365281800114381,-0.0538415567575526,-0.0275702414156415));
#1891=CARTESIAN_POINT('',(-0.0357781800114128,-0.053591556757554,-0.0275702414156414));
#1892=CARTESIAN_POINT('',(-0.0354448466780905,-0.053258223424195,-0.0275702414156414));
#1893=CARTESIAN_POINT('',(-0.0351948466780993,-0.0525082234242321,-0.0275702414156414));
#1894=CARTESIAN_POINT('',(-0.0351531800114296,-0.052212467103312,-0.0275702414156414));
#1895=CARTESIAN_POINT('',(-0.0351531800114296,-0.0518832234242197,-0.0275702414156414));
#1896=CARTESIAN_POINT('',(-0.0371531800114297,-0.0538561774253317,-0.0278464098626407));
#1897=CARTESIAN_POINT('',(-0.0368395944806219,-0.0538561774253317,-0.0278464098626407));
#1898=CARTESIAN_POINT('',(-0.0365502903681186,-0.0538127978033038,-0.0278464098626407));
#1899=CARTESIAN_POINT('',(-0.0358155545484226,-0.0535576420019021,-0.0278464098626407));
#1900=CARTESIAN_POINT('',(-0.0354787614337398,-0.0532208488871645,-0.0278464098626407));
#1901=CARTESIAN_POINT('',(-0.0352236056323492,-0.052486113067562,-0.0278464098626407));
#1902=CARTESIAN_POINT('',(-0.0351802260103177,-0.0521968089550276,-0.0278464098626407));
#1903=CARTESIAN_POINT('',(-0.0351802260103177,-0.0518832234242197,-0.0278464098626407));
#1904=CARTESIAN_POINT('',(-0.0371531800114297,-0.0537037711322334,-0.0283647751670853));
#1905=CARTESIAN_POINT('',(-0.0368855780705385,-0.0537037711322334,-0.0283647751670853));
#1906=CARTESIAN_POINT('',(-0.0366264907158048,-0.05365880441113,-0.0283647751670853));
#1907=CARTESIAN_POINT('',(-0.0359596222739198,-0.0534048410331849,-0.0283647751670853));
#1908=CARTESIAN_POINT('',(-0.0356315624024551,-0.0530767811616516,-0.0283647751670853));
#1909=CARTESIAN_POINT('',(-0.035377599024524,-0.0524099127198836,-0.0283647751670853));
#1910=CARTESIAN_POINT('',(-0.0353326323034159,-0.0521508253651109,-0.0283647751670853));
#1911=CARTESIAN_POINT('',(-0.0353326323034159,-0.0518832234242197,-0.0283647751670853));
#1912=CARTESIAN_POINT('',(-0.0371531800114296,-0.0535726976852963,-0.0286116576277303));
#1913=CARTESIAN_POINT('',(-0.0369159035121708,-0.0535726976852963,-0.0286116576277303));
#1914=CARTESIAN_POINT('',(-0.0366809377788559,-0.0535282138925234,-0.0286116576277303));
#1915=CARTESIAN_POINT('',(-0.0360682793586571,-0.0532822055636426,-0.0286116576277303));
#1916=CARTESIAN_POINT('',(-0.0357541978719981,-0.0529681240769195,-0.0286116576277303));
#1917=CARTESIAN_POINT('',(-0.0355081895431303,-0.0523554656568299,-0.0286116576277303));
#1918=CARTESIAN_POINT('',(-0.035463705750353,-0.0521204999234786,-0.0286116576277303));
#1919=CARTESIAN_POINT('',(-0.035463705750353,-0.0518832234242197,-0.0286116576277303));
#1920=CARTESIAN_POINT('',(-0.0371531800114296,-0.0531877953634112,-0.0289942785007026));
#1921=CARTESIAN_POINT('',(-0.0369827519940445,-0.0531877953634112,-0.0289942785007026));
#1922=CARTESIAN_POINT('',(-0.036808334137461,-0.0531501446385078,-0.0289942785007026));
#1923=CARTESIAN_POINT('',(-0.0363426819816144,-0.0529478026104743,-0.0289942785007026));
#1924=CARTESIAN_POINT('',(-0.036088600825169,-0.052693721453983,-0.0289942785007026));
#1925=CARTESIAN_POINT('',(-0.0358862587971447,-0.0522280692982144,-0.0289942785007026));
#1926=CARTESIAN_POINT('',(-0.0358486080722382,-0.0520536514416048,-0.0289942785007026));
#1927=CARTESIAN_POINT('',(-0.0358486080722382,-0.0518832234242197,-0.0289942785007026));
#1928=CARTESIAN_POINT('',(-0.0371531800114296,-0.0529371688357343,-0.0291250860161413));
#1929=CARTESIAN_POINT('',(-0.0370192750342861,-0.0529371688357343,-0.0291250860161413));
#1930=CARTESIAN_POINT('',(-0.0368810832863105,-0.0529056681036653,-0.0291250860161413));
#1931=CARTESIAN_POINT('',(-0.0365073267129599,-0.0527381366672449,-0.0291250860161413));
#1932=CARTESIAN_POINT('',(-0.0362982667684001,-0.0525290767226531,-0.0291250860161413));
#1933=CARTESIAN_POINT('',(-0.0361307353319862,-0.052155320149357,-0.0291250860161413));
#1934=CARTESIAN_POINT('',(-0.0360992345999151,-0.0520171284013633,-0.0291250860161413));
#1935=CARTESIAN_POINT('',(-0.0360992345999151,-0.0518832234242197,-0.0291250860161413));
#1936=CARTESIAN_POINT('',(-0.0371531800114296,-0.0524206016029817,-0.0292742020195533));
#1937=CARTESIAN_POINT('',(-0.0370900490186396,-0.0524206016029817,-0.0292742020195533));
#1938=CARTESIAN_POINT('',(-0.0370233637657337,-0.0524030538183965,-0.0292742020195533));
#1939=CARTESIAN_POINT('',(-0.0368361398618785,-0.0523120600240735,-0.0292742020195533));
#1940=CARTESIAN_POINT('',(-0.0367243434115746,-0.0522002635737605,-0.0292742020195533));
#1941=CARTESIAN_POINT('',(-0.0366333496172535,-0.0520130396699209,-0.0292742020195533));
#1942=CARTESIAN_POINT('',(-0.0366158018326678,-0.0519463544170097,-0.0292742020195533));
#1943=CARTESIAN_POINT('',(-0.0366158018326678,-0.0518832234242197,-0.0292742020195533));
#1944=CARTESIAN_POINT('',(-0.0371531800114296,-0.0521539669162807,-0.0293));
#1945=CARTESIAN_POINT('',(-0.0371242999627516,-0.0521539669162807,-0.0293));
#1946=CARTESIAN_POINT('',(-0.0370929384701588,-0.0521442654601964,-0.0293));
#1947=CARTESIAN_POINT('',(-0.0370005468356353,-0.0520951938986898,-0.0293));
#1948=CARTESIAN_POINT('',(-0.0369412095369595,-0.052035856600014,-0.0293));
#1949=CARTESIAN_POINT('',(-0.0368921379754529,-0.0519434649654905,-0.0293));
#1950=CARTESIAN_POINT('',(-0.0368824365193686,-0.0519121034728977,-0.0293));
#1951=CARTESIAN_POINT('',(-0.0368824365193686,-0.0518832234242197,-0.0293));
#1952=CARTESIAN_POINT('',(-0.0371531800114296,-0.0518832234242197,-0.0293));
#1953=CARTESIAN_POINT('',(-0.0371531800114296,-0.0518832234242197,-0.0293));
#1954=CARTESIAN_POINT('',(-0.0371531800114296,-0.0518832234242197,-0.0293));
#1955=CARTESIAN_POINT('',(-0.0371531800114296,-0.0518832234242197,-0.0293));
#1956=CARTESIAN_POINT('',(-0.0371531800114296,-0.0518832234242197,-0.0293));
#1957=CARTESIAN_POINT('',(-0.0371531800114296,-0.0518832234242197,-0.0293));
#1958=CARTESIAN_POINT('',(-0.0371531800114296,-0.0518832234242197,-0.0293));
#1959=CARTESIAN_POINT('',(-0.0371531800114296,-0.0518832234242197,-0.0293));
#1960=CARTESIAN_POINT('',(-0.0371531800114297,-0.0538832234242197,-0.0273));
#1961=CARTESIAN_POINT('',(-0.0358198466780963,-0.0538832234242197,-0.0273));
#1962=CARTESIAN_POINT('',(-0.0351531800114296,-0.0532165567575531,-0.0273));
#1963=CARTESIAN_POINT('',(-0.0351531800114296,-0.0518832234242197,-0.0273));
#1964=CARTESIAN_POINT('',(-0.0661531800114296,-0.0248832234242197,-0.0273));
#1965=CARTESIAN_POINT('',(-0.066486513344763,-0.0248832234242197,-0.0273));
#1966=CARTESIAN_POINT('',(-0.0667781800114297,-0.0249248900908863,-0.0273));
#1967=CARTESIAN_POINT('',(-0.0675281800114297,-0.0251748900908863,-0.0273));
#1968=CARTESIAN_POINT('',(-0.067861513344763,-0.0255082234242196,-0.0273));
#1969=CARTESIAN_POINT('',(-0.068111513344763,-0.0262582234242196,-0.0273));
#1970=CARTESIAN_POINT('',(-0.0681531800114297,-0.0265498900908864,-0.0273));
#1971=CARTESIAN_POINT('',(-0.0681531800114297,-0.0268832234242198,-0.0273));
#1972=CARTESIAN_POINT('',(-0.0661531800114296,-0.0248832234242197,-0.0275702414156415));
#1973=CARTESIAN_POINT('',(-0.0664824236905219,-0.0248832234242197,-0.0275702414156415));
#1974=CARTESIAN_POINT('',(-0.0667781800114177,-0.0249248900908823,-0.0275702414156415));
#1975=CARTESIAN_POINT('',(-0.0675281800114537,-0.0251748900908943,-0.0275702414156415));
#1976=CARTESIAN_POINT('',(-0.0678615133447716,-0.0255082234242371,-0.0275702414156414));
#1977=CARTESIAN_POINT('',(-0.0681115133447587,-0.0262582234242108,-0.0275702414156414));
#1978=CARTESIAN_POINT('',(-0.0681531800114297,-0.0265539797451275,-0.0275702414156414));
#1979=CARTESIAN_POINT('',(-0.0681531800114297,-0.0268832234242198,-0.0275702414156414));
#1980=CARTESIAN_POINT('',(-0.0661531800114297,-0.0249102694231077,-0.0278464098626406));
#1981=CARTESIAN_POINT('',(-0.0664667655422375,-0.0249102694231077,-0.0278464098626406));
#1982=CARTESIAN_POINT('',(-0.0667560696547354,-0.0249536490451288,-0.0278464098626406));
#1983=CARTESIAN_POINT('',(-0.0674908054744476,-0.0252088048465506,-0.0278464098626407));
#1984=CARTESIAN_POINT('',(-0.0678275985891235,-0.025545597961264,-0.0278464098626407));
#1985=CARTESIAN_POINT('',(-0.0680827543905081,-0.0262803337808827,-0.0278464098626407));
#1986=CARTESIAN_POINT('',(-0.0681261340125416,-0.0265696378934118,-0.0278464098626407));
#1987=CARTESIAN_POINT('',(-0.0681261340125416,-0.0268832234242197,-0.0278464098626407));
#1988=CARTESIAN_POINT('',(-0.0661531800114297,-0.025062675716206,-0.0283647751670853));
#1989=CARTESIAN_POINT('',(-0.0664207819523209,-0.025062675716206,-0.0283647751670853));
#1990=CARTESIAN_POINT('',(-0.0666798693070479,-0.025107642437301,-0.0283647751670853));
#1991=CARTESIAN_POINT('',(-0.067346737748953,-0.0253616058152711,-0.0283647751670853));
#1992=CARTESIAN_POINT('',(-0.0676747976204092,-0.0256896656867742,-0.0283647751670853));
#1993=CARTESIAN_POINT('',(-0.0679287609983328,-0.0263565341285624,-0.0283647751670853));
#1994=CARTESIAN_POINT('',(-0.0679737277194434,-0.0266156214833284,-0.0283647751670853));
#1995=CARTESIAN_POINT('',(-0.0679737277194434,-0.0268832234242197,-0.0283647751670853));
#1996=CARTESIAN_POINT('',(-0.0661531800114296,-0.025193749163143,-0.0286116576277303));
#1997=CARTESIAN_POINT('',(-0.0663904565106886,-0.025193749163143,-0.0286116576277303));
#1998=CARTESIAN_POINT('',(-0.0666254222439971,-0.0252382329559081,-0.0286116576277303));
#1999=CARTESIAN_POINT('',(-0.0672380806642148,-0.0254842412848124,-0.0286116576277303));
#2000=CARTESIAN_POINT('',(-0.0675521621508659,-0.0257983227715073,-0.0286116576277303));
#2001=CARTESIAN_POINT('',(-0.0677981704797268,-0.0264109811916159,-0.0286116576277303));
#2002=CARTESIAN_POINT('',(-0.0678426542725063,-0.0266459469249608,-0.0286116576277303));
#2003=CARTESIAN_POINT('',(-0.0678426542725063,-0.0268832234242198,-0.0286116576277303));
#2004=CARTESIAN_POINT('',(-0.0661531800114296,-0.0255786514850282,-0.0289942785007026));
#2005=CARTESIAN_POINT('',(-0.0663236080288148,-0.0255786514850282,-0.0289942785007026));
#2006=CARTESIAN_POINT('',(-0.0664980258853938,-0.025616302209926,-0.0289942785007026));
#2007=CARTESIAN_POINT('',(-0.0669636780412539,-0.0258186442379763,-0.0289942785007026));
#2008=CARTESIAN_POINT('',(-0.0672177591976938,-0.0260727253944474,-0.0289942785007026));
#2009=CARTESIAN_POINT('',(-0.067420101225713,-0.0265383775502296,-0.0289942785007026));
#2010=CARTESIAN_POINT('',(-0.0674577519506212,-0.0267127954068346,-0.0289942785007026));
#2011=CARTESIAN_POINT('',(-0.0674577519506212,-0.0268832234242198,-0.0289942785007026));
#2012=CARTESIAN_POINT('',(-0.0661531800114296,-0.0258292780127052,-0.0291250860161413));
#2013=CARTESIAN_POINT('',(-0.0662870849885733,-0.0258292780127052,-0.0291250860161413));
#2014=CARTESIAN_POINT('',(-0.0664252767365456,-0.0258607787447702,-0.0291250860161414));
#2015=CARTESIAN_POINT('',(-0.0667990333099057,-0.0260283101812024,-0.0291250860161414));
#2016=CARTESIAN_POINT('',(-0.0670080932544615,-0.02623737012578,-0.0291250860161414));
#2017=CARTESIAN_POINT('',(-0.067175624690872,-0.0266111266990855,-0.0291250860161414));
#2018=CARTESIAN_POINT('',(-0.0672071254229442,-0.0267493184470761,-0.0291250860161414));
#2019=CARTESIAN_POINT('',(-0.0672071254229442,-0.0268832234242197,-0.0291250860161414));
#2020=CARTESIAN_POINT('',(-0.0661531800114296,-0.0263458452454577,-0.0292742020195533));
#2021=CARTESIAN_POINT('',(-0.0662163110042197,-0.0263458452454577,-0.0292742020195533));
#2022=CARTESIAN_POINT('',(-0.0662829962571247,-0.0263633930300418,-0.0292742020195533));
#2023=CARTESIAN_POINT('',(-0.0664702201609826,-0.0264543868243683,-0.0292742020195533));
#2024=CARTESIAN_POINT('',(-0.0665820166112853,-0.0265661832746771,-0.0292742020195533));
#2025=CARTESIAN_POINT('',(-0.0666730104056055,-0.0267534071785194,-0.0292742020195533));
#2026=CARTESIAN_POINT('',(-0.0666905581901916,-0.0268200924314296,-0.0292742020195533));
#2027=CARTESIAN_POINT('',(-0.0666905581901916,-0.0268832234242197,-0.0292742020195533));
#2028=CARTESIAN_POINT('',(-0.0661531800114296,-0.0266124799321585,-0.0293));
#2029=CARTESIAN_POINT('',(-0.0661820600601076,-0.0266124799321585,-0.0293));
#2030=CARTESIAN_POINT('',(-0.0662134215527005,-0.0266221813882429,-0.0293));
#2031=CARTESIAN_POINT('',(-0.066305813187224,-0.0266712529497495,-0.0293));
#2032=CARTESIAN_POINT('',(-0.0663651504858999,-0.0267305902484254,-0.0293));
#2033=CARTESIAN_POINT('',(-0.0664142220474065,-0.0268229818829489,-0.0293));
#2034=CARTESIAN_POINT('',(-0.0664239235034908,-0.0268543433755417,-0.0293));
#2035=CARTESIAN_POINT('',(-0.0664239235034908,-0.0268832234242197,-0.0293));
#2036=CARTESIAN_POINT('',(-0.0661531800114296,-0.0268832234242197,-0.0293));
#2037=CARTESIAN_POINT('',(-0.0661531800114296,-0.0268832234242197,-0.0293));
#2038=CARTESIAN_POINT('',(-0.0661531800114297,-0.0268832234242197,-0.0293));
#2039=CARTESIAN_POINT('',(-0.0661531800114297,-0.0268832234242197,-0.0293));
#2040=CARTESIAN_POINT('',(-0.0661531800114297,-0.0268832234242197,-0.0293));
#2041=CARTESIAN_POINT('',(-0.0661531800114297,-0.0268832234242197,-0.0293));
#2042=CARTESIAN_POINT('',(-0.0661531800114296,-0.0268832234242197,-0.0293));
#2043=CARTESIAN_POINT('',(-0.0661531800114296,-0.0268832234242197,-0.0293));
#2044=CARTESIAN_POINT('',(-0.0661532100114297,-0.0248832234243322,-0.0273));
#2045=CARTESIAN_POINT('',(-0.0674865233447629,-0.0248832334242947,-0.0273));
#2046=CARTESIAN_POINT('',(-0.0681531800114296,-0.0255499000909239,-0.0273));
#2047=CARTESIAN_POINT('',(-0.0681531800114297,-0.0268832234242198,-0.0273));
#2048=CARTESIAN_POINT('',(-0.0681531800114297,-0.0518832234242197,-0.0273));
#2049=CARTESIAN_POINT('',(-0.0681531800114297,-0.052216556757553,-0.0273));
#2050=CARTESIAN_POINT('',(-0.068111513344763,-0.0525082234242197,-0.0273));
#2051=CARTESIAN_POINT('',(-0.067861513344763,-0.0532582234242197,-0.0273));
#2052=CARTESIAN_POINT('',(-0.0675281800114297,-0.053591556757553,-0.0273));
#2053=CARTESIAN_POINT('',(-0.0667781800114297,-0.053841556757553,-0.0273));
#2054=CARTESIAN_POINT('',(-0.066486513344763,-0.0538832234242197,-0.0273));
#2055=CARTESIAN_POINT('',(-0.0661531800114297,-0.0538832234242197,-0.0273));
#2056=CARTESIAN_POINT('',(-0.0681531800114297,-0.0518832234242197,-0.0275702414156415));
#2057=CARTESIAN_POINT('',(-0.0681531800114297,-0.0522124671033119,-0.0275702414156415));
#2058=CARTESIAN_POINT('',(-0.0681115133447648,-0.0525082234242064,-0.0275702414156415));
#2059=CARTESIAN_POINT('',(-0.0678615133447594,-0.0532582234242462,-0.0275702414156415));
#2060=CARTESIAN_POINT('',(-0.0675281800114188,-0.0535915567575599,-0.0275702414156415));
#2061=CARTESIAN_POINT('',(-0.0667781800114352,-0.0538415567575496,-0.0275702414156414));
#2062=CARTESIAN_POINT('',(-0.0664824236905219,-0.0538832234242197,-0.0275702414156414));
#2063=CARTESIAN_POINT('',(-0.0661531800114297,-0.0538832234242197,-0.0275702414156414));
#2064=CARTESIAN_POINT('',(-0.0681261340125416,-0.0518832234242197,-0.0278464098626407));
#2065=CARTESIAN_POINT('',(-0.0681261340125416,-0.0521968089550276,-0.0278464098626407));
#2066=CARTESIAN_POINT('',(-0.0680827543905173,-0.0524861130675235,-0.0278464098626407));
#2067=CARTESIAN_POINT('',(-0.0678275985891052,-0.0532208488872414,-0.0278464098626407));
#2068=CARTESIAN_POINT('',(-0.0674908054743952,-0.053557642001911,-0.0278464098626407));
#2069=CARTESIAN_POINT('',(-0.0667560696547616,-0.0538127978032994,-0.0278464098626407));
#2070=CARTESIAN_POINT('',(-0.0664667655422376,-0.0538561774253317,-0.0278464098626407));
#2071=CARTESIAN_POINT('',(-0.0661531800114297,-0.0538561774253317,-0.0278464098626407));
#2072=CARTESIAN_POINT('',(-0.0679737277194434,-0.0518832234242197,-0.0283647751670853));
#2073=CARTESIAN_POINT('',(-0.0679737277194434,-0.0521508253651109,-0.0283647751670853));
#2074=CARTESIAN_POINT('',(-0.0679287609983443,-0.0524099127198355,-0.0283647751670853));
#2075=CARTESIAN_POINT('',(-0.0676747976203864,-0.0530767811617478,-0.0283647751670853));
#2076=CARTESIAN_POINT('',(-0.0673467377488875,-0.053404841033196,-0.0283647751670853));
#2077=CARTESIAN_POINT('',(-0.0666798693070807,-0.0536588044111244,-0.0283647751670853));
#2078=CARTESIAN_POINT('',(-0.0664207819523209,-0.0537037711322334,-0.0283647751670853));
#2079=CARTESIAN_POINT('',(-0.0661531800114297,-0.0537037711322334,-0.0283647751670853));
#2080=CARTESIAN_POINT('',(-0.0678426542725063,-0.0518832234242197,-0.0286116576277303));
#2081=CARTESIAN_POINT('',(-0.0678426542725063,-0.0521204999234786,-0.0286116576277303));
#2082=CARTESIAN_POINT('',(-0.0677981704797374,-0.0523554656567849,-0.0286116576277303));
#2083=CARTESIAN_POINT('',(-0.0675521621508446,-0.0529681240770092,-0.0286116576277303));
#2084=CARTESIAN_POINT('',(-0.0672380806641536,-0.0532822055636529,-0.0286116576277303));
#2085=CARTESIAN_POINT('',(-0.0666254222440278,-0.0535282138925182,-0.0286116576277303));
#2086=CARTESIAN_POINT('',(-0.0663904565106886,-0.0535726976852963,-0.0286116576277303));
#2087=CARTESIAN_POINT('',(-0.0661531800114297,-0.0535726976852963,-0.0286116576277303));
#2088=CARTESIAN_POINT('',(-0.0674577519506212,-0.0518832234242197,-0.0289942785007026));
#2089=CARTESIAN_POINT('',(-0.0674577519506212,-0.0520536514416048,-0.0289942785007026));
#2090=CARTESIAN_POINT('',(-0.0674201012257206,-0.0522280692981822,-0.0289942785007026));
#2091=CARTESIAN_POINT('',(-0.0672177591976785,-0.0526937214540471,-0.0289942785007026));
#2092=CARTESIAN_POINT('',(-0.0669636780412102,-0.0529478026104816,-0.0289942785007026));
#2093=CARTESIAN_POINT('',(-0.0664980258854157,-0.053150144638504,-0.0289942785007026));
#2094=CARTESIAN_POINT('',(-0.0663236080288148,-0.0531877953634112,-0.0289942785007026));
#2095=CARTESIAN_POINT('',(-0.0661531800114297,-0.0531877953634112,-0.0289942785007026));
#2096=CARTESIAN_POINT('',(-0.0672071254229442,-0.0518832234242198,-0.0291250860161413));
#2097=CARTESIAN_POINT('',(-0.0672071254229442,-0.0520171284013634,-0.0291250860161413));
#2098=CARTESIAN_POINT('',(-0.0671756246908773,-0.0521553201493347,-0.0291250860161413));
#2099=CARTESIAN_POINT('',(-0.0670080932544508,-0.0525290767226981,-0.0291250860161413));
#2100=CARTESIAN_POINT('',(-0.0667990333098752,-0.0527381366672501,-0.0291250860161414));
#2101=CARTESIAN_POINT('',(-0.066425276736561,-0.0529056681036628,-0.0291250860161414));
#2102=CARTESIAN_POINT('',(-0.0662870849885733,-0.0529371688357343,-0.0291250860161413));
#2103=CARTESIAN_POINT('',(-0.0661531800114297,-0.0529371688357343,-0.0291250860161413));
#2104=CARTESIAN_POINT('',(-0.0666905581901916,-0.0518832234242198,-0.0292742020195533));
#2105=CARTESIAN_POINT('',(-0.0666905581901916,-0.0519463544170098,-0.0292742020195533));
#2106=CARTESIAN_POINT('',(-0.066673010405607,-0.0520130396699146,-0.0292742020195533));
#2107=CARTESIAN_POINT('',(-0.0665820166112823,-0.0522002635737734,-0.0292742020195533));
#2108=CARTESIAN_POINT('',(-0.0664702201609739,-0.052312060024075,-0.0292742020195533));
#2109=CARTESIAN_POINT('',(-0.0662829962571292,-0.0524030538183958,-0.0292742020195533));
#2110=CARTESIAN_POINT('',(-0.0662163110042197,-0.0524206016029817,-0.0292742020195533));
#2111=CARTESIAN_POINT('',(-0.0661531800114297,-0.0524206016029817,-0.0292742020195533));
#2112=CARTESIAN_POINT('',(-0.0664239235034908,-0.0518832234242197,-0.0293));
#2113=CARTESIAN_POINT('',(-0.0664239235034908,-0.0519121034728977,-0.0293));
#2114=CARTESIAN_POINT('',(-0.0664142220474065,-0.0519434649654905,-0.0293));
#2115=CARTESIAN_POINT('',(-0.0663651504858999,-0.052035856600014,-0.0293));
#2116=CARTESIAN_POINT('',(-0.066305813187224,-0.0520951938986898,-0.0293));
#2117=CARTESIAN_POINT('',(-0.0662134215527005,-0.0521442654601963,-0.0293));
#2118=CARTESIAN_POINT('',(-0.0661820600601077,-0.0521539669162806,-0.0293));
#2119=CARTESIAN_POINT('',(-0.0661531800114297,-0.0521539669162806,-0.0293));
#2120=CARTESIAN_POINT('',(-0.0661531800114297,-0.0518832234242197,-0.0293));
#2121=CARTESIAN_POINT('',(-0.0661531800114297,-0.0518832234242197,-0.0293));
#2122=CARTESIAN_POINT('',(-0.0661531800114297,-0.0518832234242197,-0.0293));
#2123=CARTESIAN_POINT('',(-0.0661531800114297,-0.0518832234242197,-0.0293));
#2124=CARTESIAN_POINT('',(-0.0661531800114297,-0.0518832234242197,-0.0293));
#2125=CARTESIAN_POINT('',(-0.0661531800114297,-0.0518832234242197,-0.0293));
#2126=CARTESIAN_POINT('',(-0.0661531800114297,-0.0518832234242197,-0.0293));
#2127=CARTESIAN_POINT('',(-0.0661531800114297,-0.0518832234242197,-0.0293));
#2128=CARTESIAN_POINT('',(-0.0681531800114297,-0.0518832234242197,-0.0273));
#2129=CARTESIAN_POINT('',(-0.0681531800114297,-0.053216556757553,-0.0273));
#2130=CARTESIAN_POINT('',(-0.067486513344763,-0.0538832234242197,-0.0273));
#2131=CARTESIAN_POINT('',(-0.0661531800114297,-0.0538832234242197,-0.0273));
#2132=CARTESIAN_POINT('',(-0.0681531800114297,-0.0268832234242198,-0.0042999999999997));
#2133=CARTESIAN_POINT('',(-0.0681531800114297,-0.0268832234242198,-0.0273));
#2134=CARTESIAN_POINT('',(-0.0681531800114296,-0.0255498900908864,-0.00429999999999971));
#2135=CARTESIAN_POINT('',(-0.0681531800114296,-0.0255498900908864,-0.0273));
#2136=CARTESIAN_POINT('',(-0.0674865133447629,-0.0248832234242197,-0.00429999999999972));
#2137=CARTESIAN_POINT('',(-0.0674865133447629,-0.0248832234242197,-0.0273));
#2138=CARTESIAN_POINT('',(-0.0661531800114297,-0.0248832234242197,-0.00429999999999971));
#2139=CARTESIAN_POINT('',(-0.0661531800114297,-0.0248832234242197,-0.0273));
#2140=CARTESIAN_POINT('',(-0.0681531800114297,-0.0268832234242197,-0.00429999999999971));
#2141=CARTESIAN_POINT('',(-0.0681531800114297,-0.0268832234242197,-0.0119666666666665));
#2142=CARTESIAN_POINT('',(-0.0681531800114297,-0.0268832234242197,-0.0196333333333332));
#2143=CARTESIAN_POINT('',(-0.0681531800114297,-0.0268832234242197,-0.0273));
#2144=CARTESIAN_POINT('',(-0.0661531800114297,-0.0248832234242197,-0.0273));
#2145=CARTESIAN_POINT('',(-0.0661531800114297,-0.0248832234242197,-0.0196333333333332));
#2146=CARTESIAN_POINT('',(-0.0661531800114297,-0.0248832234242197,-0.0119666666666665));
#2147=CARTESIAN_POINT('',(-0.0661531800114297,-0.0248832234242197,-0.0042999999999997));
#2148=CARTESIAN_POINT('',(-0.0351531800114296,-0.0268832234242197,-0.0273));
#2149=CARTESIAN_POINT('',(-0.0351531800114296,-0.0268832234242197,-0.00429999999999971));
#2150=CARTESIAN_POINT('',(-0.0351531800114296,-0.0255498900908853,-0.0273));
#2151=CARTESIAN_POINT('',(-0.0351531800114296,-0.0255498900908853,-0.00429999999999971));
#2152=CARTESIAN_POINT('',(-0.0358198466780962,-0.0248832234242197,-0.0273));
#2153=CARTESIAN_POINT('',(-0.0358198466780962,-0.0248832234242197,-0.00429999999999971));
#2154=CARTESIAN_POINT('',(-0.0371531800114296,-0.0248832234242197,-0.0273));
#2155=CARTESIAN_POINT('',(-0.0371531800114296,-0.0248832234242197,-0.00429999999999971));
#2156=CARTESIAN_POINT('',(-0.0371531800114297,-0.0248832234242197,-0.00429999999999971));
#2157=CARTESIAN_POINT('',(-0.0371531800114297,-0.0248832234242197,-0.0119666666666665));
#2158=CARTESIAN_POINT('',(-0.0371531800114297,-0.0248832234242197,-0.0196333333333333));
#2159=CARTESIAN_POINT('',(-0.0371531800114297,-0.0248832234242197,-0.0273));
#2160=CARTESIAN_POINT('',(-0.0351531800114296,-0.0268832234242197,-0.0273));
#2161=CARTESIAN_POINT('',(-0.0351531800114296,-0.0268832234242197,-0.0196333333333332));
#2162=CARTESIAN_POINT('',(-0.0351531800114296,-0.0268832234242197,-0.0119666666666665));
#2163=CARTESIAN_POINT('',(-0.0351531800114296,-0.0268832234242197,-0.00429999999999971));
#2164=CARTESIAN_POINT('',(-0.0351531800114296,-0.0518832234242197,-0.00429999999999971));
#2165=CARTESIAN_POINT('',(-0.0351531800114296,-0.0518832234242197,-0.0273));
#2166=CARTESIAN_POINT('',(-0.0351531800114296,-0.0532165567575531,-0.00429999999999971));
#2167=CARTESIAN_POINT('',(-0.0351531800114296,-0.0532165567575531,-0.0273));
#2168=CARTESIAN_POINT('',(-0.0358198466780963,-0.0538832234242197,-0.00429999999999971));
#2169=CARTESIAN_POINT('',(-0.0358198466780963,-0.0538832234242197,-0.0273));
#2170=CARTESIAN_POINT('',(-0.0371531800114297,-0.0538832234242197,-0.00429999999999971));
#2171=CARTESIAN_POINT('',(-0.0371531800114297,-0.0538832234242197,-0.0273));
#2172=CARTESIAN_POINT('',(-0.0351531800114296,-0.0518832234242197,-0.00429999999999971));
#2173=CARTESIAN_POINT('',(-0.0351531800114296,-0.0518832234242197,-0.0119666666666665));
#2174=CARTESIAN_POINT('',(-0.0351531800114296,-0.0518832234242197,-0.0196333333333332));
#2175=CARTESIAN_POINT('',(-0.0351531800114296,-0.0518832234242197,-0.0273));
#2176=CARTESIAN_POINT('',(-0.0371531800114297,-0.0538832234242197,-0.0273));
#2177=CARTESIAN_POINT('',(-0.0371531800114297,-0.0538832234242197,-0.0196333333333332));
#2178=CARTESIAN_POINT('',(-0.0371531800114297,-0.0538832234242197,-0.0119666666666665));
#2179=CARTESIAN_POINT('',(-0.0371531800114297,-0.0538832234242197,-0.00429999999999971));
#2180=CARTESIAN_POINT('',(-0.0351531800114296,-0.0393832234242197,0.0257));
#2181=CARTESIAN_POINT('',(-0.0681531800114297,-0.0518832234242197,-0.0273));
#2182=CARTESIAN_POINT('',(-0.0681531800114297,-0.0518832234242197,-0.00429999999999969));
#2183=CARTESIAN_POINT('',(-0.0681531800114297,-0.053216556757553,-0.0273));
#2184=CARTESIAN_POINT('',(-0.0681531800114297,-0.053216556757553,-0.00429999999999969));
#2185=CARTESIAN_POINT('',(-0.067486513344763,-0.0538832234242197,-0.0273));
#2186=CARTESIAN_POINT('',(-0.067486513344763,-0.0538832234242197,-0.00429999999999969));
#2187=CARTESIAN_POINT('',(-0.0661531800114297,-0.0538832234242197,-0.0273));
#2188=CARTESIAN_POINT('',(-0.0661531800114297,-0.0538832234242197,-0.00429999999999969));
#2189=CARTESIAN_POINT('',(-0.0661531800114297,-0.0538832234242197,-0.00429999999999971));
#2190=CARTESIAN_POINT('',(-0.0661531800114297,-0.0538832234242197,-0.0119666666666665));
#2191=CARTESIAN_POINT('',(-0.0661531800114297,-0.0538832234242197,-0.0196333333333332));
#2192=CARTESIAN_POINT('',(-0.0661531800114297,-0.0538832234242197,-0.0273));
#2193=CARTESIAN_POINT('',(-0.0681531800114297,-0.0518832234242197,-0.0273));
#2194=CARTESIAN_POINT('',(-0.0681531800114297,-0.0518832234242197,-0.0196333333333332));
#2195=CARTESIAN_POINT('',(-0.0681531800114297,-0.0518832234242197,-0.0119666666666665));
#2196=CARTESIAN_POINT('',(-0.0681531800114297,-0.0518832234242197,-0.00429999999999969));
#2197=CARTESIAN_POINT('',(-0.0516531800114297,-0.0538832234242197,0.0257));
#2198=CARTESIAN_POINT('',(-0.0681531800114297,-0.0393832234242197,0.0257));
#2199=CARTESIAN_POINT('',(-0.0516531800114297,-0.0248832234242197,0.0257));
#2200=CARTESIAN_POINT('',(-0.0516531800114297,-0.0248832234242197,0.0257));
#2201=CARTESIAN_POINT('',(-0.0351531800114296,-0.0518832234242197,-0.00409999999999972));
#2202=CARTESIAN_POINT('',(-0.0351531800114296,-0.0518832234242197,-0.00349999999999972));
#2203=CARTESIAN_POINT('',(-0.0351531800114296,-0.0521540893259001,-0.00409999999999971));
#2204=CARTESIAN_POINT('',(-0.0351531800114296,-0.0521540893259001,-0.00349999999999971));
#2205=CARTESIAN_POINT('',(-0.0351999692898356,-0.052686146161424,-0.00409999999999968));
#2206=CARTESIAN_POINT('',(-0.0351999692898356,-0.052686146161424,-0.00349999999999968));
#2207=CARTESIAN_POINT('',(-0.0355915534299251,-0.0534406657623138,-0.00409999999999975));
#2208=CARTESIAN_POINT('',(-0.0355915534299251,-0.0534406657623138,-0.00349999999999975));
#2209=CARTESIAN_POINT('',(-0.0363350886737431,-0.0538326699354434,-0.00409999999999971));
#2210=CARTESIAN_POINT('',(-0.0363350886737431,-0.0538326699354434,-0.00349999999999971));
#2211=CARTESIAN_POINT('',(-0.0368807741275826,-0.0538832234242197,-0.0040999999999997));
#2212=CARTESIAN_POINT('',(-0.0368807741275826,-0.0538832234242197,-0.0034999999999997));
#2213=CARTESIAN_POINT('',(-0.0371531800114296,-0.0538832234242197,-0.00409999999999971));
#2214=CARTESIAN_POINT('',(-0.0371531800114296,-0.0538832234242197,-0.00349999999999971));
#2215=CARTESIAN_POINT('',(-0.0351531800114296,-0.0518832234242197,-0.00349999999999972));
#2216=CARTESIAN_POINT('',(-0.0351531800114296,-0.0521540893259001,-0.00349999999999972));
#2217=CARTESIAN_POINT('',(-0.0351999692898355,-0.0526861461614239,-0.00349999999999971));
#2218=CARTESIAN_POINT('',(-0.0355915534299251,-0.0534406657623138,-0.00349999999999971));
#2219=CARTESIAN_POINT('',(-0.0363350886737431,-0.0538326699354434,-0.00349999999999973));
#2220=CARTESIAN_POINT('',(-0.0368807741275825,-0.0538832234242197,-0.00349999999999971));
#2221=CARTESIAN_POINT('',(-0.0371531800114296,-0.0538832234242197,-0.00349999999999971));
#2222=CARTESIAN_POINT('',(-0.0351531800114296,-0.0518832234242197,-0.00349999999999972));
#2223=CARTESIAN_POINT('',(-0.0371531800114296,-0.0538832234242197,-0.00349999999999971));
#2224=CARTESIAN_POINT('',(-0.0371531800114296,-0.0538832234242197,-0.00409999999999971));
#2225=CARTESIAN_POINT('',(-0.0371531800114296,-0.0538832234242197,-0.00409999999999971));
#2226=CARTESIAN_POINT('',(-0.0351531800114296,-0.0518832234242197,-0.00409999999999972));
#2227=CARTESIAN_POINT('',(-0.0351531800114296,-0.0521540893259001,-0.00409999999999972));
#2228=CARTESIAN_POINT('',(-0.0351999692898355,-0.0526861461614238,-0.00409999999999971));
#2229=CARTESIAN_POINT('',(-0.0355915534299251,-0.0534406657623138,-0.00409999999999971));
#2230=CARTESIAN_POINT('',(-0.0363350886737432,-0.0538326699354435,-0.00409999999999973));
#2231=CARTESIAN_POINT('',(-0.0368807741275825,-0.0538832234242197,-0.00409999999999971));
#2232=CARTESIAN_POINT('',(-0.0371531800114296,-0.0538832234242197,-0.00409999999999971));
#2233=CARTESIAN_POINT('',(-0.0351531800114296,-0.0518832234242197,-0.00409999999999972));
#2234=CARTESIAN_POINT('',(-0.0351531800114296,-0.0518832234242197,-0.00409999999999972));
#2235=CARTESIAN_POINT('',(-0.0516531800114296,-0.0599832234242197,-0.00409999999999971));
#2236=CARTESIAN_POINT('',(-0.0371531800114296,-0.0248832234242198,-0.00409999999999971));
#2237=CARTESIAN_POINT('',(-0.0368823141097493,-0.0248832234242198,-0.00409999999999971));
#2238=CARTESIAN_POINT('',(-0.0363502572742254,-0.0249300127026255,-0.00409999999999971));
#2239=CARTESIAN_POINT('',(-0.0355957376733355,-0.0253215968427152,-0.00409999999999972));
#2240=CARTESIAN_POINT('',(-0.0352037335002059,-0.0260651320865332,-0.00409999999999971));
#2241=CARTESIAN_POINT('',(-0.0351531800114296,-0.0266108175403725,-0.00409999999999972));
#2242=CARTESIAN_POINT('',(-0.0351531800114296,-0.0268832234242197,-0.00409999999999972));
#2243=CARTESIAN_POINT('',(-0.0371531800114296,-0.0248832234242198,-0.00409999999999971));
#2244=CARTESIAN_POINT('',(-0.0351531800114296,-0.0268832234242197,-0.00409999999999972));
#2245=CARTESIAN_POINT('',(-0.0351531800114296,-0.0393832234242197,-0.00409999999999972));
#2246=CARTESIAN_POINT('',(-0.0516531800114297,-0.0538832234242197,-0.00409999999999971));
#2247=CARTESIAN_POINT('',(-0.0661531800114297,-0.0538832234242197,-0.00409999999999971));
#2248=CARTESIAN_POINT('',(-0.0661531800114297,-0.0538832234242197,-0.00409999999999971));
#2249=CARTESIAN_POINT('',(-0.0664240459131101,-0.0538832234242197,-0.00409999999999971));
#2250=CARTESIAN_POINT('',(-0.0669561027486339,-0.0538364341458139,-0.00409999999999971));
#2251=CARTESIAN_POINT('',(-0.0677106223495238,-0.0534448500057242,-0.00409999999999971));
#2252=CARTESIAN_POINT('',(-0.0681026265226534,-0.0527013147619063,-0.00409999999999971));
#2253=CARTESIAN_POINT('',(-0.0681531800114297,-0.0521556293080668,-0.00409999999999971));
#2254=CARTESIAN_POINT('',(-0.0681531800114297,-0.0518832234242197,-0.00409999999999971));
#2255=CARTESIAN_POINT('',(-0.0681531800114297,-0.0518832234242197,-0.00409999999999971));
#2256=CARTESIAN_POINT('',(-0.0681531800114297,-0.0393832234242197,-0.00409999999999971));
#2257=CARTESIAN_POINT('',(-0.0681531800114297,-0.0268832234242198,-0.00409999999999971));
#2258=CARTESIAN_POINT('',(-0.0681531800114297,-0.0268832234242198,-0.00409999999999971));
#2259=CARTESIAN_POINT('',(-0.0681531800114297,-0.0266123575225394,-0.00409999999999971));
#2260=CARTESIAN_POINT('',(-0.0681063907330239,-0.0260803006870156,-0.0040999999999997));
#2261=CARTESIAN_POINT('',(-0.0677148065929343,-0.0253257810861257,-0.00409999999999972));
#2262=CARTESIAN_POINT('',(-0.0669712713491162,-0.0249337769129959,-0.0040999999999997));
#2263=CARTESIAN_POINT('',(-0.0664255858952768,-0.0248832234242198,-0.0040999999999997));
#2264=CARTESIAN_POINT('',(-0.0661531800114297,-0.0248832234242198,-0.0040999999999997));
#2265=CARTESIAN_POINT('',(-0.0661531800114297,-0.0248832234242198,-0.00409999999999971));
#2266=CARTESIAN_POINT('',(-0.0516531800114296,-0.0248832234242197,-0.00409999999999971));
#2267=CARTESIAN_POINT('',(-0.0741531800114297,-0.0393832234242197,0.0207));
#2268=CARTESIAN_POINT('',(-0.0741531800114297,-0.0538832234242197,0.0177));
#2269=CARTESIAN_POINT('',(-0.0741531800114297,-0.0363832234242197,0.0177));
#2270=CARTESIAN_POINT('',(-0.0741531800114297,-0.0423832234242197,0.0177));
#2271=CARTESIAN_POINT('',(-0.0741531800114297,-0.0423832234242197,0.0207));
#2272=CARTESIAN_POINT('',(-0.0741531800114297,-0.0423832234242197,0.0237));
#2273=CARTESIAN_POINT('',(-0.0741531800114297,-0.0538832234242197,0.0237));
#2274=CARTESIAN_POINT('',(-0.0741531800114297,-0.0363832234242197,0.0237));
#2275=CARTESIAN_POINT('',(-0.0741531800114297,-0.0363832234242197,0.0207));
#2276=CARTESIAN_POINT('',(-0.0731531800114297,-0.0538832234242197,0.0247));
#2277=CARTESIAN_POINT('',(-0.0751531800114297,-0.0363832234242197,0.0227));
#2278=CARTESIAN_POINT('',(-0.0731531800114297,-0.0363832234242197,0.0247));
#2279=CARTESIAN_POINT('',(-0.0731531800114297,-0.0423832234242197,0.0247));
#2280=CARTESIAN_POINT('',(-0.0731531800114297,-0.0423832234242197,0.0247));
#2281=CARTESIAN_POINT('',(-0.0731531800114297,-0.0538832234242197,0.0247));
#2282=CARTESIAN_POINT('',(-0.0751531800114297,-0.0363832234242197,0.0207));
#2283=CARTESIAN_POINT('',(-0.0731531800114297,-0.0363832234242197,0.0207));
#2284=CARTESIAN_POINT('',(-0.0731531800114297,-0.0363832234242197,0.0167));
#2285=CARTESIAN_POINT('',(-0.0751531800114297,-0.0363832234242197,0.0187));
#2286=CARTESIAN_POINT('',(-0.0731531800114297,-0.0538832234242197,0.0167));
#2287=CARTESIAN_POINT('',(-0.0731531800114297,-0.0423832234242197,0.0167));
#2288=CARTESIAN_POINT('',(-0.0731531800114297,-0.0423832234242197,0.0167));
#2289=CARTESIAN_POINT('',(-0.0731531800114297,-0.0538832234242197,0.0167));
#2290=CARTESIAN_POINT('',(-0.0751531800114297,-0.0423832234242197,0.0207));
#2291=CARTESIAN_POINT('',(-0.0731531800114297,-0.0423832234242197,0.0207));
#2292=CARTESIAN_POINT('',(-0.0701531800114297,-0.0518592233733629,0.0237));
#2293=CARTESIAN_POINT('',(-0.0701531800114297,-0.0518592233984895,0.0237522430632481));
#2294=CARTESIAN_POINT('',(-0.0701531800114297,-0.0518573494572567,0.0238044585013301));
#2295=CARTESIAN_POINT('',(-0.0701531800114297,-0.0518502759544425,0.0238685440878097));
#2296=CARTESIAN_POINT('',(-0.0701531800114297,-0.0518486108066367,0.0238812980759432));
#2297=CARTESIAN_POINT('',(-0.0701531800114297,-0.0518445844124213,0.0239064710034289));
#2298=CARTESIAN_POINT('',(-0.0701531800114297,-0.051842216323821,0.0239191979946466));
#2299=CARTESIAN_POINT('',(-0.0701531800114297,-0.051838914616302,0.0239320018243869));
#2300=CARTESIAN_POINT('',(-0.0701531800114298,-0.0518385402899918,0.0239333921258397));
#2301=CARTESIAN_POINT('',(-0.0701531800114296,-0.0518379964236533,0.0239352409807385));
#2302=CARTESIAN_POINT('',(-0.0701531800114296,-0.0518379724690441,0.0239353086208813));
#2303=CARTESIAN_POINT('',(-0.0701531800114296,-0.0518372046137868,0.0239376959881128));
#2304=CARTESIAN_POINT('',(-0.0701531800114298,-0.0518364623537047,0.0239400037764366));
#2305=CARTESIAN_POINT('',(-0.0701531800114295,-0.0518357200936228,0.0239423115647603));
#2306=CARTESIAN_POINT('',(-0.0701531800114297,-0.0525298900485057,0.0237));
#2307=CARTESIAN_POINT('',(-0.0701531800114297,-0.0525298901006201,0.0237702909345371));
#2308=CARTESIAN_POINT('',(-0.0701531800114298,-0.0525280070476514,0.0238416949884482));
#2309=CARTESIAN_POINT('',(-0.0701531800114297,-0.0525159233752009,0.023951034917495));
#2310=CARTESIAN_POINT('',(-0.0701531800114297,-0.0525129887738448,0.0239739573843423));
#2311=CARTESIAN_POINT('',(-0.0701531800114297,-0.0525047379204329,0.024025567440112));
#2312=CARTESIAN_POINT('',(-0.0701531800114297,-0.0525019137759517,0.0240467448573494));
#2313=CARTESIAN_POINT('',(-0.0701531800114297,-0.052487053585524,0.0241044592261737));
#2314=CARTESIAN_POINT('',(-0.0701531800114298,-0.052485172844581,0.0241116372011673));
#2315=CARTESIAN_POINT('',(-0.0701531800114296,-0.0524802877742387,0.0241283408979755));
#2316=CARTESIAN_POINT('',(-0.0701531800114296,-0.0524739634519321,0.0241485544449294));
#2317=CARTESIAN_POINT('',(-0.07015318001143,-0.052287425746457,0.0247458399556059));
#2318=CARTESIAN_POINT('',(-0.0701531800114308,-0.0521071059644979,0.0253232159492599));
#2319=CARTESIAN_POINT('',(-0.0701531800114306,-0.0519267861825389,0.0259005919429136));
#2320=CARTESIAN_POINT('',(-0.0699924833573501,-0.0530398600695689,0.0237));
#2321=CARTESIAN_POINT('',(-0.0699924833573501,-0.0530398601336416,0.0237840144045961));
#2322=CARTESIAN_POINT('',(-0.0699924833573503,-0.0530379701653649,0.0238700093403044));
#2323=CARTESIAN_POINT('',(-0.0699924833573501,-0.0530220767771998,0.0240137603373006));
#2324=CARTESIAN_POINT('',(-0.0699924833573501,-0.0530181769154801,0.0240444148438594));
#2325=CARTESIAN_POINT('',(-0.0699924833573501,-0.0530067137632114,0.0241161274890037));
#2326=CARTESIAN_POINT('',(-0.0699924833573501,-0.053003544738129,0.0241437310590644));
#2327=CARTESIAN_POINT('',(-0.0699924833573501,-0.0529798933880363,0.0242355944826693));
#2328=CARTESIAN_POINT('',(-0.0699924833573501,-0.0529768475834248,0.0242471670747469));
#2329=CARTESIAN_POINT('',(-0.06999248335735,-0.0529687012707594,0.0242751789852289));
#2330=CARTESIAN_POINT('',(-0.06999248335735,-0.0529575502158107,0.0243106998569836));
#2331=CARTESIAN_POINT('',(-0.0699924833573508,-0.0526285620168482,0.0253599605750087));
#2332=CARTESIAN_POINT('',(-0.0699924833573515,-0.0523105400911848,0.0263742459357663));
#2333=CARTESIAN_POINT('',(-0.0699924833573517,-0.0519925181655214,0.0273885312965237));
#2334=CARTESIAN_POINT('',(-0.0693258406907851,-0.0537145507532895,0.0237));
#2335=CARTESIAN_POINT('',(-0.0693258406907851,-0.053714550808989,0.0238021705678858));
#2336=CARTESIAN_POINT('',(-0.0693258406907853,-0.0537126517290198,0.0239074692474269));
#2337=CARTESIAN_POINT('',(-0.0693258406907852,-0.0536917180293748,0.0240967461043276));
#2338=CARTESIAN_POINT('',(-0.0693258406907851,-0.0536865411919761,0.0241376301133534));
#2339=CARTESIAN_POINT('',(-0.0693258406907851,-0.0536708280218557,0.024235938472216));
#2340=CARTESIAN_POINT('',(-0.0693258406907851,-0.0536672080905373,0.0242720452902137));
#2341=CARTESIAN_POINT('',(-0.0693258406907851,-0.053631919887621,0.0244090862701081));
#2342=CARTESIAN_POINT('',(-0.0693258406907852,-0.0536272773324943,0.0244264551787308));
#2343=CARTESIAN_POINT('',(-0.0693258406907851,-0.0536149287831019,0.0244694637491799));
#2344=CARTESIAN_POINT('',(-0.0693258406907851,-0.053597290299899,0.0245252037999885));
#2345=CARTESIAN_POINT('',(-0.0693258406907858,-0.0530764707562854,0.0261713515886022));
#2346=CARTESIAN_POINT('',(-0.0693258406907867,-0.0525730118641255,0.0277626277842623));
#2347=CARTESIAN_POINT('',(-0.0693258406907873,-0.0520695529719658,0.0293539039799222));
#2348=CARTESIAN_POINT('',(-0.0688238466865725,-0.0538832234242197,0.0237));
#2349=CARTESIAN_POINT('',(-0.0688238466865725,-0.0538832234599571,0.0238067096109937));
#2350=CARTESIAN_POINT('',(-0.0688238466865727,-0.0538813221295868,0.0239168342245135));
#2351=CARTESIAN_POINT('',(-0.0688238466865725,-0.0538591283114472,0.0241174925417155));
#2352=CARTESIAN_POINT('',(-0.0688238466865725,-0.0538536322777187,0.0241609339327724));
#2353=CARTESIAN_POINT('',(-0.0688238466865725,-0.0538368564965728,0.0242658912011151));
#2354=CARTESIAN_POINT('',(-0.0688238466865725,-0.053833127805489,0.0243041248971201));
#2355=CARTESIAN_POINT('',(-0.0688238466865725,-0.0537949258527117,0.0244524590354028));
#2356=CARTESIAN_POINT('',(-0.0688238466865726,-0.0537898432159037,0.0244712639028846));
#2357=CARTESIAN_POINT('',(-0.0688238466865724,-0.0537765271126405,0.024518048141755));
#2358=CARTESIAN_POINT('',(-0.0688238466865724,-0.0537571916927601,0.0245788190419272));
#2359=CARTESIAN_POINT('',(-0.0688238466865732,-0.0531859259462665,0.0263733935935097));
#2360=CARTESIAN_POINT('',(-0.0688238466865737,-0.0526337023913227,0.0281081489933729));
#2361=CARTESIAN_POINT('',(-0.0688238466865746,-0.0520814788363789,0.0298429043932359));
#2362=CARTESIAN_POINT('',(-0.0681531800114297,-0.0538832234242197,0.0237));
#2363=CARTESIAN_POINT('',(-0.0681531800114297,-0.0538832234242197,0.0238067096155647));
#2364=CARTESIAN_POINT('',(-0.0681531800114298,-0.0538813221488935,0.0239168342251254));
#2365=CARTESIAN_POINT('',(-0.0681531800114297,-0.0538591282495045,0.0241174925329778));
#2366=CARTESIAN_POINT('',(-0.0681531800114297,-0.0538536323109557,0.0241609339368634));
#2367=CARTESIAN_POINT('',(-0.0681531800114297,-0.0538368563166848,0.024265891167307));
#2368=CARTESIAN_POINT('',(-0.0681531800114297,-0.0538331355591887,0.0243041269953582));
#2369=CARTESIAN_POINT('',(-0.0681531800114297,-0.0537949245331007,0.0244524586722726));
#2370=CARTESIAN_POINT('',(-0.0681531800114298,-0.0537897601081877,0.0244712372992002));
#2371=CARTESIAN_POINT('',(-0.0681531800114296,-0.0537766100155464,0.0245180745449299));
#2372=CARTESIAN_POINT('',(-0.0681531800114296,-0.0537571244364382,0.0245787975543024));
#2373=CARTESIAN_POINT('',(-0.0681531800114305,-0.0531808819565102,0.0263717820965279));
#2374=CARTESIAN_POINT('',(-0.06815318001143,-0.0526238475592467,0.0281050004873461));
#2375=CARTESIAN_POINT('',(-0.0681531800114313,-0.052066813161983,0.0298382188781641));
#2376=CARTESIAN_POINT('',(-0.0681531800114297,-0.0538832234242197,0.0237));
#2377=CARTESIAN_POINT('',(-0.069486513344763,-0.0538832234242197,0.0237));
#2378=CARTESIAN_POINT('',(-0.0701531800114296,-0.053216556757553,0.0237));
#2379=CARTESIAN_POINT('',(-0.0701531800114297,-0.0518832234242197,0.0237));
#2380=CARTESIAN_POINT('',(-0.0701531800114297,-0.0518832234242197,0.0237));
#2381=CARTESIAN_POINT('',(-0.0681531800114297,-0.0538832234242197,0.0237));
#2382=CARTESIAN_POINT('',(-0.0681531800114296,-0.0537649118637225,0.0245545668923312));
#2383=CARTESIAN_POINT('',(-0.0681531800114296,-0.0538437862373873,0.0243091484483865));
#2384=CARTESIAN_POINT('',(-0.0681531800114297,-0.0538832234242197,0.0240242928176095));
#2385=CARTESIAN_POINT('',(-0.0681531800114297,-0.0538832234242197,0.0237));
#2386=CARTESIAN_POINT('',(-0.0681531800114297,-0.0537649118637225,0.0245545668923312));
#2387=CARTESIAN_POINT('',(-0.0701004680732949,-0.0519359353623583,0.0256996480276758));
#2388=CARTESIAN_POINT('',(-0.0699185487545472,-0.0529213491975009,0.0256863997990928));
#2389=CARTESIAN_POINT('',(-0.0692694527339254,-0.0535255732992158,0.0252992713552381));
#2390=CARTESIAN_POINT('',(-0.0681531800114296,-0.0537649118637225,0.0245545668923312));
#2391=CARTESIAN_POINT('',(-0.0701004680732957,-0.0519359353623548,0.0256996480276758));
#2392=CARTESIAN_POINT('',(-0.0701531800114297,-0.0518832234242197,0.0237));
#2393=CARTESIAN_POINT('',(-0.0701531800114297,-0.0518832234242197,0.0243674347818536));
#2394=CARTESIAN_POINT('',(-0.070147807836883,-0.0518885955987636,0.0250352737312373));
#2395=CARTESIAN_POINT('',(-0.0701004680732952,-0.0519359353623514,0.025699648027676));
#2396=CARTESIAN_POINT('',(-0.035,-0.12719161171211,0.0257));
#2397=CARTESIAN_POINT('',(-0.0381531800114297,-0.0248832234242197,0.0257));
#2398=CARTESIAN_POINT('',(-0.0381531800114297,-0.0518832234242197,0.0257));
#2399=CARTESIAN_POINT('',(-0.0381531800114297,-0.0268832234242197,0.0257));
#2400=CARTESIAN_POINT('',(-0.0381531800114296,-0.02688322342422,0.0257));
#2401=CARTESIAN_POINT('',(-0.0488198466780963,-0.02688322342422,0.0257));
#2402=CARTESIAN_POINT('',(-0.059486513344763,-0.0268832234242199,0.0257));
#2403=CARTESIAN_POINT('',(-0.0701531800114296,-0.0268832234242198,0.0257));
#2404=CARTESIAN_POINT('',(-0.0701531800114297,-0.0268832234242197,0.0257));
#2405=CARTESIAN_POINT('',(-0.10273078414966,-0.05946082756245,0.0257));
#2406=CARTESIAN_POINT('',(-0.0731531800114297,-0.0298832234242197,0.0257));
#2407=CARTESIAN_POINT('',(-0.0731531800114297,-0.0538832234242197,0.0257));
#2408=CARTESIAN_POINT('',(-0.0731531800114297,-0.0488832234242197,0.0257));
#2409=CARTESIAN_POINT('',(-0.0149223958617698,-0.10711400757388,0.0257));
#2410=CARTESIAN_POINT('',(-0.0701531800114297,-0.0518832234242197,0.0257));
#2411=CARTESIAN_POINT('',(-0.0701531800114296,-0.0518832234242198,0.0257));
#2412=CARTESIAN_POINT('',(-0.059486513344763,-0.0518832234242198,0.0257));
#2413=CARTESIAN_POINT('',(-0.0488198466780963,-0.0518832234242198,0.0257));
#2414=CARTESIAN_POINT('',(-0.0381531800114297,-0.0518832234242198,0.0257));
#2415=CARTESIAN_POINT('',(-0.0731531800114297,-0.0538832234242197,0.0182));
#2416=CARTESIAN_POINT('',(-0.0731531800114297,-0.0538832234242197,0.0157));
#2417=CARTESIAN_POINT('',(-0.0731531800114297,-0.0488832234242197,0.0157));
#2418=CARTESIAN_POINT('',(-0.0731531800114297,-0.0298832234242197,0.0157));
#2419=CARTESIAN_POINT('',(-0.0731531800114297,-0.0488832234242197,0.0182));
#2420=CARTESIAN_POINT('',(-0.0731531800114297,-0.0298832234242197,0.0107));
#2421=CARTESIAN_POINT('',(-0.0681531800114297,-0.0538832234242197,0.0257));
#2422=CARTESIAN_POINT('',(-0.0701531800114297,-0.0518832234242197,0.0257));
#2423=CARTESIAN_POINT('',(-0.0701531800114297,-0.0518832234242197,0.0127));
#2424=CARTESIAN_POINT('',(-0.0701531800114297,-0.0518832234242278,0.0257));
#2425=CARTESIAN_POINT('',(-0.0701356089736817,-0.0519007944619758,0.0256999999999999));
#2426=CARTESIAN_POINT('',(-0.0701180383223841,-0.0519183651132653,0.0256998842478992));
#2427=CARTESIAN_POINT('',(-0.0701004680732902,-0.0519359353623591,0.0256996480276758));
#2428=CARTESIAN_POINT('',(-0.072986513344763,-0.0490498900908864,0.0155333333333333));
#2429=CARTESIAN_POINT('',(-0.0731531800114297,-0.0298832234242197,0.0182));
#2430=CARTESIAN_POINT('',(-0.0701531800114297,-0.0268832234242197,0.0182));
#2431=CARTESIAN_POINT('',(-0.0701531800114297,-0.0268832234242197,0.0127));
#2432=CARTESIAN_POINT('',(-0.072986513344763,-0.029716556757553,0.0155333333333333));
#2433=CARTESIAN_POINT('',(-0.0681531800114297,-0.0538832234242197,0.0237));
#2434=CARTESIAN_POINT('',(-0.0681531800114297,-0.0538832234242197,0.010622));
#2435=CARTESIAN_POINT('',(-0.069486513344763,-0.0538832234242197,0.0237));
#2436=CARTESIAN_POINT('',(-0.069486513344763,-0.0538832234242197,0.010622));
#2437=CARTESIAN_POINT('',(-0.0701531800114296,-0.053216556757553,0.0237));
#2438=CARTESIAN_POINT('',(-0.0701531800114296,-0.053216556757553,0.010622));
#2439=CARTESIAN_POINT('',(-0.0701531800114297,-0.0518832234242197,0.0237));
#2440=CARTESIAN_POINT('',(-0.0701531800114297,-0.0518832234242197,0.010622));
#2441=CARTESIAN_POINT('',(-0.0681531800114297,-0.0538832234242197,0.0107));
#2442=CARTESIAN_POINT('',(-0.069486513344763,-0.0538832234242197,0.0120333333333333));
#2443=CARTESIAN_POINT('',(-0.0701531800114297,-0.053216556757553,0.0127));
#2444=CARTESIAN_POINT('',(-0.0701531800114297,-0.0518832234242197,0.0127));
#2445=CARTESIAN_POINT('',(-0.0681531800114297,-0.0538832234242197,0.0107));
#2446=CARTESIAN_POINT('',(-0.0681531800114297,-0.0538832234242197,0.0237));
#2447=CARTESIAN_POINT('',(-0.0681531800114297,-0.0538832234242197,0.0193666666666667));
#2448=CARTESIAN_POINT('',(-0.0681531800114297,-0.0538832234242197,0.0150333333333333));
#2449=CARTESIAN_POINT('',(-0.0681531800114297,-0.0538832234242197,0.0107));
#2450=CARTESIAN_POINT('',(-0.0681531800114297,-0.0248832234242197,0.01061));
#2451=CARTESIAN_POINT('',(-0.0681531800114297,-0.0248832234242197,0.02579));
#2452=CARTESIAN_POINT('',(-0.069486513344763,-0.0248832234242197,0.01061));
#2453=CARTESIAN_POINT('',(-0.069486513344763,-0.0248832234242197,0.02579));
#2454=CARTESIAN_POINT('',(-0.0701531800114297,-0.0255498900908864,0.01061));
#2455=CARTESIAN_POINT('',(-0.0701531800114297,-0.0255498900908864,0.02579));
#2456=CARTESIAN_POINT('',(-0.0701531800114297,-0.0268832234242197,0.01061));
#2457=CARTESIAN_POINT('',(-0.0701531800114297,-0.0268832234242197,0.02579));
#2458=CARTESIAN_POINT('',(-0.0701531800114297,-0.0268832234242197,0.0127));
#2459=CARTESIAN_POINT('',(-0.0701531800114297,-0.0255498900908864,0.0127));
#2460=CARTESIAN_POINT('',(-0.069486513344763,-0.0248832234242197,0.0120333333333333));
#2461=CARTESIAN_POINT('',(-0.0681531800114297,-0.0248832234242197,0.0107));
#2462=CARTESIAN_POINT('',(-0.0681531800114297,-0.0248832234242197,0.0107));
#2463=CARTESIAN_POINT('',(-0.0701531800114297,-0.0268832234242197,0.0257));
#2464=CARTESIAN_POINT('',(-0.0701531800114297,-0.0255498900893812,0.0257));
#2465=CARTESIAN_POINT('',(-0.0694865133432579,-0.0248832234242197,0.0250333333333333));
#2466=CARTESIAN_POINT('',(-0.0681531800114297,-0.0248832234242197,0.0237));
#2467=CARTESIAN_POINT('',(-0.0681531800114297,-0.0248832234242198,0.0237));
#2468=CARTESIAN_POINT('',(-0.0681531800114297,-0.0248832234242197,0.0107));
#2469=CARTESIAN_POINT('',(-0.0681531800114297,-0.0248832234242197,0.0150333333333333));
#2470=CARTESIAN_POINT('',(-0.0681531800114297,-0.0248832234242197,0.0193666666666667));
#2471=CARTESIAN_POINT('',(-0.0681531800114297,-0.0248832234242197,0.0237));
#2472=CARTESIAN_POINT('',(-0.0703541800114297,-0.0248832234242197,0.0237));
#2473=CARTESIAN_POINT('',(-0.0364521800114296,-0.0248832234242197,0.0237));
#2474=CARTESIAN_POINT('',(-0.0703541800114297,-0.0248832234242197,0.0250333333333334));
#2475=CARTESIAN_POINT('',(-0.0364521800114296,-0.0248832234242197,0.0250333333333334));
#2476=CARTESIAN_POINT('',(-0.0703541800114297,-0.0255498900908865,0.0257000000000001));
#2477=CARTESIAN_POINT('',(-0.0364521800114296,-0.0255498900908865,0.0257000000000001));
#2478=CARTESIAN_POINT('',(-0.0703541800114297,-0.02688322342422,0.0257));
#2479=CARTESIAN_POINT('',(-0.0364521800114296,-0.02688322342422,0.0257));
#2480=CARTESIAN_POINT('',(-0.0681531800114297,-0.0248832234242197,0.0237));
#2481=CARTESIAN_POINT('',(-0.0578198466780964,-0.0248832234242197,0.0237));
#2482=CARTESIAN_POINT('',(-0.047486513344763,-0.0248832234242197,0.0237));
#2483=CARTESIAN_POINT('',(-0.0371531800114297,-0.0248832234242197,0.0237));
#2484=CARTESIAN_POINT('',(-0.0371531800114296,-0.0248832234242197,0.0237));
#2485=CARTESIAN_POINT('',(-0.0366531800114298,-0.024919121809082,0.0242000000000002));
#2486=CARTESIAN_POINT('',(-0.0376531800114297,-0.0250738223474614,0.0252000000000001));
#2487=CARTESIAN_POINT('',(-0.0381531800114297,-0.0257285228858407,0.0257));
#2488=CARTESIAN_POINT('',(-0.0381531800114297,-0.02688322342422,0.0257));
#2489=CARTESIAN_POINT('',(-0.0366531800114299,-0.0249191218090819,0.0242));
#2490=CARTESIAN_POINT('',(-0.0366531800114296,-0.0249191218090819,0.0241999999999999));
#2491=CARTESIAN_POINT('',(-0.0368078814680729,-0.0248951894104511,0.0240452985433564));
#2492=CARTESIAN_POINT('',(-0.03697454813474,-0.0248832234242197,0.0238786317346338));
#2493=CARTESIAN_POINT('',(-0.0371531800114308,-0.0248832234242197,0.0237000000000001));
#2494=CARTESIAN_POINT('',(-0.0364521800114295,-0.0538832234242197,0.0237));
#2495=CARTESIAN_POINT('',(-0.0703541800114297,-0.0538832234242197,0.0237));
#2496=CARTESIAN_POINT('',(-0.0364521800114295,-0.0538832234242197,0.0250333333333333));
#2497=CARTESIAN_POINT('',(-0.0703541800114297,-0.0538832234242197,0.0250333333333333));
#2498=CARTESIAN_POINT('',(-0.0364521800114295,-0.0532165567575531,0.0257));
#2499=CARTESIAN_POINT('',(-0.0703541800114297,-0.0532165567575531,0.0257));
#2500=CARTESIAN_POINT('',(-0.0364521800114295,-0.0518832234242198,0.0257));
#2501=CARTESIAN_POINT('',(-0.0703541800114297,-0.0518832234242198,0.0257));
#2502=CARTESIAN_POINT('',(-0.0371531800114297,-0.0538832234242197,0.0237));
#2503=CARTESIAN_POINT('',(-0.047486513344763,-0.0538832234242197,0.0237));
#2504=CARTESIAN_POINT('',(-0.0578198466780964,-0.0538832234242197,0.0237));
#2505=CARTESIAN_POINT('',(-0.0681531800114297,-0.0538832234242197,0.0237));
#2506=CARTESIAN_POINT('',(-0.0371531800114296,-0.0538832234242197,0.0237));
#2507=CARTESIAN_POINT('',(-0.0371531800114296,-0.0538832234242197,0.0237));
#2508=CARTESIAN_POINT('',(-0.0369745472185592,-0.0538832234242197,0.0238786327925477));
#2509=CARTESIAN_POINT('',(-0.0368078805518925,-0.0538712572962547,0.0240452994595367));
#2510=CARTESIAN_POINT('',(-0.0366531800114295,-0.0538473250393575,0.0241999999999999));
#2511=CARTESIAN_POINT('',(-0.0366531800114295,-0.0538473250393574,0.0242));
#2512=CARTESIAN_POINT('',(-0.0381531800114297,-0.0518832234242198,0.0257));
#2513=CARTESIAN_POINT('',(-0.0381531800114297,-0.0530379239625992,0.0257));
#2514=CARTESIAN_POINT('',(-0.0376531800114296,-0.0536926245009784,0.0252));
#2515=CARTESIAN_POINT('',(-0.0366531800114295,-0.0538473250393576,0.0241999999999999));
#2516=CARTESIAN_POINT('',(-0.0381531800114297,-0.12719161171211,0.0257));
#2517=CARTESIAN_POINT('',(-0.0351531800114297,-0.02688322342422,0.0227));
#2518=CARTESIAN_POINT('',(-0.0351531800114297,-0.0257285228858407,0.0227));
#2519=CARTESIAN_POINT('',(-0.0356531800114297,-0.0250738223474614,0.0232));
#2520=CARTESIAN_POINT('',(-0.0366531800114298,-0.024919121809082,0.0242000000000002));
#2521=CARTESIAN_POINT('',(-0.0351531800114296,-0.0268832234242197,0.0227));
#2522=CARTESIAN_POINT('',(-0.0366531800114295,-0.0538473250393575,0.0241999999999999));
#2523=CARTESIAN_POINT('',(-0.0356531800114296,-0.0536926245009783,0.0231999999999999));
#2524=CARTESIAN_POINT('',(-0.0351531800114297,-0.053037923962599,0.0227));
#2525=CARTESIAN_POINT('',(-0.0351531800114297,-0.0518832234242199,0.0227));
#2526=CARTESIAN_POINT('',(-0.0351531800114296,-0.0518832234242197,0.0227));
#2527=CARTESIAN_POINT('',(-0.0351531800114296,-0.0538832234242197,0.0227));
#2528=CARTESIAN_POINT('',(-0.0681531800114297,-0.0393832234242197,0.0107));
#2529=CARTESIAN_POINT('',(-0.0674031800114297,-0.0248832234242197,0.00995));
#2530=CARTESIAN_POINT('',(-0.0661531800114297,-0.0248832234242197,0.0087));
#2531=CARTESIAN_POINT('',(-0.0661531800114297,-0.0248832234242197,0.0087));
#2532=CARTESIAN_POINT('',(-0.0663853883200092,-0.0248832234242197,0.00893220830857949));
#2533=CARTESIAN_POINT('',(-0.066844986762994,-0.0249234028486607,0.00939180675156424));
#2534=CARTESIAN_POINT('',(-0.0675258185887835,-0.025179434696367,0.0100726385773538));
#2535=CARTESIAN_POINT('',(-0.0680688874626904,-0.0258746376634838,0.0106157074512608));
#2536=CARTESIAN_POINT('',(-0.0681531800114297,-0.0265514340060628,0.0107));
#2537=CARTESIAN_POINT('',(-0.0681531800114297,-0.0268832234242198,0.0107));
#2538=CARTESIAN_POINT('',(-0.0681531800114297,-0.0268832234242198,0.0107));
#2539=CARTESIAN_POINT('',(-0.0681531800114297,-0.0393832234242197,0.0107));
#2540=CARTESIAN_POINT('',(-0.0681531800114297,-0.0518832234242197,0.0107));
#2541=CARTESIAN_POINT('',(-0.0681531800114297,-0.0518832234242197,0.0107));
#2542=CARTESIAN_POINT('',(-0.0681531800114297,-0.0522140394307847,0.0107));
#2543=CARTESIAN_POINT('',(-0.0680702274352514,-0.0528869415945249,0.0106170474238217));
#2544=CARTESIAN_POINT('',(-0.0675287508584363,-0.0535855815388796,0.0100755708470066));
#2545=CARTESIAN_POINT('',(-0.0668460232167441,-0.0538429805839523,0.00939284320531437));
#2546=CARTESIAN_POINT('',(-0.0663856822008464,-0.0538832234242197,0.00893250218941665));
#2547=CARTESIAN_POINT('',(-0.0661531800114297,-0.0538832234242197,0.0087));
#2548=CARTESIAN_POINT('',(-0.0661531800114297,-0.0538832234242197,0.0087));
#2549=CARTESIAN_POINT('',(-0.0681531800114297,-0.0538832234242197,0.0107));
#2550=CARTESIAN_POINT('',(-0.0351531800114296,-0.0268832234242197,-0.0041));
#2551=CARTESIAN_POINT('',(-0.0351531800114296,-0.0268832234242197,0.0243698000000002));
#2552=CARTESIAN_POINT('',(-0.0351531800114296,-0.0255498900908853,-0.0041));
#2553=CARTESIAN_POINT('',(-0.0351531800114296,-0.0255498900908853,0.0243698000000002));
#2554=CARTESIAN_POINT('',(-0.0358198466780961,-0.0248832234242197,-0.0041));
#2555=CARTESIAN_POINT('',(-0.0358198466780961,-0.0248832234242197,0.0243698000000002));
#2556=CARTESIAN_POINT('',(-0.0371531800114296,-0.0248832234242197,-0.0041));
#2557=CARTESIAN_POINT('',(-0.0371531800114296,-0.0248832234242197,0.0243698000000002));
#2558=CARTESIAN_POINT('',(-0.0351531800114296,-0.0268832234242197,-0.0041));
#2559=CARTESIAN_POINT('',(-0.0351531800114296,-0.0268832234242197,0.00483333333333333));
#2560=CARTESIAN_POINT('',(-0.0351531800114296,-0.0268832234242197,0.0137666666666667));
#2561=CARTESIAN_POINT('',(-0.0351531800114296,-0.0268832234242197,0.0227));
#2562=CARTESIAN_POINT('',(-0.0371531800114297,-0.0248832234242197,0.0237));
#2563=CARTESIAN_POINT('',(-0.0371531800114297,-0.0248832234242197,0.0144333333333333));
#2564=CARTESIAN_POINT('',(-0.0371531800114297,-0.0248832234242197,0.00516666666666667));
#2565=CARTESIAN_POINT('',(-0.0371531800114297,-0.0248832234242197,-0.0041));
#2566=CARTESIAN_POINT('',(-0.0681531800114297,-0.0268832234242197,0.0107888));
#2567=CARTESIAN_POINT('',(-0.0681531800114297,-0.0268832234242197,-0.0041));
#2568=CARTESIAN_POINT('',(-0.0681531800114296,-0.0255498900908863,0.0107888));
#2569=CARTESIAN_POINT('',(-0.0681531800114296,-0.0255498900908863,-0.00410000000000001));
#2570=CARTESIAN_POINT('',(-0.0674865133447628,-0.0248832234242197,0.0107888));
#2571=CARTESIAN_POINT('',(-0.0674865133447628,-0.0248832234242197,-0.00410000000000002));
#2572=CARTESIAN_POINT('',(-0.0661531800114296,-0.0248832234242197,0.0107888));
#2573=CARTESIAN_POINT('',(-0.0661531800114296,-0.0248832234242197,-0.0041));
#2574=CARTESIAN_POINT('',(-0.0661531800114297,-0.0248832234242197,-0.0041));
#2575=CARTESIAN_POINT('',(-0.0661531800114297,-0.0248832234242197,0.000166666666666667));
#2576=CARTESIAN_POINT('',(-0.0661531800114297,-0.0248832234242197,0.00443333333333333));
#2577=CARTESIAN_POINT('',(-0.0661531800114297,-0.0248832234242197,0.0087));
#2578=CARTESIAN_POINT('',(-0.0681531800114297,-0.0268832234242197,0.0107));
#2579=CARTESIAN_POINT('',(-0.0681531800114297,-0.0268832234242197,0.00576666666666667));
#2580=CARTESIAN_POINT('',(-0.0681531800114297,-0.0268832234242197,0.000833333333333334));
#2581=CARTESIAN_POINT('',(-0.0681531800114297,-0.0268832234242197,-0.0041));
#2582=CARTESIAN_POINT('',(-0.0516531800114297,-0.0248832234242197,0.0257));
#2583=CARTESIAN_POINT('',(-0.0351531800114297,-0.0518832234242197,0.0243661999999999));
#2584=CARTESIAN_POINT('',(-0.0351531800114297,-0.0518832234242197,-0.00349999999999972));
#2585=CARTESIAN_POINT('',(-0.0351531800114296,-0.0532165567575531,0.0243661999999999));
#2586=CARTESIAN_POINT('',(-0.0351531800114296,-0.0532165567575531,-0.00349999999999973));
#2587=CARTESIAN_POINT('',(-0.0358198466780963,-0.0538832234242197,0.0243661999999999));
#2588=CARTESIAN_POINT('',(-0.0358198466780963,-0.0538832234242197,-0.00349999999999973));
#2589=CARTESIAN_POINT('',(-0.0371531800114297,-0.0538832234242197,0.0243661999999999));
#2590=CARTESIAN_POINT('',(-0.0371531800114297,-0.0538832234242197,-0.00349999999999973));
#2591=CARTESIAN_POINT('',(-0.0351531800114296,-0.0518832234242197,0.0227));
#2592=CARTESIAN_POINT('',(-0.0351531800114296,-0.0518832234242197,0.0139666666666668));
#2593=CARTESIAN_POINT('',(-0.0351531800114296,-0.0518832234242197,0.00523333333333352));
#2594=CARTESIAN_POINT('',(-0.0351531800114296,-0.0518832234242197,-0.00349999999999972));
#2595=CARTESIAN_POINT('',(-0.0371531800114297,-0.0538832234242197,-0.00349999999999971));
#2596=CARTESIAN_POINT('',(-0.0371531800114297,-0.0538832234242197,0.00556666666666686));
#2597=CARTESIAN_POINT('',(-0.0371531800114297,-0.0538832234242197,0.0146333333333334));
#2598=CARTESIAN_POINT('',(-0.0371531800114297,-0.0538832234242197,0.0237));
#2599=CARTESIAN_POINT('',(-0.0351531800114296,-0.0393832234242197,0.0257));
#2600=CARTESIAN_POINT('',(-0.0681531800114297,-0.0518832234242197,-0.0041));
#2601=CARTESIAN_POINT('',(-0.0681531800114297,-0.0518832234242197,0.0107888));
#2602=CARTESIAN_POINT('',(-0.0681531800114296,-0.053216556757553,-0.0041));
#2603=CARTESIAN_POINT('',(-0.0681531800114296,-0.053216556757553,0.0107888));
#2604=CARTESIAN_POINT('',(-0.067486513344763,-0.0538832234242198,-0.0041));
#2605=CARTESIAN_POINT('',(-0.067486513344763,-0.0538832234242198,0.0107888));
#2606=CARTESIAN_POINT('',(-0.0661531800114296,-0.0538832234242197,-0.0041));
#2607=CARTESIAN_POINT('',(-0.0661531800114296,-0.0538832234242197,0.0107888));
#2608=CARTESIAN_POINT('',(-0.0681531800114297,-0.0518832234242197,-0.0041));
#2609=CARTESIAN_POINT('',(-0.0681531800114297,-0.0518832234242197,0.000833333333333334));
#2610=CARTESIAN_POINT('',(-0.0681531800114297,-0.0518832234242197,0.00576666666666667));
#2611=CARTESIAN_POINT('',(-0.0681531800114297,-0.0518832234242197,0.0107));
#2612=CARTESIAN_POINT('',(-0.0661531800114297,-0.0538832234242197,0.0087));
#2613=CARTESIAN_POINT('',(-0.0661531800114297,-0.0538832234242197,0.00443333333333333));
#2614=CARTESIAN_POINT('',(-0.0661531800114297,-0.0538832234242197,0.000166666666666667));
#2615=CARTESIAN_POINT('',(-0.0661531800114297,-0.0538832234242197,-0.0041));
#2616=CARTESIAN_POINT('',(-0.0516531800114297,-0.0538832234242197,0.0257));
#2617=CARTESIAN_POINT('',(-0.0681531800114297,-0.0393832234242197,0.0257));
#2618=MECHANICAL_DESIGN_GEOMETRIC_PRESENTATION_REPRESENTATION('',(#1072,
#12,#13,#14,#15,#16,#17,#18,#19,#20,#21,#22,#23,#24,#25,#26,#27,#28,#29,
#30,#31,#32,#33,#34,#35,#36,#37),#2619);
#2619=(
GEOMETRIC_REPRESENTATION_CONTEXT(3)
GLOBAL_UNCERTAINTY_ASSIGNED_CONTEXT((#2620))
GLOBAL_UNIT_ASSIGNED_CONTEXT((#2623,#2622,#2621))
REPRESENTATION_CONTEXT('1/8"NPT Direct_Action_Valve',
'TOP_LEVEL_ASSEMBLY_PART')
);
#2620=UNCERTAINTY_MEASURE_WITH_UNIT(LENGTH_MEASURE(2.00000000000589E-5),
#2623,'DISTANCE_ACCURACY_VALUE','Maximum Tolerance applied to model');
#2621=(
NAMED_UNIT(*)
SI_UNIT($,.STERADIAN.)
SOLID_ANGLE_UNIT()
);
#2622=(
NAMED_UNIT(*)
PLANE_ANGLE_UNIT()
SI_UNIT($,.RADIAN.)
);
#2623=(
LENGTH_UNIT()
NAMED_UNIT(*)
SI_UNIT($,.METRE.)
);
#2624=PRODUCT_DEFINITION_SHAPE('','',#2625);
#2625=PRODUCT_DEFINITION('','',#2627,#2626);
#2626=PRODUCT_DEFINITION_CONTEXT('',#2633,'design');
#2627=PRODUCT_DEFINITION_FORMATION_WITH_SPECIFIED_SOURCE('','',#2629,
 .NOT_KNOWN.);
#2628=PRODUCT_RELATED_PRODUCT_CATEGORY('','',(#2629));
#2629=PRODUCT('1/8"NPT Direct_Action_Valve',
'1/8"NPT Direct_Action_Valve','1/8"NPT Direct_Action_Valve',(#2631));
#2630=PRODUCT_CATEGORY('','');
#2631=PRODUCT_CONTEXT('',#2633,'mechanical');
#2632=APPLICATION_PROTOCOL_DEFINITION('international standard',
'ap242_managed_model_based_3d_engineering',2020,#2633);
#2633=APPLICATION_CONTEXT('managed model based 3d engineering');
ENDSEC;
END-ISO-10303-21;
