ISO-10303-21;
HEADER;
/* Generated by software containing ST-Developer
 * from STEP Tools, Inc. (www.steptools.com) 
 */
/* OPTION: using custom renumber hook */

FILE_DESCRIPTION(
/* description */ ('STEP AP242 Edition 2',
'CAx-IF Rec.Pracs.---Representation and Presentation of Product Manufa
cturing Information (PMI)---4.0---2014-10-13',
'CAx-IF Rec.Pracs.---3D Tessellated Geometry---0.4---2014-09-14','2;1',
'CAx-IF Rec.Pracs.---User Defined Attributes---1.5---2016-08-15'),
/* implementation_level */ '2;1');

FILE_NAME(
/* name */ 'Pneuma_201 parts - Front_Cover',
/* time_stamp */ '2026-05-25T03:06:46Z',
/* author */ (''),
/* organization */ (''),
/* preprocessor_version */ 'ST-DEVELOPER v20',
/* originating_system */ 'ONSHAPE BY PTC INC, 1.215',
/* authorisation */ '  ');

FILE_SCHEMA (('AP242_MANAGED_MODEL_BASED_3D_ENGINEERING_MIM_LF { 1 0 10303 442 3 1 4 }'));
ENDSEC;

DATA;
#10=SHAPE_REPRESENTATION_RELATIONSHIP('','',#3376,#11);
#11=ADVANCED_BREP_SHAPE_REPRESENTATION('',(#3374),#6821);
#12=CONICAL_SURFACE('',#3424,0.0011,0.78539816339745);
#13=CONICAL_SURFACE('',#3426,0.0011,0.785398163397448);
#14=CONICAL_SURFACE('',#3432,0.0015,0.78539816339745);
#15=CONICAL_SURFACE('',#3453,0.0015,0.785398163397434);
#16=CONICAL_SURFACE('',#3454,0.0015,0.785398163397443);
#17=CONICAL_SURFACE('',#3475,0.0011,0.78539816339745);
#18=CONICAL_SURFACE('',#3479,0.0011,0.785398163397452);
#19=CONICAL_SURFACE('',#3484,0.0011,0.785398163397439);
#20=CONICAL_SURFACE('',#3500,0.0011,0.785398163397448);
#21=CONICAL_SURFACE('',#3506,0.0015,0.785398163397443);
#22=CONICAL_SURFACE('',#3525,0.0027,0.785398163397434);
#23=CONICAL_SURFACE('',#3527,0.0027,0.785398163397441);
#24=CONICAL_SURFACE('',#3529,0.0027,0.785398163397448);
#25=CONICAL_SURFACE('',#3531,0.0027,0.785398163397448);
#26=CONICAL_SURFACE('',#3533,0.0027,0.785398163397471);
#27=CONICAL_SURFACE('',#3537,0.0015,0.78539816339745);
#28=CONICAL_SURFACE('',#3540,0.0015,0.785398163397452);
#29=CONICAL_SURFACE('',#3554,0.0015,0.785398163397452);
#30=CONICAL_SURFACE('',#3558,0.0015,0.78539816339745);
#31=CONICAL_SURFACE('',#3571,0.0015,0.785398163397452);
#32=CONICAL_SURFACE('',#3575,0.0015,0.78539816339745);
#33=CYLINDRICAL_SURFACE('',#3403,0.0015);
#34=CYLINDRICAL_SURFACE('',#3427,0.0015);
#35=CYLINDRICAL_SURFACE('',#3435,0.0015);
#36=CYLINDRICAL_SURFACE('',#3470,0.0015);
#37=CYLINDRICAL_SURFACE('',#3476,0.0015);
#38=CYLINDRICAL_SURFACE('',#3487,0.0025);
#39=CYLINDRICAL_SURFACE('',#3490,0.0025);
#40=CYLINDRICAL_SURFACE('',#3492,0.0025);
#41=CYLINDRICAL_SURFACE('',#3495,0.0025);
#42=CYLINDRICAL_SURFACE('',#3498,0.0025);
#43=CYLINDRICAL_SURFACE('',#3548,0.0015);
#44=CYLINDRICAL_SURFACE('',#3567,0.0015);
#45=CYLINDRICAL_SURFACE('',#3584,0.0015);
#46=B_SPLINE_SURFACE_WITH_KNOTS('',3,1,((#4825,#4826),(#4827,#4828),(#4829,
#4830),(#4831,#4832),(#4833,#4834)),.SURF_OF_LINEAR_EXTRUSION.,.F.,.F.,
 .F.,(4,1,4),(2,2),(-0.0215069488004427,0.489246525357529,0.9999999995155),
(0.,1.),.UNSPECIFIED.);
#47=B_SPLINE_SURFACE_WITH_KNOTS('',1,3,((#4846,#4847,#4848,#4849,#4850,
#4851,#4852,#4853,#4854,#4855,#4856,#4857,#4858,#4859,#4860,#4861),(#4862,
#4863,#4864,#4865,#4866,#4867,#4868,#4869,#4870,#4871,#4872,#4873,#4874,
#4875,#4876,#4877),(#4878,#4879,#4880,#4881,#4882,#4883,#4884,#4885,#4886,
#4887,#4888,#4889,#4890,#4891,#4892,#4893)),.RULED_SURF.,.F.,.F.,.F.,(2,
1,2),(4,3,3,2,2,2,4),(-0.0181996990577852,0.,1.),(-0.000360982616447651,
-0.000291486192824086,0.,0.00264585572025086,0.00529171144050172,0.00793756716075257,
0.0105834228810034),.UNSPECIFIED.);
#48=B_SPLINE_SURFACE_WITH_KNOTS('',1,3,((#4905,#4906,#4907,#4908,#4909,
#4910,#4911,#4912,#4913,#4914,#4915,#4916,#4917,#4918),(#4919,#4920,#4921,
#4922,#4923,#4924,#4925,#4926,#4927,#4928,#4929,#4930,#4931,#4932),(#4933,
#4934,#4935,#4936,#4937,#4938,#4939,#4940,#4941,#4942,#4943,#4944,#4945,
#4946)),.RULED_SURF.,.F.,.F.,.F.,(2,1,2),(4,2,2,2,2,2,4),(-0.00996101027950159,
0.,1.),(0.,0.00384782887486523,0.00577174331229784,0.00769565774973045,
0.00961957218716306,0.0115434866245957,0.0153913154994609),
 .UNSPECIFIED.);
#49=B_SPLINE_SURFACE_WITH_KNOTS('',1,3,((#4958,#4959,#4960,#4961,#4962,
#4963,#4964,#4965,#4966,#4967,#4968,#4969,#4970,#4971),(#4972,#4973,#4974,
#4975,#4976,#4977,#4978,#4979,#4980,#4981,#4982,#4983,#4984,#4985),(#4986,
#4987,#4988,#4989,#4990,#4991,#4992,#4993,#4994,#4995,#4996,#4997,#4998,
#4999)),.RULED_SURF.,.F.,.F.,.F.,(2,1,2),(4,2,2,2,2,2,4),(-0.00996101027933469,
0.,1.),(0.,0.00384782887486524,0.00577174331229786,0.00769565774973048,
0.0096195721871631,0.0115434866245957,0.0153913154994609),.UNSPECIFIED.);
#50=B_SPLINE_SURFACE_WITH_KNOTS('',3,1,((#5019,#5020),(#5021,#5022),(#5023,
#5024),(#5025,#5026)),.SURF_OF_LINEAR_EXTRUSION.,.F.,.F.,.F.,(4,4),(2,2),
(2.04577224259168E-13,0.999999999999885),(0.,1.),
 .PIECEWISE_BEZIER_KNOTS.);
#51=B_SPLINE_SURFACE_WITH_KNOTS('',3,1,((#5029,#5030),(#5031,#5032),(#5033,
#5034),(#5035,#5036),(#5037,#5038)),.SURF_OF_LINEAR_EXTRUSION.,.F.,.F.,
 .F.,(4,1,4),(2,2),(2.42233687240401E-10,0.499999999999992,0.999999999757751),
(0.,1.),.UNSPECIFIED.);
#52=B_SPLINE_SURFACE_WITH_KNOTS('',1,3,((#5082,#5083,#5084,#5085,#5086,
#5087,#5088,#5089,#5090,#5091,#5092,#5093,#5094,#5095),(#5096,#5097,#5098,
#5099,#5100,#5101,#5102,#5103,#5104,#5105,#5106,#5107,#5108,#5109),(#5110,
#5111,#5112,#5113,#5114,#5115,#5116,#5117,#5118,#5119,#5120,#5121,#5122,
#5123)),.RULED_SURF.,.F.,.F.,.F.,(2,1,2),(4,2,2,2,2,2,4),(0.,1.,2.),(0.,
0.00503746346707057,0.00755619520060586,0.0100749269341411,0.0125936586676764,
0.0151123904012117,0.0201498538682823),.UNSPECIFIED.);
#53=B_SPLINE_SURFACE_WITH_KNOTS('',1,3,((#5138,#5139,#5140,#5141,#5142,
#5143,#5144,#5145,#5146,#5147,#5148,#5149,#5150,#5151,#5152,#5153),(#5154,
#5155,#5156,#5157,#5158,#5159,#5160,#5161,#5162,#5163,#5164,#5165,#5166,
#5167,#5168,#5169),(#5170,#5171,#5172,#5173,#5174,#5175,#5176,#5177,#5178,
#5179,#5180,#5181,#5182,#5183,#5184,#5185),(#5186,#5187,#5188,#5189,#5190,
#5191,#5192,#5193,#5194,#5195,#5196,#5197,#5198,#5199,#5200,#5201)),
 .RULED_SURF.,.F.,.F.,.F.,(2,1,1,2),(4,3,2,2,2,3,4),(-0.199999999999844,
0.,1.,2.),(-0.00156275974392558,0.,0.00390689935981391,0.00781379871962783,
0.0117206980794417,0.0156275974392556,0.0171903571831812),.UNSPECIFIED.);
#54=B_SPLINE_SURFACE_WITH_KNOTS('',1,3,((#5270,#5271,#5272,#5273,#5274,
#5275,#5276,#5277,#5278,#5279),(#5280,#5281,#5282,#5283,#5284,#5285,#5286,
#5287,#5288,#5289),(#5290,#5291,#5292,#5293,#5294,#5295,#5296,#5297,#5298,
#5299),(#5300,#5301,#5302,#5303,#5304,#5305,#5306,#5307,#5308,#5309)),
 .RULED_SURF.,.F.,.F.,.F.,(2,1,1,2),(4,2,2,2,4),(-0.0355753442181593,-0.0293305587947978,
0.,1.),(0.,0.00264585572025085,0.0052917114405017,0.00793756716075255,0.0105834228810034),
 .UNSPECIFIED.);
#55=B_SPLINE_SURFACE_WITH_KNOTS('',3,1,((#5382,#5383),(#5384,#5385),(#5386,
#5387),(#5388,#5389)),.SURF_OF_LINEAR_EXTRUSION.,.F.,.F.,.F.,(4,4),(2,2),
(2.1814922152632E-13,0.999999999999888),(0.,1.),
 .PIECEWISE_BEZIER_KNOTS.);
#56=B_SPLINE_SURFACE_WITH_KNOTS('',3,1,((#5393,#5394),(#5395,#5396),(#5397,
#5398),(#5399,#5400),(#5401,#5402)),.SURF_OF_LINEAR_EXTRUSION.,.F.,.F.,
 .F.,(4,1,4),(2,2),(3.08870610221295E-10,0.500000000033312,0.999999999757754),
(0.,1.),.UNSPECIFIED.);
#57=B_SPLINE_SURFACE_WITH_KNOTS('',1,3,((#5433,#5434,#5435,#5436,#5437,
#5438,#5439,#5440,#5441,#5442,#5443,#5444,#5445,#5446),(#5447,#5448,#5449,
#5450,#5451,#5452,#5453,#5454,#5455,#5456,#5457,#5458,#5459,#5460),(#5461,
#5462,#5463,#5464,#5465,#5466,#5467,#5468,#5469,#5470,#5471,#5472,#5473,
#5474)),.RULED_SURF.,.F.,.F.,.F.,(2,1,2),(4,2,2,2,2,2,4),(0.,1.,2.),(0.,
0.00503746346707057,0.00755619520060585,0.0100749269341411,0.0125936586676764,
0.0151123904012117,0.0201498538682823),.UNSPECIFIED.);
#58=B_SPLINE_SURFACE_WITH_KNOTS('',1,3,((#5492,#5493,#5494,#5495,#5496,
#5497,#5498,#5499,#5500,#5501,#5502,#5503,#5504,#5505,#5506,#5507),(#5508,
#5509,#5510,#5511,#5512,#5513,#5514,#5515,#5516,#5517,#5518,#5519,#5520,
#5521,#5522,#5523),(#5524,#5525,#5526,#5527,#5528,#5529,#5530,#5531,#5532,
#5533,#5534,#5535,#5536,#5537,#5538,#5539),(#5540,#5541,#5542,#5543,#5544,
#5545,#5546,#5547,#5548,#5549,#5550,#5551,#5552,#5553,#5554,#5555)),
 .RULED_SURF.,.F.,.F.,.F.,(2,1,1,2),(4,3,2,2,2,3,4),(-0.200000000000007,
0.,1.,2.),(-0.00156275974392556,0.,0.00390689935981391,0.00781379871962783,
0.0117206980794417,0.0156275974392556,0.0171903571831812),.UNSPECIFIED.);
#59=B_SPLINE_SURFACE_WITH_KNOTS('',1,3,((#5625,#5626,#5627,#5628,#5629,
#5630,#5631,#5632,#5633,#5634),(#5635,#5636,#5637,#5638,#5639,#5640,#5641,
#5642,#5643,#5644),(#5645,#5646,#5647,#5648,#5649,#5650,#5651,#5652,#5653,
#5654),(#5655,#5656,#5657,#5658,#5659,#5660,#5661,#5662,#5663,#5664)),
 .RULED_SURF.,.F.,.F.,.F.,(2,1,1,2),(4,2,2,2,4),(-0.0355753442325965,-0.0293305587947485,
0.,1.),(0.,0.00264585572025085,0.0052917114405017,0.00793756716075255,0.0105834228810034),
 .UNSPECIFIED.);
#60=B_SPLINE_SURFACE_WITH_KNOTS('',1,3,((#5935,#5936,#5937,#5938,#5939,
#5940,#5941,#5942,#5943,#5944,#5945,#5946,#5947,#5948),(#5949,#5950,#5951,
#5952,#5953,#5954,#5955,#5956,#5957,#5958,#5959,#5960,#5961,#5962),(#5963,
#5964,#5965,#5966,#5967,#5968,#5969,#5970,#5971,#5972,#5973,#5974,#5975,
#5976)),.RULED_SURF.,.F.,.F.,.F.,(2,1,2),(4,2,2,2,2,2,4),(-0.00996101027922048,
0.,1.),(0.,0.00384782887486523,0.00577174331229785,0.00769565774973046,
0.00961957218716308,0.0115434866245957,0.0153913154994609),
 .UNSPECIFIED.);
#61=B_SPLINE_SURFACE_WITH_KNOTS('',1,3,((#5986,#5987,#5988,#5989,#5990,
#5991,#5992,#5993,#5994,#5995,#5996,#5997,#5998,#5999,#6000,#6001,#6002),
(#6003,#6004,#6005,#6006,#6007,#6008,#6009,#6010,#6011,#6012,#6013,#6014,
#6015,#6016,#6017,#6018,#6019),(#6020,#6021,#6022,#6023,#6024,#6025,#6026,
#6027,#6028,#6029,#6030,#6031,#6032,#6033,#6034,#6035,#6036)),
 .RULED_SURF.,.F.,.F.,.F.,(2,1,2),(4,2,2,2,2,2,3,4),(-0.00802635151183337,
0.,1.),(0.,0.00384782887486524,0.00577174331229786,0.00769565774973048,
0.00961957218716309,0.0115434866245957,0.0153913154994609,0.0158830236945877),
 .UNSPECIFIED.);
#62=B_SPLINE_SURFACE_WITH_KNOTS('',1,3,((#6063,#6064,#6065,#6066,#6067,
#6068,#6069,#6070,#6071,#6072,#6073,#6074,#6075,#6076),(#6077,#6078,#6079,
#6080,#6081,#6082,#6083,#6084,#6085,#6086,#6087,#6088,#6089,#6090),(#6091,
#6092,#6093,#6094,#6095,#6096,#6097,#6098,#6099,#6100,#6101,#6102,#6103,
#6104)),.RULED_SURF.,.F.,.F.,.F.,(2,1,2),(4,2,2,2,2,2,4),(0.,1.,2.00000000000004),
(0.,0.00503746346707056,0.00755619520060585,0.0100749269341411,0.0125936586676764,
0.0151123904012117,0.0201498538682823),.UNSPECIFIED.);
#63=B_SPLINE_SURFACE_WITH_KNOTS('',1,3,((#6105,#6106,#6107,#6108,#6109,
#6110,#6111,#6112,#6113,#6114,#6115,#6116,#6117,#6118),(#6119,#6120,#6121,
#6122,#6123,#6124,#6125,#6126,#6127,#6128,#6129,#6130,#6131,#6132),(#6133,
#6134,#6135,#6136,#6137,#6138,#6139,#6140,#6141,#6142,#6143,#6144,#6145,
#6146)),.RULED_SURF.,.F.,.F.,.F.,(2,1,2),(4,2,2,2,2,2,4),(0.,1.,2.00000000000003),
(0.,0.00503746346707057,0.00755619520060586,0.0100749269341411,0.0125936586676764,
0.0151123904012117,0.0201498538682823),.UNSPECIFIED.);
#64=B_SPLINE_SURFACE_WITH_KNOTS('',1,3,((#6150,#6151,#6152,#6153,#6154,
#6155,#6156,#6157,#6158,#6159,#6160,#6161,#6162,#6163,#6164,#6165),(#6166,
#6167,#6168,#6169,#6170,#6171,#6172,#6173,#6174,#6175,#6176,#6177,#6178,
#6179,#6180,#6181),(#6182,#6183,#6184,#6185,#6186,#6187,#6188,#6189,#6190,
#6191,#6192,#6193,#6194,#6195,#6196,#6197)),.RULED_SURF.,.F.,.F.,.F.,(2,
1,2),(4,2,2,2,2,2,2,4),(0.,1.,2.),(0.,0.00333845625674179,0.00500768438511269,
0.00667691251348358,0.00834614064185448,0.0100153687702254,0.0116845968985963,
0.0133538250269672),.UNSPECIFIED.);
#65=B_SPLINE_SURFACE_WITH_KNOTS('',1,3,((#6199,#6200,#6201,#6202,#6203,
#6204,#6205,#6206,#6207,#6208,#6209,#6210,#6211,#6212),(#6213,#6214,#6215,
#6216,#6217,#6218,#6219,#6220,#6221,#6222,#6223,#6224,#6225,#6226),(#6227,
#6228,#6229,#6230,#6231,#6232,#6233,#6234,#6235,#6236,#6237,#6238,#6239,
#6240)),.RULED_SURF.,.F.,.F.,.F.,(2,1,2),(4,2,2,2,2,2,4),(0.,1.,2.00000000000006),
(0.,0.00454700905944533,0.006820513589168,0.00909401811889066,0.0113675226486133,
0.013641027178336,0.0181880362377813),.UNSPECIFIED.);
#66=B_SPLINE_SURFACE_WITH_KNOTS('',1,3,((#6241,#6242,#6243,#6244,#6245,
#6246,#6247,#6248,#6249,#6250,#6251,#6252,#6253,#6254,#6255,#6256,#6257,
#6258,#6259,#6260,#6261,#6262),(#6263,#6264,#6265,#6266,#6267,#6268,#6269,
#6270,#6271,#6272,#6273,#6274,#6275,#6276,#6277,#6278,#6279,#6280,#6281,
#6282,#6283,#6284),(#6285,#6286,#6287,#6288,#6289,#6290,#6291,#6292,#6293,
#6294,#6295,#6296,#6297,#6298,#6299,#6300,#6301,#6302,#6303,#6304,#6305,
#6306),(#6307,#6308,#6309,#6310,#6311,#6312,#6313,#6314,#6315,#6316,#6317,
#6318,#6319,#6320,#6321,#6322,#6323,#6324,#6325,#6326,#6327,#6328)),
 .RULED_SURF.,.F.,.F.,.F.,(2,1,1,2),(4,3,2,2,2,2,2,2,3,4),(-0.200000000000141,
0.,1.,2.),(-0.00133538250269674,0.,0.00333845625674185,0.00500768438511278,
0.0066769125134837,0.00834614064185463,0.0100153687702255,0.0116845968985965,
0.0133538250269674,0.0146892075296641),.UNSPECIFIED.);
#67=B_SPLINE_SURFACE_WITH_KNOTS('',1,3,((#6330,#6331,#6332,#6333,#6334,
#6335,#6336,#6337,#6338,#6339,#6340,#6341,#6342,#6343),(#6344,#6345,#6346,
#6347,#6348,#6349,#6350,#6351,#6352,#6353,#6354,#6355,#6356,#6357),(#6358,
#6359,#6360,#6361,#6362,#6363,#6364,#6365,#6366,#6367,#6368,#6369,#6370,
#6371)),.RULED_SURF.,.F.,.F.,.F.,(2,1,2),(4,2,2,2,2,2,4),(0.,1.,2.0000000000314),
(0.,0.00454700905944634,0.00682051358916952,0.00909401811889269,0.0113675226486159,
0.013641027178339,0.0181880362377854),.UNSPECIFIED.);
#68=B_SPLINE_SURFACE_WITH_KNOTS('',1,3,((#6375,#6376,#6377,#6378,#6379,
#6380,#6381,#6382,#6383,#6384,#6385,#6386,#6387,#6388,#6389,#6390),(#6391,
#6392,#6393,#6394,#6395,#6396,#6397,#6398,#6399,#6400,#6401,#6402,#6403,
#6404,#6405,#6406),(#6407,#6408,#6409,#6410,#6411,#6412,#6413,#6414,#6415,
#6416,#6417,#6418,#6419,#6420,#6421,#6422),(#6423,#6424,#6425,#6426,#6427,
#6428,#6429,#6430,#6431,#6432,#6433,#6434,#6435,#6436,#6437,#6438)),
 .RULED_SURF.,.F.,.F.,.F.,(2,1,1,2),(4,3,2,2,2,3,4),(-0.199999999999924,
0.,1.,2.),(-0.00156275974392556,0.,0.00390689935981392,0.00781379871962784,
0.0117206980794418,0.0156275974392556,0.0171903571831812),.UNSPECIFIED.);
#69=B_SPLINE_SURFACE_WITH_KNOTS('',1,3,((#6442,#6443,#6444,#6445,#6446,
#6447,#6448,#6449,#6450,#6451,#6452,#6453,#6454,#6455,#6456,#6457),(#6458,
#6459,#6460,#6461,#6462,#6463,#6464,#6465,#6466,#6467,#6468,#6469,#6470,
#6471,#6472,#6473),(#6474,#6475,#6476,#6477,#6478,#6479,#6480,#6481,#6482,
#6483,#6484,#6485,#6486,#6487,#6488,#6489),(#6490,#6491,#6492,#6493,#6494,
#6495,#6496,#6497,#6498,#6499,#6500,#6501,#6502,#6503,#6504,#6505)),
 .RULED_SURF.,.F.,.F.,.F.,(2,1,1,2),(4,3,2,2,2,3,4),(-0.199999999999958,
0.,1.,2.),(-0.00156275974392559,0.,0.00390689935981391,0.00781379871962782,
0.0117206980794417,0.0156275974392556,0.0171903571831812),.UNSPECIFIED.);
#70=B_SPLINE_SURFACE_WITH_KNOTS('',3,1,((#6506,#6507),(#6508,#6509),(#6510,
#6511),(#6512,#6513),(#6514,#6515)),.SURF_OF_LINEAR_EXTRUSION.,.F.,.F.,
 .F.,(4,1,4),(2,2),(2.42253568348302E-10,0.500000000000003,0.999999999757752),
(0.,1.),.UNSPECIFIED.);
#71=B_SPLINE_SURFACE_WITH_KNOTS('',3,1,((#6525,#6526),(#6527,#6528),(#6529,
#6530),(#6531,#6532),(#6533,#6534)),.SURF_OF_LINEAR_EXTRUSION.,.F.,.F.,
 .F.,(4,1,4),(2,2),(1.71185899364752E-13,0.512358640707435,1.0247172814147),
(0.,1.),.UNSPECIFIED.);
#72=B_SPLINE_SURFACE_WITH_KNOTS('',3,1,((#6535,#6536),(#6537,#6538),(#6539,
#6540),(#6541,#6542)),.SURF_OF_LINEAR_EXTRUSION.,.F.,.F.,.F.,(4,4),(2,2),
(2.19365488099623E-13,0.999999999999884),(0.,1.),
 .PIECEWISE_BEZIER_KNOTS.);
#73=B_SPLINE_SURFACE_WITH_KNOTS('',1,3,((#6567,#6568,#6569,#6570,#6571,
#6572,#6573,#6574,#6575,#6576),(#6577,#6578,#6579,#6580,#6581,#6582,#6583,
#6584,#6585,#6586),(#6587,#6588,#6589,#6590,#6591,#6592,#6593,#6594,#6595,
#6596),(#6597,#6598,#6599,#6600,#6601,#6602,#6603,#6604,#6605,#6606)),
 .RULED_SURF.,.F.,.F.,.F.,(2,1,1,2),(4,2,2,2,4),(-0.0355753442329193,-0.0293305587946586,
0.,1.),(0.,0.00264585572025085,0.00529171144050171,0.00793756716075256,
0.0105834228810034),.UNSPECIFIED.);
#74=CIRCLE('',#3382,0.0025);
#75=CIRCLE('',#3383,0.0025);
#76=CIRCLE('',#3384,0.0025);
#77=CIRCLE('',#3385,0.0025);
#78=CIRCLE('',#3386,0.0025);
#79=CIRCLE('',#3388,0.0027);
#80=CIRCLE('',#3389,0.0027);
#81=CIRCLE('',#3390,0.0027);
#82=CIRCLE('',#3391,0.0027);
#83=CIRCLE('',#3392,0.0027);
#84=CIRCLE('',#3404,0.0015);
#85=CIRCLE('',#3405,0.0015);
#86=CIRCLE('',#3412,0.0011);
#87=CIRCLE('',#3417,0.0011);
#88=CIRCLE('',#3421,0.0011);
#89=CIRCLE('',#3428,0.0015);
#90=CIRCLE('',#3429,0.0015);
#91=CIRCLE('',#3436,0.0015);
#92=CIRCLE('',#3437,0.0015);
#93=CIRCLE('',#3445,0.0011);
#94=CIRCLE('',#3447,0.0011);
#95=CIRCLE('',#3468,0.0011);
#96=CIRCLE('',#3471,0.0015);
#97=CIRCLE('',#3472,0.0015);
#98=CIRCLE('',#3477,0.0015);
#99=CIRCLE('',#3478,0.0015);
#100=CIRCLE('',#3480,0.0011);
#101=CIRCLE('',#3485,0.0011);
#102=CIRCLE('',#3488,0.0025);
#103=CIRCLE('',#3491,0.0025);
#104=CIRCLE('',#3493,0.0025);
#105=CIRCLE('',#3496,0.0025);
#106=CIRCLE('',#3499,0.0025);
#107=CIRCLE('',#3501,0.0011);
#108=CIRCLE('',#3507,0.0011);
#109=CIRCLE('',#3538,0.0015);
#110=CIRCLE('',#3539,0.0011);
#111=CIRCLE('',#3541,0.0011);
#112=CIRCLE('',#3542,0.0015);
#113=CIRCLE('',#3555,0.0015);
#114=CIRCLE('',#3556,0.0011);
#115=CIRCLE('',#3559,0.0011);
#116=CIRCLE('',#3560,0.0015);
#117=CIRCLE('',#3572,0.0011);
#118=CIRCLE('',#3573,0.0015);
#119=CIRCLE('',#3576,0.0015);
#120=CIRCLE('',#3577,0.0011);
#121=B_SPLINE_CURVE_WITH_KNOTS('',3,(#4379,#4380,#4381,#4382),
 .UNSPECIFIED.,.F.,.F.,(4,4),(0.,1.),.UNSPECIFIED.);
#122=B_SPLINE_CURVE_WITH_KNOTS('',3,(#4386,#4387,#4388,#4389),
 .UNSPECIFIED.,.F.,.F.,(4,4),(0.,1.),.UNSPECIFIED.);
#123=B_SPLINE_CURVE_WITH_KNOTS('',3,(#4393,#4394,#4395,#4396),
 .UNSPECIFIED.,.F.,.F.,(4,4),(0.,1.),.UNSPECIFIED.);
#124=B_SPLINE_CURVE_WITH_KNOTS('',3,(#4400,#4401,#4402,#4403,#4404,#4405,
#4406,#4407,#4408),.UNSPECIFIED.,.F.,.F.,(4,1,1,1,1,1,4),(0.102968266949883,
0.107160681960957,0.109256889466493,0.11135309697203,0.113449304477567,
0.115545511983104,0.119737926994177),.UNSPECIFIED.);
#125=B_SPLINE_CURVE_WITH_KNOTS('',3,(#4416,#4417,#4418,#4419,#4420,#4421,
#4422,#4423,#4424),.UNSPECIFIED.,.F.,.F.,(4,1,1,1,1,1,4),(-0.000296113761574004,
0.0025066610527474,0.0039080484599081,0.0053094358670688,0.0067108232742295,
0.0081122106813902,0.0109149854957116),.UNSPECIFIED.);
#126=B_SPLINE_CURVE_WITH_KNOTS('',3,(#4428,#4429,#4430,#4431,#4432,#4433,
#4434),.UNSPECIFIED.,.F.,.F.,(4,1,1,1,4),(0.,0.00272874637386021,0.00545749274772042,
0.00818623912158063,0.0109149854954408),.UNSPECIFIED.);
#127=B_SPLINE_CURVE_WITH_KNOTS('',3,(#4438,#4439,#4440,#4441,#4442,#4443,
#4444),.UNSPECIFIED.,.F.,.F.,(4,1,1,1,4),(0.,0.0027287463739278,0.0054574927478556,
0.0081862391217834,0.0109149854957112),.UNSPECIFIED.);
#128=B_SPLINE_CURVE_WITH_KNOTS('',3,(#4448,#4449,#4450,#4451,#4452,#4453,
#4454),.UNSPECIFIED.,.F.,.F.,(4,1,1,1,4),(0.,0.00272874637386024,0.00545749274772047,
0.00818623912158071,0.0109149854954409),.UNSPECIFIED.);
#129=B_SPLINE_CURVE_WITH_KNOTS('',3,(#4456,#4457,#4458,#4459,#4460,#4461,
#4462,#4463,#4464),.UNSPECIFIED.,.F.,.F.,(4,1,1,1,1,1,4),(0.,0.00503771685098163,
0.00755657527647245,0.0100754337019633,0.0125942921274541,0.0151131505529449,
0.0201508674039265),.UNSPECIFIED.);
#130=B_SPLINE_CURVE_WITH_KNOTS('',3,(#4469,#4470,#4471,#4472,#4473,#4474,
#4475,#4476,#4477),.UNSPECIFIED.,.F.,.F.,(4,1,1,1,1,1,4),(0.,0.00503771685098173,
0.00755657527647259,0.0100754337019635,0.0125942921274543,0.0151131505529452,
0.0201508674039269),.UNSPECIFIED.);
#131=B_SPLINE_CURVE_WITH_KNOTS('',3,(#4481,#4482,#4483,#4484,#4485,#4486,
#4487,#4488,#4489),.UNSPECIFIED.,.F.,.F.,(4,1,1,1,1,1,4),(0.,0.00333447284690631,
0.00500170927035946,0.00666894569381261,0.00833618211726576,0.0100034185407189,
0.0133378913876252),.UNSPECIFIED.);
#132=B_SPLINE_CURVE_WITH_KNOTS('',3,(#4491,#4492,#4493,#4494,#4495,#4496,
#4497,#4498,#4499),.UNSPECIFIED.,.F.,.F.,(4,1,1,1,1,1,4),(2.21543137261655E-15,
0.00454110493089455,0.00681165739634072,0.00908220986178689,0.0113527623272331,
0.0136233147926792,0.0181644197235716),.UNSPECIFIED.);
#133=B_SPLINE_CURVE_WITH_KNOTS('',3,(#4503,#4504,#4505,#4506,#4507,#4508,
#4509,#4510,#4511),.UNSPECIFIED.,.F.,.F.,(4,1,1,1,1,1,4),(0.,0.00503771685098167,
0.00755657527647251,0.0100754337019633,0.0125942921274542,0.015113150552945,
0.0201508674039267),.UNSPECIFIED.);
#134=B_SPLINE_CURVE_WITH_KNOTS('',3,(#4515,#4516,#4517,#4518,#4519,#4520,
#4521,#4522,#4523),.UNSPECIFIED.,.F.,.F.,(4,1,1,1,1,1,4),(0.,0.00503771685098162,
0.00755657527647243,0.0100754337019632,0.012594292127454,0.0151131505529449,
0.0201508674039265),.UNSPECIFIED.);
#135=B_SPLINE_CURVE_WITH_KNOTS('',3,(#4531,#4532,#4533,#4534,#4535,#4536,
#4537,#4538,#4539),.UNSPECIFIED.,.F.,.F.,(4,1,1,1,1,1,4),(-0.000499762380569702,
0.00353759590865075,0.00555627505326097,0.0075749541978712,0.00959363334248142,
0.0116123124870916,0.0156496707763121),.UNSPECIFIED.);
#136=B_SPLINE_CURVE_WITH_KNOTS('',3,(#4543,#4544,#4545,#4546,#4547,#4548,
#4549,#4550,#4551),.UNSPECIFIED.,.F.,.F.,(4,1,1,1,1,1,4),(0.,0.00391241769407798,
0.00586862654111697,0.00782483538815596,0.00978104423519495,0.0117372530822339,
0.0156496707763119),.UNSPECIFIED.);
#137=B_SPLINE_CURVE_WITH_KNOTS('',3,(#4555,#4556,#4557,#4558,#4559,#4560,
#4561,#4562,#4563),.UNSPECIFIED.,.F.,.F.,(4,1,1,1,1,1,4),(0.,0.00391241769407815,
0.00586862654111722,0.0078248353881563,0.00978104423519537,0.0117372530822344,
0.0156496707763126),.UNSPECIFIED.);
#138=B_SPLINE_CURVE_WITH_KNOTS('',3,(#4567,#4568,#4569,#4570,#4571,#4572,
#4573,#4574,#4575),.UNSPECIFIED.,.F.,.F.,(4,1,1,1,1,1,4),(0.,0.00391241769407809,
0.00586862654111713,0.00782483538815618,0.00978104423519522,0.0117372530822343,
0.0156496707763124),.UNSPECIFIED.);
#139=B_SPLINE_CURVE_WITH_KNOTS('',3,(#4627,#4628,#4629,#4630,#4631,#4632,
#4633),.UNSPECIFIED.,.F.,.F.,(4,1,1,1,4),(0.,0.00269423801189485,0.0053884760237897,
0.00808271403568456,0.0107769520475794),.UNSPECIFIED.);
#140=B_SPLINE_CURVE_WITH_KNOTS('',3,(#4653,#4654,#4655,#4656,#4657,#4658,
#4659),.UNSPECIFIED.,.F.,.F.,(4,1,1,1,4),(0.,0.00269423801189477,0.00538847602378954,
0.00808271403568431,0.0107769520475791),.UNSPECIFIED.);
#141=B_SPLINE_CURVE_WITH_KNOTS('',3,(#4708,#4709,#4710,#4711,#4712,#4713,
#4714),.UNSPECIFIED.,.F.,.F.,(4,1,1,1,4),(0.,0.00269423801189513,0.00538847602379027,
0.0080827140356854,0.0107769520475805),.UNSPECIFIED.);
#142=B_SPLINE_CURVE_WITH_KNOTS('',3,(#4734,#4735,#4736,#4737,#4738,#4739,
#4740),.UNSPECIFIED.,.F.,.F.,(4,1,1,1,4),(0.,0.00276901553182099,0.00553803106364197,
0.00830704659546296,0.0110760621272839),.UNSPECIFIED.);
#143=B_SPLINE_CURVE_WITH_KNOTS('',3,(#4782,#4783,#4784,#4785),
 .UNSPECIFIED.,.F.,.F.,(4,4),(0.00228545978230261,0.0028468947328835),
 .UNSPECIFIED.);
#144=B_SPLINE_CURVE_WITH_KNOTS('',3,(#4837,#4838,#4839,#4840,#4841,#4842,
#4843,#4844,#4845),.UNSPECIFIED.,.F.,.F.,(4,1,1,1,1,1,4),(0.,0.00284871117621213,
0.00427306676431819,0.00569742235242426,0.00712177794053032,0.00854613352863639,
0.0113948447048485),.UNSPECIFIED.);
#145=B_SPLINE_CURVE_WITH_KNOTS('',3,(#4894,#4895,#4896,#4897),
 .UNSPECIFIED.,.F.,.F.,(4,4),(0.00117144434601629,0.00145282632462648),
 .UNSPECIFIED.);
#146=B_SPLINE_CURVE_WITH_KNOTS('',3,(#4949,#4950,#4951,#4952,#4953,#4954,
#4955,#4956,#4957),.UNSPECIFIED.,.F.,.F.,(4,1,1,1,1,1,4),(1.09669651694068E-15,
0.00407065619598323,0.00610598429397429,0.00814131239196536,0.0101766404899564,
0.0122119685879475,0.0162826247839296),.UNSPECIFIED.);
#147=B_SPLINE_CURVE_WITH_KNOTS('',3,(#5002,#5003,#5004,#5005,#5006,#5007,
#5008,#5009,#5010),.UNSPECIFIED.,.F.,.F.,(4,1,1,1,1,1,4),(9.995861419348E-16,
0.00407065619598304,0.00610598429397406,0.00814131239196508,0.0101766404899561,
0.0122119685879471,0.0162826247839292),.UNSPECIFIED.);
#148=B_SPLINE_CURVE_WITH_KNOTS('',3,(#5041,#5042,#5043,#5044,#5045,#5046,
#5047,#5048,#5049),.UNSPECIFIED.,.F.,.F.,(4,1,1,1,1,1,4),(0.,0.00277349819601734,
0.004160247294026,0.00554699639203467,0.00693374549004334,0.00832049458805201,
0.0110939927840693),.UNSPECIFIED.);
#149=B_SPLINE_CURVE_WITH_KNOTS('',3,(#5058,#5059,#5060,#5061),
 .UNSPECIFIED.,.F.,.F.,(4,4),(0.,0.00063711216003585),.UNSPECIFIED.);
#150=B_SPLINE_CURVE_WITH_KNOTS('',3,(#5076,#5077,#5078,#5079),
 .UNSPECIFIED.,.F.,.F.,(4,4),(0.,0.00063711216003585),.UNSPECIFIED.);
#151=B_SPLINE_CURVE_WITH_KNOTS('',3,(#5126,#5127,#5128,#5129,#5130,#5131,
#5132,#5133,#5134,#5135),.UNSPECIFIED.,.F.,.F.,(4,1,1,1,1,1,1,4),(0.,0.00235963657099511,
0.00471927314199022,0.00707890971298534,0.00943854628398045,0.0117981828549756,
0.0141578194259707,0.0188770925679609),.UNSPECIFIED.);
#152=B_SPLINE_CURVE_WITH_KNOTS('',3,(#5205,#5206,#5207,#5208,#5209,#5210,
#5211,#5212,#5213),.UNSPECIFIED.,.F.,.F.,(4,1,1,1,1,1,4),(0.,0.00390167781229593,
0.00585251671844389,0.00780335562459186,0.00975419453073982,0.0117050334368878,
0.0156067112491837),.UNSPECIFIED.);
#153=B_SPLINE_CURVE_WITH_KNOTS('',3,(#5217,#5218,#5219,#5220,#5221,#5222,
#5223,#5224,#5225),.UNSPECIFIED.,.F.,.F.,(4,1,1,1,1,1,4),(0.,0.00421800462747799,
0.00632700694121699,0.00843600925495599,0.010545011568695,0.012654013882434,
0.016872018509912),.UNSPECIFIED.);
#154=B_SPLINE_CURVE_WITH_KNOTS('',3,(#5314,#5315,#5316,#5317),
 .UNSPECIFIED.,.F.,.F.,(4,4),(0.,0.00063711216003578),.UNSPECIFIED.);
#155=B_SPLINE_CURVE_WITH_KNOTS('',3,(#5335,#5336,#5337,#5338),
 .UNSPECIFIED.,.F.,.F.,(4,4),(2.40370335797946E-17,0.000591046011556906),
 .UNSPECIFIED.);
#156=B_SPLINE_CURVE_WITH_KNOTS('',3,(#5343,#5344,#5345,#5346),
 .UNSPECIFIED.,.F.,.F.,(4,4),(0.,0.000591046011556883),.UNSPECIFIED.);
#157=B_SPLINE_CURVE_WITH_KNOTS('',3,(#5356,#5357,#5358,#5359),
 .UNSPECIFIED.,.F.,.F.,(4,4),(0.,0.000591046011556926),.UNSPECIFIED.);
#158=B_SPLINE_CURVE_WITH_KNOTS('',3,(#5405,#5406,#5407,#5408,#5409,#5410,
#5411,#5412,#5413),.UNSPECIFIED.,.F.,.F.,(4,1,1,1,1,1,4),(0.,0.00277349819602343,
0.00416024729403514,0.00554699639204686,0.00693374549005857,0.00832049458807029,
0.0110939927840937),.UNSPECIFIED.);
#159=B_SPLINE_CURVE_WITH_KNOTS('',3,(#5477,#5478,#5479,#5480,#5481,#5482,
#5483,#5484,#5485),.UNSPECIFIED.,.F.,.F.,(4,1,1,1,1,1,4),(0.,0.00471922832738491,
0.00707884249107736,0.00943845665476982,0.0117980708184623,0.0141576849821547,
0.0188769133095396),.UNSPECIFIED.);
#160=B_SPLINE_CURVE_WITH_KNOTS('',3,(#5556,#5557,#5558,#5559,#5560,#5561,
#5562,#5563,#5564),.UNSPECIFIED.,.F.,.F.,(4,1,1,1,1,1,4),(0.,0.00390167781229591,
0.00585251671844387,0.00780335562459183,0.00975419453073978,0.0117050334368877,
0.0156067112491837),.UNSPECIFIED.);
#161=B_SPLINE_CURVE_WITH_KNOTS('',3,(#5566,#5567,#5568,#5569,#5570,#5571,
#5572,#5573,#5574),.UNSPECIFIED.,.F.,.F.,(4,1,1,1,1,1,4),(0.,0.00421800462747801,
0.00632700694121702,0.00843600925495603,0.010545011568695,0.012654013882434,
0.0168720185099121),.UNSPECIFIED.);
#162=B_SPLINE_CURVE_WITH_KNOTS('',3,(#5594,#5595,#5596,#5597),
 .UNSPECIFIED.,.F.,.F.,(4,4),(2.8609792490764E-17,0.000591046011556901),
 .UNSPECIFIED.);
#163=B_SPLINE_CURVE_WITH_KNOTS('',3,(#5603,#5604,#5605,#5606),
 .UNSPECIFIED.,.F.,.F.,(4,4),(0.,0.000591046011556874),.UNSPECIFIED.);
#164=B_SPLINE_CURVE_WITH_KNOTS('',3,(#5608,#5609,#5610,#5611),
 .UNSPECIFIED.,.F.,.F.,(4,4),(4.16333634234434E-17,0.000637112160035801),
 .UNSPECIFIED.);
#165=B_SPLINE_CURVE_WITH_KNOTS('',3,(#5615,#5616,#5617,#5618),
 .UNSPECIFIED.,.F.,.F.,(4,4),(4.16333634234434E-17,0.000637112160035801),
 .UNSPECIFIED.);
#166=B_SPLINE_CURVE_WITH_KNOTS('',3,(#5669,#5670,#5671,#5672,#5673,#5674,
#5675,#5676,#5677),.UNSPECIFIED.,.F.,.F.,(4,1,1,1,1,1,4),(0.,0.00333332711541138,
0.00499999067311706,0.00666665423082275,0.00833331778852844,0.00999998134623413,
0.0133333084616455),.UNSPECIFIED.);
#167=B_SPLINE_CURVE_WITH_KNOTS('',3,(#5679,#5680,#5681,#5682,#5683,#5684,
#5685,#5686,#5687),.UNSPECIFIED.,.F.,.F.,(4,1,1,1,1,1,4),(9.19920440888097E-16,
0.00454110493089395,0.00681165739634047,0.00908220986178698,0.0113527623272335,
0.01362331479268,0.018164419723573),.UNSPECIFIED.);
#168=B_SPLINE_CURVE_WITH_KNOTS('',3,(#5691,#5692,#5693,#5694,#5695,#5696,
#5697,#5698,#5699),.UNSPECIFIED.,.F.,.F.,(4,1,1,1,1,1,4),(0.,0.00390167781229595,
0.00585251671844392,0.0078033556245919,0.00975419453073987,0.0117050334368878,
0.0156067112491838),.UNSPECIFIED.);
#169=B_SPLINE_CURVE_WITH_KNOTS('',3,(#5703,#5704,#5705,#5706,#5707,#5708,
#5709,#5710,#5711),.UNSPECIFIED.,.F.,.F.,(4,1,1,1,1,1,4),(0.,0.00390167781229591,
0.00585251671844386,0.00780335562459182,0.00975419453073977,0.0117050334368877,
0.0156067112491836),.UNSPECIFIED.);
#170=B_SPLINE_CURVE_WITH_KNOTS('',3,(#5725,#5726,#5727,#5728,#5729,#5730,
#5731,#5732,#5733,#5734),.UNSPECIFIED.,.F.,.F.,(4,1,1,1,1,1,1,4),(0.,0.00235963657099511,
0.00471927314199022,0.00707890971298534,0.00943854628398045,0.0117981828549756,
0.0141578194259707,0.0188770925679609),.UNSPECIFIED.);
#171=B_SPLINE_CURVE_WITH_KNOTS('',3,(#5735,#5736,#5737,#5738,#5739,#5740,
#5741,#5742,#5743),.UNSPECIFIED.,.F.,.F.,(4,1,1,1,1,1,4),(4.98638711980859E-16,
0.00425075433359271,0.00637613150038882,0.00850150866718493,0.010626885833981,
0.0127522630007771,0.0170030173343694),.UNSPECIFIED.);
#172=B_SPLINE_CURVE_WITH_KNOTS('',3,(#5745,#5746,#5747,#5748,#5749,#5750,
#5751,#5752),.UNSPECIFIED.,.F.,.F.,(4,1,1,1,1,4),(0.,0.00362258740150092,
0.00543388110225139,0.00724517480300185,0.0108677622045028,0.0144903496060037),
 .UNSPECIFIED.);
#173=B_SPLINE_CURVE_WITH_KNOTS('',3,(#5756,#5757,#5758,#5759,#5760,#5761,
#5762,#5763,#5764,#5765),.UNSPECIFIED.,.F.,.F.,(4,1,1,1,1,1,1,4),(0.,0.0023596365709952,
0.00471927314199039,0.00707890971298559,0.00943854628398078,0.011798182854976,
0.0141578194259712,0.0188770925679616),.UNSPECIFIED.);
#174=B_SPLINE_CURVE_WITH_KNOTS('',3,(#5766,#5767,#5768,#5769,#5770,#5771,
#5772,#5773,#5774),.UNSPECIFIED.,.F.,.F.,(4,1,1,1,1,1,4),(0.,0.00421800462747795,
0.00632700694121693,0.00843600925495591,0.0105450115686949,0.0126540138824339,
0.0168720185099118),.UNSPECIFIED.);
#175=B_SPLINE_CURVE_WITH_KNOTS('',3,(#5778,#5779,#5780,#5781,#5782,#5783,
#5784,#5785,#5786),.UNSPECIFIED.,.F.,.F.,(4,1,1,1,1,1,4),(0.,0.00421800462747799,
0.00632700694121699,0.00843600925495599,0.010545011568695,0.012654013882434,
0.016872018509912),.UNSPECIFIED.);
#176=B_SPLINE_CURVE_WITH_KNOTS('',3,(#5790,#5791,#5792,#5793,#5794,#5795,
#5796,#5797,#5798),.UNSPECIFIED.,.F.,.F.,(4,1,1,1,1,1,4),(6.04679915279081E-16,
0.0042507543335827,0.00637613150037375,0.0085015086671648,0.0106268858339558,
0.0127522630007469,0.017003017334329),.UNSPECIFIED.);
#177=B_SPLINE_CURVE_WITH_KNOTS('',3,(#5800,#5801,#5802,#5803,#5804,#5805,
#5806,#5807),.UNSPECIFIED.,.F.,.F.,(4,1,1,1,1,4),(0.,0.00362143274559182,
0.00543214911838773,0.00724286549118364,0.0108642982367755,0.0144857309823673),
 .UNSPECIFIED.);
#178=B_SPLINE_CURVE_WITH_KNOTS('',3,(#5837,#5838,#5839,#5840),
 .UNSPECIFIED.,.F.,.F.,(4,4),(0.,0.000637112160035841),.UNSPECIFIED.);
#179=B_SPLINE_CURVE_WITH_KNOTS('',3,(#5851,#5852,#5853,#5854),
 .UNSPECIFIED.,.F.,.F.,(4,4),(3.94053425015214E-17,0.000591046011556868),
 .UNSPECIFIED.);
#180=B_SPLINE_CURVE_WITH_KNOTS('',3,(#5863,#5864,#5865,#5866),
 .UNSPECIFIED.,.F.,.F.,(4,4),(0.,0.000591046011556877),.UNSPECIFIED.);
#181=B_SPLINE_CURVE_WITH_KNOTS('',3,(#5868,#5869,#5870,#5871),
 .UNSPECIFIED.,.F.,.F.,(4,4),(0.,0.000637112160035854),.UNSPECIFIED.);
#182=B_SPLINE_CURVE_WITH_KNOTS('',3,(#5888,#5889,#5890,#5891),
 .UNSPECIFIED.,.F.,.F.,(4,4),(0.,0.000591046011556877),.UNSPECIFIED.);
#183=B_SPLINE_CURVE_WITH_KNOTS('',3,(#5896,#5897,#5898,#5899),
 .UNSPECIFIED.,.F.,.F.,(4,4),(0.,0.000637112160035854),.UNSPECIFIED.);
#184=B_SPLINE_CURVE_WITH_KNOTS('',3,(#5977,#5978,#5979,#5980,#5981,#5982,
#5983,#5984,#5985),.UNSPECIFIED.,.F.,.F.,(4,1,1,1,1,1,4),(1.11056991512718E-15,
0.00407065619598324,0.00610598429397431,0.00814131239196538,0.0101766404899564,
0.0122119685879475,0.0162826247839296),.UNSPECIFIED.);
#185=B_SPLINE_CURVE_WITH_KNOTS('',3,(#6037,#6038,#6039,#6040,#6041,#6042,
#6043,#6044,#6045,#6046),.UNSPECIFIED.,.F.,.F.,(4,1,1,1,1,1,1,4),(0.,0.00419553486418814,
0.00629330229628221,0.00839106972837628,0.0104888371604703,0.0125866045925644,
0.0146843720246585,0.0167821394567526),.UNSPECIFIED.);
#186=B_SPLINE_CURVE_WITH_KNOTS('',3,(#6048,#6049,#6050,#6051),
 .UNSPECIFIED.,.F.,.F.,(4,4),(2.79850202124608E-17,0.000591046011556895),
 .UNSPECIFIED.);
#187=B_SPLINE_CURVE_WITH_KNOTS('',3,(#6053,#6054,#6055,#6056),
 .UNSPECIFIED.,.F.,.F.,(4,4),(4.33680868994202E-18,0.000637112160035788),
 .UNSPECIFIED.);
#188=B_SPLINE_CURVE_WITH_KNOTS('',3,(#6516,#6517,#6518,#6519,#6520,#6521,
#6522,#6523,#6524),.UNSPECIFIED.,.F.,.F.,(4,1,1,1,1,1,4),(0.,0.00277349819518765,
0.00416024729278148,0.00554699639037531,0.00693374548796913,0.00832049458556296,
0.0110939927807506),.UNSPECIFIED.);
#189=B_SPLINE_CURVE_WITH_KNOTS('',3,(#6544,#6545,#6546,#6547),
 .UNSPECIFIED.,.F.,.F.,(4,4),(4.33680868994202E-18,0.000591046011556867),
 .UNSPECIFIED.);
#190=B_SPLINE_CURVE_WITH_KNOTS('',3,(#6551,#6552,#6553,#6554),
 .UNSPECIFIED.,.F.,.F.,(4,4),(0.,0.000637112160035847),.UNSPECIFIED.);
#191=B_SPLINE_CURVE_WITH_KNOTS('',3,(#6651,#6652,#6653,#6654),
 .UNSPECIFIED.,.F.,.F.,(4,4),(0.,0.000591046011556882),.UNSPECIFIED.);
#192=B_SPLINE_CURVE_WITH_KNOTS('',3,(#6663,#6664,#6665,#6666),
 .UNSPECIFIED.,.F.,.F.,(4,4),(0.,0.000591046011556882),.UNSPECIFIED.);
#193=B_SPLINE_CURVE_WITH_KNOTS('',3,(#6676,#6677,#6678,#6679),
 .UNSPECIFIED.,.F.,.F.,(4,4),(0.,0.000637112160035859),.UNSPECIFIED.);
#194=B_SPLINE_CURVE_WITH_KNOTS('',3,(#6685,#6686,#6687,#6688),
 .UNSPECIFIED.,.F.,.F.,(4,4),(0.,0.000637112160035859),.UNSPECIFIED.);
#195=B_SPLINE_CURVE_WITH_KNOTS('',3,(#6714,#6715,#6716,#6717),
 .UNSPECIFIED.,.F.,.F.,(4,4),(0.,0.000591046011556908),.UNSPECIFIED.);
#196=B_SPLINE_CURVE_WITH_KNOTS('',3,(#6726,#6727,#6728,#6729),
 .UNSPECIFIED.,.F.,.F.,(4,4),(0.,0.000591046011556899),.UNSPECIFIED.);
#197=B_SPLINE_CURVE_WITH_KNOTS('',3,(#6732,#6733,#6734,#6735),
 .UNSPECIFIED.,.F.,.F.,(4,4),(0.,0.000637112160035843),.UNSPECIFIED.);
#198=B_SPLINE_CURVE_WITH_KNOTS('',3,(#6744,#6745,#6746,#6747),
 .UNSPECIFIED.,.F.,.F.,(4,4),(0.,0.000637112160035852),.UNSPECIFIED.);
#199=B_SPLINE_CURVE_WITH_KNOTS('',3,(#6767,#6768,#6769,#6770),
 .UNSPECIFIED.,.F.,.F.,(4,4),(0.,0.000591046011556884),.UNSPECIFIED.);
#200=B_SPLINE_CURVE_WITH_KNOTS('',3,(#6779,#6780,#6781,#6782),
 .UNSPECIFIED.,.F.,.F.,(4,4),(0.,0.000591046011556875),.UNSPECIFIED.);
#201=B_SPLINE_CURVE_WITH_KNOTS('',3,(#6790,#6791,#6792,#6793),
 .UNSPECIFIED.,.F.,.F.,(4,4),(0.,0.000637112160035852),.UNSPECIFIED.);
#202=B_SPLINE_CURVE_WITH_KNOTS('',3,(#6800,#6801,#6802,#6803),
 .UNSPECIFIED.,.F.,.F.,(4,4),(0.,0.00063711216003586),.UNSPECIFIED.);
#203=ORIENTED_EDGE('',*,*,#1165,.T.);
#204=ORIENTED_EDGE('',*,*,#1166,.F.);
#205=ORIENTED_EDGE('',*,*,#1167,.F.);
#206=ORIENTED_EDGE('',*,*,#1168,.F.);
#207=ORIENTED_EDGE('',*,*,#1169,.F.);
#208=ORIENTED_EDGE('',*,*,#1170,.F.);
#209=ORIENTED_EDGE('',*,*,#1171,.T.);
#210=ORIENTED_EDGE('',*,*,#1172,.F.);
#211=ORIENTED_EDGE('',*,*,#1173,.T.);
#212=ORIENTED_EDGE('',*,*,#1174,.T.);
#213=ORIENTED_EDGE('',*,*,#1175,.F.);
#214=ORIENTED_EDGE('',*,*,#1176,.T.);
#215=ORIENTED_EDGE('',*,*,#1177,.F.);
#216=ORIENTED_EDGE('',*,*,#1178,.T.);
#217=ORIENTED_EDGE('',*,*,#1179,.T.);
#218=ORIENTED_EDGE('',*,*,#1180,.T.);
#219=ORIENTED_EDGE('',*,*,#1181,.T.);
#220=ORIENTED_EDGE('',*,*,#1182,.T.);
#221=ORIENTED_EDGE('',*,*,#1183,.T.);
#222=ORIENTED_EDGE('',*,*,#1184,.T.);
#223=ORIENTED_EDGE('',*,*,#1185,.T.);
#224=ORIENTED_EDGE('',*,*,#1186,.T.);
#225=ORIENTED_EDGE('',*,*,#1187,.F.);
#226=ORIENTED_EDGE('',*,*,#1188,.T.);
#227=ORIENTED_EDGE('',*,*,#1189,.F.);
#228=ORIENTED_EDGE('',*,*,#1190,.T.);
#229=ORIENTED_EDGE('',*,*,#1191,.T.);
#230=ORIENTED_EDGE('',*,*,#1192,.T.);
#231=ORIENTED_EDGE('',*,*,#1193,.T.);
#232=ORIENTED_EDGE('',*,*,#1194,.F.);
#233=ORIENTED_EDGE('',*,*,#1195,.T.);
#234=ORIENTED_EDGE('',*,*,#1196,.T.);
#235=ORIENTED_EDGE('',*,*,#1197,.T.);
#236=ORIENTED_EDGE('',*,*,#1198,.T.);
#237=ORIENTED_EDGE('',*,*,#1199,.T.);
#238=ORIENTED_EDGE('',*,*,#1200,.T.);
#239=ORIENTED_EDGE('',*,*,#1201,.T.);
#240=ORIENTED_EDGE('',*,*,#1202,.T.);
#241=ORIENTED_EDGE('',*,*,#1203,.T.);
#242=ORIENTED_EDGE('',*,*,#1204,.T.);
#243=ORIENTED_EDGE('',*,*,#1205,.T.);
#244=ORIENTED_EDGE('',*,*,#1206,.T.);
#245=ORIENTED_EDGE('',*,*,#1207,.T.);
#246=ORIENTED_EDGE('',*,*,#1208,.T.);
#247=ORIENTED_EDGE('',*,*,#1209,.T.);
#248=ORIENTED_EDGE('',*,*,#1210,.T.);
#249=ORIENTED_EDGE('',*,*,#1211,.F.);
#250=ORIENTED_EDGE('',*,*,#1212,.F.);
#251=ORIENTED_EDGE('',*,*,#1213,.F.);
#252=ORIENTED_EDGE('',*,*,#1214,.T.);
#253=ORIENTED_EDGE('',*,*,#1215,.F.);
#254=ORIENTED_EDGE('',*,*,#1216,.F.);
#255=ORIENTED_EDGE('',*,*,#1217,.F.);
#256=ORIENTED_EDGE('',*,*,#1218,.F.);
#257=ORIENTED_EDGE('',*,*,#1219,.T.);
#258=ORIENTED_EDGE('',*,*,#1170,.T.);
#259=ORIENTED_EDGE('',*,*,#1220,.F.);
#260=ORIENTED_EDGE('',*,*,#1221,.T.);
#261=ORIENTED_EDGE('',*,*,#1222,.T.);
#262=ORIENTED_EDGE('',*,*,#1223,.T.);
#263=ORIENTED_EDGE('',*,*,#1224,.F.);
#264=ORIENTED_EDGE('',*,*,#1225,.T.);
#265=ORIENTED_EDGE('',*,*,#1226,.T.);
#266=ORIENTED_EDGE('',*,*,#1227,.T.);
#267=ORIENTED_EDGE('',*,*,#1228,.F.);
#268=ORIENTED_EDGE('',*,*,#1229,.F.);
#269=ORIENTED_EDGE('',*,*,#1230,.T.);
#270=ORIENTED_EDGE('',*,*,#1231,.T.);
#271=ORIENTED_EDGE('',*,*,#1232,.F.);
#272=ORIENTED_EDGE('',*,*,#1233,.F.);
#273=ORIENTED_EDGE('',*,*,#1234,.T.);
#274=ORIENTED_EDGE('',*,*,#1235,.T.);
#275=ORIENTED_EDGE('',*,*,#1236,.T.);
#276=ORIENTED_EDGE('',*,*,#1237,.T.);
#277=ORIENTED_EDGE('',*,*,#1238,.T.);
#278=ORIENTED_EDGE('',*,*,#1239,.T.);
#279=ORIENTED_EDGE('',*,*,#1240,.T.);
#280=ORIENTED_EDGE('',*,*,#1241,.T.);
#281=ORIENTED_EDGE('',*,*,#1242,.F.);
#282=ORIENTED_EDGE('',*,*,#1243,.F.);
#283=ORIENTED_EDGE('',*,*,#1244,.F.);
#284=ORIENTED_EDGE('',*,*,#1245,.T.);
#285=ORIENTED_EDGE('',*,*,#1246,.T.);
#286=ORIENTED_EDGE('',*,*,#1247,.T.);
#287=ORIENTED_EDGE('',*,*,#1248,.F.);
#288=ORIENTED_EDGE('',*,*,#1249,.F.);
#289=ORIENTED_EDGE('',*,*,#1250,.T.);
#290=ORIENTED_EDGE('',*,*,#1251,.T.);
#291=ORIENTED_EDGE('',*,*,#1252,.T.);
#292=ORIENTED_EDGE('',*,*,#1253,.T.);
#293=ORIENTED_EDGE('',*,*,#1254,.F.);
#294=ORIENTED_EDGE('',*,*,#1255,.T.);
#295=ORIENTED_EDGE('',*,*,#1256,.F.);
#296=ORIENTED_EDGE('',*,*,#1257,.F.);
#297=ORIENTED_EDGE('',*,*,#1258,.T.);
#298=ORIENTED_EDGE('',*,*,#1259,.F.);
#299=ORIENTED_EDGE('',*,*,#1260,.F.);
#300=ORIENTED_EDGE('',*,*,#1261,.F.);
#301=ORIENTED_EDGE('',*,*,#1262,.T.);
#302=ORIENTED_EDGE('',*,*,#1168,.T.);
#303=ORIENTED_EDGE('',*,*,#1263,.T.);
#304=ORIENTED_EDGE('',*,*,#1264,.F.);
#305=ORIENTED_EDGE('',*,*,#1265,.F.);
#306=ORIENTED_EDGE('',*,*,#1266,.T.);
#307=ORIENTED_EDGE('',*,*,#1267,.F.);
#308=ORIENTED_EDGE('',*,*,#1268,.T.);
#309=ORIENTED_EDGE('',*,*,#1269,.T.);
#310=ORIENTED_EDGE('',*,*,#1270,.T.);
#311=ORIENTED_EDGE('',*,*,#1271,.T.);
#312=ORIENTED_EDGE('',*,*,#1272,.T.);
#313=ORIENTED_EDGE('',*,*,#1273,.T.);
#314=ORIENTED_EDGE('',*,*,#1274,.F.);
#315=ORIENTED_EDGE('',*,*,#1275,.T.);
#316=ORIENTED_EDGE('',*,*,#1276,.T.);
#317=ORIENTED_EDGE('',*,*,#1277,.F.);
#318=ORIENTED_EDGE('',*,*,#1278,.T.);
#319=ORIENTED_EDGE('',*,*,#1279,.F.);
#320=ORIENTED_EDGE('',*,*,#1280,.T.);
#321=ORIENTED_EDGE('',*,*,#1281,.T.);
#322=ORIENTED_EDGE('',*,*,#1282,.T.);
#323=ORIENTED_EDGE('',*,*,#1283,.F.);
#324=ORIENTED_EDGE('',*,*,#1284,.T.);
#325=ORIENTED_EDGE('',*,*,#1285,.T.);
#326=ORIENTED_EDGE('',*,*,#1286,.T.);
#327=ORIENTED_EDGE('',*,*,#1287,.F.);
#328=ORIENTED_EDGE('',*,*,#1288,.T.);
#329=ORIENTED_EDGE('',*,*,#1289,.T.);
#330=ORIENTED_EDGE('',*,*,#1290,.T.);
#331=ORIENTED_EDGE('',*,*,#1291,.T.);
#332=ORIENTED_EDGE('',*,*,#1292,.T.);
#333=ORIENTED_EDGE('',*,*,#1293,.T.);
#334=ORIENTED_EDGE('',*,*,#1294,.T.);
#335=ORIENTED_EDGE('',*,*,#1295,.T.);
#336=ORIENTED_EDGE('',*,*,#1296,.T.);
#337=ORIENTED_EDGE('',*,*,#1297,.T.);
#338=ORIENTED_EDGE('',*,*,#1298,.T.);
#339=ORIENTED_EDGE('',*,*,#1299,.T.);
#340=ORIENTED_EDGE('',*,*,#1300,.F.);
#341=ORIENTED_EDGE('',*,*,#1301,.F.);
#342=ORIENTED_EDGE('',*,*,#1302,.T.);
#343=ORIENTED_EDGE('',*,*,#1203,.F.);
#344=ORIENTED_EDGE('',*,*,#1202,.F.);
#345=ORIENTED_EDGE('',*,*,#1303,.T.);
#346=ORIENTED_EDGE('',*,*,#1304,.T.);
#347=ORIENTED_EDGE('',*,*,#1305,.T.);
#348=ORIENTED_EDGE('',*,*,#1306,.T.);
#349=ORIENTED_EDGE('',*,*,#1172,.T.);
#350=ORIENTED_EDGE('',*,*,#1307,.T.);
#351=ORIENTED_EDGE('',*,*,#1308,.T.);
#352=ORIENTED_EDGE('',*,*,#1309,.T.);
#353=ORIENTED_EDGE('',*,*,#1310,.T.);
#354=ORIENTED_EDGE('',*,*,#1311,.F.);
#355=ORIENTED_EDGE('',*,*,#1183,.F.);
#356=ORIENTED_EDGE('',*,*,#1182,.F.);
#357=ORIENTED_EDGE('',*,*,#1312,.T.);
#358=ORIENTED_EDGE('',*,*,#1313,.T.);
#359=ORIENTED_EDGE('',*,*,#1314,.T.);
#360=ORIENTED_EDGE('',*,*,#1315,.T.);
#361=ORIENTED_EDGE('',*,*,#1316,.T.);
#362=ORIENTED_EDGE('',*,*,#1317,.F.);
#363=ORIENTED_EDGE('',*,*,#1173,.F.);
#364=ORIENTED_EDGE('',*,*,#1181,.F.);
#365=ORIENTED_EDGE('',*,*,#1318,.F.);
#366=ORIENTED_EDGE('',*,*,#1301,.T.);
#367=ORIENTED_EDGE('',*,*,#1300,.T.);
#368=ORIENTED_EDGE('',*,*,#1319,.F.);
#369=ORIENTED_EDGE('',*,*,#1227,.F.);
#370=ORIENTED_EDGE('',*,*,#1320,.T.);
#371=ORIENTED_EDGE('',*,*,#1303,.F.);
#372=ORIENTED_EDGE('',*,*,#1321,.T.);
#373=ORIENTED_EDGE('',*,*,#1192,.F.);
#374=ORIENTED_EDGE('',*,*,#1322,.T.);
#375=ORIENTED_EDGE('',*,*,#1323,.F.);
#376=ORIENTED_EDGE('',*,*,#1324,.F.);
#377=ORIENTED_EDGE('',*,*,#1184,.F.);
#378=ORIENTED_EDGE('',*,*,#1311,.T.);
#379=ORIENTED_EDGE('',*,*,#1325,.F.);
#380=ORIENTED_EDGE('',*,*,#1326,.T.);
#381=ORIENTED_EDGE('',*,*,#1281,.F.);
#382=ORIENTED_EDGE('',*,*,#1327,.F.);
#383=ORIENTED_EDGE('',*,*,#1325,.T.);
#384=ORIENTED_EDGE('',*,*,#1328,.T.);
#385=ORIENTED_EDGE('',*,*,#1207,.F.);
#386=ORIENTED_EDGE('',*,*,#1329,.T.);
#387=ORIENTED_EDGE('',*,*,#1330,.F.);
#388=ORIENTED_EDGE('',*,*,#1331,.F.);
#389=ORIENTED_EDGE('',*,*,#1208,.F.);
#390=ORIENTED_EDGE('',*,*,#1328,.F.);
#391=ORIENTED_EDGE('',*,*,#1332,.F.);
#392=ORIENTED_EDGE('',*,*,#1333,.F.);
#393=ORIENTED_EDGE('',*,*,#1334,.F.);
#394=ORIENTED_EDGE('',*,*,#1329,.F.);
#395=ORIENTED_EDGE('',*,*,#1206,.F.);
#396=ORIENTED_EDGE('',*,*,#1335,.F.);
#397=ORIENTED_EDGE('',*,*,#1336,.T.);
#398=ORIENTED_EDGE('',*,*,#1209,.F.);
#399=ORIENTED_EDGE('',*,*,#1331,.T.);
#400=ORIENTED_EDGE('',*,*,#1205,.F.);
#401=ORIENTED_EDGE('',*,*,#1337,.T.);
#402=ORIENTED_EDGE('',*,*,#1338,.F.);
#403=ORIENTED_EDGE('',*,*,#1333,.T.);
#404=ORIENTED_EDGE('',*,*,#1339,.T.);
#405=ORIENTED_EDGE('',*,*,#1334,.T.);
#406=ORIENTED_EDGE('',*,*,#1340,.T.);
#407=ORIENTED_EDGE('',*,*,#1178,.F.);
#408=ORIENTED_EDGE('',*,*,#1341,.T.);
#409=ORIENTED_EDGE('',*,*,#1342,.F.);
#410=ORIENTED_EDGE('',*,*,#1343,.T.);
#411=ORIENTED_EDGE('',*,*,#1186,.F.);
#412=ORIENTED_EDGE('',*,*,#1344,.F.);
#413=ORIENTED_EDGE('',*,*,#1345,.F.);
#414=ORIENTED_EDGE('',*,*,#1346,.T.);
#415=ORIENTED_EDGE('',*,*,#1270,.F.);
#416=ORIENTED_EDGE('',*,*,#1347,.F.);
#417=ORIENTED_EDGE('',*,*,#1348,.F.);
#418=ORIENTED_EDGE('',*,*,#1344,.T.);
#419=ORIENTED_EDGE('',*,*,#1269,.F.);
#420=ORIENTED_EDGE('',*,*,#1349,.F.);
#421=ORIENTED_EDGE('',*,*,#1350,.T.);
#422=ORIENTED_EDGE('',*,*,#1351,.T.);
#423=ORIENTED_EDGE('',*,*,#1352,.F.);
#424=ORIENTED_EDGE('',*,*,#1353,.T.);
#425=ORIENTED_EDGE('',*,*,#1263,.F.);
#426=ORIENTED_EDGE('',*,*,#1167,.T.);
#427=ORIENTED_EDGE('',*,*,#1354,.F.);
#428=ORIENTED_EDGE('',*,*,#1355,.T.);
#429=ORIENTED_EDGE('',*,*,#1356,.F.);
#430=ORIENTED_EDGE('',*,*,#1200,.F.);
#431=ORIENTED_EDGE('',*,*,#1357,.F.);
#432=ORIENTED_EDGE('',*,*,#1358,.T.);
#433=ORIENTED_EDGE('',*,*,#1359,.F.);
#434=ORIENTED_EDGE('',*,*,#1360,.F.);
#435=ORIENTED_EDGE('',*,*,#1361,.F.);
#436=ORIENTED_EDGE('',*,*,#1362,.F.);
#437=ORIENTED_EDGE('',*,*,#1363,.T.);
#438=ORIENTED_EDGE('',*,*,#1364,.F.);
#439=ORIENTED_EDGE('',*,*,#1365,.T.);
#440=ORIENTED_EDGE('',*,*,#1366,.F.);
#441=ORIENTED_EDGE('',*,*,#1362,.T.);
#442=ORIENTED_EDGE('',*,*,#1367,.F.);
#443=ORIENTED_EDGE('',*,*,#1368,.T.);
#444=ORIENTED_EDGE('',*,*,#1201,.F.);
#445=ORIENTED_EDGE('',*,*,#1359,.T.);
#446=ORIENTED_EDGE('',*,*,#1338,.T.);
#447=ORIENTED_EDGE('',*,*,#1369,.F.);
#448=ORIENTED_EDGE('',*,*,#1179,.F.);
#449=ORIENTED_EDGE('',*,*,#1340,.F.);
#450=ORIENTED_EDGE('',*,*,#1185,.F.);
#451=ORIENTED_EDGE('',*,*,#1324,.T.);
#452=ORIENTED_EDGE('',*,*,#1370,.T.);
#453=ORIENTED_EDGE('',*,*,#1371,.T.);
#454=ORIENTED_EDGE('',*,*,#1372,.T.);
#455=ORIENTED_EDGE('',*,*,#1373,.T.);
#456=ORIENTED_EDGE('',*,*,#1374,.T.);
#457=ORIENTED_EDGE('',*,*,#1341,.F.);
#458=ORIENTED_EDGE('',*,*,#1356,.T.);
#459=ORIENTED_EDGE('',*,*,#1375,.F.);
#460=ORIENTED_EDGE('',*,*,#1376,.T.);
#461=ORIENTED_EDGE('',*,*,#1377,.T.);
#462=ORIENTED_EDGE('',*,*,#1264,.T.);
#463=ORIENTED_EDGE('',*,*,#1378,.T.);
#464=ORIENTED_EDGE('',*,*,#1379,.T.);
#465=ORIENTED_EDGE('',*,*,#1265,.T.);
#466=ORIENTED_EDGE('',*,*,#1377,.F.);
#467=ORIENTED_EDGE('',*,*,#1266,.F.);
#468=ORIENTED_EDGE('',*,*,#1379,.F.);
#469=ORIENTED_EDGE('',*,*,#1380,.T.);
#470=ORIENTED_EDGE('',*,*,#1381,.F.);
#471=ORIENTED_EDGE('',*,*,#1267,.T.);
#472=ORIENTED_EDGE('',*,*,#1381,.T.);
#473=ORIENTED_EDGE('',*,*,#1382,.F.);
#474=ORIENTED_EDGE('',*,*,#1383,.F.);
#475=ORIENTED_EDGE('',*,*,#1384,.F.);
#476=ORIENTED_EDGE('',*,*,#1349,.T.);
#477=ORIENTED_EDGE('',*,*,#1268,.F.);
#478=ORIENTED_EDGE('',*,*,#1383,.T.);
#479=ORIENTED_EDGE('',*,*,#1385,.T.);
#480=ORIENTED_EDGE('',*,*,#1386,.F.);
#481=ORIENTED_EDGE('',*,*,#1271,.F.);
#482=ORIENTED_EDGE('',*,*,#1346,.F.);
#483=ORIENTED_EDGE('',*,*,#1342,.T.);
#484=ORIENTED_EDGE('',*,*,#1386,.T.);
#485=ORIENTED_EDGE('',*,*,#1374,.F.);
#486=ORIENTED_EDGE('',*,*,#1387,.T.);
#487=ORIENTED_EDGE('',*,*,#1272,.F.);
#488=ORIENTED_EDGE('',*,*,#1388,.F.);
#489=ORIENTED_EDGE('',*,*,#1389,.F.);
#490=ORIENTED_EDGE('',*,*,#1273,.F.);
#491=ORIENTED_EDGE('',*,*,#1387,.F.);
#492=ORIENTED_EDGE('',*,*,#1373,.F.);
#493=ORIENTED_EDGE('',*,*,#1274,.T.);
#494=ORIENTED_EDGE('',*,*,#1389,.T.);
#495=ORIENTED_EDGE('',*,*,#1390,.T.);
#496=ORIENTED_EDGE('',*,*,#1391,.T.);
#497=ORIENTED_EDGE('',*,*,#1392,.T.);
#498=ORIENTED_EDGE('',*,*,#1275,.F.);
#499=ORIENTED_EDGE('',*,*,#1392,.F.);
#500=ORIENTED_EDGE('',*,*,#1393,.F.);
#501=ORIENTED_EDGE('',*,*,#1394,.T.);
#502=ORIENTED_EDGE('',*,*,#1395,.T.);
#503=ORIENTED_EDGE('',*,*,#1396,.F.);
#504=ORIENTED_EDGE('',*,*,#1276,.F.);
#505=ORIENTED_EDGE('',*,*,#1394,.F.);
#506=ORIENTED_EDGE('',*,*,#1397,.F.);
#507=ORIENTED_EDGE('',*,*,#1353,.F.);
#508=ORIENTED_EDGE('',*,*,#1347,.T.);
#509=ORIENTED_EDGE('',*,*,#1384,.T.);
#510=ORIENTED_EDGE('',*,*,#1380,.F.);
#511=ORIENTED_EDGE('',*,*,#1398,.T.);
#512=ORIENTED_EDGE('',*,*,#1350,.F.);
#513=ORIENTED_EDGE('',*,*,#1399,.T.);
#514=ORIENTED_EDGE('',*,*,#1355,.F.);
#515=ORIENTED_EDGE('',*,*,#1351,.F.);
#516=ORIENTED_EDGE('',*,*,#1400,.F.);
#517=ORIENTED_EDGE('',*,*,#1375,.T.);
#518=ORIENTED_EDGE('',*,*,#1372,.F.);
#519=ORIENTED_EDGE('',*,*,#1401,.T.);
#520=ORIENTED_EDGE('',*,*,#1402,.T.);
#521=ORIENTED_EDGE('',*,*,#1403,.F.);
#522=ORIENTED_EDGE('',*,*,#1376,.F.);
#523=ORIENTED_EDGE('',*,*,#1400,.T.);
#524=ORIENTED_EDGE('',*,*,#1398,.F.);
#525=ORIENTED_EDGE('',*,*,#1378,.F.);
#526=ORIENTED_EDGE('',*,*,#1399,.F.);
#527=ORIENTED_EDGE('',*,*,#1397,.T.);
#528=ORIENTED_EDGE('',*,*,#1385,.F.);
#529=ORIENTED_EDGE('',*,*,#1382,.T.);
#530=ORIENTED_EDGE('',*,*,#1404,.F.);
#531=ORIENTED_EDGE('',*,*,#1390,.F.);
#532=ORIENTED_EDGE('',*,*,#1388,.T.);
#533=ORIENTED_EDGE('',*,*,#1403,.T.);
#534=ORIENTED_EDGE('',*,*,#1391,.F.);
#535=ORIENTED_EDGE('',*,*,#1404,.T.);
#536=ORIENTED_EDGE('',*,*,#1405,.F.);
#537=ORIENTED_EDGE('',*,*,#1393,.T.);
#538=ORIENTED_EDGE('',*,*,#1402,.F.);
#539=ORIENTED_EDGE('',*,*,#1406,.T.);
#540=ORIENTED_EDGE('',*,*,#1395,.F.);
#541=ORIENTED_EDGE('',*,*,#1405,.T.);
#542=ORIENTED_EDGE('',*,*,#1407,.F.);
#543=ORIENTED_EDGE('',*,*,#1408,.F.);
#544=ORIENTED_EDGE('',*,*,#1409,.T.);
#545=ORIENTED_EDGE('',*,*,#1410,.F.);
#546=ORIENTED_EDGE('',*,*,#1409,.F.);
#547=ORIENTED_EDGE('',*,*,#1411,.T.);
#548=ORIENTED_EDGE('',*,*,#1412,.F.);
#549=ORIENTED_EDGE('',*,*,#1413,.T.);
#550=ORIENTED_EDGE('',*,*,#1414,.F.);
#551=ORIENTED_EDGE('',*,*,#1251,.F.);
#552=ORIENTED_EDGE('',*,*,#1415,.F.);
#553=ORIENTED_EDGE('',*,*,#1412,.T.);
#554=ORIENTED_EDGE('',*,*,#1416,.T.);
#555=ORIENTED_EDGE('',*,*,#1332,.T.);
#556=ORIENTED_EDGE('',*,*,#1417,.T.);
#557=ORIENTED_EDGE('',*,*,#1176,.F.);
#558=ORIENTED_EDGE('',*,*,#1330,.T.);
#559=ORIENTED_EDGE('',*,*,#1339,.F.);
#560=ORIENTED_EDGE('',*,*,#1177,.T.);
#561=ORIENTED_EDGE('',*,*,#1417,.F.);
#562=ORIENTED_EDGE('',*,*,#1418,.F.);
#563=ORIENTED_EDGE('',*,*,#1419,.F.);
#564=ORIENTED_EDGE('',*,*,#1420,.F.);
#565=ORIENTED_EDGE('',*,*,#1188,.F.);
#566=ORIENTED_EDGE('',*,*,#1187,.T.);
#567=ORIENTED_EDGE('',*,*,#1343,.F.);
#568=ORIENTED_EDGE('',*,*,#1345,.T.);
#569=ORIENTED_EDGE('',*,*,#1348,.T.);
#570=ORIENTED_EDGE('',*,*,#1352,.T.);
#571=ORIENTED_EDGE('',*,*,#1354,.T.);
#572=ORIENTED_EDGE('',*,*,#1166,.T.);
#573=ORIENTED_EDGE('',*,*,#1421,.F.);
#574=ORIENTED_EDGE('',*,*,#1422,.F.);
#575=ORIENTED_EDGE('',*,*,#1423,.F.);
#576=ORIENTED_EDGE('',*,*,#1424,.T.);
#577=ORIENTED_EDGE('',*,*,#1425,.T.);
#578=ORIENTED_EDGE('',*,*,#1407,.T.);
#579=ORIENTED_EDGE('',*,*,#1426,.T.);
#580=ORIENTED_EDGE('',*,*,#1427,.T.);
#581=ORIENTED_EDGE('',*,*,#1418,.T.);
#582=ORIENTED_EDGE('',*,*,#1428,.T.);
#583=ORIENTED_EDGE('',*,*,#1429,.F.);
#584=ORIENTED_EDGE('',*,*,#1357,.T.);
#585=ORIENTED_EDGE('',*,*,#1199,.F.);
#586=ORIENTED_EDGE('',*,*,#1428,.F.);
#587=ORIENTED_EDGE('',*,*,#1198,.F.);
#588=ORIENTED_EDGE('',*,*,#1430,.F.);
#589=ORIENTED_EDGE('',*,*,#1431,.F.);
#590=ORIENTED_EDGE('',*,*,#1432,.T.);
#591=ORIENTED_EDGE('',*,*,#1433,.F.);
#592=ORIENTED_EDGE('',*,*,#1360,.T.);
#593=ORIENTED_EDGE('',*,*,#1434,.F.);
#594=ORIENTED_EDGE('',*,*,#1435,.F.);
#595=ORIENTED_EDGE('',*,*,#1432,.F.);
#596=ORIENTED_EDGE('',*,*,#1436,.T.);
#597=ORIENTED_EDGE('',*,*,#1437,.F.);
#598=ORIENTED_EDGE('',*,*,#1249,.T.);
#599=ORIENTED_EDGE('',*,*,#1438,.T.);
#600=ORIENTED_EDGE('',*,*,#1439,.T.);
#601=ORIENTED_EDGE('',*,*,#1440,.T.);
#602=ORIENTED_EDGE('',*,*,#1441,.T.);
#603=ORIENTED_EDGE('',*,*,#1442,.T.);
#604=ORIENTED_EDGE('',*,*,#1443,.T.);
#605=ORIENTED_EDGE('',*,*,#1444,.T.);
#606=ORIENTED_EDGE('',*,*,#1253,.F.);
#607=ORIENTED_EDGE('',*,*,#1445,.T.);
#608=ORIENTED_EDGE('',*,*,#1411,.F.);
#609=ORIENTED_EDGE('',*,*,#1446,.T.);
#610=ORIENTED_EDGE('',*,*,#1442,.F.);
#611=ORIENTED_EDGE('',*,*,#1447,.F.);
#612=ORIENTED_EDGE('',*,*,#1447,.T.);
#613=ORIENTED_EDGE('',*,*,#1445,.F.);
#614=ORIENTED_EDGE('',*,*,#1252,.F.);
#615=ORIENTED_EDGE('',*,*,#1414,.T.);
#616=ORIENTED_EDGE('',*,*,#1250,.F.);
#617=ORIENTED_EDGE('',*,*,#1441,.F.);
#618=ORIENTED_EDGE('',*,*,#1448,.F.);
#619=ORIENTED_EDGE('',*,*,#1415,.T.);
#620=ORIENTED_EDGE('',*,*,#1440,.F.);
#621=ORIENTED_EDGE('',*,*,#1449,.T.);
#622=ORIENTED_EDGE('',*,*,#1413,.F.);
#623=ORIENTED_EDGE('',*,*,#1448,.T.);
#624=ORIENTED_EDGE('',*,*,#1254,.T.);
#625=ORIENTED_EDGE('',*,*,#1444,.F.);
#626=ORIENTED_EDGE('',*,*,#1450,.T.);
#627=ORIENTED_EDGE('',*,*,#1425,.F.);
#628=ORIENTED_EDGE('',*,*,#1451,.F.);
#629=ORIENTED_EDGE('',*,*,#1450,.F.);
#630=ORIENTED_EDGE('',*,*,#1443,.F.);
#631=ORIENTED_EDGE('',*,*,#1446,.F.);
#632=ORIENTED_EDGE('',*,*,#1408,.T.);
#633=ORIENTED_EDGE('',*,*,#1449,.F.);
#634=ORIENTED_EDGE('',*,*,#1439,.F.);
#635=ORIENTED_EDGE('',*,*,#1452,.T.);
#636=ORIENTED_EDGE('',*,*,#1410,.T.);
#637=ORIENTED_EDGE('',*,*,#1452,.F.);
#638=ORIENTED_EDGE('',*,*,#1438,.F.);
#639=ORIENTED_EDGE('',*,*,#1248,.T.);
#640=ORIENTED_EDGE('',*,*,#1453,.F.);
#641=ORIENTED_EDGE('',*,*,#1426,.F.);
#642=ORIENTED_EDGE('',*,*,#1451,.T.);
#643=ORIENTED_EDGE('',*,*,#1424,.F.);
#644=ORIENTED_EDGE('',*,*,#1454,.F.);
#645=ORIENTED_EDGE('',*,*,#1255,.F.);
#646=ORIENTED_EDGE('',*,*,#1453,.T.);
#647=ORIENTED_EDGE('',*,*,#1247,.F.);
#648=ORIENTED_EDGE('',*,*,#1455,.T.);
#649=ORIENTED_EDGE('',*,*,#1427,.F.);
#650=ORIENTED_EDGE('',*,*,#1455,.F.);
#651=ORIENTED_EDGE('',*,*,#1246,.F.);
#652=ORIENTED_EDGE('',*,*,#1456,.F.);
#653=ORIENTED_EDGE('',*,*,#1419,.T.);
#654=ORIENTED_EDGE('',*,*,#1457,.T.);
#655=ORIENTED_EDGE('',*,*,#1458,.T.);
#656=ORIENTED_EDGE('',*,*,#1459,.T.);
#657=ORIENTED_EDGE('',*,*,#1460,.T.);
#658=ORIENTED_EDGE('',*,*,#1461,.T.);
#659=ORIENTED_EDGE('',*,*,#1462,.T.);
#660=ORIENTED_EDGE('',*,*,#1463,.T.);
#661=ORIENTED_EDGE('',*,*,#1364,.T.);
#662=ORIENTED_EDGE('',*,*,#1361,.T.);
#663=ORIENTED_EDGE('',*,*,#1433,.T.);
#664=ORIENTED_EDGE('',*,*,#1435,.T.);
#665=ORIENTED_EDGE('',*,*,#1456,.T.);
#666=ORIENTED_EDGE('',*,*,#1245,.F.);
#667=ORIENTED_EDGE('',*,*,#1464,.T.);
#668=ORIENTED_EDGE('',*,*,#1465,.F.);
#669=ORIENTED_EDGE('',*,*,#1466,.F.);
#670=ORIENTED_EDGE('',*,*,#1467,.T.);
#671=ORIENTED_EDGE('',*,*,#1457,.F.);
#672=ORIENTED_EDGE('',*,*,#1437,.T.);
#673=ORIENTED_EDGE('',*,*,#1197,.F.);
#674=ORIENTED_EDGE('',*,*,#1468,.T.);
#675=ORIENTED_EDGE('',*,*,#1469,.F.);
#676=ORIENTED_EDGE('',*,*,#1430,.T.);
#677=ORIENTED_EDGE('',*,*,#1323,.T.);
#678=ORIENTED_EDGE('',*,*,#1470,.F.);
#679=ORIENTED_EDGE('',*,*,#1367,.T.);
#680=ORIENTED_EDGE('',*,*,#1358,.F.);
#681=ORIENTED_EDGE('',*,*,#1429,.T.);
#682=ORIENTED_EDGE('',*,*,#1431,.T.);
#683=ORIENTED_EDGE('',*,*,#1469,.T.);
#684=ORIENTED_EDGE('',*,*,#1471,.T.);
#685=ORIENTED_EDGE('',*,*,#1472,.F.);
#686=ORIENTED_EDGE('',*,*,#1473,.T.);
#687=ORIENTED_EDGE('',*,*,#1474,.F.);
#688=ORIENTED_EDGE('',*,*,#1366,.T.);
#689=ORIENTED_EDGE('',*,*,#1475,.F.);
#690=ORIENTED_EDGE('',*,*,#1476,.T.);
#691=ORIENTED_EDGE('',*,*,#1477,.F.);
#692=ORIENTED_EDGE('',*,*,#1478,.T.);
#693=ORIENTED_EDGE('',*,*,#1479,.T.);
#694=ORIENTED_EDGE('',*,*,#1480,.F.);
#695=ORIENTED_EDGE('',*,*,#1466,.T.);
#696=ORIENTED_EDGE('',*,*,#1436,.F.);
#697=ORIENTED_EDGE('',*,*,#1434,.T.);
#698=ORIENTED_EDGE('',*,*,#1363,.F.);
#699=ORIENTED_EDGE('',*,*,#1481,.T.);
#700=ORIENTED_EDGE('',*,*,#1482,.T.);
#701=ORIENTED_EDGE('',*,*,#1483,.T.);
#702=ORIENTED_EDGE('',*,*,#1484,.T.);
#703=ORIENTED_EDGE('',*,*,#1189,.T.);
#704=ORIENTED_EDGE('',*,*,#1420,.T.);
#705=ORIENTED_EDGE('',*,*,#1465,.T.);
#706=ORIENTED_EDGE('',*,*,#1485,.T.);
#707=ORIENTED_EDGE('',*,*,#1175,.T.);
#708=ORIENTED_EDGE('',*,*,#1486,.F.);
#709=ORIENTED_EDGE('',*,*,#1335,.T.);
#710=ORIENTED_EDGE('',*,*,#1416,.F.);
#711=ORIENTED_EDGE('',*,*,#1241,.F.);
#712=ORIENTED_EDGE('',*,*,#1487,.T.);
#713=ORIENTED_EDGE('',*,*,#1488,.T.);
#714=ORIENTED_EDGE('',*,*,#1489,.T.);
#715=ORIENTED_EDGE('',*,*,#1490,.F.);
#716=ORIENTED_EDGE('',*,*,#1491,.F.);
#717=ORIENTED_EDGE('',*,*,#1242,.T.);
#718=ORIENTED_EDGE('',*,*,#1489,.F.);
#719=ORIENTED_EDGE('',*,*,#1492,.T.);
#720=ORIENTED_EDGE('',*,*,#1493,.T.);
#721=ORIENTED_EDGE('',*,*,#1243,.T.);
#722=ORIENTED_EDGE('',*,*,#1491,.T.);
#723=ORIENTED_EDGE('',*,*,#1494,.T.);
#724=ORIENTED_EDGE('',*,*,#1495,.F.);
#725=ORIENTED_EDGE('',*,*,#1485,.F.);
#726=ORIENTED_EDGE('',*,*,#1464,.F.);
#727=ORIENTED_EDGE('',*,*,#1244,.T.);
#728=ORIENTED_EDGE('',*,*,#1493,.F.);
#729=ORIENTED_EDGE('',*,*,#1496,.T.);
#730=ORIENTED_EDGE('',*,*,#1497,.T.);
#731=ORIENTED_EDGE('',*,*,#1481,.F.);
#732=ORIENTED_EDGE('',*,*,#1498,.F.);
#733=ORIENTED_EDGE('',*,*,#1488,.F.);
#734=ORIENTED_EDGE('',*,*,#1499,.T.);
#735=ORIENTED_EDGE('',*,*,#1496,.F.);
#736=ORIENTED_EDGE('',*,*,#1500,.T.);
#737=ORIENTED_EDGE('',*,*,#1500,.F.);
#738=ORIENTED_EDGE('',*,*,#1501,.T.);
#739=ORIENTED_EDGE('',*,*,#1494,.F.);
#740=ORIENTED_EDGE('',*,*,#1490,.T.);
#741=ORIENTED_EDGE('',*,*,#1501,.F.);
#742=ORIENTED_EDGE('',*,*,#1498,.T.);
#743=ORIENTED_EDGE('',*,*,#1495,.T.);
#744=ORIENTED_EDGE('',*,*,#1492,.F.);
#745=ORIENTED_EDGE('',*,*,#1502,.T.);
#746=ORIENTED_EDGE('',*,*,#1503,.T.);
#747=ORIENTED_EDGE('',*,*,#1315,.F.);
#748=ORIENTED_EDGE('',*,*,#1504,.F.);
#749=ORIENTED_EDGE('',*,*,#1505,.F.);
#750=ORIENTED_EDGE('',*,*,#1504,.T.);
#751=ORIENTED_EDGE('',*,*,#1506,.T.);
#752=ORIENTED_EDGE('',*,*,#1507,.F.);
#753=ORIENTED_EDGE('',*,*,#1508,.F.);
#754=ORIENTED_EDGE('',*,*,#1505,.T.);
#755=ORIENTED_EDGE('',*,*,#1509,.F.);
#756=ORIENTED_EDGE('',*,*,#1510,.T.);
#757=ORIENTED_EDGE('',*,*,#1511,.F.);
#758=ORIENTED_EDGE('',*,*,#1512,.T.);
#759=ORIENTED_EDGE('',*,*,#1502,.F.);
#760=ORIENTED_EDGE('',*,*,#1508,.T.);
#761=ORIENTED_EDGE('',*,*,#1513,.F.);
#762=ORIENTED_EDGE('',*,*,#1514,.T.);
#763=ORIENTED_EDGE('',*,*,#1512,.F.);
#764=ORIENTED_EDGE('',*,*,#1515,.T.);
#765=ORIENTED_EDGE('',*,*,#1514,.F.);
#766=ORIENTED_EDGE('',*,*,#1516,.T.);
#767=ORIENTED_EDGE('',*,*,#1517,.T.);
#768=ORIENTED_EDGE('',*,*,#1503,.F.);
#769=ORIENTED_EDGE('',*,*,#1518,.F.);
#770=ORIENTED_EDGE('',*,*,#1519,.T.);
#771=ORIENTED_EDGE('',*,*,#1520,.T.);
#772=ORIENTED_EDGE('',*,*,#1219,.F.);
#773=ORIENTED_EDGE('',*,*,#1521,.F.);
#774=ORIENTED_EDGE('',*,*,#1522,.F.);
#775=ORIENTED_EDGE('',*,*,#1518,.T.);
#776=ORIENTED_EDGE('',*,*,#1218,.T.);
#777=ORIENTED_EDGE('',*,*,#1523,.F.);
#778=ORIENTED_EDGE('',*,*,#1524,.T.);
#779=ORIENTED_EDGE('',*,*,#1521,.T.);
#780=ORIENTED_EDGE('',*,*,#1217,.T.);
#781=ORIENTED_EDGE('',*,*,#1520,.F.);
#782=ORIENTED_EDGE('',*,*,#1525,.F.);
#783=ORIENTED_EDGE('',*,*,#1523,.T.);
#784=ORIENTED_EDGE('',*,*,#1216,.T.);
#785=ORIENTED_EDGE('',*,*,#1215,.T.);
#786=ORIENTED_EDGE('',*,*,#1526,.F.);
#787=ORIENTED_EDGE('',*,*,#1527,.F.);
#788=ORIENTED_EDGE('',*,*,#1528,.T.);
#789=ORIENTED_EDGE('',*,*,#1529,.T.);
#790=ORIENTED_EDGE('',*,*,#1214,.F.);
#791=ORIENTED_EDGE('',*,*,#1530,.F.);
#792=ORIENTED_EDGE('',*,*,#1531,.F.);
#793=ORIENTED_EDGE('',*,*,#1527,.T.);
#794=ORIENTED_EDGE('',*,*,#1213,.T.);
#795=ORIENTED_EDGE('',*,*,#1532,.F.);
#796=ORIENTED_EDGE('',*,*,#1533,.T.);
#797=ORIENTED_EDGE('',*,*,#1530,.T.);
#798=ORIENTED_EDGE('',*,*,#1212,.T.);
#799=ORIENTED_EDGE('',*,*,#1529,.F.);
#800=ORIENTED_EDGE('',*,*,#1534,.F.);
#801=ORIENTED_EDGE('',*,*,#1532,.T.);
#802=ORIENTED_EDGE('',*,*,#1211,.T.);
#803=ORIENTED_EDGE('',*,*,#1299,.F.);
#804=ORIENTED_EDGE('',*,*,#1210,.F.);
#805=ORIENTED_EDGE('',*,*,#1336,.F.);
#806=ORIENTED_EDGE('',*,*,#1535,.F.);
#807=ORIENTED_EDGE('',*,*,#1337,.F.);
#808=ORIENTED_EDGE('',*,*,#1204,.F.);
#809=ORIENTED_EDGE('',*,*,#1302,.F.);
#810=ORIENTED_EDGE('',*,*,#1536,.F.);
#811=ORIENTED_EDGE('',*,*,#1537,.F.);
#812=ORIENTED_EDGE('',*,*,#1401,.F.);
#813=ORIENTED_EDGE('',*,*,#1538,.T.);
#814=ORIENTED_EDGE('',*,*,#1539,.T.);
#815=ORIENTED_EDGE('',*,*,#1406,.F.);
#816=ORIENTED_EDGE('',*,*,#1537,.T.);
#817=ORIENTED_EDGE('',*,*,#1540,.F.);
#818=ORIENTED_EDGE('',*,*,#1541,.T.);
#819=ORIENTED_EDGE('',*,*,#1368,.F.);
#820=ORIENTED_EDGE('',*,*,#1470,.T.);
#821=ORIENTED_EDGE('',*,*,#1322,.F.);
#822=ORIENTED_EDGE('',*,*,#1191,.F.);
#823=ORIENTED_EDGE('',*,*,#1193,.F.);
#824=ORIENTED_EDGE('',*,*,#1321,.F.);
#825=ORIENTED_EDGE('',*,*,#1474,.T.);
#826=ORIENTED_EDGE('',*,*,#1542,.F.);
#827=ORIENTED_EDGE('',*,*,#1543,.T.);
#828=ORIENTED_EDGE('',*,*,#1194,.T.);
#829=ORIENTED_EDGE('',*,*,#1542,.T.);
#830=ORIENTED_EDGE('',*,*,#1473,.F.);
#831=ORIENTED_EDGE('',*,*,#1195,.F.);
#832=ORIENTED_EDGE('',*,*,#1543,.F.);
#833=ORIENTED_EDGE('',*,*,#1472,.T.);
#834=ORIENTED_EDGE('',*,*,#1544,.F.);
#835=ORIENTED_EDGE('',*,*,#1468,.F.);
#836=ORIENTED_EDGE('',*,*,#1196,.F.);
#837=ORIENTED_EDGE('',*,*,#1544,.T.);
#838=ORIENTED_EDGE('',*,*,#1471,.F.);
#839=ORIENTED_EDGE('',*,*,#1458,.F.);
#840=ORIENTED_EDGE('',*,*,#1467,.F.);
#841=ORIENTED_EDGE('',*,*,#1480,.T.);
#842=ORIENTED_EDGE('',*,*,#1545,.T.);
#843=ORIENTED_EDGE('',*,*,#1545,.F.);
#844=ORIENTED_EDGE('',*,*,#1479,.F.);
#845=ORIENTED_EDGE('',*,*,#1546,.F.);
#846=ORIENTED_EDGE('',*,*,#1459,.F.);
#847=ORIENTED_EDGE('',*,*,#1547,.T.);
#848=ORIENTED_EDGE('',*,*,#1460,.F.);
#849=ORIENTED_EDGE('',*,*,#1546,.T.);
#850=ORIENTED_EDGE('',*,*,#1478,.F.);
#851=ORIENTED_EDGE('',*,*,#1548,.F.);
#852=ORIENTED_EDGE('',*,*,#1461,.F.);
#853=ORIENTED_EDGE('',*,*,#1547,.F.);
#854=ORIENTED_EDGE('',*,*,#1477,.T.);
#855=ORIENTED_EDGE('',*,*,#1548,.T.);
#856=ORIENTED_EDGE('',*,*,#1476,.F.);
#857=ORIENTED_EDGE('',*,*,#1549,.T.);
#858=ORIENTED_EDGE('',*,*,#1462,.F.);
#859=ORIENTED_EDGE('',*,*,#1365,.F.);
#860=ORIENTED_EDGE('',*,*,#1463,.F.);
#861=ORIENTED_EDGE('',*,*,#1549,.F.);
#862=ORIENTED_EDGE('',*,*,#1475,.T.);
#863=ORIENTED_EDGE('',*,*,#1484,.F.);
#864=ORIENTED_EDGE('',*,*,#1550,.F.);
#865=ORIENTED_EDGE('',*,*,#1312,.F.);
#866=ORIENTED_EDGE('',*,*,#1190,.F.);
#867=ORIENTED_EDGE('',*,*,#1318,.T.);
#868=ORIENTED_EDGE('',*,*,#1180,.F.);
#869=ORIENTED_EDGE('',*,*,#1369,.T.);
#870=ORIENTED_EDGE('',*,*,#1536,.T.);
#871=ORIENTED_EDGE('',*,*,#1317,.T.);
#872=ORIENTED_EDGE('',*,*,#1535,.T.);
#873=ORIENTED_EDGE('',*,*,#1486,.T.);
#874=ORIENTED_EDGE('',*,*,#1174,.F.);
#875=ORIENTED_EDGE('',*,*,#1551,.F.);
#876=ORIENTED_EDGE('',*,*,#1552,.T.);
#877=ORIENTED_EDGE('',*,*,#1553,.T.);
#878=ORIENTED_EDGE('',*,*,#1497,.F.);
#879=ORIENTED_EDGE('',*,*,#1554,.F.);
#880=ORIENTED_EDGE('',*,*,#1551,.T.);
#881=ORIENTED_EDGE('',*,*,#1499,.F.);
#882=ORIENTED_EDGE('',*,*,#1555,.T.);
#883=ORIENTED_EDGE('',*,*,#1555,.F.);
#884=ORIENTED_EDGE('',*,*,#1487,.F.);
#885=ORIENTED_EDGE('',*,*,#1240,.F.);
#886=ORIENTED_EDGE('',*,*,#1556,.F.);
#887=ORIENTED_EDGE('',*,*,#1239,.F.);
#888=ORIENTED_EDGE('',*,*,#1557,.T.);
#889=ORIENTED_EDGE('',*,*,#1552,.F.);
#890=ORIENTED_EDGE('',*,*,#1554,.T.);
#891=ORIENTED_EDGE('',*,*,#1556,.T.);
#892=ORIENTED_EDGE('',*,*,#1553,.F.);
#893=ORIENTED_EDGE('',*,*,#1557,.F.);
#894=ORIENTED_EDGE('',*,*,#1238,.F.);
#895=ORIENTED_EDGE('',*,*,#1558,.T.);
#896=ORIENTED_EDGE('',*,*,#1482,.F.);
#897=ORIENTED_EDGE('',*,*,#1559,.T.);
#898=ORIENTED_EDGE('',*,*,#1483,.F.);
#899=ORIENTED_EDGE('',*,*,#1558,.F.);
#900=ORIENTED_EDGE('',*,*,#1237,.F.);
#901=ORIENTED_EDGE('',*,*,#1559,.F.);
#902=ORIENTED_EDGE('',*,*,#1236,.F.);
#903=ORIENTED_EDGE('',*,*,#1560,.F.);
#904=ORIENTED_EDGE('',*,*,#1550,.T.);
#905=ORIENTED_EDGE('',*,*,#1560,.T.);
#906=ORIENTED_EDGE('',*,*,#1235,.F.);
#907=ORIENTED_EDGE('',*,*,#1561,.T.);
#908=ORIENTED_EDGE('',*,*,#1313,.F.);
#909=ORIENTED_EDGE('',*,*,#1506,.F.);
#910=ORIENTED_EDGE('',*,*,#1314,.F.);
#911=ORIENTED_EDGE('',*,*,#1561,.F.);
#912=ORIENTED_EDGE('',*,*,#1234,.F.);
#913=ORIENTED_EDGE('',*,*,#1562,.F.);
#914=ORIENTED_EDGE('',*,*,#1507,.T.);
#915=ORIENTED_EDGE('',*,*,#1562,.T.);
#916=ORIENTED_EDGE('',*,*,#1233,.T.);
#917=ORIENTED_EDGE('',*,*,#1563,.T.);
#918=ORIENTED_EDGE('',*,*,#1509,.T.);
#919=ORIENTED_EDGE('',*,*,#1510,.F.);
#920=ORIENTED_EDGE('',*,*,#1563,.F.);
#921=ORIENTED_EDGE('',*,*,#1232,.T.);
#922=ORIENTED_EDGE('',*,*,#1564,.F.);
#923=ORIENTED_EDGE('',*,*,#1231,.F.);
#924=ORIENTED_EDGE('',*,*,#1565,.T.);
#925=ORIENTED_EDGE('',*,*,#1511,.T.);
#926=ORIENTED_EDGE('',*,*,#1564,.T.);
#927=ORIENTED_EDGE('',*,*,#1515,.F.);
#928=ORIENTED_EDGE('',*,*,#1565,.F.);
#929=ORIENTED_EDGE('',*,*,#1230,.F.);
#930=ORIENTED_EDGE('',*,*,#1566,.F.);
#931=ORIENTED_EDGE('',*,*,#1229,.T.);
#932=ORIENTED_EDGE('',*,*,#1567,.T.);
#933=ORIENTED_EDGE('',*,*,#1516,.F.);
#934=ORIENTED_EDGE('',*,*,#1513,.T.);
#935=ORIENTED_EDGE('',*,*,#1566,.T.);
#936=ORIENTED_EDGE('',*,*,#1517,.F.);
#937=ORIENTED_EDGE('',*,*,#1567,.F.);
#938=ORIENTED_EDGE('',*,*,#1228,.T.);
#939=ORIENTED_EDGE('',*,*,#1319,.T.);
#940=ORIENTED_EDGE('',*,*,#1316,.F.);
#941=ORIENTED_EDGE('',*,*,#1327,.T.);
#942=ORIENTED_EDGE('',*,*,#1280,.F.);
#943=ORIENTED_EDGE('',*,*,#1568,.F.);
#944=ORIENTED_EDGE('',*,*,#1370,.F.);
#945=ORIENTED_EDGE('',*,*,#1538,.F.);
#946=ORIENTED_EDGE('',*,*,#1371,.F.);
#947=ORIENTED_EDGE('',*,*,#1568,.T.);
#948=ORIENTED_EDGE('',*,*,#1279,.T.);
#949=ORIENTED_EDGE('',*,*,#1569,.F.);
#950=ORIENTED_EDGE('',*,*,#1539,.F.);
#951=ORIENTED_EDGE('',*,*,#1569,.T.);
#952=ORIENTED_EDGE('',*,*,#1278,.F.);
#953=ORIENTED_EDGE('',*,*,#1570,.T.);
#954=ORIENTED_EDGE('',*,*,#1540,.T.);
#955=ORIENTED_EDGE('',*,*,#1277,.T.);
#956=ORIENTED_EDGE('',*,*,#1396,.T.);
#957=ORIENTED_EDGE('',*,*,#1541,.F.);
#958=ORIENTED_EDGE('',*,*,#1570,.F.);
#959=ORIENTED_EDGE('',*,*,#1571,.F.);
#960=ORIENTED_EDGE('',*,*,#1525,.T.);
#961=ORIENTED_EDGE('',*,*,#1572,.F.);
#962=ORIENTED_EDGE('',*,*,#1293,.F.);
#963=ORIENTED_EDGE('',*,*,#1571,.T.);
#964=ORIENTED_EDGE('',*,*,#1292,.F.);
#965=ORIENTED_EDGE('',*,*,#1573,.F.);
#966=ORIENTED_EDGE('',*,*,#1524,.F.);
#967=ORIENTED_EDGE('',*,*,#1574,.T.);
#968=ORIENTED_EDGE('',*,*,#1522,.T.);
#969=ORIENTED_EDGE('',*,*,#1573,.T.);
#970=ORIENTED_EDGE('',*,*,#1291,.F.);
#971=ORIENTED_EDGE('',*,*,#1572,.T.);
#972=ORIENTED_EDGE('',*,*,#1519,.F.);
#973=ORIENTED_EDGE('',*,*,#1574,.F.);
#974=ORIENTED_EDGE('',*,*,#1290,.F.);
#975=ORIENTED_EDGE('',*,*,#1575,.F.);
#976=ORIENTED_EDGE('',*,*,#1534,.T.);
#977=ORIENTED_EDGE('',*,*,#1576,.F.);
#978=ORIENTED_EDGE('',*,*,#1297,.F.);
#979=ORIENTED_EDGE('',*,*,#1575,.T.);
#980=ORIENTED_EDGE('',*,*,#1296,.F.);
#981=ORIENTED_EDGE('',*,*,#1577,.F.);
#982=ORIENTED_EDGE('',*,*,#1533,.F.);
#983=ORIENTED_EDGE('',*,*,#1578,.T.);
#984=ORIENTED_EDGE('',*,*,#1531,.T.);
#985=ORIENTED_EDGE('',*,*,#1577,.T.);
#986=ORIENTED_EDGE('',*,*,#1295,.F.);
#987=ORIENTED_EDGE('',*,*,#1576,.T.);
#988=ORIENTED_EDGE('',*,*,#1528,.F.);
#989=ORIENTED_EDGE('',*,*,#1578,.F.);
#990=ORIENTED_EDGE('',*,*,#1294,.F.);
#991=ORIENTED_EDGE('',*,*,#1298,.F.);
#992=ORIENTED_EDGE('',*,*,#1526,.T.);
#993=ORIENTED_EDGE('',*,*,#1579,.F.);
#994=ORIENTED_EDGE('',*,*,#1580,.T.);
#995=ORIENTED_EDGE('',*,*,#1581,.F.);
#996=ORIENTED_EDGE('',*,*,#1582,.T.);
#997=ORIENTED_EDGE('',*,*,#1583,.F.);
#998=ORIENTED_EDGE('',*,*,#1584,.T.);
#999=ORIENTED_EDGE('',*,*,#1585,.F.);
#1000=ORIENTED_EDGE('',*,*,#1586,.T.);
#1001=ORIENTED_EDGE('',*,*,#1587,.F.);
#1002=ORIENTED_EDGE('',*,*,#1579,.T.);
#1003=ORIENTED_EDGE('',*,*,#1588,.F.);
#1004=ORIENTED_EDGE('',*,*,#1585,.T.);
#1005=ORIENTED_EDGE('',*,*,#1580,.F.);
#1006=ORIENTED_EDGE('',*,*,#1589,.T.);
#1007=ORIENTED_EDGE('',*,*,#1590,.T.);
#1008=ORIENTED_EDGE('',*,*,#1591,.F.);
#1009=ORIENTED_EDGE('',*,*,#1584,.F.);
#1010=ORIENTED_EDGE('',*,*,#1592,.T.);
#1011=ORIENTED_EDGE('',*,*,#1593,.T.);
#1012=ORIENTED_EDGE('',*,*,#1594,.F.);
#1013=ORIENTED_EDGE('',*,*,#1591,.T.);
#1014=ORIENTED_EDGE('',*,*,#1595,.T.);
#1015=ORIENTED_EDGE('',*,*,#1288,.F.);
#1016=ORIENTED_EDGE('',*,*,#1596,.T.);
#1017=ORIENTED_EDGE('',*,*,#1581,.T.);
#1018=ORIENTED_EDGE('',*,*,#1582,.F.);
#1019=ORIENTED_EDGE('',*,*,#1596,.F.);
#1020=ORIENTED_EDGE('',*,*,#1287,.T.);
#1021=ORIENTED_EDGE('',*,*,#1597,.F.);
#1022=ORIENTED_EDGE('',*,*,#1597,.T.);
#1023=ORIENTED_EDGE('',*,*,#1286,.F.);
#1024=ORIENTED_EDGE('',*,*,#1598,.T.);
#1025=ORIENTED_EDGE('',*,*,#1588,.T.);
#1026=ORIENTED_EDGE('',*,*,#1586,.F.);
#1027=ORIENTED_EDGE('',*,*,#1598,.F.);
#1028=ORIENTED_EDGE('',*,*,#1285,.F.);
#1029=ORIENTED_EDGE('',*,*,#1599,.F.);
#1030=ORIENTED_EDGE('',*,*,#1284,.F.);
#1031=ORIENTED_EDGE('',*,*,#1600,.T.);
#1032=ORIENTED_EDGE('',*,*,#1592,.F.);
#1033=ORIENTED_EDGE('',*,*,#1583,.T.);
#1034=ORIENTED_EDGE('',*,*,#1599,.T.);
#1035=ORIENTED_EDGE('',*,*,#1308,.F.);
#1036=ORIENTED_EDGE('',*,*,#1589,.F.);
#1037=ORIENTED_EDGE('',*,*,#1587,.T.);
#1038=ORIENTED_EDGE('',*,*,#1594,.T.);
#1039=ORIENTED_EDGE('',*,*,#1590,.F.);
#1040=ORIENTED_EDGE('',*,*,#1307,.F.);
#1041=ORIENTED_EDGE('',*,*,#1171,.F.);
#1042=ORIENTED_EDGE('',*,*,#1289,.F.);
#1043=ORIENTED_EDGE('',*,*,#1595,.F.);
#1044=ORIENTED_EDGE('',*,*,#1593,.F.);
#1045=ORIENTED_EDGE('',*,*,#1600,.F.);
#1046=ORIENTED_EDGE('',*,*,#1283,.T.);
#1047=ORIENTED_EDGE('',*,*,#1601,.T.);
#1048=ORIENTED_EDGE('',*,*,#1309,.F.);
#1049=ORIENTED_EDGE('',*,*,#1326,.F.);
#1050=ORIENTED_EDGE('',*,*,#1310,.F.);
#1051=ORIENTED_EDGE('',*,*,#1601,.F.);
#1052=ORIENTED_EDGE('',*,*,#1282,.F.);
#1053=ORIENTED_EDGE('',*,*,#1602,.T.);
#1054=ORIENTED_EDGE('',*,*,#1603,.F.);
#1055=ORIENTED_EDGE('',*,*,#1604,.T.);
#1056=ORIENTED_EDGE('',*,*,#1605,.F.);
#1057=ORIENTED_EDGE('',*,*,#1606,.T.);
#1058=ORIENTED_EDGE('',*,*,#1607,.F.);
#1059=ORIENTED_EDGE('',*,*,#1608,.T.);
#1060=ORIENTED_EDGE('',*,*,#1609,.F.);
#1061=ORIENTED_EDGE('',*,*,#1609,.T.);
#1062=ORIENTED_EDGE('',*,*,#1610,.T.);
#1063=ORIENTED_EDGE('',*,*,#1611,.F.);
#1064=ORIENTED_EDGE('',*,*,#1612,.F.);
#1065=ORIENTED_EDGE('',*,*,#1613,.T.);
#1066=ORIENTED_EDGE('',*,*,#1608,.F.);
#1067=ORIENTED_EDGE('',*,*,#1614,.T.);
#1068=ORIENTED_EDGE('',*,*,#1602,.F.);
#1069=ORIENTED_EDGE('',*,*,#1605,.T.);
#1070=ORIENTED_EDGE('',*,*,#1615,.T.);
#1071=ORIENTED_EDGE('',*,*,#1616,.F.);
#1072=ORIENTED_EDGE('',*,*,#1617,.F.);
#1073=ORIENTED_EDGE('',*,*,#1615,.F.);
#1074=ORIENTED_EDGE('',*,*,#1604,.F.);
#1075=ORIENTED_EDGE('',*,*,#1618,.F.);
#1076=ORIENTED_EDGE('',*,*,#1257,.T.);
#1077=ORIENTED_EDGE('',*,*,#1619,.F.);
#1078=ORIENTED_EDGE('',*,*,#1603,.T.);
#1079=ORIENTED_EDGE('',*,*,#1620,.T.);
#1080=ORIENTED_EDGE('',*,*,#1258,.F.);
#1081=ORIENTED_EDGE('',*,*,#1618,.T.);
#1082=ORIENTED_EDGE('',*,*,#1620,.F.);
#1083=ORIENTED_EDGE('',*,*,#1614,.F.);
#1084=ORIENTED_EDGE('',*,*,#1621,.F.);
#1085=ORIENTED_EDGE('',*,*,#1259,.T.);
#1086=ORIENTED_EDGE('',*,*,#1607,.T.);
#1087=ORIENTED_EDGE('',*,*,#1622,.T.);
#1088=ORIENTED_EDGE('',*,*,#1260,.T.);
#1089=ORIENTED_EDGE('',*,*,#1621,.T.);
#1090=ORIENTED_EDGE('',*,*,#1261,.T.);
#1091=ORIENTED_EDGE('',*,*,#1622,.F.);
#1092=ORIENTED_EDGE('',*,*,#1606,.F.);
#1093=ORIENTED_EDGE('',*,*,#1612,.T.);
#1094=ORIENTED_EDGE('',*,*,#1623,.F.);
#1095=ORIENTED_EDGE('',*,*,#1611,.T.);
#1096=ORIENTED_EDGE('',*,*,#1421,.T.);
#1097=ORIENTED_EDGE('',*,*,#1165,.F.);
#1098=ORIENTED_EDGE('',*,*,#1262,.F.);
#1099=ORIENTED_EDGE('',*,*,#1623,.T.);
#1100=ORIENTED_EDGE('',*,*,#1422,.T.);
#1101=ORIENTED_EDGE('',*,*,#1610,.F.);
#1102=ORIENTED_EDGE('',*,*,#1613,.F.);
#1103=ORIENTED_EDGE('',*,*,#1617,.T.);
#1104=ORIENTED_EDGE('',*,*,#1616,.T.);
#1105=ORIENTED_EDGE('',*,*,#1619,.T.);
#1106=ORIENTED_EDGE('',*,*,#1256,.T.);
#1107=ORIENTED_EDGE('',*,*,#1454,.T.);
#1108=ORIENTED_EDGE('',*,*,#1423,.T.);
#1109=ORIENTED_EDGE('',*,*,#1624,.F.);
#1110=ORIENTED_EDGE('',*,*,#1625,.T.);
#1111=ORIENTED_EDGE('',*,*,#1626,.F.);
#1112=ORIENTED_EDGE('',*,*,#1627,.T.);
#1113=ORIENTED_EDGE('',*,*,#1628,.F.);
#1114=ORIENTED_EDGE('',*,*,#1629,.T.);
#1115=ORIENTED_EDGE('',*,*,#1630,.F.);
#1116=ORIENTED_EDGE('',*,*,#1631,.T.);
#1117=ORIENTED_EDGE('',*,*,#1629,.F.);
#1118=ORIENTED_EDGE('',*,*,#1632,.T.);
#1119=ORIENTED_EDGE('',*,*,#1633,.T.);
#1120=ORIENTED_EDGE('',*,*,#1634,.F.);
#1121=ORIENTED_EDGE('',*,*,#1635,.F.);
#1122=ORIENTED_EDGE('',*,*,#1624,.T.);
#1123=ORIENTED_EDGE('',*,*,#1636,.F.);
#1124=ORIENTED_EDGE('',*,*,#1630,.T.);
#1125=ORIENTED_EDGE('',*,*,#1625,.F.);
#1126=ORIENTED_EDGE('',*,*,#1637,.T.);
#1127=ORIENTED_EDGE('',*,*,#1638,.T.);
#1128=ORIENTED_EDGE('',*,*,#1639,.F.);
#1129=ORIENTED_EDGE('',*,*,#1639,.T.);
#1130=ORIENTED_EDGE('',*,*,#1640,.T.);
#1131=ORIENTED_EDGE('',*,*,#1225,.F.);
#1132=ORIENTED_EDGE('',*,*,#1641,.T.);
#1133=ORIENTED_EDGE('',*,*,#1626,.T.);
#1134=ORIENTED_EDGE('',*,*,#1627,.F.);
#1135=ORIENTED_EDGE('',*,*,#1641,.F.);
#1136=ORIENTED_EDGE('',*,*,#1224,.T.);
#1137=ORIENTED_EDGE('',*,*,#1642,.F.);
#1138=ORIENTED_EDGE('',*,*,#1642,.T.);
#1139=ORIENTED_EDGE('',*,*,#1223,.F.);
#1140=ORIENTED_EDGE('',*,*,#1643,.T.);
#1141=ORIENTED_EDGE('',*,*,#1636,.T.);
#1142=ORIENTED_EDGE('',*,*,#1631,.F.);
#1143=ORIENTED_EDGE('',*,*,#1643,.F.);
#1144=ORIENTED_EDGE('',*,*,#1222,.F.);
#1145=ORIENTED_EDGE('',*,*,#1644,.F.);
#1146=ORIENTED_EDGE('',*,*,#1221,.F.);
#1147=ORIENTED_EDGE('',*,*,#1645,.T.);
#1148=ORIENTED_EDGE('',*,*,#1632,.F.);
#1149=ORIENTED_EDGE('',*,*,#1628,.T.);
#1150=ORIENTED_EDGE('',*,*,#1644,.T.);
#1151=ORIENTED_EDGE('',*,*,#1633,.F.);
#1152=ORIENTED_EDGE('',*,*,#1645,.F.);
#1153=ORIENTED_EDGE('',*,*,#1220,.T.);
#1154=ORIENTED_EDGE('',*,*,#1169,.T.);
#1155=ORIENTED_EDGE('',*,*,#1306,.F.);
#1156=ORIENTED_EDGE('',*,*,#1305,.F.);
#1157=ORIENTED_EDGE('',*,*,#1637,.F.);
#1158=ORIENTED_EDGE('',*,*,#1635,.T.);
#1159=ORIENTED_EDGE('',*,*,#1634,.T.);
#1160=ORIENTED_EDGE('',*,*,#1638,.F.);
#1161=ORIENTED_EDGE('',*,*,#1304,.F.);
#1162=ORIENTED_EDGE('',*,*,#1320,.F.);
#1163=ORIENTED_EDGE('',*,*,#1226,.F.);
#1164=ORIENTED_EDGE('',*,*,#1640,.F.);
#1165=EDGE_CURVE('',#1646,#1647,#1945,.T.);
#1166=EDGE_CURVE('',#1648,#1647,#1946,.T.);
#1167=EDGE_CURVE('',#1649,#1648,#1947,.T.);
#1168=EDGE_CURVE('',#1646,#1649,#1948,.T.);
#1169=EDGE_CURVE('',#1650,#1651,#1949,.T.);
#1170=EDGE_CURVE('',#1652,#1650,#1950,.T.);
#1171=EDGE_CURVE('',#1652,#1653,#1951,.T.);
#1172=EDGE_CURVE('',#1651,#1653,#1952,.T.);
#1173=EDGE_CURVE('',#1654,#1655,#1953,.T.);
#1174=EDGE_CURVE('',#1655,#1656,#121,.T.);
#1175=EDGE_CURVE('',#1657,#1656,#1954,.T.);
#1176=EDGE_CURVE('',#1657,#1658,#122,.T.);
#1177=EDGE_CURVE('',#1659,#1658,#1955,.T.);
#1178=EDGE_CURVE('',#1659,#1660,#123,.T.);
#1179=EDGE_CURVE('',#1660,#1661,#1956,.T.);
#1180=EDGE_CURVE('',#1661,#1662,#124,.F.);
#1181=EDGE_CURVE('',#1662,#1654,#1957,.T.);
#1182=EDGE_CURVE('',#1663,#1664,#1958,.T.);
#1183=EDGE_CURVE('',#1664,#1665,#1959,.T.);
#1184=EDGE_CURVE('',#1665,#1666,#125,.T.);
#1185=EDGE_CURVE('',#1666,#1667,#1960,.T.);
#1186=EDGE_CURVE('',#1667,#1668,#126,.T.);
#1187=EDGE_CURVE('',#1669,#1668,#1961,.T.);
#1188=EDGE_CURVE('',#1669,#1670,#127,.T.);
#1189=EDGE_CURVE('',#1671,#1670,#1962,.T.);
#1190=EDGE_CURVE('',#1671,#1663,#128,.T.);
#1191=EDGE_CURVE('',#1672,#1673,#129,.T.);
#1192=EDGE_CURVE('',#1673,#1674,#1963,.T.);
#1193=EDGE_CURVE('',#1674,#1675,#130,.T.);
#1194=EDGE_CURVE('',#1676,#1675,#1964,.T.);
#1195=EDGE_CURVE('',#1676,#1677,#131,.T.);
#1196=EDGE_CURVE('',#1677,#1678,#132,.T.);
#1197=EDGE_CURVE('',#1678,#1679,#1965,.T.);
#1198=EDGE_CURVE('',#1679,#1680,#133,.T.);
#1199=EDGE_CURVE('',#1680,#1681,#1966,.T.);
#1200=EDGE_CURVE('',#1681,#1682,#134,.T.);
#1201=EDGE_CURVE('',#1682,#1672,#1967,.T.);
#1202=EDGE_CURVE('',#1683,#1684,#1968,.T.);
#1203=EDGE_CURVE('',#1684,#1685,#1969,.T.);
#1204=EDGE_CURVE('',#1685,#1686,#135,.T.);
#1205=EDGE_CURVE('',#1686,#1687,#1970,.T.);
#1206=EDGE_CURVE('',#1687,#1688,#136,.T.);
#1207=EDGE_CURVE('',#1688,#1689,#1971,.T.);
#1208=EDGE_CURVE('',#1689,#1690,#137,.T.);
#1209=EDGE_CURVE('',#1690,#1691,#1972,.T.);
#1210=EDGE_CURVE('',#1691,#1683,#138,.T.);
#1211=EDGE_CURVE('',#1692,#1693,#74,.T.);
#1212=EDGE_CURVE('',#1694,#1692,#1973,.T.);
#1213=EDGE_CURVE('',#1695,#1694,#75,.T.);
#1214=EDGE_CURVE('',#1695,#1693,#1974,.T.);
#1215=EDGE_CURVE('',#1696,#1696,#76,.T.);
#1216=EDGE_CURVE('',#1697,#1698,#77,.T.);
#1217=EDGE_CURVE('',#1699,#1697,#1975,.T.);
#1218=EDGE_CURVE('',#1700,#1699,#78,.T.);
#1219=EDGE_CURVE('',#1700,#1698,#1976,.T.);
#1220=EDGE_CURVE('',#1701,#1650,#1977,.T.);
#1221=EDGE_CURVE('',#1701,#1702,#1978,.T.);
#1222=EDGE_CURVE('',#1702,#1703,#1979,.T.);
#1223=EDGE_CURVE('',#1703,#1704,#1980,.T.);
#1224=EDGE_CURVE('',#1705,#1704,#1981,.T.);
#1225=EDGE_CURVE('',#1705,#1706,#1982,.T.);
#1226=EDGE_CURVE('',#1706,#1707,#1983,.T.);
#1227=EDGE_CURVE('',#1707,#1708,#1984,.T.);
#1228=EDGE_CURVE('',#1709,#1708,#1985,.T.);
#1229=EDGE_CURVE('',#1710,#1709,#1986,.T.);
#1230=EDGE_CURVE('',#1710,#1711,#1987,.T.);
#1231=EDGE_CURVE('',#1711,#1712,#1988,.T.);
#1232=EDGE_CURVE('',#1713,#1712,#1989,.T.);
#1233=EDGE_CURVE('',#1714,#1713,#1990,.T.);
#1234=EDGE_CURVE('',#1714,#1715,#1991,.T.);
#1235=EDGE_CURVE('',#1715,#1716,#1992,.T.);
#1236=EDGE_CURVE('',#1716,#1717,#139,.T.);
#1237=EDGE_CURVE('',#1717,#1718,#1993,.T.);
#1238=EDGE_CURVE('',#1718,#1719,#1994,.T.);
#1239=EDGE_CURVE('',#1719,#1720,#1995,.T.);
#1240=EDGE_CURVE('',#1720,#1721,#1996,.T.);
#1241=EDGE_CURVE('',#1721,#1722,#1997,.T.);
#1242=EDGE_CURVE('',#1723,#1722,#1998,.T.);
#1243=EDGE_CURVE('',#1724,#1723,#1999,.T.);
#1244=EDGE_CURVE('',#1725,#1724,#2000,.T.);
#1245=EDGE_CURVE('',#1725,#1726,#2001,.T.);
#1246=EDGE_CURVE('',#1726,#1727,#140,.T.);
#1247=EDGE_CURVE('',#1727,#1728,#2002,.T.);
#1248=EDGE_CURVE('',#1729,#1728,#2003,.T.);
#1249=EDGE_CURVE('',#1730,#1729,#2004,.T.);
#1250=EDGE_CURVE('',#1730,#1731,#2005,.T.);
#1251=EDGE_CURVE('',#1731,#1732,#2006,.T.);
#1252=EDGE_CURVE('',#1732,#1733,#2007,.T.);
#1253=EDGE_CURVE('',#1733,#1734,#2008,.T.);
#1254=EDGE_CURVE('',#1735,#1734,#2009,.T.);
#1255=EDGE_CURVE('',#1735,#1736,#2010,.T.);
#1256=EDGE_CURVE('',#1737,#1736,#2011,.T.);
#1257=EDGE_CURVE('',#1738,#1737,#2012,.T.);
#1258=EDGE_CURVE('',#1738,#1739,#2013,.T.);
#1259=EDGE_CURVE('',#1740,#1739,#2014,.T.);
#1260=EDGE_CURVE('',#1741,#1740,#2015,.T.);
#1261=EDGE_CURVE('',#1742,#1741,#2016,.T.);
#1262=EDGE_CURVE('',#1742,#1646,#2017,.T.);
#1263=EDGE_CURVE('',#1649,#1743,#2018,.T.);
#1264=EDGE_CURVE('',#1744,#1743,#2019,.T.);
#1265=EDGE_CURVE('',#1745,#1744,#2020,.T.);
#1266=EDGE_CURVE('',#1745,#1746,#2021,.T.);
#1267=EDGE_CURVE('',#1747,#1746,#2022,.T.);
#1268=EDGE_CURVE('',#1747,#1748,#2023,.T.);
#1269=EDGE_CURVE('',#1748,#1749,#2024,.T.);
#1270=EDGE_CURVE('',#1749,#1750,#2025,.T.);
#1271=EDGE_CURVE('',#1750,#1751,#141,.T.);
#1272=EDGE_CURVE('',#1751,#1752,#2026,.T.);
#1273=EDGE_CURVE('',#1752,#1753,#2027,.T.);
#1274=EDGE_CURVE('',#1754,#1753,#2028,.T.);
#1275=EDGE_CURVE('',#1754,#1755,#2029,.T.);
#1276=EDGE_CURVE('',#1755,#1756,#2030,.T.);
#1277=EDGE_CURVE('',#1757,#1756,#2031,.T.);
#1278=EDGE_CURVE('',#1757,#1758,#2032,.T.);
#1279=EDGE_CURVE('',#1759,#1758,#2033,.T.);
#1280=EDGE_CURVE('',#1759,#1760,#2034,.T.);
#1281=EDGE_CURVE('',#1760,#1761,#142,.T.);
#1282=EDGE_CURVE('',#1761,#1762,#2035,.T.);
#1283=EDGE_CURVE('',#1763,#1762,#2036,.T.);
#1284=EDGE_CURVE('',#1763,#1764,#2037,.T.);
#1285=EDGE_CURVE('',#1764,#1765,#2038,.T.);
#1286=EDGE_CURVE('',#1765,#1766,#2039,.T.);
#1287=EDGE_CURVE('',#1767,#1766,#2040,.T.);
#1288=EDGE_CURVE('',#1767,#1768,#2041,.T.);
#1289=EDGE_CURVE('',#1768,#1652,#2042,.T.);
#1290=EDGE_CURVE('',#1769,#1770,#2043,.T.);
#1291=EDGE_CURVE('',#1770,#1771,#79,.T.);
#1292=EDGE_CURVE('',#1771,#1772,#2044,.T.);
#1293=EDGE_CURVE('',#1772,#1769,#80,.T.);
#1294=EDGE_CURVE('',#1773,#1774,#2045,.T.);
#1295=EDGE_CURVE('',#1774,#1775,#81,.T.);
#1296=EDGE_CURVE('',#1775,#1776,#2046,.T.);
#1297=EDGE_CURVE('',#1776,#1773,#82,.T.);
#1298=EDGE_CURVE('',#1777,#1777,#83,.T.);
#1299=EDGE_CURVE('',#1683,#1778,#2047,.T.);
#1300=EDGE_CURVE('',#1779,#1778,#2048,.T.);
#1301=EDGE_CURVE('',#1780,#1779,#2049,.T.);
#1302=EDGE_CURVE('',#1780,#1685,#143,.F.);
#1303=EDGE_CURVE('',#1781,#1782,#2050,.T.);
#1304=EDGE_CURVE('',#1782,#1783,#2051,.T.);
#1305=EDGE_CURVE('',#1783,#1784,#2052,.T.);
#1306=EDGE_CURVE('',#1784,#1651,#2053,.T.);
#1307=EDGE_CURVE('',#1653,#1785,#2054,.T.);
#1308=EDGE_CURVE('',#1785,#1786,#2055,.T.);
#1309=EDGE_CURVE('',#1786,#1787,#2056,.T.);
#1310=EDGE_CURVE('',#1787,#1788,#2057,.T.);
#1311=EDGE_CURVE('',#1665,#1788,#2058,.F.);
#1312=EDGE_CURVE('',#1663,#1789,#2059,.T.);
#1313=EDGE_CURVE('',#1789,#1790,#2060,.T.);
#1314=EDGE_CURVE('',#1790,#1791,#2061,.T.);
#1315=EDGE_CURVE('',#1791,#1792,#2062,.T.);
#1316=EDGE_CURVE('',#1792,#1781,#2063,.T.);
#1317=EDGE_CURVE('',#1655,#1778,#2064,.T.);
#1318=EDGE_CURVE('',#1780,#1662,#2065,.T.);
#1319=EDGE_CURVE('',#1708,#1781,#2066,.T.);
#1320=EDGE_CURVE('',#1707,#1782,#2067,.T.);
#1321=EDGE_CURVE('',#1793,#1674,#2068,.T.);
#1322=EDGE_CURVE('',#1673,#1794,#2069,.T.);
#1323=EDGE_CURVE('',#1793,#1794,#2070,.T.);
#1324=EDGE_CURVE('',#1666,#1795,#2071,.T.);
#1325=EDGE_CURVE('',#1795,#1788,#144,.T.);
#1326=EDGE_CURVE('',#1788,#1761,#145,.F.);
#1327=EDGE_CURVE('',#1795,#1760,#2072,.T.);
#1328=EDGE_CURVE('',#1796,#1689,#2073,.T.);
#1329=EDGE_CURVE('',#1688,#1797,#2074,.T.);
#1330=EDGE_CURVE('',#1796,#1797,#2075,.T.);
#1331=EDGE_CURVE('',#1690,#1798,#2076,.T.);
#1332=EDGE_CURVE('',#1798,#1796,#146,.T.);
#1333=EDGE_CURVE('',#1799,#1687,#2077,.T.);
#1334=EDGE_CURVE('',#1797,#1799,#147,.T.);
#1335=EDGE_CURVE('',#1800,#1798,#2078,.T.);
#1336=EDGE_CURVE('',#1800,#1691,#2079,.T.);
#1337=EDGE_CURVE('',#1686,#1801,#2080,.T.);
#1338=EDGE_CURVE('',#1799,#1801,#2081,.T.);
#1339=EDGE_CURVE('',#1659,#1797,#2082,.T.);
#1340=EDGE_CURVE('',#1799,#1660,#2083,.T.);
#1341=EDGE_CURVE('',#1667,#1802,#2084,.T.);
#1342=EDGE_CURVE('',#1803,#1802,#148,.T.);
#1343=EDGE_CURVE('',#1803,#1668,#2085,.T.);
#1344=EDGE_CURVE('',#1804,#1749,#2086,.T.);
#1345=EDGE_CURVE('',#1803,#1804,#2087,.T.);
#1346=EDGE_CURVE('',#1803,#1750,#2088,.T.);
#1347=EDGE_CURVE('',#1805,#1806,#149,.T.);
#1348=EDGE_CURVE('',#1804,#1805,#2089,.T.);
#1349=EDGE_CURVE('',#1806,#1748,#2090,.T.);
#1350=EDGE_CURVE('',#1807,#1808,#2091,.T.);
#1351=EDGE_CURVE('',#1808,#1809,#84,.T.);
#1352=EDGE_CURVE('',#1805,#1809,#2092,.T.);
#1353=EDGE_CURVE('',#1805,#1807,#85,.T.);
#1354=EDGE_CURVE('',#1809,#1648,#2093,.T.);
#1355=EDGE_CURVE('',#1809,#1810,#150,.T.);
#1356=EDGE_CURVE('',#1743,#1810,#2094,.T.);
#1357=EDGE_CURVE('',#1811,#1681,#2095,.T.);
#1358=EDGE_CURVE('',#1811,#1812,#151,.T.);
#1359=EDGE_CURVE('',#1682,#1812,#2096,.T.);
#1360=EDGE_CURVE('',#1813,#1814,#2097,.T.);
#1361=EDGE_CURVE('',#1815,#1813,#152,.T.);
#1362=EDGE_CURVE('',#1816,#1815,#2098,.T.);
#1363=EDGE_CURVE('',#1816,#1814,#153,.T.);
#1364=EDGE_CURVE('',#1817,#1815,#2099,.T.);
#1365=EDGE_CURVE('',#1817,#1818,#2100,.T.);
#1366=EDGE_CURVE('',#1816,#1818,#2101,.T.);
#1367=EDGE_CURVE('',#1819,#1812,#2102,.T.);
#1368=EDGE_CURVE('',#1819,#1672,#2103,.T.);
#1369=EDGE_CURVE('',#1661,#1801,#2104,.T.);
#1370=EDGE_CURVE('',#1795,#1820,#2105,.T.);
#1371=EDGE_CURVE('',#1820,#1821,#2106,.T.);
#1372=EDGE_CURVE('',#1821,#1822,#2107,.T.);
#1373=EDGE_CURVE('',#1822,#1823,#2108,.T.);
#1374=EDGE_CURVE('',#1823,#1802,#2109,.T.);
#1375=EDGE_CURVE('',#1824,#1810,#86,.T.);
#1376=EDGE_CURVE('',#1824,#1825,#2110,.T.);
#1377=EDGE_CURVE('',#1825,#1744,#2111,.T.);
#1378=EDGE_CURVE('',#1825,#1826,#2112,.T.);
#1379=EDGE_CURVE('',#1826,#1745,#2113,.T.);
#1380=EDGE_CURVE('',#1826,#1827,#2114,.T.);
#1381=EDGE_CURVE('',#1746,#1827,#2115,.T.);
#1382=EDGE_CURVE('',#1828,#1827,#2116,.T.);
#1383=EDGE_CURVE('',#1747,#1828,#2117,.T.);
#1384=EDGE_CURVE('',#1806,#1829,#87,.T.);
#1385=EDGE_CURVE('',#1828,#1829,#2118,.T.);
#1386=EDGE_CURVE('',#1751,#1802,#2119,.T.);
#1387=EDGE_CURVE('',#1823,#1752,#2120,.T.);
#1388=EDGE_CURVE('',#1830,#1822,#154,.T.);
#1389=EDGE_CURVE('',#1753,#1830,#2121,.T.);
#1390=EDGE_CURVE('',#1830,#1831,#88,.T.);
#1391=EDGE_CURVE('',#1831,#1832,#2122,.T.);
#1392=EDGE_CURVE('',#1832,#1754,#2123,.T.);
#1393=EDGE_CURVE('',#1833,#1832,#2124,.T.);
#1394=EDGE_CURVE('',#1833,#1755,#2125,.T.);
#1395=EDGE_CURVE('',#1833,#1834,#2126,.T.);
#1396=EDGE_CURVE('',#1756,#1834,#2127,.T.);
#1397=EDGE_CURVE('',#1807,#1829,#155,.T.);
#1398=EDGE_CURVE('',#1826,#1808,#2128,.T.);
#1399=EDGE_CURVE('',#1807,#1827,#2129,.T.);
#1400=EDGE_CURVE('',#1824,#1808,#156,.T.);
#1401=EDGE_CURVE('',#1821,#1835,#89,.T.);
#1402=EDGE_CURVE('',#1835,#1836,#2130,.T.);
#1403=EDGE_CURVE('',#1822,#1836,#90,.T.);
#1404=EDGE_CURVE('',#1831,#1836,#157,.T.);
#1405=EDGE_CURVE('',#1833,#1836,#2131,.T.);
#1406=EDGE_CURVE('',#1835,#1834,#2132,.T.);
#1407=EDGE_CURVE('',#1837,#1838,#2133,.T.);
#1408=EDGE_CURVE('',#1839,#1837,#91,.T.);
#1409=EDGE_CURVE('',#1839,#1840,#2134,.T.);
#1410=EDGE_CURVE('',#1838,#1840,#92,.T.);
#1411=EDGE_CURVE('',#1839,#1841,#2135,.T.);
#1412=EDGE_CURVE('',#1842,#1841,#2136,.T.);
#1413=EDGE_CURVE('',#1842,#1840,#2137,.T.);
#1414=EDGE_CURVE('',#1732,#1841,#2138,.T.);
#1415=EDGE_CURVE('',#1842,#1731,#2139,.T.);
#1416=EDGE_CURVE('',#1657,#1798,#2140,.T.);
#1417=EDGE_CURVE('',#1796,#1658,#2141,.T.);
#1418=EDGE_CURVE('',#1843,#1669,#2142,.T.);
#1419=EDGE_CURVE('',#1844,#1843,#158,.T.);
#1420=EDGE_CURVE('',#1670,#1844,#2143,.T.);
#1421=EDGE_CURVE('',#1845,#1647,#2144,.T.);
#1422=EDGE_CURVE('',#1846,#1845,#2145,.T.);
#1423=EDGE_CURVE('',#1847,#1846,#2146,.T.);
#1424=EDGE_CURVE('',#1847,#1848,#2147,.T.);
#1425=EDGE_CURVE('',#1848,#1837,#2148,.T.);
#1426=EDGE_CURVE('',#1838,#1849,#2149,.T.);
#1427=EDGE_CURVE('',#1849,#1843,#2150,.T.);
#1428=EDGE_CURVE('',#1680,#1850,#2151,.T.);
#1429=EDGE_CURVE('',#1811,#1850,#2152,.T.);
#1430=EDGE_CURVE('',#1851,#1679,#2153,.T.);
#1431=EDGE_CURVE('',#1850,#1851,#159,.T.);
#1432=EDGE_CURVE('',#1852,#1853,#2154,.T.);
#1433=EDGE_CURVE('',#1813,#1853,#2155,.T.);
#1434=EDGE_CURVE('',#1852,#1814,#2156,.T.);
#1435=EDGE_CURVE('',#1853,#1854,#160,.T.);
#1436=EDGE_CURVE('',#1852,#1855,#161,.T.);
#1437=EDGE_CURVE('',#1854,#1855,#2157,.T.);
#1438=EDGE_CURVE('',#1729,#1856,#2158,.T.);
#1439=EDGE_CURVE('',#1856,#1857,#93,.T.);
#1440=EDGE_CURVE('',#1857,#1858,#2159,.T.);
#1441=EDGE_CURVE('',#1858,#1730,#2160,.T.);
#1442=EDGE_CURVE('',#1859,#1860,#2161,.T.);
#1443=EDGE_CURVE('',#1860,#1861,#94,.T.);
#1444=EDGE_CURVE('',#1861,#1734,#2162,.T.);
#1445=EDGE_CURVE('',#1733,#1859,#2163,.T.);
#1446=EDGE_CURVE('',#1839,#1860,#162,.T.);
#1447=EDGE_CURVE('',#1841,#1859,#2164,.T.);
#1448=EDGE_CURVE('',#1842,#1858,#2165,.T.);
#1449=EDGE_CURVE('',#1857,#1840,#163,.T.);
#1450=EDGE_CURVE('',#1861,#1837,#164,.T.);
#1451=EDGE_CURVE('',#1735,#1848,#2166,.T.);
#1452=EDGE_CURVE('',#1856,#1838,#165,.T.);
#1453=EDGE_CURVE('',#1849,#1728,#2167,.T.);
#1454=EDGE_CURVE('',#1736,#1847,#2168,.T.);
#1455=EDGE_CURVE('',#1727,#1843,#2169,.T.);
#1456=EDGE_CURVE('',#1844,#1726,#2170,.T.);
#1457=EDGE_CURVE('',#1854,#1862,#2171,.T.);
#1458=EDGE_CURVE('',#1862,#1863,#166,.T.);
#1459=EDGE_CURVE('',#1863,#1864,#167,.T.);
#1460=EDGE_CURVE('',#1864,#1865,#2172,.T.);
#1461=EDGE_CURVE('',#1865,#1866,#168,.T.);
#1462=EDGE_CURVE('',#1866,#1867,#2173,.T.);
#1463=EDGE_CURVE('',#1867,#1817,#169,.T.);
#1464=EDGE_CURVE('',#1725,#1868,#2174,.T.);
#1465=EDGE_CURVE('',#1844,#1868,#2175,.T.);
#1466=EDGE_CURVE('',#1869,#1855,#2176,.T.);
#1467=EDGE_CURVE('',#1869,#1862,#2177,.T.);
#1468=EDGE_CURVE('',#1678,#1870,#2178,.T.);
#1469=EDGE_CURVE('',#1851,#1870,#2179,.T.);
#1470=EDGE_CURVE('',#1819,#1794,#170,.T.);
#1471=EDGE_CURVE('',#1870,#1871,#171,.T.);
#1472=EDGE_CURVE('',#1872,#1871,#172,.T.);
#1473=EDGE_CURVE('',#1872,#1873,#2180,.T.);
#1474=EDGE_CURVE('',#1793,#1873,#173,.T.);
#1475=EDGE_CURVE('',#1874,#1818,#174,.T.);
#1476=EDGE_CURVE('',#1874,#1875,#2181,.T.);
#1477=EDGE_CURVE('',#1876,#1875,#175,.T.);
#1478=EDGE_CURVE('',#1876,#1877,#2182,.T.);
#1479=EDGE_CURVE('',#1877,#1878,#176,.T.);
#1480=EDGE_CURVE('',#1869,#1878,#177,.T.);
#1481=EDGE_CURVE('',#1879,#1880,#2183,.T.);
#1482=EDGE_CURVE('',#1880,#1881,#2184,.T.);
#1483=EDGE_CURVE('',#1881,#1882,#2185,.T.);
#1484=EDGE_CURVE('',#1882,#1671,#2186,.T.);
#1485=EDGE_CURVE('',#1868,#1879,#2187,.T.);
#1486=EDGE_CURVE('',#1800,#1656,#2188,.T.);
#1487=EDGE_CURVE('',#1721,#1883,#2189,.T.);
#1488=EDGE_CURVE('',#1883,#1884,#2190,.T.);
#1489=EDGE_CURVE('',#1884,#1722,#2191,.T.);
#1490=EDGE_CURVE('',#1885,#1884,#2192,.T.);
#1491=EDGE_CURVE('',#1723,#1885,#2193,.T.);
#1492=EDGE_CURVE('',#1886,#1887,#95,.T.);
#1493=EDGE_CURVE('',#1887,#1724,#2194,.T.);
#1494=EDGE_CURVE('',#1885,#1886,#2195,.T.);
#1495=EDGE_CURVE('',#1879,#1887,#178,.T.);
#1496=EDGE_CURVE('',#1888,#1889,#2196,.T.);
#1497=EDGE_CURVE('',#1889,#1880,#96,.T.);
#1498=EDGE_CURVE('',#1888,#1879,#97,.T.);
#1499=EDGE_CURVE('',#1883,#1889,#2197,.T.);
#1500=EDGE_CURVE('',#1888,#1884,#2198,.T.);
#1501=EDGE_CURVE('',#1888,#1886,#179,.T.);
#1502=EDGE_CURVE('',#1890,#1891,#2199,.T.);
#1503=EDGE_CURVE('',#1891,#1792,#98,.T.);
#1504=EDGE_CURVE('',#1890,#1791,#99,.T.);
#1505=EDGE_CURVE('',#1890,#1892,#180,.T.);
#1506=EDGE_CURVE('',#1791,#1893,#181,.T.);
#1507=EDGE_CURVE('',#1892,#1893,#100,.T.);
#1508=EDGE_CURVE('',#1890,#1894,#2200,.T.);
#1509=EDGE_CURVE('',#1895,#1892,#2201,.T.);
#1510=EDGE_CURVE('',#1895,#1894,#2202,.T.);
#1511=EDGE_CURVE('',#1896,#1894,#2203,.T.);
#1512=EDGE_CURVE('',#1896,#1891,#2204,.T.);
#1513=EDGE_CURVE('',#1897,#1898,#2205,.T.);
#1514=EDGE_CURVE('',#1897,#1891,#182,.T.);
#1515=EDGE_CURVE('',#1896,#1898,#2206,.T.);
#1516=EDGE_CURVE('',#1897,#1899,#101,.T.);
#1517=EDGE_CURVE('',#1899,#1792,#183,.T.);
#1518=EDGE_CURVE('',#1900,#1700,#2207,.T.);
#1519=EDGE_CURVE('',#1900,#1901,#2208,.T.);
#1520=EDGE_CURVE('',#1901,#1698,#2209,.T.);
#1521=EDGE_CURVE('',#1902,#1699,#2210,.T.);
#1522=EDGE_CURVE('',#1900,#1902,#102,.T.);
#1523=EDGE_CURVE('',#1903,#1697,#2211,.T.);
#1524=EDGE_CURVE('',#1903,#1902,#2212,.T.);
#1525=EDGE_CURVE('',#1903,#1901,#103,.T.);
#1526=EDGE_CURVE('',#1904,#1904,#104,.T.);
#1527=EDGE_CURVE('',#1905,#1695,#2213,.T.);
#1528=EDGE_CURVE('',#1905,#1906,#2214,.T.);
#1529=EDGE_CURVE('',#1906,#1693,#2215,.T.);
#1530=EDGE_CURVE('',#1907,#1694,#2216,.T.);
#1531=EDGE_CURVE('',#1905,#1907,#105,.T.);
#1532=EDGE_CURVE('',#1908,#1692,#2217,.T.);
#1533=EDGE_CURVE('',#1908,#1907,#2218,.T.);
#1534=EDGE_CURVE('',#1908,#1906,#106,.T.);
#1535=EDGE_CURVE('',#1778,#1800,#184,.T.);
#1536=EDGE_CURVE('',#1801,#1780,#185,.T.);
#1537=EDGE_CURVE('',#1835,#1909,#186,.T.);
#1538=EDGE_CURVE('',#1821,#1910,#187,.T.);
#1539=EDGE_CURVE('',#1910,#1909,#107,.T.);
#1540=EDGE_CURVE('',#1911,#1909,#2219,.T.);
#1541=EDGE_CURVE('',#1911,#1834,#2220,.T.);
#1542=EDGE_CURVE('',#1675,#1873,#2221,.T.);
#1543=EDGE_CURVE('',#1872,#1676,#2222,.T.);
#1544=EDGE_CURVE('',#1677,#1871,#2223,.T.);
#1545=EDGE_CURVE('',#1878,#1863,#2224,.T.);
#1546=EDGE_CURVE('',#1864,#1877,#2225,.T.);
#1547=EDGE_CURVE('',#1876,#1865,#2226,.T.);
#1548=EDGE_CURVE('',#1866,#1875,#2227,.T.);
#1549=EDGE_CURVE('',#1874,#1867,#2228,.T.);
#1550=EDGE_CURVE('',#1789,#1882,#188,.T.);
#1551=EDGE_CURVE('',#1912,#1889,#189,.T.);
#1552=EDGE_CURVE('',#1912,#1913,#108,.T.);
#1553=EDGE_CURVE('',#1913,#1880,#190,.T.);
#1554=EDGE_CURVE('',#1912,#1914,#2229,.T.);
#1555=EDGE_CURVE('',#1883,#1914,#2230,.T.);
#1556=EDGE_CURVE('',#1914,#1720,#2231,.T.);
#1557=EDGE_CURVE('',#1719,#1913,#2232,.T.);
#1558=EDGE_CURVE('',#1718,#1881,#2233,.T.);
#1559=EDGE_CURVE('',#1717,#1882,#2234,.T.);
#1560=EDGE_CURVE('',#1789,#1716,#2235,.T.);
#1561=EDGE_CURVE('',#1715,#1790,#2236,.T.);
#1562=EDGE_CURVE('',#1893,#1714,#2237,.T.);
#1563=EDGE_CURVE('',#1713,#1895,#2238,.T.);
#1564=EDGE_CURVE('',#1894,#1712,#2239,.T.);
#1565=EDGE_CURVE('',#1711,#1896,#2240,.T.);
#1566=EDGE_CURVE('',#1898,#1710,#2241,.T.);
#1567=EDGE_CURVE('',#1709,#1899,#2242,.T.);
#1568=EDGE_CURVE('',#1820,#1759,#2243,.T.);
#1569=EDGE_CURVE('',#1910,#1758,#2244,.T.);
#1570=EDGE_CURVE('',#1757,#1911,#2245,.T.);
#1571=EDGE_CURVE('',#1903,#1772,#2246,.T.);
#1572=EDGE_CURVE('',#1769,#1901,#2247,.T.);
#1573=EDGE_CURVE('',#1902,#1771,#2248,.T.);
#1574=EDGE_CURVE('',#1770,#1900,#2249,.T.);
#1575=EDGE_CURVE('',#1908,#1776,#2250,.T.);
#1576=EDGE_CURVE('',#1773,#1906,#2251,.T.);
#1577=EDGE_CURVE('',#1907,#1775,#2252,.T.);
#1578=EDGE_CURVE('',#1774,#1905,#2253,.T.);
#1579=EDGE_CURVE('',#1915,#1916,#2254,.T.);
#1580=EDGE_CURVE('',#1915,#1917,#191,.T.);
#1581=EDGE_CURVE('',#1918,#1917,#2255,.T.);
#1582=EDGE_CURVE('',#1918,#1916,#2256,.T.);
#1583=EDGE_CURVE('',#1919,#1920,#2257,.T.);
#1584=EDGE_CURVE('',#1919,#1921,#192,.T.);
#1585=EDGE_CURVE('',#1922,#1921,#2258,.T.);
#1586=EDGE_CURVE('',#1922,#1920,#2259,.T.);
#1587=EDGE_CURVE('',#1915,#1921,#2260,.T.);
#1588=EDGE_CURVE('',#1922,#1916,#2261,.T.);
#1589=EDGE_CURVE('',#1915,#1785,#109,.T.);
#1590=EDGE_CURVE('',#1785,#1923,#193,.T.);
#1591=EDGE_CURVE('',#1917,#1923,#110,.T.);
#1592=EDGE_CURVE('',#1919,#1924,#111,.T.);
#1593=EDGE_CURVE('',#1924,#1786,#194,.T.);
#1594=EDGE_CURVE('',#1921,#1786,#112,.T.);
#1595=EDGE_CURVE('',#1923,#1768,#2262,.T.);
#1596=EDGE_CURVE('',#1767,#1918,#2263,.T.);
#1597=EDGE_CURVE('',#1916,#1766,#2264,.T.);
#1598=EDGE_CURVE('',#1765,#1922,#2265,.T.);
#1599=EDGE_CURVE('',#1920,#1764,#2266,.T.);
#1600=EDGE_CURVE('',#1763,#1924,#2267,.T.);
#1601=EDGE_CURVE('',#1762,#1787,#2268,.T.);
#1602=EDGE_CURVE('',#1925,#1926,#2269,.T.);
#1603=EDGE_CURVE('',#1927,#1926,#2270,.T.);
#1604=EDGE_CURVE('',#1927,#1928,#2271,.T.);
#1605=EDGE_CURVE('',#1925,#1928,#195,.T.);
#1606=EDGE_CURVE('',#1929,#1930,#2272,.T.);
#1607=EDGE_CURVE('',#1931,#1930,#2273,.T.);
#1608=EDGE_CURVE('',#1931,#1932,#2274,.T.);
#1609=EDGE_CURVE('',#1929,#1932,#196,.T.);
#1610=EDGE_CURVE('',#1932,#1845,#113,.T.);
#1611=EDGE_CURVE('',#1933,#1845,#197,.T.);
#1612=EDGE_CURVE('',#1929,#1933,#114,.T.);
#1613=EDGE_CURVE('',#1925,#1932,#2275,.T.);
#1614=EDGE_CURVE('',#1931,#1926,#2276,.T.);
#1615=EDGE_CURVE('',#1928,#1934,#115,.T.);
#1616=EDGE_CURVE('',#1846,#1934,#198,.T.);
#1617=EDGE_CURVE('',#1925,#1846,#116,.T.);
#1618=EDGE_CURVE('',#1738,#1927,#2277,.T.);
#1619=EDGE_CURVE('',#1934,#1737,#2278,.T.);
#1620=EDGE_CURVE('',#1926,#1739,#2279,.T.);
#1621=EDGE_CURVE('',#1740,#1931,#2280,.T.);
#1622=EDGE_CURVE('',#1930,#1741,#2281,.T.);
#1623=EDGE_CURVE('',#1742,#1933,#2282,.T.);
#1624=EDGE_CURVE('',#1935,#1936,#2283,.T.);
#1625=EDGE_CURVE('',#1935,#1937,#199,.T.);
#1626=EDGE_CURVE('',#1938,#1937,#2284,.T.);
#1627=EDGE_CURVE('',#1938,#1936,#2285,.T.);
#1628=EDGE_CURVE('',#1939,#1940,#2286,.T.);
#1629=EDGE_CURVE('',#1939,#1941,#200,.T.);
#1630=EDGE_CURVE('',#1942,#1941,#2287,.T.);
#1631=EDGE_CURVE('',#1942,#1940,#2288,.T.);
#1632=EDGE_CURVE('',#1939,#1943,#117,.T.);
#1633=EDGE_CURVE('',#1943,#1784,#201,.T.);
#1634=EDGE_CURVE('',#1941,#1784,#118,.T.);
#1635=EDGE_CURVE('',#1935,#1941,#2289,.T.);
#1636=EDGE_CURVE('',#1942,#1936,#2290,.T.);
#1637=EDGE_CURVE('',#1935,#1783,#119,.T.);
#1638=EDGE_CURVE('',#1783,#1944,#202,.T.);
#1639=EDGE_CURVE('',#1937,#1944,#120,.T.);
#1640=EDGE_CURVE('',#1944,#1706,#2291,.T.);
#1641=EDGE_CURVE('',#1705,#1938,#2292,.T.);
#1642=EDGE_CURVE('',#1936,#1704,#2293,.T.);
#1643=EDGE_CURVE('',#1703,#1942,#2294,.T.);
#1644=EDGE_CURVE('',#1940,#1702,#2295,.T.);
#1645=EDGE_CURVE('',#1701,#1943,#2296,.T.);
#1646=VERTEX_POINT('',#4359);
#1647=VERTEX_POINT('',#4360);
#1648=VERTEX_POINT('',#4362);
#1649=VERTEX_POINT('',#4364);
#1650=VERTEX_POINT('',#4368);
#1651=VERTEX_POINT('',#4369);
#1652=VERTEX_POINT('',#4371);
#1653=VERTEX_POINT('',#4373);
#1654=VERTEX_POINT('',#4377);
#1655=VERTEX_POINT('',#4378);
#1656=VERTEX_POINT('',#4383);
#1657=VERTEX_POINT('',#4385);
#1658=VERTEX_POINT('',#4390);
#1659=VERTEX_POINT('',#4392);
#1660=VERTEX_POINT('',#4397);
#1661=VERTEX_POINT('',#4399);
#1662=VERTEX_POINT('',#4409);
#1663=VERTEX_POINT('',#4412);
#1664=VERTEX_POINT('',#4413);
#1665=VERTEX_POINT('',#4415);
#1666=VERTEX_POINT('',#4425);
#1667=VERTEX_POINT('',#4427);
#1668=VERTEX_POINT('',#4435);
#1669=VERTEX_POINT('',#4437);
#1670=VERTEX_POINT('',#4445);
#1671=VERTEX_POINT('',#4447);
#1672=VERTEX_POINT('',#4465);
#1673=VERTEX_POINT('',#4466);
#1674=VERTEX_POINT('',#4468);
#1675=VERTEX_POINT('',#4478);
#1676=VERTEX_POINT('',#4480);
#1677=VERTEX_POINT('',#4490);
#1678=VERTEX_POINT('',#4500);
#1679=VERTEX_POINT('',#4502);
#1680=VERTEX_POINT('',#4512);
#1681=VERTEX_POINT('',#4514);
#1682=VERTEX_POINT('',#4524);
#1683=VERTEX_POINT('',#4527);
#1684=VERTEX_POINT('',#4528);
#1685=VERTEX_POINT('',#4530);
#1686=VERTEX_POINT('',#4540);
#1687=VERTEX_POINT('',#4542);
#1688=VERTEX_POINT('',#4552);
#1689=VERTEX_POINT('',#4554);
#1690=VERTEX_POINT('',#4564);
#1691=VERTEX_POINT('',#4566);
#1692=VERTEX_POINT('',#4577);
#1693=VERTEX_POINT('',#4578);
#1694=VERTEX_POINT('',#4580);
#1695=VERTEX_POINT('',#4582);
#1696=VERTEX_POINT('',#4585);
#1697=VERTEX_POINT('',#4587);
#1698=VERTEX_POINT('',#4588);
#1699=VERTEX_POINT('',#4590);
#1700=VERTEX_POINT('',#4592);
#1701=VERTEX_POINT('',#4596);
#1702=VERTEX_POINT('',#4598);
#1703=VERTEX_POINT('',#4600);
#1704=VERTEX_POINT('',#4602);
#1705=VERTEX_POINT('',#4604);
#1706=VERTEX_POINT('',#4606);
#1707=VERTEX_POINT('',#4608);
#1708=VERTEX_POINT('',#4610);
#1709=VERTEX_POINT('',#4612);
#1710=VERTEX_POINT('',#4614);
#1711=VERTEX_POINT('',#4616);
#1712=VERTEX_POINT('',#4618);
#1713=VERTEX_POINT('',#4620);
#1714=VERTEX_POINT('',#4622);
#1715=VERTEX_POINT('',#4624);
#1716=VERTEX_POINT('',#4626);
#1717=VERTEX_POINT('',#4634);
#1718=VERTEX_POINT('',#4636);
#1719=VERTEX_POINT('',#4638);
#1720=VERTEX_POINT('',#4640);
#1721=VERTEX_POINT('',#4642);
#1722=VERTEX_POINT('',#4644);
#1723=VERTEX_POINT('',#4646);
#1724=VERTEX_POINT('',#4648);
#1725=VERTEX_POINT('',#4650);
#1726=VERTEX_POINT('',#4652);
#1727=VERTEX_POINT('',#4660);
#1728=VERTEX_POINT('',#4662);
#1729=VERTEX_POINT('',#4664);
#1730=VERTEX_POINT('',#4666);
#1731=VERTEX_POINT('',#4668);
#1732=VERTEX_POINT('',#4670);
#1733=VERTEX_POINT('',#4672);
#1734=VERTEX_POINT('',#4674);
#1735=VERTEX_POINT('',#4676);
#1736=VERTEX_POINT('',#4678);
#1737=VERTEX_POINT('',#4680);
#1738=VERTEX_POINT('',#4682);
#1739=VERTEX_POINT('',#4684);
#1740=VERTEX_POINT('',#4686);
#1741=VERTEX_POINT('',#4688);
#1742=VERTEX_POINT('',#4690);
#1743=VERTEX_POINT('',#4693);
#1744=VERTEX_POINT('',#4695);
#1745=VERTEX_POINT('',#4697);
#1746=VERTEX_POINT('',#4699);
#1747=VERTEX_POINT('',#4701);
#1748=VERTEX_POINT('',#4703);
#1749=VERTEX_POINT('',#4705);
#1750=VERTEX_POINT('',#4707);
#1751=VERTEX_POINT('',#4715);
#1752=VERTEX_POINT('',#4717);
#1753=VERTEX_POINT('',#4719);
#1754=VERTEX_POINT('',#4721);
#1755=VERTEX_POINT('',#4723);
#1756=VERTEX_POINT('',#4725);
#1757=VERTEX_POINT('',#4727);
#1758=VERTEX_POINT('',#4729);
#1759=VERTEX_POINT('',#4731);
#1760=VERTEX_POINT('',#4733);
#1761=VERTEX_POINT('',#4741);
#1762=VERTEX_POINT('',#4743);
#1763=VERTEX_POINT('',#4745);
#1764=VERTEX_POINT('',#4747);
#1765=VERTEX_POINT('',#4749);
#1766=VERTEX_POINT('',#4751);
#1767=VERTEX_POINT('',#4753);
#1768=VERTEX_POINT('',#4755);
#1769=VERTEX_POINT('',#4758);
#1770=VERTEX_POINT('',#4759);
#1771=VERTEX_POINT('',#4761);
#1772=VERTEX_POINT('',#4763);
#1773=VERTEX_POINT('',#4766);
#1774=VERTEX_POINT('',#4767);
#1775=VERTEX_POINT('',#4769);
#1776=VERTEX_POINT('',#4771);
#1777=VERTEX_POINT('',#4774);
#1778=VERTEX_POINT('',#4777);
#1779=VERTEX_POINT('',#4779);
#1780=VERTEX_POINT('',#4781);
#1781=VERTEX_POINT('',#4788);
#1782=VERTEX_POINT('',#4789);
#1783=VERTEX_POINT('',#4791);
#1784=VERTEX_POINT('',#4793);
#1785=VERTEX_POINT('',#4796);
#1786=VERTEX_POINT('',#4798);
#1787=VERTEX_POINT('',#4800);
#1788=VERTEX_POINT('',#4802);
#1789=VERTEX_POINT('',#4805);
#1790=VERTEX_POINT('',#4807);
#1791=VERTEX_POINT('',#4809);
#1792=VERTEX_POINT('',#4811);
#1793=VERTEX_POINT('',#4821);
#1794=VERTEX_POINT('',#4823);
#1795=VERTEX_POINT('',#4836);
#1796=VERTEX_POINT('',#4901);
#1797=VERTEX_POINT('',#4903);
#1798=VERTEX_POINT('',#4948);
#1799=VERTEX_POINT('',#5001);
#1800=VERTEX_POINT('',#5013);
#1801=VERTEX_POINT('',#5017);
#1802=VERTEX_POINT('',#5040);
#1803=VERTEX_POINT('',#5050);
#1804=VERTEX_POINT('',#5054);
#1805=VERTEX_POINT('',#5062);
#1806=VERTEX_POINT('',#5063);
#1807=VERTEX_POINT('',#5068);
#1808=VERTEX_POINT('',#5069);
#1809=VERTEX_POINT('',#5071);
#1810=VERTEX_POINT('',#5080);
#1811=VERTEX_POINT('',#5125);
#1812=VERTEX_POINT('',#5136);
#1813=VERTEX_POINT('',#5203);
#1814=VERTEX_POINT('',#5204);
#1815=VERTEX_POINT('',#5214);
#1816=VERTEX_POINT('',#5216);
#1817=VERTEX_POINT('',#5228);
#1818=VERTEX_POINT('',#5230);
#1819=VERTEX_POINT('',#5234);
#1820=VERTEX_POINT('',#5240);
#1821=VERTEX_POINT('',#5242);
#1822=VERTEX_POINT('',#5244);
#1823=VERTEX_POINT('',#5246);
#1824=VERTEX_POINT('',#5250);
#1825=VERTEX_POINT('',#5252);
#1826=VERTEX_POINT('',#5256);
#1827=VERTEX_POINT('',#5260);
#1828=VERTEX_POINT('',#5264);
#1829=VERTEX_POINT('',#5268);
#1830=VERTEX_POINT('',#5318);
#1831=VERTEX_POINT('',#5322);
#1832=VERTEX_POINT('',#5324);
#1833=VERTEX_POINT('',#5328);
#1834=VERTEX_POINT('',#5332);
#1835=VERTEX_POINT('',#5349);
#1836=VERTEX_POINT('',#5351);
#1837=VERTEX_POINT('',#5366);
#1838=VERTEX_POINT('',#5367);
#1839=VERTEX_POINT('',#5369);
#1840=VERTEX_POINT('',#5371);
#1841=VERTEX_POINT('',#5375);
#1842=VERTEX_POINT('',#5377);
#1843=VERTEX_POINT('',#5404);
#1844=VERTEX_POINT('',#5414);
#1845=VERTEX_POINT('',#5418);
#1846=VERTEX_POINT('',#5420);
#1847=VERTEX_POINT('',#5422);
#1848=VERTEX_POINT('',#5424);
#1849=VERTEX_POINT('',#5427);
#1850=VERTEX_POINT('',#5431);
#1851=VERTEX_POINT('',#5476);
#1852=VERTEX_POINT('',#5488);
#1853=VERTEX_POINT('',#5489);
#1854=VERTEX_POINT('',#5565);
#1855=VERTEX_POINT('',#5575);
#1856=VERTEX_POINT('',#5579);
#1857=VERTEX_POINT('',#5581);
#1858=VERTEX_POINT('',#5583);
#1859=VERTEX_POINT('',#5587);
#1860=VERTEX_POINT('',#5588);
#1861=VERTEX_POINT('',#5590);
#1862=VERTEX_POINT('',#5668);
#1863=VERTEX_POINT('',#5678);
#1864=VERTEX_POINT('',#5688);
#1865=VERTEX_POINT('',#5690);
#1866=VERTEX_POINT('',#5700);
#1867=VERTEX_POINT('',#5702);
#1868=VERTEX_POINT('',#5714);
#1869=VERTEX_POINT('',#5718);
#1870=VERTEX_POINT('',#5722);
#1871=VERTEX_POINT('',#5744);
#1872=VERTEX_POINT('',#5753);
#1873=VERTEX_POINT('',#5755);
#1874=VERTEX_POINT('',#5775);
#1875=VERTEX_POINT('',#5777);
#1876=VERTEX_POINT('',#5787);
#1877=VERTEX_POINT('',#5789);
#1878=VERTEX_POINT('',#5799);
#1879=VERTEX_POINT('',#5810);
#1880=VERTEX_POINT('',#5811);
#1881=VERTEX_POINT('',#5813);
#1882=VERTEX_POINT('',#5815);
#1883=VERTEX_POINT('',#5822);
#1884=VERTEX_POINT('',#5824);
#1885=VERTEX_POINT('',#5828);
#1886=VERTEX_POINT('',#5832);
#1887=VERTEX_POINT('',#5833);
#1888=VERTEX_POINT('',#5843);
#1889=VERTEX_POINT('',#5844);
#1890=VERTEX_POINT('',#5858);
#1891=VERTEX_POINT('',#5859);
#1892=VERTEX_POINT('',#5867);
#1893=VERTEX_POINT('',#5872);
#1894=VERTEX_POINT('',#5876);
#1895=VERTEX_POINT('',#5878);
#1896=VERTEX_POINT('',#5882);
#1897=VERTEX_POINT('',#5886);
#1898=VERTEX_POINT('',#5887);
#1899=VERTEX_POINT('',#5895);
#1900=VERTEX_POINT('',#5902);
#1901=VERTEX_POINT('',#5904);
#1902=VERTEX_POINT('',#5908);
#1903=VERTEX_POINT('',#5912);
#1904=VERTEX_POINT('',#5918);
#1905=VERTEX_POINT('',#5921);
#1906=VERTEX_POINT('',#5923);
#1907=VERTEX_POINT('',#5927);
#1908=VERTEX_POINT('',#5931);
#1909=VERTEX_POINT('',#6052);
#1910=VERTEX_POINT('',#6057);
#1911=VERTEX_POINT('',#6061);
#1912=VERTEX_POINT('',#6548);
#1913=VERTEX_POINT('',#6550);
#1914=VERTEX_POINT('',#6557);
#1915=VERTEX_POINT('',#6649);
#1916=VERTEX_POINT('',#6650);
#1917=VERTEX_POINT('',#6655);
#1918=VERTEX_POINT('',#6657);
#1919=VERTEX_POINT('',#6661);
#1920=VERTEX_POINT('',#6662);
#1921=VERTEX_POINT('',#6667);
#1922=VERTEX_POINT('',#6669);
#1923=VERTEX_POINT('',#6680);
#1924=VERTEX_POINT('',#6684);
#1925=VERTEX_POINT('',#6708);
#1926=VERTEX_POINT('',#6709);
#1927=VERTEX_POINT('',#6711);
#1928=VERTEX_POINT('',#6713);
#1929=VERTEX_POINT('',#6720);
#1930=VERTEX_POINT('',#6721);
#1931=VERTEX_POINT('',#6723);
#1932=VERTEX_POINT('',#6725);
#1933=VERTEX_POINT('',#6736);
#1934=VERTEX_POINT('',#6743);
#1935=VERTEX_POINT('',#6765);
#1936=VERTEX_POINT('',#6766);
#1937=VERTEX_POINT('',#6771);
#1938=VERTEX_POINT('',#6773);
#1939=VERTEX_POINT('',#6777);
#1940=VERTEX_POINT('',#6778);
#1941=VERTEX_POINT('',#6783);
#1942=VERTEX_POINT('',#6785);
#1943=VERTEX_POINT('',#6789);
#1944=VERTEX_POINT('',#6804);
#1945=LINE('',#4358,#2297);
#1946=LINE('',#4361,#2298);
#1947=LINE('',#4363,#2299);
#1948=LINE('',#4365,#2300);
#1949=LINE('',#4367,#2301);
#1950=LINE('',#4370,#2302);
#1951=LINE('',#4372,#2303);
#1952=LINE('',#4374,#2304);
#1953=LINE('',#4376,#2305);
#1954=LINE('',#4384,#2306);
#1955=LINE('',#4391,#2307);
#1956=LINE('',#4398,#2308);
#1957=LINE('',#4410,#2309);
#1958=LINE('',#4411,#2310);
#1959=LINE('',#4414,#2311);
#1960=LINE('',#4426,#2312);
#1961=LINE('',#4436,#2313);
#1962=LINE('',#4446,#2314);
#1963=LINE('',#4467,#2315);
#1964=LINE('',#4479,#2316);
#1965=LINE('',#4501,#2317);
#1966=LINE('',#4513,#2318);
#1967=LINE('',#4525,#2319);
#1968=LINE('',#4526,#2320);
#1969=LINE('',#4529,#2321);
#1970=LINE('',#4541,#2322);
#1971=LINE('',#4553,#2323);
#1972=LINE('',#4565,#2324);
#1973=LINE('',#4579,#2325);
#1974=LINE('',#4583,#2326);
#1975=LINE('',#4589,#2327);
#1976=LINE('',#4593,#2328);
#1977=LINE('',#4595,#2329);
#1978=LINE('',#4597,#2330);
#1979=LINE('',#4599,#2331);
#1980=LINE('',#4601,#2332);
#1981=LINE('',#4603,#2333);
#1982=LINE('',#4605,#2334);
#1983=LINE('',#4607,#2335);
#1984=LINE('',#4609,#2336);
#1985=LINE('',#4611,#2337);
#1986=LINE('',#4613,#2338);
#1987=LINE('',#4615,#2339);
#1988=LINE('',#4617,#2340);
#1989=LINE('',#4619,#2341);
#1990=LINE('',#4621,#2342);
#1991=LINE('',#4623,#2343);
#1992=LINE('',#4625,#2344);
#1993=LINE('',#4635,#2345);
#1994=LINE('',#4637,#2346);
#1995=LINE('',#4639,#2347);
#1996=LINE('',#4641,#2348);
#1997=LINE('',#4643,#2349);
#1998=LINE('',#4645,#2350);
#1999=LINE('',#4647,#2351);
#2000=LINE('',#4649,#2352);
#2001=LINE('',#4651,#2353);
#2002=LINE('',#4661,#2354);
#2003=LINE('',#4663,#2355);
#2004=LINE('',#4665,#2356);
#2005=LINE('',#4667,#2357);
#2006=LINE('',#4669,#2358);
#2007=LINE('',#4671,#2359);
#2008=LINE('',#4673,#2360);
#2009=LINE('',#4675,#2361);
#2010=LINE('',#4677,#2362);
#2011=LINE('',#4679,#2363);
#2012=LINE('',#4681,#2364);
#2013=LINE('',#4683,#2365);
#2014=LINE('',#4685,#2366);
#2015=LINE('',#4687,#2367);
#2016=LINE('',#4689,#2368);
#2017=LINE('',#4691,#2369);
#2018=LINE('',#4692,#2370);
#2019=LINE('',#4694,#2371);
#2020=LINE('',#4696,#2372);
#2021=LINE('',#4698,#2373);
#2022=LINE('',#4700,#2374);
#2023=LINE('',#4702,#2375);
#2024=LINE('',#4704,#2376);
#2025=LINE('',#4706,#2377);
#2026=LINE('',#4716,#2378);
#2027=LINE('',#4718,#2379);
#2028=LINE('',#4720,#2380);
#2029=LINE('',#4722,#2381);
#2030=LINE('',#4724,#2382);
#2031=LINE('',#4726,#2383);
#2032=LINE('',#4728,#2384);
#2033=LINE('',#4730,#2385);
#2034=LINE('',#4732,#2386);
#2035=LINE('',#4742,#2387);
#2036=LINE('',#4744,#2388);
#2037=LINE('',#4746,#2389);
#2038=LINE('',#4748,#2390);
#2039=LINE('',#4750,#2391);
#2040=LINE('',#4752,#2392);
#2041=LINE('',#4754,#2393);
#2042=LINE('',#4756,#2394);
#2043=LINE('',#4757,#2395);
#2044=LINE('',#4762,#2396);
#2045=LINE('',#4765,#2397);
#2046=LINE('',#4770,#2398);
#2047=LINE('',#4776,#2399);
#2048=LINE('',#4778,#2400);
#2049=LINE('',#4780,#2401);
#2050=LINE('',#4787,#2402);
#2051=LINE('',#4790,#2403);
#2052=LINE('',#4792,#2404);
#2053=LINE('',#4794,#2405);
#2054=LINE('',#4795,#2406);
#2055=LINE('',#4797,#2407);
#2056=LINE('',#4799,#2408);
#2057=LINE('',#4801,#2409);
#2058=LINE('',#4803,#2410);
#2059=LINE('',#4804,#2411);
#2060=LINE('',#4806,#2412);
#2061=LINE('',#4808,#2413);
#2062=LINE('',#4810,#2414);
#2063=LINE('',#4812,#2415);
#2064=LINE('',#4814,#2416);
#2065=LINE('',#4815,#2417);
#2066=LINE('',#4817,#2418);
#2067=LINE('',#4818,#2419);
#2068=LINE('',#4820,#2420);
#2069=LINE('',#4822,#2421);
#2070=LINE('',#4824,#2422);
#2071=LINE('',#4835,#2423);
#2072=LINE('',#4898,#2424);
#2073=LINE('',#4900,#2425);
#2074=LINE('',#4902,#2426);
#2075=LINE('',#4904,#2427);
#2076=LINE('',#4947,#2428);
#2077=LINE('',#5000,#2429);
#2078=LINE('',#5012,#2430);
#2079=LINE('',#5014,#2431);
#2080=LINE('',#5016,#2432);
#2081=LINE('',#5018,#2433);
#2082=LINE('',#5027,#2434);
#2083=LINE('',#5028,#2435);
#2084=LINE('',#5039,#2436);
#2085=LINE('',#5051,#2437);
#2086=LINE('',#5053,#2438);
#2087=LINE('',#5055,#2439);
#2088=LINE('',#5056,#2440);
#2089=LINE('',#5064,#2441);
#2090=LINE('',#5065,#2442);
#2091=LINE('',#5067,#2443);
#2092=LINE('',#5072,#2444);
#2093=LINE('',#5075,#2445);
#2094=LINE('',#5081,#2446);
#2095=LINE('',#5124,#2447);
#2096=LINE('',#5137,#2448);
#2097=LINE('',#5202,#2449);
#2098=LINE('',#5215,#2450);
#2099=LINE('',#5227,#2451);
#2100=LINE('',#5229,#2452);
#2101=LINE('',#5231,#2453);
#2102=LINE('',#5233,#2454);
#2103=LINE('',#5235,#2455);
#2104=LINE('',#5237,#2456);
#2105=LINE('',#5239,#2457);
#2106=LINE('',#5241,#2458);
#2107=LINE('',#5243,#2459);
#2108=LINE('',#5245,#2460);
#2109=LINE('',#5247,#2461);
#2110=LINE('',#5251,#2462);
#2111=LINE('',#5253,#2463);
#2112=LINE('',#5255,#2464);
#2113=LINE('',#5257,#2465);
#2114=LINE('',#5259,#2466);
#2115=LINE('',#5261,#2467);
#2116=LINE('',#5263,#2468);
#2117=LINE('',#5265,#2469);
#2118=LINE('',#5269,#2470);
#2119=LINE('',#5310,#2471);
#2120=LINE('',#5312,#2472);
#2121=LINE('',#5319,#2473);
#2122=LINE('',#5323,#2474);
#2123=LINE('',#5325,#2475);
#2124=LINE('',#5327,#2476);
#2125=LINE('',#5329,#2477);
#2126=LINE('',#5331,#2478);
#2127=LINE('',#5333,#2479);
#2128=LINE('',#5340,#2480);
#2129=LINE('',#5341,#2481);
#2130=LINE('',#5350,#2482);
#2131=LINE('',#5361,#2483);
#2132=LINE('',#5363,#2484);
#2133=LINE('',#5365,#2485);
#2134=LINE('',#5370,#2486);
#2135=LINE('',#5374,#2487);
#2136=LINE('',#5376,#2488);
#2137=LINE('',#5378,#2489);
#2138=LINE('',#5380,#2490);
#2139=LINE('',#5381,#2491);
#2140=LINE('',#5390,#2492);
#2141=LINE('',#5391,#2493);
#2142=LINE('',#5403,#2494);
#2143=LINE('',#5415,#2495);
#2144=LINE('',#5417,#2496);
#2145=LINE('',#5419,#2497);
#2146=LINE('',#5421,#2498);
#2147=LINE('',#5423,#2499);
#2148=LINE('',#5425,#2500);
#2149=LINE('',#5426,#2501);
#2150=LINE('',#5428,#2502);
#2151=LINE('',#5430,#2503);
#2152=LINE('',#5432,#2504);
#2153=LINE('',#5475,#2505);
#2154=LINE('',#5487,#2506);
#2155=LINE('',#5490,#2507);
#2156=LINE('',#5491,#2508);
#2157=LINE('',#5576,#2509);
#2158=LINE('',#5578,#2510);
#2159=LINE('',#5582,#2511);
#2160=LINE('',#5584,#2512);
#2161=LINE('',#5586,#2513);
#2162=LINE('',#5591,#2514);
#2163=LINE('',#5592,#2515);
#2164=LINE('',#5598,#2516);
#2165=LINE('',#5601,#2517);
#2166=LINE('',#5612,#2518);
#2167=LINE('',#5620,#2519);
#2168=LINE('',#5622,#2520);
#2169=LINE('',#5624,#2521);
#2170=LINE('',#5665,#2522);
#2171=LINE('',#5667,#2523);
#2172=LINE('',#5689,#2524);
#2173=LINE('',#5701,#2525);
#2174=LINE('',#5713,#2526);
#2175=LINE('',#5715,#2527);
#2176=LINE('',#5717,#2528);
#2177=LINE('',#5719,#2529);
#2178=LINE('',#5721,#2530);
#2179=LINE('',#5723,#2531);
#2180=LINE('',#5754,#2532);
#2181=LINE('',#5776,#2533);
#2182=LINE('',#5788,#2534);
#2183=LINE('',#5809,#2535);
#2184=LINE('',#5812,#2536);
#2185=LINE('',#5814,#2537);
#2186=LINE('',#5816,#2538);
#2187=LINE('',#5817,#2539);
#2188=LINE('',#5819,#2540);
#2189=LINE('',#5821,#2541);
#2190=LINE('',#5823,#2542);
#2191=LINE('',#5825,#2543);
#2192=LINE('',#5827,#2544);
#2193=LINE('',#5829,#2545);
#2194=LINE('',#5834,#2546);
#2195=LINE('',#5835,#2547);
#2196=LINE('',#5842,#2548);
#2197=LINE('',#5848,#2549);
#2198=LINE('',#5849,#2550);
#2199=LINE('',#5857,#2551);
#2200=LINE('',#5875,#2552);
#2201=LINE('',#5877,#2553);
#2202=LINE('',#5879,#2554);
#2203=LINE('',#5881,#2555);
#2204=LINE('',#5883,#2556);
#2205=LINE('',#5885,#2557);
#2206=LINE('',#5892,#2558);
#2207=LINE('',#5901,#2559);
#2208=LINE('',#5903,#2560);
#2209=LINE('',#5905,#2561);
#2210=LINE('',#5907,#2562);
#2211=LINE('',#5911,#2563);
#2212=LINE('',#5913,#2564);
#2213=LINE('',#5920,#2565);
#2214=LINE('',#5922,#2566);
#2215=LINE('',#5924,#2567);
#2216=LINE('',#5926,#2568);
#2217=LINE('',#5930,#2569);
#2218=LINE('',#5932,#2570);
#2219=LINE('',#6060,#2571);
#2220=LINE('',#6062,#2572);
#2221=LINE('',#6147,#2573);
#2222=LINE('',#6149,#2574);
#2223=LINE('',#6198,#2575);
#2224=LINE('',#6329,#2576);
#2225=LINE('',#6372,#2577);
#2226=LINE('',#6374,#2578);
#2227=LINE('',#6439,#2579);
#2228=LINE('',#6441,#2580);
#2229=LINE('',#6556,#2581);
#2230=LINE('',#6558,#2582);
#2231=LINE('',#6560,#2583);
#2232=LINE('',#6562,#2584);
#2233=LINE('',#6564,#2585);
#2234=LINE('',#6566,#2586);
#2235=LINE('',#6607,#2587);
#2236=LINE('',#6609,#2588);
#2237=LINE('',#6611,#2589);
#2238=LINE('',#6613,#2590);
#2239=LINE('',#6615,#2591);
#2240=LINE('',#6617,#2592);
#2241=LINE('',#6619,#2593);
#2242=LINE('',#6621,#2594);
#2243=LINE('',#6624,#2595);
#2244=LINE('',#6626,#2596);
#2245=LINE('',#6628,#2597);
#2246=LINE('',#6631,#2598);
#2247=LINE('',#6632,#2599);
#2248=LINE('',#6634,#2600);
#2249=LINE('',#6636,#2601);
#2250=LINE('',#6639,#2602);
#2251=LINE('',#6640,#2603);
#2252=LINE('',#6642,#2604);
#2253=LINE('',#6644,#2605);
#2254=LINE('',#6648,#2606);
#2255=LINE('',#6656,#2607);
#2256=LINE('',#6658,#2608);
#2257=LINE('',#6660,#2609);
#2258=LINE('',#6668,#2610);
#2259=LINE('',#6670,#2611);
#2260=LINE('',#6672,#2612);
#2261=LINE('',#6673,#2613);
#2262=LINE('',#6691,#2614);
#2263=LINE('',#6692,#2615);
#2264=LINE('',#6694,#2616);
#2265=LINE('',#6696,#2617);
#2266=LINE('',#6698,#2618);
#2267=LINE('',#6700,#2619);
#2268=LINE('',#6704,#2620);
#2269=LINE('',#6707,#2621);
#2270=LINE('',#6710,#2622);
#2271=LINE('',#6712,#2623);
#2272=LINE('',#6719,#2624);
#2273=LINE('',#6722,#2625);
#2274=LINE('',#6724,#2626);
#2275=LINE('',#6739,#2627);
#2276=LINE('',#6740,#2628);
#2277=LINE('',#6750,#2629);
#2278=LINE('',#6751,#2630);
#2279=LINE('',#6753,#2631);
#2280=LINE('',#6755,#2632);
#2281=LINE('',#6757,#2633);
#2282=LINE('',#6759,#2634);
#2283=LINE('',#6764,#2635);
#2284=LINE('',#6772,#2636);
#2285=LINE('',#6774,#2637);
#2286=LINE('',#6776,#2638);
#2287=LINE('',#6784,#2639);
#2288=LINE('',#6786,#2640);
#2289=LINE('',#6796,#2641);
#2290=LINE('',#6797,#2642);
#2291=LINE('',#6807,#2643);
#2292=LINE('',#6808,#2644);
#2293=LINE('',#6810,#2645);
#2294=LINE('',#6812,#2646);
#2295=LINE('',#6814,#2647);
#2296=LINE('',#6816,#2648);
#2297=VECTOR('',#3590,1.);
#2298=VECTOR('',#3591,1.);
#2299=VECTOR('',#3592,1.);
#2300=VECTOR('',#3593,1.);
#2301=VECTOR('',#3596,1.);
#2302=VECTOR('',#3597,1.);
#2303=VECTOR('',#3598,1.);
#2304=VECTOR('',#3599,1.);
#2305=VECTOR('',#3602,1.);
#2306=VECTOR('',#3603,1.);
#2307=VECTOR('',#3604,1.);
#2308=VECTOR('',#3605,1.);
#2309=VECTOR('',#3606,1.);
#2310=VECTOR('',#3607,1.);
#2311=VECTOR('',#3608,1.);
#2312=VECTOR('',#3609,1.);
#2313=VECTOR('',#3610,1.);
#2314=VECTOR('',#3611,1.);
#2315=VECTOR('',#3614,1.);
#2316=VECTOR('',#3615,1.);
#2317=VECTOR('',#3616,1.);
#2318=VECTOR('',#3617,1.);
#2319=VECTOR('',#3618,1.);
#2320=VECTOR('',#3619,1.);
#2321=VECTOR('',#3620,1.);
#2322=VECTOR('',#3621,1.);
#2323=VECTOR('',#3622,1.);
#2324=VECTOR('',#3623,1.);
#2325=VECTOR('',#3626,1.);
#2326=VECTOR('',#3629,1.);
#2327=VECTOR('',#3634,1.);
#2328=VECTOR('',#3637,1.);
#2329=VECTOR('',#3640,1.);
#2330=VECTOR('',#3641,1.);
#2331=VECTOR('',#3642,1.);
#2332=VECTOR('',#3643,1.);
#2333=VECTOR('',#3644,1.);
#2334=VECTOR('',#3645,1.);
#2335=VECTOR('',#3646,1.);
#2336=VECTOR('',#3647,1.);
#2337=VECTOR('',#3648,1.);
#2338=VECTOR('',#3649,1.);
#2339=VECTOR('',#3650,1.);
#2340=VECTOR('',#3651,1.);
#2341=VECTOR('',#3652,1.);
#2342=VECTOR('',#3653,1.);
#2343=VECTOR('',#3654,1.);
#2344=VECTOR('',#3655,1.);
#2345=VECTOR('',#3656,1.);
#2346=VECTOR('',#3657,1.);
#2347=VECTOR('',#3658,1.);
#2348=VECTOR('',#3659,1.);
#2349=VECTOR('',#3660,1.);
#2350=VECTOR('',#3661,1.);
#2351=VECTOR('',#3662,1.);
#2352=VECTOR('',#3663,1.);
#2353=VECTOR('',#3664,1.);
#2354=VECTOR('',#3665,1.);
#2355=VECTOR('',#3666,1.);
#2356=VECTOR('',#3667,1.);
#2357=VECTOR('',#3668,1.);
#2358=VECTOR('',#3669,1.);
#2359=VECTOR('',#3670,1.);
#2360=VECTOR('',#3671,1.);
#2361=VECTOR('',#3672,1.);
#2362=VECTOR('',#3673,1.);
#2363=VECTOR('',#3674,1.);
#2364=VECTOR('',#3675,1.);
#2365=VECTOR('',#3676,1.);
#2366=VECTOR('',#3677,1.);
#2367=VECTOR('',#3678,1.);
#2368=VECTOR('',#3679,1.);
#2369=VECTOR('',#3680,1.);
#2370=VECTOR('',#3681,1.);
#2371=VECTOR('',#3682,1.);
#2372=VECTOR('',#3683,1.);
#2373=VECTOR('',#3684,1.);
#2374=VECTOR('',#3685,1.);
#2375=VECTOR('',#3686,1.);
#2376=VECTOR('',#3687,1.);
#2377=VECTOR('',#3688,1.);
#2378=VECTOR('',#3689,1.);
#2379=VECTOR('',#3690,1.);
#2380=VECTOR('',#3691,1.);
#2381=VECTOR('',#3692,1.);
#2382=VECTOR('',#3693,1.);
#2383=VECTOR('',#3694,1.);
#2384=VECTOR('',#3695,1.);
#2385=VECTOR('',#3696,1.);
#2386=VECTOR('',#3697,1.);
#2387=VECTOR('',#3698,1.);
#2388=VECTOR('',#3699,1.);
#2389=VECTOR('',#3700,1.);
#2390=VECTOR('',#3701,1.);
#2391=VECTOR('',#3702,1.);
#2392=VECTOR('',#3703,1.);
#2393=VECTOR('',#3704,1.);
#2394=VECTOR('',#3705,1.);
#2395=VECTOR('',#3706,1.);
#2396=VECTOR('',#3709,1.);
#2397=VECTOR('',#3712,1.);
#2398=VECTOR('',#3715,1.);
#2399=VECTOR('',#3722,1.);
#2400=VECTOR('',#3723,1.);
#2401=VECTOR('',#3724,1.);
#2402=VECTOR('',#3727,1.);
#2403=VECTOR('',#3728,1.);
#2404=VECTOR('',#3729,1.);
#2405=VECTOR('',#3730,1.);
#2406=VECTOR('',#3731,1.);
#2407=VECTOR('',#3732,1.);
#2408=VECTOR('',#3733,1.);
#2409=VECTOR('',#3734,1.);
#2410=VECTOR('',#3735,1.);
#2411=VECTOR('',#3736,1.);
#2412=VECTOR('',#3737,1.);
#2413=VECTOR('',#3738,1.);
#2414=VECTOR('',#3739,1.);
#2415=VECTOR('',#3740,1.);
#2416=VECTOR('',#3743,1.);
#2417=VECTOR('',#3744,1.);
#2418=VECTOR('',#3747,1.);
#2419=VECTOR('',#3748,1.);
#2420=VECTOR('',#3751,1.);
#2421=VECTOR('',#3752,1.);
#2422=VECTOR('',#3753,1.);
#2423=VECTOR('',#3754,1.);
#2424=VECTOR('',#3755,1.);
#2425=VECTOR('',#3758,1.);
#2426=VECTOR('',#3759,1.);
#2427=VECTOR('',#3760,1.);
#2428=VECTOR('',#3761,1.);
#2429=VECTOR('',#3762,1.);
#2430=VECTOR('',#3765,1.);
#2431=VECTOR('',#3766,1.);
#2432=VECTOR('',#3769,1.);
#2433=VECTOR('',#3770,1.);
#2434=VECTOR('',#3771,1.);
#2435=VECTOR('',#3772,1.);
#2436=VECTOR('',#3773,1.);
#2437=VECTOR('',#3774,1.);
#2438=VECTOR('',#3777,1.);
#2439=VECTOR('',#3778,1.);
#2440=VECTOR('',#3779,1.);
#2441=VECTOR('',#3782,1.);
#2442=VECTOR('',#3783,1.);
#2443=VECTOR('',#3786,1.);
#2444=VECTOR('',#3789,1.);
#2445=VECTOR('',#3794,1.);
#2446=VECTOR('',#3795,1.);
#2447=VECTOR('',#3796,1.);
#2448=VECTOR('',#3797,1.);
#2449=VECTOR('',#3798,1.);
#2450=VECTOR('',#3799,1.);
#2451=VECTOR('',#3802,1.);
#2452=VECTOR('',#3803,1.);
#2453=VECTOR('',#3804,1.);
#2454=VECTOR('',#3807,1.);
#2455=VECTOR('',#3808,1.);
#2456=VECTOR('',#3811,1.);
#2457=VECTOR('',#3814,1.);
#2458=VECTOR('',#3815,1.);
#2459=VECTOR('',#3816,1.);
#2460=VECTOR('',#3817,1.);
#2461=VECTOR('',#3818,1.);
#2462=VECTOR('',#3823,1.);
#2463=VECTOR('',#3824,1.);
#2464=VECTOR('',#3827,1.);
#2465=VECTOR('',#3828,1.);
#2466=VECTOR('',#3831,1.);
#2467=VECTOR('',#3832,1.);
#2468=VECTOR('',#3835,1.);
#2469=VECTOR('',#3836,1.);
#2470=VECTOR('',#3841,1.);
#2471=VECTOR('',#3842,1.);
#2472=VECTOR('',#3845,1.);
#2473=VECTOR('',#3848,1.);
#2474=VECTOR('',#3853,1.);
#2475=VECTOR('',#3854,1.);
#2476=VECTOR('',#3857,1.);
#2477=VECTOR('',#3858,1.);
#2478=VECTOR('',#3861,1.);
#2479=VECTOR('',#3862,1.);
#2480=VECTOR('',#3867,1.);
#2481=VECTOR('',#3868,1.);
#2482=VECTOR('',#3875,1.);
#2483=VECTOR('',#3886,1.);
#2484=VECTOR('',#3889,1.);
#2485=VECTOR('',#3892,1.);
#2486=VECTOR('',#3895,1.);
#2487=VECTOR('',#3900,1.);
#2488=VECTOR('',#3901,1.);
#2489=VECTOR('',#3902,1.);
#2490=VECTOR('',#3905,1.);
#2491=VECTOR('',#3906,1.);
#2492=VECTOR('',#3907,1.);
#2493=VECTOR('',#3908,1.);
#2494=VECTOR('',#3911,1.);
#2495=VECTOR('',#3912,1.);
#2496=VECTOR('',#3915,1.);
#2497=VECTOR('',#3916,1.);
#2498=VECTOR('',#3917,1.);
#2499=VECTOR('',#3918,1.);
#2500=VECTOR('',#3919,1.);
#2501=VECTOR('',#3920,1.);
#2502=VECTOR('',#3921,1.);
#2503=VECTOR('',#3924,1.);
#2504=VECTOR('',#3925,1.);
#2505=VECTOR('',#3926,1.);
#2506=VECTOR('',#3929,1.);
#2507=VECTOR('',#3930,1.);
#2508=VECTOR('',#3931,1.);
#2509=VECTOR('',#3932,1.);
#2510=VECTOR('',#3935,1.);
#2511=VECTOR('',#3938,1.);
#2512=VECTOR('',#3939,1.);
#2513=VECTOR('',#3942,1.);
#2514=VECTOR('',#3945,1.);
#2515=VECTOR('',#3946,1.);
#2516=VECTOR('',#3949,1.);
#2517=VECTOR('',#3954,1.);
#2518=VECTOR('',#3959,1.);
#2519=VECTOR('',#3966,1.);
#2520=VECTOR('',#3969,1.);
#2521=VECTOR('',#3972,1.);
#2522=VECTOR('',#3973,1.);
#2523=VECTOR('',#3976,1.);
#2524=VECTOR('',#3977,1.);
#2525=VECTOR('',#3978,1.);
#2526=VECTOR('',#3981,1.);
#2527=VECTOR('',#3982,1.);
#2528=VECTOR('',#3985,1.);
#2529=VECTOR('',#3986,1.);
#2530=VECTOR('',#3989,1.);
#2531=VECTOR('',#3990,1.);
#2532=VECTOR('',#3993,1.);
#2533=VECTOR('',#3994,1.);
#2534=VECTOR('',#3995,1.);
#2535=VECTOR('',#3998,1.);
#2536=VECTOR('',#3999,1.);
#2537=VECTOR('',#4000,1.);
#2538=VECTOR('',#4001,1.);
#2539=VECTOR('',#4002,1.);
#2540=VECTOR('',#4005,1.);
#2541=VECTOR('',#4008,1.);
#2542=VECTOR('',#4009,1.);
#2543=VECTOR('',#4010,1.);
#2544=VECTOR('',#4013,1.);
#2545=VECTOR('',#4014,1.);
#2546=VECTOR('',#4019,1.);
#2547=VECTOR('',#4020,1.);
#2548=VECTOR('',#4025,1.);
#2549=VECTOR('',#4032,1.);
#2550=VECTOR('',#4033,1.);
#2551=VECTOR('',#4040,1.);
#2552=VECTOR('',#4051,1.);
#2553=VECTOR('',#4052,1.);
#2554=VECTOR('',#4053,1.);
#2555=VECTOR('',#4056,1.);
#2556=VECTOR('',#4057,1.);
#2557=VECTOR('',#4060,1.);
#2558=VECTOR('',#4061,1.);
#2559=VECTOR('',#4068,1.);
#2560=VECTOR('',#4069,1.);
#2561=VECTOR('',#4070,1.);
#2562=VECTOR('',#4073,1.);
#2563=VECTOR('',#4078,1.);
#2564=VECTOR('',#4079,1.);
#2565=VECTOR('',#4090,1.);
#2566=VECTOR('',#4091,1.);
#2567=VECTOR('',#4092,1.);
#2568=VECTOR('',#4095,1.);
#2569=VECTOR('',#4100,1.);
#2570=VECTOR('',#4101,1.);
#2571=VECTOR('',#4112,1.);
#2572=VECTOR('',#4113,1.);
#2573=VECTOR('',#4114,1.);
#2574=VECTOR('',#4117,1.);
#2575=VECTOR('',#4118,1.);
#2576=VECTOR('',#4119,1.);
#2577=VECTOR('',#4120,1.);
#2578=VECTOR('',#4123,1.);
#2579=VECTOR('',#4124,1.);
#2580=VECTOR('',#4127,1.);
#2581=VECTOR('',#4134,1.);
#2582=VECTOR('',#4135,1.);
#2583=VECTOR('',#4138,1.);
#2584=VECTOR('',#4141,1.);
#2585=VECTOR('',#4144,1.);
#2586=VECTOR('',#4147,1.);
#2587=VECTOR('',#4148,1.);
#2588=VECTOR('',#4151,1.);
#2589=VECTOR('',#4154,1.);
#2590=VECTOR('',#4157,1.);
#2591=VECTOR('',#4160,1.);
#2592=VECTOR('',#4163,1.);
#2593=VECTOR('',#4166,1.);
#2594=VECTOR('',#4169,1.);
#2595=VECTOR('',#4174,1.);
#2596=VECTOR('',#4177,1.);
#2597=VECTOR('',#4180,1.);
#2598=VECTOR('',#4185,1.);
#2599=VECTOR('',#4186,1.);
#2600=VECTOR('',#4189,1.);
#2601=VECTOR('',#4192,1.);
#2602=VECTOR('',#4197,1.);
#2603=VECTOR('',#4198,1.);
#2604=VECTOR('',#4201,1.);
#2605=VECTOR('',#4204,1.);
#2606=VECTOR('',#4211,1.);
#2607=VECTOR('',#4212,1.);
#2608=VECTOR('',#4213,1.);
#2609=VECTOR('',#4216,1.);
#2610=VECTOR('',#4217,1.);
#2611=VECTOR('',#4218,1.);
#2612=VECTOR('',#4221,1.);
#2613=VECTOR('',#4222,1.);
#2614=VECTOR('',#4237,1.);
#2615=VECTOR('',#4238,1.);
#2616=VECTOR('',#4241,1.);
#2617=VECTOR('',#4244,1.);
#2618=VECTOR('',#4247,1.);
#2619=VECTOR('',#4250,1.);
#2620=VECTOR('',#4257,1.);
#2621=VECTOR('',#4262,1.);
#2622=VECTOR('',#4263,1.);
#2623=VECTOR('',#4264,1.);
#2624=VECTOR('',#4267,1.);
#2625=VECTOR('',#4268,1.);
#2626=VECTOR('',#4269,1.);
#2627=VECTOR('',#4278,1.);
#2628=VECTOR('',#4279,1.);
#2629=VECTOR('',#4288,1.);
#2630=VECTOR('',#4289,1.);
#2631=VECTOR('',#4292,1.);
#2632=VECTOR('',#4295,1.);
#2633=VECTOR('',#4298,1.);
#2634=VECTOR('',#4301,1.);
#2635=VECTOR('',#4310,1.);
#2636=VECTOR('',#4311,1.);
#2637=VECTOR('',#4312,1.);
#2638=VECTOR('',#4315,1.);
#2639=VECTOR('',#4316,1.);
#2640=VECTOR('',#4317,1.);
#2641=VECTOR('',#4326,1.);
#2642=VECTOR('',#4327,1.);
#2643=VECTOR('',#4336,1.);
#2644=VECTOR('',#4337,1.);
#2645=VECTOR('',#4340,1.);
#2646=VECTOR('',#4343,1.);
#2647=VECTOR('',#4346,1.);
#2648=VECTOR('',#4349,1.);
#2649=EDGE_LOOP('',(#203,#204,#205,#206));
#2650=EDGE_LOOP('',(#207,#208,#209,#210));
#2651=EDGE_LOOP('',(#211,#212,#213,#214,#215,#216,#217,#218,#219));
#2652=EDGE_LOOP('',(#220,#221,#222,#223,#224,#225,#226,#227,#228));
#2653=EDGE_LOOP('',(#229,#230,#231,#232,#233,#234,#235,#236,#237,#238,#239));
#2654=EDGE_LOOP('',(#240,#241,#242,#243,#244,#245,#246,#247,#248));
#2655=EDGE_LOOP('',(#249,#250,#251,#252));
#2656=EDGE_LOOP('',(#253));
#2657=EDGE_LOOP('',(#254,#255,#256,#257));
#2658=EDGE_LOOP('',(#258,#259,#260,#261,#262,#263,#264,#265,#266,#267,#268,
#269,#270,#271,#272,#273,#274,#275,#276,#277,#278,#279,#280,#281,#282,#283,
#284,#285,#286,#287,#288,#289,#290,#291,#292,#293,#294,#295,#296,#297,#298,
#299,#300,#301,#302,#303,#304,#305,#306,#307,#308,#309,#310,#311,#312,#313,
#314,#315,#316,#317,#318,#319,#320,#321,#322,#323,#324,#325,#326,#327,#328,
#329));
#2659=EDGE_LOOP('',(#330,#331,#332,#333));
#2660=EDGE_LOOP('',(#334,#335,#336,#337));
#2661=EDGE_LOOP('',(#338));
#2662=EDGE_LOOP('',(#339,#340,#341,#342,#343,#344));
#2663=EDGE_LOOP('',(#345,#346,#347,#348,#349,#350,#351,#352,#353,#354,#355,
#356,#357,#358,#359,#360,#361));
#2664=EDGE_LOOP('',(#362,#363,#364,#365,#366,#367));
#2665=EDGE_LOOP('',(#368,#369,#370,#371));
#2666=EDGE_LOOP('',(#372,#373,#374,#375));
#2667=EDGE_LOOP('',(#376,#377,#378,#379));
#2668=EDGE_LOOP('',(#380,#381,#382,#383));
#2669=EDGE_LOOP('',(#384,#385,#386,#387));
#2670=EDGE_LOOP('',(#388,#389,#390,#391));
#2671=EDGE_LOOP('',(#392,#393,#394,#395));
#2672=EDGE_LOOP('',(#396,#397,#398,#399));
#2673=EDGE_LOOP('',(#400,#401,#402,#403));
#2674=EDGE_LOOP('',(#404,#405,#406,#407));
#2675=EDGE_LOOP('',(#408,#409,#410,#411));
#2676=EDGE_LOOP('',(#412,#413,#414,#415));
#2677=EDGE_LOOP('',(#416,#417,#418,#419,#420));
#2678=EDGE_LOOP('',(#421,#422,#423,#424));
#2679=EDGE_LOOP('',(#425,#426,#427,#428,#429));
#2680=EDGE_LOOP('',(#430,#431,#432,#433));
#2681=EDGE_LOOP('',(#434,#435,#436,#437));
#2682=EDGE_LOOP('',(#438,#439,#440,#441));
#2683=EDGE_LOOP('',(#442,#443,#444,#445));
#2684=EDGE_LOOP('',(#446,#447,#448,#449));
#2685=EDGE_LOOP('',(#450,#451,#452,#453,#454,#455,#456,#457));
#2686=EDGE_LOOP('',(#458,#459,#460,#461,#462));
#2687=EDGE_LOOP('',(#463,#464,#465,#466));
#2688=EDGE_LOOP('',(#467,#468,#469,#470));
#2689=EDGE_LOOP('',(#471,#472,#473,#474));
#2690=EDGE_LOOP('',(#475,#476,#477,#478,#479));
#2691=EDGE_LOOP('',(#480,#481,#482,#483));
#2692=EDGE_LOOP('',(#484,#485,#486,#487));
#2693=EDGE_LOOP('',(#488,#489,#490,#491,#492));
#2694=EDGE_LOOP('',(#493,#494,#495,#496,#497));
#2695=EDGE_LOOP('',(#498,#499,#500,#501));
#2696=EDGE_LOOP('',(#502,#503,#504,#505));
#2697=EDGE_LOOP('',(#506,#507,#508,#509));
#2698=EDGE_LOOP('',(#510,#511,#512,#513));
#2699=EDGE_LOOP('',(#514,#515,#516,#517));
#2700=EDGE_LOOP('',(#518,#519,#520,#521));
#2701=EDGE_LOOP('',(#522,#523,#524,#525));
#2702=EDGE_LOOP('',(#526,#527,#528,#529));
#2703=EDGE_LOOP('',(#530,#531,#532,#533));
#2704=EDGE_LOOP('',(#534,#535,#536,#537));
#2705=EDGE_LOOP('',(#538,#539,#540,#541));
#2706=EDGE_LOOP('',(#542,#543,#544,#545));
#2707=EDGE_LOOP('',(#546,#547,#548,#549));
#2708=EDGE_LOOP('',(#550,#551,#552,#553));
#2709=EDGE_LOOP('',(#554,#555,#556,#557));
#2710=EDGE_LOOP('',(#558,#559,#560,#561));
#2711=EDGE_LOOP('',(#562,#563,#564,#565));
#2712=EDGE_LOOP('',(#566,#567,#568,#569,#570,#571,#572,#573,#574,#575,#576,
#577,#578,#579,#580,#581));
#2713=EDGE_LOOP('',(#582,#583,#584,#585));
#2714=EDGE_LOOP('',(#586,#587,#588,#589));
#2715=EDGE_LOOP('',(#590,#591,#592,#593));
#2716=EDGE_LOOP('',(#594,#595,#596,#597));
#2717=EDGE_LOOP('',(#598,#599,#600,#601,#602));
#2718=EDGE_LOOP('',(#603,#604,#605,#606,#607));
#2719=EDGE_LOOP('',(#608,#609,#610,#611));
#2720=EDGE_LOOP('',(#612,#613,#614,#615));
#2721=EDGE_LOOP('',(#616,#617,#618,#619));
#2722=EDGE_LOOP('',(#620,#621,#622,#623));
#2723=EDGE_LOOP('',(#624,#625,#626,#627,#628));
#2724=EDGE_LOOP('',(#629,#630,#631,#632));
#2725=EDGE_LOOP('',(#633,#634,#635,#636));
#2726=EDGE_LOOP('',(#637,#638,#639,#640,#641));
#2727=EDGE_LOOP('',(#642,#643,#644,#645));
#2728=EDGE_LOOP('',(#646,#647,#648,#649));
#2729=EDGE_LOOP('',(#650,#651,#652,#653));
#2730=EDGE_LOOP('',(#654,#655,#656,#657,#658,#659,#660,#661,#662,#663,#664));
#2731=EDGE_LOOP('',(#665,#666,#667,#668));
#2732=EDGE_LOOP('',(#669,#670,#671,#672));
#2733=EDGE_LOOP('',(#673,#674,#675,#676));
#2734=EDGE_LOOP('',(#677,#678,#679,#680,#681,#682,#683,#684,#685,#686,#687));
#2735=EDGE_LOOP('',(#688,#689,#690,#691,#692,#693,#694,#695,#696,#697,#698));
#2736=EDGE_LOOP('',(#699,#700,#701,#702,#703,#704,#705,#706));
#2737=EDGE_LOOP('',(#707,#708,#709,#710));
#2738=EDGE_LOOP('',(#711,#712,#713,#714));
#2739=EDGE_LOOP('',(#715,#716,#717,#718));
#2740=EDGE_LOOP('',(#719,#720,#721,#722,#723));
#2741=EDGE_LOOP('',(#724,#725,#726,#727,#728));
#2742=EDGE_LOOP('',(#729,#730,#731,#732));
#2743=EDGE_LOOP('',(#733,#734,#735,#736));
#2744=EDGE_LOOP('',(#737,#738,#739,#740));
#2745=EDGE_LOOP('',(#741,#742,#743,#744));
#2746=EDGE_LOOP('',(#745,#746,#747,#748));
#2747=EDGE_LOOP('',(#749,#750,#751,#752));
#2748=EDGE_LOOP('',(#753,#754,#755,#756));
#2749=EDGE_LOOP('',(#757,#758,#759,#760));
#2750=EDGE_LOOP('',(#761,#762,#763,#764));
#2751=EDGE_LOOP('',(#765,#766,#767,#768));
#2752=EDGE_LOOP('',(#769,#770,#771,#772));
#2753=EDGE_LOOP('',(#773,#774,#775,#776));
#2754=EDGE_LOOP('',(#777,#778,#779,#780));
#2755=EDGE_LOOP('',(#781,#782,#783,#784));
#2756=EDGE_LOOP('',(#785));
#2757=EDGE_LOOP('',(#786));
#2758=EDGE_LOOP('',(#787,#788,#789,#790));
#2759=EDGE_LOOP('',(#791,#792,#793,#794));
#2760=EDGE_LOOP('',(#795,#796,#797,#798));
#2761=EDGE_LOOP('',(#799,#800,#801,#802));
#2762=EDGE_LOOP('',(#803,#804,#805,#806));
#2763=EDGE_LOOP('',(#807,#808,#809,#810));
#2764=EDGE_LOOP('',(#811,#812,#813,#814));
#2765=EDGE_LOOP('',(#815,#816,#817,#818));
#2766=EDGE_LOOP('',(#819,#820,#821,#822));
#2767=EDGE_LOOP('',(#823,#824,#825,#826));
#2768=EDGE_LOOP('',(#827,#828,#829,#830));
#2769=EDGE_LOOP('',(#831,#832,#833,#834));
#2770=EDGE_LOOP('',(#835,#836,#837,#838));
#2771=EDGE_LOOP('',(#839,#840,#841,#842));
#2772=EDGE_LOOP('',(#843,#844,#845,#846));
#2773=EDGE_LOOP('',(#847,#848,#849,#850));
#2774=EDGE_LOOP('',(#851,#852,#853,#854));
#2775=EDGE_LOOP('',(#855,#856,#857,#858));
#2776=EDGE_LOOP('',(#859,#860,#861,#862));
#2777=EDGE_LOOP('',(#863,#864,#865,#866));
#2778=EDGE_LOOP('',(#867,#868,#869,#870));
#2779=EDGE_LOOP('',(#871,#872,#873,#874));
#2780=EDGE_LOOP('',(#875,#876,#877,#878));
#2781=EDGE_LOOP('',(#879,#880,#881,#882));
#2782=EDGE_LOOP('',(#883,#884,#885,#886));
#2783=EDGE_LOOP('',(#887,#888,#889,#890,#891));
#2784=EDGE_LOOP('',(#892,#893,#894,#895,#896));
#2785=EDGE_LOOP('',(#897,#898,#899,#900));
#2786=EDGE_LOOP('',(#901,#902,#903,#904));
#2787=EDGE_LOOP('',(#905,#906,#907,#908));
#2788=EDGE_LOOP('',(#909,#910,#911,#912,#913));
#2789=EDGE_LOOP('',(#914,#915,#916,#917,#918));
#2790=EDGE_LOOP('',(#919,#920,#921,#922));
#2791=EDGE_LOOP('',(#923,#924,#925,#926));
#2792=EDGE_LOOP('',(#927,#928,#929,#930));
#2793=EDGE_LOOP('',(#931,#932,#933,#934,#935));
#2794=EDGE_LOOP('',(#936,#937,#938,#939,#940));
#2795=EDGE_LOOP('',(#941,#942,#943,#944));
#2796=EDGE_LOOP('',(#945,#946,#947,#948,#949));
#2797=EDGE_LOOP('',(#950,#951,#952,#953,#954));
#2798=EDGE_LOOP('',(#955,#956,#957,#958));
#2799=EDGE_LOOP('',(#959,#960,#961,#962));
#2800=EDGE_LOOP('',(#963,#964,#965,#966));
#2801=EDGE_LOOP('',(#967,#968,#969,#970));
#2802=EDGE_LOOP('',(#971,#972,#973,#974));
#2803=EDGE_LOOP('',(#975,#976,#977,#978));
#2804=EDGE_LOOP('',(#979,#980,#981,#982));
#2805=EDGE_LOOP('',(#983,#984,#985,#986));
#2806=EDGE_LOOP('',(#987,#988,#989,#990));
#2807=EDGE_LOOP('',(#991));
#2808=EDGE_LOOP('',(#992));
#2809=EDGE_LOOP('',(#993,#994,#995,#996));
#2810=EDGE_LOOP('',(#997,#998,#999,#1000));
#2811=EDGE_LOOP('',(#1001,#1002,#1003,#1004));
#2812=EDGE_LOOP('',(#1005,#1006,#1007,#1008));
#2813=EDGE_LOOP('',(#1009,#1010,#1011,#1012));
#2814=EDGE_LOOP('',(#1013,#1014,#1015,#1016,#1017));
#2815=EDGE_LOOP('',(#1018,#1019,#1020,#1021));
#2816=EDGE_LOOP('',(#1022,#1023,#1024,#1025));
#2817=EDGE_LOOP('',(#1026,#1027,#1028,#1029));
#2818=EDGE_LOOP('',(#1030,#1031,#1032,#1033,#1034));
#2819=EDGE_LOOP('',(#1035,#1036,#1037,#1038));
#2820=EDGE_LOOP('',(#1039,#1040,#1041,#1042,#1043));
#2821=EDGE_LOOP('',(#1044,#1045,#1046,#1047,#1048));
#2822=EDGE_LOOP('',(#1049,#1050,#1051,#1052));
#2823=EDGE_LOOP('',(#1053,#1054,#1055,#1056));
#2824=EDGE_LOOP('',(#1057,#1058,#1059,#1060));
#2825=EDGE_LOOP('',(#1061,#1062,#1063,#1064));
#2826=EDGE_LOOP('',(#1065,#1066,#1067,#1068));
#2827=EDGE_LOOP('',(#1069,#1070,#1071,#1072));
#2828=EDGE_LOOP('',(#1073,#1074,#1075,#1076,#1077));
#2829=EDGE_LOOP('',(#1078,#1079,#1080,#1081));
#2830=EDGE_LOOP('',(#1082,#1083,#1084,#1085));
#2831=EDGE_LOOP('',(#1086,#1087,#1088,#1089));
#2832=EDGE_LOOP('',(#1090,#1091,#1092,#1093,#1094));
#2833=EDGE_LOOP('',(#1095,#1096,#1097,#1098,#1099));
#2834=EDGE_LOOP('',(#1100,#1101,#1102,#1103));
#2835=EDGE_LOOP('',(#1104,#1105,#1106,#1107,#1108));
#2836=EDGE_LOOP('',(#1109,#1110,#1111,#1112));
#2837=EDGE_LOOP('',(#1113,#1114,#1115,#1116));
#2838=EDGE_LOOP('',(#1117,#1118,#1119,#1120));
#2839=EDGE_LOOP('',(#1121,#1122,#1123,#1124));
#2840=EDGE_LOOP('',(#1125,#1126,#1127,#1128));
#2841=EDGE_LOOP('',(#1129,#1130,#1131,#1132,#1133));
#2842=EDGE_LOOP('',(#1134,#1135,#1136,#1137));
#2843=EDGE_LOOP('',(#1138,#1139,#1140,#1141));
#2844=EDGE_LOOP('',(#1142,#1143,#1144,#1145));
#2845=EDGE_LOOP('',(#1146,#1147,#1148,#1149,#1150));
#2846=EDGE_LOOP('',(#1151,#1152,#1153,#1154,#1155));
#2847=EDGE_LOOP('',(#1156,#1157,#1158,#1159));
#2848=EDGE_LOOP('',(#1160,#1161,#1162,#1163,#1164));
#2849=FACE_BOUND('',#2649,.T.);
#2850=FACE_BOUND('',#2650,.T.);
#2851=FACE_BOUND('',#2651,.T.);
#2852=FACE_BOUND('',#2652,.T.);
#2853=FACE_BOUND('',#2653,.T.);
#2854=FACE_BOUND('',#2654,.T.);
#2855=FACE_BOUND('',#2655,.T.);
#2856=FACE_BOUND('',#2656,.T.);
#2857=FACE_BOUND('',#2657,.T.);
#2858=FACE_BOUND('',#2658,.T.);
#2859=FACE_BOUND('',#2659,.T.);
#2860=FACE_BOUND('',#2660,.T.);
#2861=FACE_BOUND('',#2661,.T.);
#2862=FACE_BOUND('',#2662,.T.);
#2863=FACE_BOUND('',#2663,.T.);
#2864=FACE_BOUND('',#2664,.T.);
#2865=FACE_BOUND('',#2665,.T.);
#2866=FACE_BOUND('',#2666,.T.);
#2867=FACE_BOUND('',#2667,.T.);
#2868=FACE_BOUND('',#2668,.T.);
#2869=FACE_BOUND('',#2669,.T.);
#2870=FACE_BOUND('',#2670,.T.);
#2871=FACE_BOUND('',#2671,.T.);
#2872=FACE_BOUND('',#2672,.T.);
#2873=FACE_BOUND('',#2673,.T.);
#2874=FACE_BOUND('',#2674,.T.);
#2875=FACE_BOUND('',#2675,.T.);
#2876=FACE_BOUND('',#2676,.T.);
#2877=FACE_BOUND('',#2677,.T.);
#2878=FACE_BOUND('',#2678,.T.);
#2879=FACE_BOUND('',#2679,.T.);
#2880=FACE_BOUND('',#2680,.T.);
#2881=FACE_BOUND('',#2681,.T.);
#2882=FACE_BOUND('',#2682,.T.);
#2883=FACE_BOUND('',#2683,.T.);
#2884=FACE_BOUND('',#2684,.T.);
#2885=FACE_BOUND('',#2685,.T.);
#2886=FACE_BOUND('',#2686,.T.);
#2887=FACE_BOUND('',#2687,.T.);
#2888=FACE_BOUND('',#2688,.T.);
#2889=FACE_BOUND('',#2689,.T.);
#2890=FACE_BOUND('',#2690,.T.);
#2891=FACE_BOUND('',#2691,.T.);
#2892=FACE_BOUND('',#2692,.T.);
#2893=FACE_BOUND('',#2693,.T.);
#2894=FACE_BOUND('',#2694,.T.);
#2895=FACE_BOUND('',#2695,.T.);
#2896=FACE_BOUND('',#2696,.T.);
#2897=FACE_BOUND('',#2697,.T.);
#2898=FACE_BOUND('',#2698,.T.);
#2899=FACE_BOUND('',#2699,.T.);
#2900=FACE_BOUND('',#2700,.T.);
#2901=FACE_BOUND('',#2701,.T.);
#2902=FACE_BOUND('',#2702,.T.);
#2903=FACE_BOUND('',#2703,.T.);
#2904=FACE_BOUND('',#2704,.T.);
#2905=FACE_BOUND('',#2705,.T.);
#2906=FACE_BOUND('',#2706,.T.);
#2907=FACE_BOUND('',#2707,.T.);
#2908=FACE_BOUND('',#2708,.T.);
#2909=FACE_BOUND('',#2709,.T.);
#2910=FACE_BOUND('',#2710,.T.);
#2911=FACE_BOUND('',#2711,.T.);
#2912=FACE_BOUND('',#2712,.T.);
#2913=FACE_BOUND('',#2713,.T.);
#2914=FACE_BOUND('',#2714,.T.);
#2915=FACE_BOUND('',#2715,.T.);
#2916=FACE_BOUND('',#2716,.T.);
#2917=FACE_BOUND('',#2717,.T.);
#2918=FACE_BOUND('',#2718,.T.);
#2919=FACE_BOUND('',#2719,.T.);
#2920=FACE_BOUND('',#2720,.T.);
#2921=FACE_BOUND('',#2721,.T.);
#2922=FACE_BOUND('',#2722,.T.);
#2923=FACE_BOUND('',#2723,.T.);
#2924=FACE_BOUND('',#2724,.T.);
#2925=FACE_BOUND('',#2725,.T.);
#2926=FACE_BOUND('',#2726,.T.);
#2927=FACE_BOUND('',#2727,.T.);
#2928=FACE_BOUND('',#2728,.T.);
#2929=FACE_BOUND('',#2729,.T.);
#2930=FACE_BOUND('',#2730,.T.);
#2931=FACE_BOUND('',#2731,.T.);
#2932=FACE_BOUND('',#2732,.T.);
#2933=FACE_BOUND('',#2733,.T.);
#2934=FACE_BOUND('',#2734,.T.);
#2935=FACE_BOUND('',#2735,.T.);
#2936=FACE_BOUND('',#2736,.T.);
#2937=FACE_BOUND('',#2737,.T.);
#2938=FACE_BOUND('',#2738,.T.);
#2939=FACE_BOUND('',#2739,.T.);
#2940=FACE_BOUND('',#2740,.T.);
#2941=FACE_BOUND('',#2741,.T.);
#2942=FACE_BOUND('',#2742,.T.);
#2943=FACE_BOUND('',#2743,.T.);
#2944=FACE_BOUND('',#2744,.T.);
#2945=FACE_BOUND('',#2745,.T.);
#2946=FACE_BOUND('',#2746,.T.);
#2947=FACE_BOUND('',#2747,.T.);
#2948=FACE_BOUND('',#2748,.T.);
#2949=FACE_BOUND('',#2749,.T.);
#2950=FACE_BOUND('',#2750,.T.);
#2951=FACE_BOUND('',#2751,.T.);
#2952=FACE_BOUND('',#2752,.T.);
#2953=FACE_BOUND('',#2753,.T.);
#2954=FACE_BOUND('',#2754,.T.);
#2955=FACE_BOUND('',#2755,.T.);
#2956=FACE_BOUND('',#2756,.T.);
#2957=FACE_BOUND('',#2757,.T.);
#2958=FACE_BOUND('',#2758,.T.);
#2959=FACE_BOUND('',#2759,.T.);
#2960=FACE_BOUND('',#2760,.T.);
#2961=FACE_BOUND('',#2761,.T.);
#2962=FACE_BOUND('',#2762,.T.);
#2963=FACE_BOUND('',#2763,.T.);
#2964=FACE_BOUND('',#2764,.T.);
#2965=FACE_BOUND('',#2765,.T.);
#2966=FACE_BOUND('',#2766,.T.);
#2967=FACE_BOUND('',#2767,.T.);
#2968=FACE_BOUND('',#2768,.T.);
#2969=FACE_BOUND('',#2769,.T.);
#2970=FACE_BOUND('',#2770,.T.);
#2971=FACE_BOUND('',#2771,.T.);
#2972=FACE_BOUND('',#2772,.T.);
#2973=FACE_BOUND('',#2773,.T.);
#2974=FACE_BOUND('',#2774,.T.);
#2975=FACE_BOUND('',#2775,.T.);
#2976=FACE_BOUND('',#2776,.T.);
#2977=FACE_BOUND('',#2777,.T.);
#2978=FACE_BOUND('',#2778,.T.);
#2979=FACE_BOUND('',#2779,.T.);
#2980=FACE_BOUND('',#2780,.T.);
#2981=FACE_BOUND('',#2781,.T.);
#2982=FACE_BOUND('',#2782,.T.);
#2983=FACE_BOUND('',#2783,.T.);
#2984=FACE_BOUND('',#2784,.T.);
#2985=FACE_BOUND('',#2785,.T.);
#2986=FACE_BOUND('',#2786,.T.);
#2987=FACE_BOUND('',#2787,.T.);
#2988=FACE_BOUND('',#2788,.T.);
#2989=FACE_BOUND('',#2789,.T.);
#2990=FACE_BOUND('',#2790,.T.);
#2991=FACE_BOUND('',#2791,.T.);
#2992=FACE_BOUND('',#2792,.T.);
#2993=FACE_BOUND('',#2793,.T.);
#2994=FACE_BOUND('',#2794,.T.);
#2995=FACE_BOUND('',#2795,.T.);
#2996=FACE_BOUND('',#2796,.T.);
#2997=FACE_BOUND('',#2797,.T.);
#2998=FACE_BOUND('',#2798,.T.);
#2999=FACE_BOUND('',#2799,.T.);
#3000=FACE_BOUND('',#2800,.T.);
#3001=FACE_BOUND('',#2801,.T.);
#3002=FACE_BOUND('',#2802,.T.);
#3003=FACE_BOUND('',#2803,.T.);
#3004=FACE_BOUND('',#2804,.T.);
#3005=FACE_BOUND('',#2805,.T.);
#3006=FACE_BOUND('',#2806,.T.);
#3007=FACE_BOUND('',#2807,.T.);
#3008=FACE_BOUND('',#2808,.T.);
#3009=FACE_BOUND('',#2809,.T.);
#3010=FACE_BOUND('',#2810,.T.);
#3011=FACE_BOUND('',#2811,.T.);
#3012=FACE_BOUND('',#2812,.T.);
#3013=FACE_BOUND('',#2813,.T.);
#3014=FACE_BOUND('',#2814,.T.);
#3015=FACE_BOUND('',#2815,.T.);
#3016=FACE_BOUND('',#2816,.T.);
#3017=FACE_BOUND('',#2817,.T.);
#3018=FACE_BOUND('',#2818,.T.);
#3019=FACE_BOUND('',#2819,.T.);
#3020=FACE_BOUND('',#2820,.T.);
#3021=FACE_BOUND('',#2821,.T.);
#3022=FACE_BOUND('',#2822,.T.);
#3023=FACE_BOUND('',#2823,.T.);
#3024=FACE_BOUND('',#2824,.T.);
#3025=FACE_BOUND('',#2825,.T.);
#3026=FACE_BOUND('',#2826,.T.);
#3027=FACE_BOUND('',#2827,.T.);
#3028=FACE_BOUND('',#2828,.T.);
#3029=FACE_BOUND('',#2829,.T.);
#3030=FACE_BOUND('',#2830,.T.);
#3031=FACE_BOUND('',#2831,.T.);
#3032=FACE_BOUND('',#2832,.T.);
#3033=FACE_BOUND('',#2833,.T.);
#3034=FACE_BOUND('',#2834,.T.);
#3035=FACE_BOUND('',#2835,.T.);
#3036=FACE_BOUND('',#2836,.T.);
#3037=FACE_BOUND('',#2837,.T.);
#3038=FACE_BOUND('',#2838,.T.);
#3039=FACE_BOUND('',#2839,.T.);
#3040=FACE_BOUND('',#2840,.T.);
#3041=FACE_BOUND('',#2841,.T.);
#3042=FACE_BOUND('',#2842,.T.);
#3043=FACE_BOUND('',#2843,.T.);
#3044=FACE_BOUND('',#2844,.T.);
#3045=FACE_BOUND('',#2845,.T.);
#3046=FACE_BOUND('',#2846,.T.);
#3047=FACE_BOUND('',#2847,.T.);
#3048=FACE_BOUND('',#2848,.T.);
#3049=PLANE('',#3378);
#3050=PLANE('',#3379);
#3051=PLANE('',#3380);
#3052=PLANE('',#3381);
#3053=PLANE('',#3387);
#3054=PLANE('',#3393);
#3055=PLANE('',#3394);
#3056=PLANE('',#3395);
#3057=PLANE('',#3396);
#3058=PLANE('',#3397);
#3059=PLANE('',#3398);
#3060=PLANE('',#3399);
#3061=PLANE('',#3400);
#3062=PLANE('',#3401);
#3063=PLANE('',#3402);
#3064=PLANE('',#3406);
#3065=PLANE('',#3407);
#3066=PLANE('',#3408);
#3067=PLANE('',#3409);
#3068=PLANE('',#3410);
#3069=PLANE('',#3411);
#3070=PLANE('',#3413);
#3071=PLANE('',#3414);
#3072=PLANE('',#3415);
#3073=PLANE('',#3416);
#3074=PLANE('',#3418);
#3075=PLANE('',#3419);
#3076=PLANE('',#3420);
#3077=PLANE('',#3422);
#3078=PLANE('',#3423);
#3079=PLANE('',#3425);
#3080=PLANE('',#3430);
#3081=PLANE('',#3431);
#3082=PLANE('',#3433);
#3083=PLANE('',#3434);
#3084=PLANE('',#3438);
#3085=PLANE('',#3439);
#3086=PLANE('',#3440);
#3087=PLANE('',#3441);
#3088=PLANE('',#3442);
#3089=PLANE('',#3443);
#3090=PLANE('',#3444);
#3091=PLANE('',#3446);
#3092=PLANE('',#3448);
#3093=PLANE('',#3449);
#3094=PLANE('',#3450);
#3095=PLANE('',#3451);
#3096=PLANE('',#3452);
#3097=PLANE('',#3455);
#3098=PLANE('',#3456);
#3099=PLANE('',#3457);
#3100=PLANE('',#3458);
#3101=PLANE('',#3459);
#3102=PLANE('',#3460);
#3103=PLANE('',#3461);
#3104=PLANE('',#3462);
#3105=PLANE('',#3463);
#3106=PLANE('',#3464);
#3107=PLANE('',#3465);
#3108=PLANE('',#3466);
#3109=PLANE('',#3467);
#3110=PLANE('',#3469);
#3111=PLANE('',#3473);
#3112=PLANE('',#3474);
#3113=PLANE('',#3481);
#3114=PLANE('',#3482);
#3115=PLANE('',#3483);
#3116=PLANE('',#3486);
#3117=PLANE('',#3489);
#3118=PLANE('',#3494);
#3119=PLANE('',#3497);
#3120=PLANE('',#3502);
#3121=PLANE('',#3503);
#3122=PLANE('',#3504);
#3123=PLANE('',#3505);
#3124=PLANE('',#3508);
#3125=PLANE('',#3509);
#3126=PLANE('',#3510);
#3127=PLANE('',#3511);
#3128=PLANE('',#3512);
#3129=PLANE('',#3513);
#3130=PLANE('',#3514);
#3131=PLANE('',#3515);
#3132=PLANE('',#3516);
#3133=PLANE('',#3517);
#3134=PLANE('',#3518);
#3135=PLANE('',#3519);
#3136=PLANE('',#3520);
#3137=PLANE('',#3521);
#3138=PLANE('',#3522);
#3139=PLANE('',#3523);
#3140=PLANE('',#3524);
#3141=PLANE('',#3526);
#3142=PLANE('',#3528);
#3143=PLANE('',#3530);
#3144=PLANE('',#3532);
#3145=PLANE('',#3534);
#3146=PLANE('',#3535);
#3147=PLANE('',#3536);
#3148=PLANE('',#3543);
#3149=PLANE('',#3544);
#3150=PLANE('',#3545);
#3151=PLANE('',#3546);
#3152=PLANE('',#3547);
#3153=PLANE('',#3549);
#3154=PLANE('',#3550);
#3155=PLANE('',#3551);
#3156=PLANE('',#3552);
#3157=PLANE('',#3553);
#3158=PLANE('',#3557);
#3159=PLANE('',#3561);
#3160=PLANE('',#3562);
#3161=PLANE('',#3563);
#3162=PLANE('',#3564);
#3163=PLANE('',#3565);
#3164=PLANE('',#3566);
#3165=PLANE('',#3568);
#3166=PLANE('',#3569);
#3167=PLANE('',#3570);
#3168=PLANE('',#3574);
#3169=PLANE('',#3578);
#3170=PLANE('',#3579);
#3171=PLANE('',#3580);
#3172=PLANE('',#3581);
#3173=PLANE('',#3582);
#3174=PLANE('',#3583);
#3175=PLANE('',#3585);
#3176=ADVANCED_FACE('',(#2849),#3049,.T.);
#3177=ADVANCED_FACE('',(#2850),#3050,.F.);
#3178=ADVANCED_FACE('',(#2851,#2852),#3051,.F.);
#3179=ADVANCED_FACE('',(#2853,#2854,#2855,#2856,#2857),#3052,.T.);
#3180=ADVANCED_FACE('',(#2858,#2859,#2860,#2861),#3053,.F.);
#3181=ADVANCED_FACE('',(#2862),#3054,.T.);
#3182=ADVANCED_FACE('',(#2863),#3055,.F.);
#3183=ADVANCED_FACE('',(#2864),#3056,.F.);
#3184=ADVANCED_FACE('',(#2865),#3057,.F.);
#3185=ADVANCED_FACE('',(#2866),#3058,.T.);
#3186=ADVANCED_FACE('',(#2867),#46,.T.);
#3187=ADVANCED_FACE('',(#2868),#47,.T.);
#3188=ADVANCED_FACE('',(#2869),#3059,.F.);
#3189=ADVANCED_FACE('',(#2870),#48,.T.);
#3190=ADVANCED_FACE('',(#2871),#49,.T.);
#3191=ADVANCED_FACE('',(#2872),#3060,.F.);
#3192=ADVANCED_FACE('',(#2873),#3061,.T.);
#3193=ADVANCED_FACE('',(#2874),#50,.T.);
#3194=ADVANCED_FACE('',(#2875),#51,.T.);
#3195=ADVANCED_FACE('',(#2876),#3062,.T.);
#3196=ADVANCED_FACE('',(#2877),#3063,.T.);
#3197=ADVANCED_FACE('',(#2878),#33,.T.);
#3198=ADVANCED_FACE('',(#2879),#3064,.T.);
#3199=ADVANCED_FACE('',(#2880),#52,.T.);
#3200=ADVANCED_FACE('',(#2881),#53,.T.);
#3201=ADVANCED_FACE('',(#2882),#3065,.T.);
#3202=ADVANCED_FACE('',(#2883),#3066,.F.);
#3203=ADVANCED_FACE('',(#2884),#3067,.F.);
#3204=ADVANCED_FACE('',(#2885),#3068,.F.);
#3205=ADVANCED_FACE('',(#2886),#3069,.T.);
#3206=ADVANCED_FACE('',(#2887),#3070,.F.);
#3207=ADVANCED_FACE('',(#2888),#3071,.F.);
#3208=ADVANCED_FACE('',(#2889),#3072,.F.);
#3209=ADVANCED_FACE('',(#2890),#3073,.F.);
#3210=ADVANCED_FACE('',(#2891),#54,.T.);
#3211=ADVANCED_FACE('',(#2892),#3074,.F.);
#3212=ADVANCED_FACE('',(#2893),#3075,.T.);
#3213=ADVANCED_FACE('',(#2894),#3076,.T.);
#3214=ADVANCED_FACE('',(#2895),#3077,.T.);
#3215=ADVANCED_FACE('',(#2896),#3078,.F.);
#3216=ADVANCED_FACE('',(#2897),#12,.T.);
#3217=ADVANCED_FACE('',(#2898),#3079,.T.);
#3218=ADVANCED_FACE('',(#2899),#13,.T.);
#3219=ADVANCED_FACE('',(#2900),#34,.T.);
#3220=ADVANCED_FACE('',(#2901),#3080,.F.);
#3221=ADVANCED_FACE('',(#2902),#3081,.T.);
#3222=ADVANCED_FACE('',(#2903),#14,.T.);
#3223=ADVANCED_FACE('',(#2904),#3082,.F.);
#3224=ADVANCED_FACE('',(#2905),#3083,.T.);
#3225=ADVANCED_FACE('',(#2906),#35,.T.);
#3226=ADVANCED_FACE('',(#2907),#3084,.T.);
#3227=ADVANCED_FACE('',(#2908),#3085,.F.);
#3228=ADVANCED_FACE('',(#2909),#55,.T.);
#3229=ADVANCED_FACE('',(#2910),#3086,.T.);
#3230=ADVANCED_FACE('',(#2911),#56,.T.);
#3231=ADVANCED_FACE('',(#2912),#3087,.T.);
#3232=ADVANCED_FACE('',(#2913),#3088,.T.);
#3233=ADVANCED_FACE('',(#2914),#57,.T.);
#3234=ADVANCED_FACE('',(#2915),#3089,.T.);
#3235=ADVANCED_FACE('',(#2916),#58,.T.);
#3236=ADVANCED_FACE('',(#2917),#3090,.T.);
#3237=ADVANCED_FACE('',(#2918),#3091,.F.);
#3238=ADVANCED_FACE('',(#2919),#3092,.T.);
#3239=ADVANCED_FACE('',(#2920),#3093,.T.);
#3240=ADVANCED_FACE('',(#2921),#3094,.T.);
#3241=ADVANCED_FACE('',(#2922),#3095,.F.);
#3242=ADVANCED_FACE('',(#2923),#3096,.F.);
#3243=ADVANCED_FACE('',(#2924),#15,.T.);
#3244=ADVANCED_FACE('',(#2925),#16,.T.);
#3245=ADVANCED_FACE('',(#2926),#3097,.F.);
#3246=ADVANCED_FACE('',(#2927),#3098,.T.);
#3247=ADVANCED_FACE('',(#2928),#3099,.T.);
#3248=ADVANCED_FACE('',(#2929),#59,.T.);
#3249=ADVANCED_FACE('',(#2930),#3100,.T.);
#3250=ADVANCED_FACE('',(#2931),#3101,.T.);
#3251=ADVANCED_FACE('',(#2932),#3102,.T.);
#3252=ADVANCED_FACE('',(#2933),#3103,.F.);
#3253=ADVANCED_FACE('',(#2934,#2935),#3104,.T.);
#3254=ADVANCED_FACE('',(#2936),#3105,.T.);
#3255=ADVANCED_FACE('',(#2937),#3106,.T.);
#3256=ADVANCED_FACE('',(#2938),#3107,.T.);
#3257=ADVANCED_FACE('',(#2939),#3108,.F.);
#3258=ADVANCED_FACE('',(#2940),#3109,.T.);
#3259=ADVANCED_FACE('',(#2941),#3110,.F.);
#3260=ADVANCED_FACE('',(#2942),#36,.T.);
#3261=ADVANCED_FACE('',(#2943),#3111,.T.);
#3262=ADVANCED_FACE('',(#2944),#3112,.F.);
#3263=ADVANCED_FACE('',(#2945),#17,.T.);
#3264=ADVANCED_FACE('',(#2946),#37,.T.);
#3265=ADVANCED_FACE('',(#2947),#18,.T.);
#3266=ADVANCED_FACE('',(#2948),#3113,.F.);
#3267=ADVANCED_FACE('',(#2949),#3114,.T.);
#3268=ADVANCED_FACE('',(#2950),#3115,.T.);
#3269=ADVANCED_FACE('',(#2951),#19,.T.);
#3270=ADVANCED_FACE('',(#2952),#3116,.T.);
#3271=ADVANCED_FACE('',(#2953),#38,.F.);
#3272=ADVANCED_FACE('',(#2954),#3117,.F.);
#3273=ADVANCED_FACE('',(#2955),#39,.F.);
#3274=ADVANCED_FACE('',(#2956,#2957),#40,.F.);
#3275=ADVANCED_FACE('',(#2958),#3118,.T.);
#3276=ADVANCED_FACE('',(#2959),#41,.F.);
#3277=ADVANCED_FACE('',(#2960),#3119,.F.);
#3278=ADVANCED_FACE('',(#2961),#42,.F.);
#3279=ADVANCED_FACE('',(#2962),#60,.T.);
#3280=ADVANCED_FACE('',(#2963),#61,.T.);
#3281=ADVANCED_FACE('',(#2964),#20,.T.);
#3282=ADVANCED_FACE('',(#2965),#3120,.T.);
#3283=ADVANCED_FACE('',(#2966),#62,.T.);
#3284=ADVANCED_FACE('',(#2967),#63,.T.);
#3285=ADVANCED_FACE('',(#2968),#3121,.F.);
#3286=ADVANCED_FACE('',(#2969),#64,.T.);
#3287=ADVANCED_FACE('',(#2970),#65,.T.);
#3288=ADVANCED_FACE('',(#2971),#66,.T.);
#3289=ADVANCED_FACE('',(#2972),#67,.T.);
#3290=ADVANCED_FACE('',(#2973),#3122,.F.);
#3291=ADVANCED_FACE('',(#2974),#68,.T.);
#3292=ADVANCED_FACE('',(#2975),#3123,.T.);
#3293=ADVANCED_FACE('',(#2976),#69,.T.);
#3294=ADVANCED_FACE('',(#2977),#70,.T.);
#3295=ADVANCED_FACE('',(#2978),#71,.T.);
#3296=ADVANCED_FACE('',(#2979),#72,.T.);
#3297=ADVANCED_FACE('',(#2980),#21,.T.);
#3298=ADVANCED_FACE('',(#2981),#3124,.T.);
#3299=ADVANCED_FACE('',(#2982),#3125,.T.);
#3300=ADVANCED_FACE('',(#2983),#3126,.F.);
#3301=ADVANCED_FACE('',(#2984),#3127,.T.);
#3302=ADVANCED_FACE('',(#2985),#3128,.T.);
#3303=ADVANCED_FACE('',(#2986),#73,.T.);
#3304=ADVANCED_FACE('',(#2987),#3129,.F.);
#3305=ADVANCED_FACE('',(#2988),#3130,.T.);
#3306=ADVANCED_FACE('',(#2989),#3131,.T.);
#3307=ADVANCED_FACE('',(#2990),#3132,.F.);
#3308=ADVANCED_FACE('',(#2991),#3133,.T.);
#3309=ADVANCED_FACE('',(#2992),#3134,.T.);
#3310=ADVANCED_FACE('',(#2993),#3135,.F.);
#3311=ADVANCED_FACE('',(#2994),#3136,.F.);
#3312=ADVANCED_FACE('',(#2995),#3137,.F.);
#3313=ADVANCED_FACE('',(#2996),#3138,.F.);
#3314=ADVANCED_FACE('',(#2997),#3139,.F.);
#3315=ADVANCED_FACE('',(#2998),#3140,.F.);
#3316=ADVANCED_FACE('',(#2999),#22,.F.);
#3317=ADVANCED_FACE('',(#3000),#3141,.F.);
#3318=ADVANCED_FACE('',(#3001),#23,.F.);
#3319=ADVANCED_FACE('',(#3002),#3142,.T.);
#3320=ADVANCED_FACE('',(#3003),#24,.F.);
#3321=ADVANCED_FACE('',(#3004),#3143,.F.);
#3322=ADVANCED_FACE('',(#3005),#25,.F.);
#3323=ADVANCED_FACE('',(#3006),#3144,.T.);
#3324=ADVANCED_FACE('',(#3007,#3008),#26,.F.);
#3325=ADVANCED_FACE('',(#3009),#3145,.F.);
#3326=ADVANCED_FACE('',(#3010),#3146,.T.);
#3327=ADVANCED_FACE('',(#3011),#3147,.T.);
#3328=ADVANCED_FACE('',(#3012),#27,.T.);
#3329=ADVANCED_FACE('',(#3013),#28,.T.);
#3330=ADVANCED_FACE('',(#3014),#3148,.T.);
#3331=ADVANCED_FACE('',(#3015),#3149,.F.);
#3332=ADVANCED_FACE('',(#3016),#3150,.T.);
#3333=ADVANCED_FACE('',(#3017),#3151,.T.);
#3334=ADVANCED_FACE('',(#3018),#3152,.F.);
#3335=ADVANCED_FACE('',(#3019),#43,.T.);
#3336=ADVANCED_FACE('',(#3020),#3153,.T.);
#3337=ADVANCED_FACE('',(#3021),#3154,.F.);
#3338=ADVANCED_FACE('',(#3022),#3155,.F.);
#3339=ADVANCED_FACE('',(#3023),#3156,.F.);
#3340=ADVANCED_FACE('',(#3024),#3157,.T.);
#3341=ADVANCED_FACE('',(#3025),#29,.T.);
#3342=ADVANCED_FACE('',(#3026),#3158,.T.);
#3343=ADVANCED_FACE('',(#3027),#30,.T.);
#3344=ADVANCED_FACE('',(#3028),#3159,.T.);
#3345=ADVANCED_FACE('',(#3029),#3160,.F.);
#3346=ADVANCED_FACE('',(#3030),#3161,.T.);
#3347=ADVANCED_FACE('',(#3031),#3162,.T.);
#3348=ADVANCED_FACE('',(#3032),#3163,.F.);
#3349=ADVANCED_FACE('',(#3033),#3164,.F.);
#3350=ADVANCED_FACE('',(#3034),#44,.T.);
#3351=ADVANCED_FACE('',(#3035),#3165,.T.);
#3352=ADVANCED_FACE('',(#3036),#3166,.F.);
#3353=ADVANCED_FACE('',(#3037),#3167,.T.);
#3354=ADVANCED_FACE('',(#3038),#31,.T.);
#3355=ADVANCED_FACE('',(#3039),#3168,.T.);
#3356=ADVANCED_FACE('',(#3040),#32,.T.);
#3357=ADVANCED_FACE('',(#3041),#3169,.T.);
#3358=ADVANCED_FACE('',(#3042),#3170,.F.);
#3359=ADVANCED_FACE('',(#3043),#3171,.T.);
#3360=ADVANCED_FACE('',(#3044),#3172,.T.);
#3361=ADVANCED_FACE('',(#3045),#3173,.F.);
#3362=ADVANCED_FACE('',(#3046),#3174,.F.);
#3363=ADVANCED_FACE('',(#3047),#45,.T.);
#3364=ADVANCED_FACE('',(#3048),#3175,.T.);
#3365=CLOSED_SHELL('',(#3176,#3177,#3178,#3179,#3180,#3181,#3182,#3183,
#3184,#3185,#3186,#3187,#3188,#3189,#3190,#3191,#3192,#3193,#3194,#3195,
#3196,#3197,#3198,#3199,#3200,#3201,#3202,#3203,#3204,#3205,#3206,#3207,
#3208,#3209,#3210,#3211,#3212,#3213,#3214,#3215,#3216,#3217,#3218,#3219,
#3220,#3221,#3222,#3223,#3224,#3225,#3226,#3227,#3228,#3229,#3230,#3231,
#3232,#3233,#3234,#3235,#3236,#3237,#3238,#3239,#3240,#3241,#3242,#3243,
#3244,#3245,#3246,#3247,#3248,#3249,#3250,#3251,#3252,#3253,#3254,#3255,
#3256,#3257,#3258,#3259,#3260,#3261,#3262,#3263,#3264,#3265,#3266,#3267,
#3268,#3269,#3270,#3271,#3272,#3273,#3274,#3275,#3276,#3277,#3278,#3279,
#3280,#3281,#3282,#3283,#3284,#3285,#3286,#3287,#3288,#3289,#3290,#3291,
#3292,#3293,#3294,#3295,#3296,#3297,#3298,#3299,#3300,#3301,#3302,#3303,
#3304,#3305,#3306,#3307,#3308,#3309,#3310,#3311,#3312,#3313,#3314,#3315,
#3316,#3317,#3318,#3319,#3320,#3321,#3322,#3323,#3324,#3325,#3326,#3327,
#3328,#3329,#3330,#3331,#3332,#3333,#3334,#3335,#3336,#3337,#3338,#3339,
#3340,#3341,#3342,#3343,#3344,#3345,#3346,#3347,#3348,#3349,#3350,#3351,
#3352,#3353,#3354,#3355,#3356,#3357,#3358,#3359,#3360,#3361,#3362,#3363,
#3364));
#3366=STYLED_ITEM('',(#3367),#3374);
#3367=PRESENTATION_STYLE_ASSIGNMENT((#3368));
#3368=SURFACE_STYLE_USAGE(.BOTH.,#3369);
#3369=SURFACE_SIDE_STYLE('',(#3370));
#3370=SURFACE_STYLE_FILL_AREA(#3371);
#3371=FILL_AREA_STYLE('',(#3372));
#3372=FILL_AREA_STYLE_COLOUR('',#3373);
#3373=COLOUR_RGB('',0.349019607843138,0.376470588235294,0.4);
#3374=MANIFOLD_SOLID_BREP('Front_Cover',#3365);
#3375=SHAPE_DEFINITION_REPRESENTATION(#6826,#3376);
#3376=SHAPE_REPRESENTATION('Front_Cover',(#3377),#6821);
#3377=AXIS2_PLACEMENT_3D('',#4356,#3586,#3587);
#3378=AXIS2_PLACEMENT_3D('',#4357,#3588,#3589);
#3379=AXIS2_PLACEMENT_3D('',#4366,#3594,#3595);
#3380=AXIS2_PLACEMENT_3D('',#4375,#3600,#3601);
#3381=AXIS2_PLACEMENT_3D('',#4455,#3612,#3613);
#3382=AXIS2_PLACEMENT_3D('',#4576,#3624,#3625);
#3383=AXIS2_PLACEMENT_3D('',#4581,#3627,#3628);
#3384=AXIS2_PLACEMENT_3D('',#4584,#3630,#3631);
#3385=AXIS2_PLACEMENT_3D('',#4586,#3632,#3633);
#3386=AXIS2_PLACEMENT_3D('',#4591,#3635,#3636);
#3387=AXIS2_PLACEMENT_3D('',#4594,#3638,#3639);
#3388=AXIS2_PLACEMENT_3D('',#4760,#3707,#3708);
#3389=AXIS2_PLACEMENT_3D('',#4764,#3710,#3711);
#3390=AXIS2_PLACEMENT_3D('',#4768,#3713,#3714);
#3391=AXIS2_PLACEMENT_3D('',#4772,#3716,#3717);
#3392=AXIS2_PLACEMENT_3D('',#4773,#3718,#3719);
#3393=AXIS2_PLACEMENT_3D('',#4775,#3720,#3721);
#3394=AXIS2_PLACEMENT_3D('',#4786,#3725,#3726);
#3395=AXIS2_PLACEMENT_3D('',#4813,#3741,#3742);
#3396=AXIS2_PLACEMENT_3D('',#4816,#3745,#3746);
#3397=AXIS2_PLACEMENT_3D('',#4819,#3749,#3750);
#3398=AXIS2_PLACEMENT_3D('',#4899,#3756,#3757);
#3399=AXIS2_PLACEMENT_3D('',#5011,#3763,#3764);
#3400=AXIS2_PLACEMENT_3D('',#5015,#3767,#3768);
#3401=AXIS2_PLACEMENT_3D('',#5052,#3775,#3776);
#3402=AXIS2_PLACEMENT_3D('',#5057,#3780,#3781);
#3403=AXIS2_PLACEMENT_3D('',#5066,#3784,#3785);
#3404=AXIS2_PLACEMENT_3D('',#5070,#3787,#3788);
#3405=AXIS2_PLACEMENT_3D('',#5073,#3790,#3791);
#3406=AXIS2_PLACEMENT_3D('',#5074,#3792,#3793);
#3407=AXIS2_PLACEMENT_3D('',#5226,#3800,#3801);
#3408=AXIS2_PLACEMENT_3D('',#5232,#3805,#3806);
#3409=AXIS2_PLACEMENT_3D('',#5236,#3809,#3810);
#3410=AXIS2_PLACEMENT_3D('',#5238,#3812,#3813);
#3411=AXIS2_PLACEMENT_3D('',#5248,#3819,#3820);
#3412=AXIS2_PLACEMENT_3D('',#5249,#3821,#3822);
#3413=AXIS2_PLACEMENT_3D('',#5254,#3825,#3826);
#3414=AXIS2_PLACEMENT_3D('',#5258,#3829,#3830);
#3415=AXIS2_PLACEMENT_3D('',#5262,#3833,#3834);
#3416=AXIS2_PLACEMENT_3D('',#5266,#3837,#3838);
#3417=AXIS2_PLACEMENT_3D('',#5267,#3839,#3840);
#3418=AXIS2_PLACEMENT_3D('',#5311,#3843,#3844);
#3419=AXIS2_PLACEMENT_3D('',#5313,#3846,#3847);
#3420=AXIS2_PLACEMENT_3D('',#5320,#3849,#3850);
#3421=AXIS2_PLACEMENT_3D('',#5321,#3851,#3852);
#3422=AXIS2_PLACEMENT_3D('',#5326,#3855,#3856);
#3423=AXIS2_PLACEMENT_3D('',#5330,#3859,#3860);
#3424=AXIS2_PLACEMENT_3D('',#5334,#3863,#3864);
#3425=AXIS2_PLACEMENT_3D('',#5339,#3865,#3866);
#3426=AXIS2_PLACEMENT_3D('',#5342,#3869,#3870);
#3427=AXIS2_PLACEMENT_3D('',#5347,#3871,#3872);
#3428=AXIS2_PLACEMENT_3D('',#5348,#3873,#3874);
#3429=AXIS2_PLACEMENT_3D('',#5352,#3876,#3877);
#3430=AXIS2_PLACEMENT_3D('',#5353,#3878,#3879);
#3431=AXIS2_PLACEMENT_3D('',#5354,#3880,#3881);
#3432=AXIS2_PLACEMENT_3D('',#5355,#3882,#3883);
#3433=AXIS2_PLACEMENT_3D('',#5360,#3884,#3885);
#3434=AXIS2_PLACEMENT_3D('',#5362,#3887,#3888);
#3435=AXIS2_PLACEMENT_3D('',#5364,#3890,#3891);
#3436=AXIS2_PLACEMENT_3D('',#5368,#3893,#3894);
#3437=AXIS2_PLACEMENT_3D('',#5372,#3896,#3897);
#3438=AXIS2_PLACEMENT_3D('',#5373,#3898,#3899);
#3439=AXIS2_PLACEMENT_3D('',#5379,#3903,#3904);
#3440=AXIS2_PLACEMENT_3D('',#5392,#3909,#3910);
#3441=AXIS2_PLACEMENT_3D('',#5416,#3913,#3914);
#3442=AXIS2_PLACEMENT_3D('',#5429,#3922,#3923);
#3443=AXIS2_PLACEMENT_3D('',#5486,#3927,#3928);
#3444=AXIS2_PLACEMENT_3D('',#5577,#3933,#3934);
#3445=AXIS2_PLACEMENT_3D('',#5580,#3936,#3937);
#3446=AXIS2_PLACEMENT_3D('',#5585,#3940,#3941);
#3447=AXIS2_PLACEMENT_3D('',#5589,#3943,#3944);
#3448=AXIS2_PLACEMENT_3D('',#5593,#3947,#3948);
#3449=AXIS2_PLACEMENT_3D('',#5599,#3950,#3951);
#3450=AXIS2_PLACEMENT_3D('',#5600,#3952,#3953);
#3451=AXIS2_PLACEMENT_3D('',#5602,#3955,#3956);
#3452=AXIS2_PLACEMENT_3D('',#5607,#3957,#3958);
#3453=AXIS2_PLACEMENT_3D('',#5613,#3960,#3961);
#3454=AXIS2_PLACEMENT_3D('',#5614,#3962,#3963);
#3455=AXIS2_PLACEMENT_3D('',#5619,#3964,#3965);
#3456=AXIS2_PLACEMENT_3D('',#5621,#3967,#3968);
#3457=AXIS2_PLACEMENT_3D('',#5623,#3970,#3971);
#3458=AXIS2_PLACEMENT_3D('',#5666,#3974,#3975);
#3459=AXIS2_PLACEMENT_3D('',#5712,#3979,#3980);
#3460=AXIS2_PLACEMENT_3D('',#5716,#3983,#3984);
#3461=AXIS2_PLACEMENT_3D('',#5720,#3987,#3988);
#3462=AXIS2_PLACEMENT_3D('',#5724,#3991,#3992);
#3463=AXIS2_PLACEMENT_3D('',#5808,#3996,#3997);
#3464=AXIS2_PLACEMENT_3D('',#5818,#4003,#4004);
#3465=AXIS2_PLACEMENT_3D('',#5820,#4006,#4007);
#3466=AXIS2_PLACEMENT_3D('',#5826,#4011,#4012);
#3467=AXIS2_PLACEMENT_3D('',#5830,#4015,#4016);
#3468=AXIS2_PLACEMENT_3D('',#5831,#4017,#4018);
#3469=AXIS2_PLACEMENT_3D('',#5836,#4021,#4022);
#3470=AXIS2_PLACEMENT_3D('',#5841,#4023,#4024);
#3471=AXIS2_PLACEMENT_3D('',#5845,#4026,#4027);
#3472=AXIS2_PLACEMENT_3D('',#5846,#4028,#4029);
#3473=AXIS2_PLACEMENT_3D('',#5847,#4030,#4031);
#3474=AXIS2_PLACEMENT_3D('',#5850,#4034,#4035);
#3475=AXIS2_PLACEMENT_3D('',#5855,#4036,#4037);
#3476=AXIS2_PLACEMENT_3D('',#5856,#4038,#4039);
#3477=AXIS2_PLACEMENT_3D('',#5860,#4041,#4042);
#3478=AXIS2_PLACEMENT_3D('',#5861,#4043,#4044);
#3479=AXIS2_PLACEMENT_3D('',#5862,#4045,#4046);
#3480=AXIS2_PLACEMENT_3D('',#5873,#4047,#4048);
#3481=AXIS2_PLACEMENT_3D('',#5874,#4049,#4050);
#3482=AXIS2_PLACEMENT_3D('',#5880,#4054,#4055);
#3483=AXIS2_PLACEMENT_3D('',#5884,#4058,#4059);
#3484=AXIS2_PLACEMENT_3D('',#5893,#4062,#4063);
#3485=AXIS2_PLACEMENT_3D('',#5894,#4064,#4065);
#3486=AXIS2_PLACEMENT_3D('',#5900,#4066,#4067);
#3487=AXIS2_PLACEMENT_3D('',#5906,#4071,#4072);
#3488=AXIS2_PLACEMENT_3D('',#5909,#4074,#4075);
#3489=AXIS2_PLACEMENT_3D('',#5910,#4076,#4077);
#3490=AXIS2_PLACEMENT_3D('',#5914,#4080,#4081);
#3491=AXIS2_PLACEMENT_3D('',#5915,#4082,#4083);
#3492=AXIS2_PLACEMENT_3D('',#5916,#4084,#4085);
#3493=AXIS2_PLACEMENT_3D('',#5917,#4086,#4087);
#3494=AXIS2_PLACEMENT_3D('',#5919,#4088,#4089);
#3495=AXIS2_PLACEMENT_3D('',#5925,#4093,#4094);
#3496=AXIS2_PLACEMENT_3D('',#5928,#4096,#4097);
#3497=AXIS2_PLACEMENT_3D('',#5929,#4098,#4099);
#3498=AXIS2_PLACEMENT_3D('',#5933,#4102,#4103);
#3499=AXIS2_PLACEMENT_3D('',#5934,#4104,#4105);
#3500=AXIS2_PLACEMENT_3D('',#6047,#4106,#4107);
#3501=AXIS2_PLACEMENT_3D('',#6058,#4108,#4109);
#3502=AXIS2_PLACEMENT_3D('',#6059,#4110,#4111);
#3503=AXIS2_PLACEMENT_3D('',#6148,#4115,#4116);
#3504=AXIS2_PLACEMENT_3D('',#6373,#4121,#4122);
#3505=AXIS2_PLACEMENT_3D('',#6440,#4125,#4126);
#3506=AXIS2_PLACEMENT_3D('',#6543,#4128,#4129);
#3507=AXIS2_PLACEMENT_3D('',#6549,#4130,#4131);
#3508=AXIS2_PLACEMENT_3D('',#6555,#4132,#4133);
#3509=AXIS2_PLACEMENT_3D('',#6559,#4136,#4137);
#3510=AXIS2_PLACEMENT_3D('',#6561,#4139,#4140);
#3511=AXIS2_PLACEMENT_3D('',#6563,#4142,#4143);
#3512=AXIS2_PLACEMENT_3D('',#6565,#4145,#4146);
#3513=AXIS2_PLACEMENT_3D('',#6608,#4149,#4150);
#3514=AXIS2_PLACEMENT_3D('',#6610,#4152,#4153);
#3515=AXIS2_PLACEMENT_3D('',#6612,#4155,#4156);
#3516=AXIS2_PLACEMENT_3D('',#6614,#4158,#4159);
#3517=AXIS2_PLACEMENT_3D('',#6616,#4161,#4162);
#3518=AXIS2_PLACEMENT_3D('',#6618,#4164,#4165);
#3519=AXIS2_PLACEMENT_3D('',#6620,#4167,#4168);
#3520=AXIS2_PLACEMENT_3D('',#6622,#4170,#4171);
#3521=AXIS2_PLACEMENT_3D('',#6623,#4172,#4173);
#3522=AXIS2_PLACEMENT_3D('',#6625,#4175,#4176);
#3523=AXIS2_PLACEMENT_3D('',#6627,#4178,#4179);
#3524=AXIS2_PLACEMENT_3D('',#6629,#4181,#4182);
#3525=AXIS2_PLACEMENT_3D('',#6630,#4183,#4184);
#3526=AXIS2_PLACEMENT_3D('',#6633,#4187,#4188);
#3527=AXIS2_PLACEMENT_3D('',#6635,#4190,#4191);
#3528=AXIS2_PLACEMENT_3D('',#6637,#4193,#4194);
#3529=AXIS2_PLACEMENT_3D('',#6638,#4195,#4196);
#3530=AXIS2_PLACEMENT_3D('',#6641,#4199,#4200);
#3531=AXIS2_PLACEMENT_3D('',#6643,#4202,#4203);
#3532=AXIS2_PLACEMENT_3D('',#6645,#4205,#4206);
#3533=AXIS2_PLACEMENT_3D('',#6646,#4207,#4208);
#3534=AXIS2_PLACEMENT_3D('',#6647,#4209,#4210);
#3535=AXIS2_PLACEMENT_3D('',#6659,#4214,#4215);
#3536=AXIS2_PLACEMENT_3D('',#6671,#4219,#4220);
#3537=AXIS2_PLACEMENT_3D('',#6674,#4223,#4224);
#3538=AXIS2_PLACEMENT_3D('',#6675,#4225,#4226);
#3539=AXIS2_PLACEMENT_3D('',#6681,#4227,#4228);
#3540=AXIS2_PLACEMENT_3D('',#6682,#4229,#4230);
#3541=AXIS2_PLACEMENT_3D('',#6683,#4231,#4232);
#3542=AXIS2_PLACEMENT_3D('',#6689,#4233,#4234);
#3543=AXIS2_PLACEMENT_3D('',#6690,#4235,#4236);
#3544=AXIS2_PLACEMENT_3D('',#6693,#4239,#4240);
#3545=AXIS2_PLACEMENT_3D('',#6695,#4242,#4243);
#3546=AXIS2_PLACEMENT_3D('',#6697,#4245,#4246);
#3547=AXIS2_PLACEMENT_3D('',#6699,#4248,#4249);
#3548=AXIS2_PLACEMENT_3D('',#6701,#4251,#4252);
#3549=AXIS2_PLACEMENT_3D('',#6702,#4253,#4254);
#3550=AXIS2_PLACEMENT_3D('',#6703,#4255,#4256);
#3551=AXIS2_PLACEMENT_3D('',#6705,#4258,#4259);
#3552=AXIS2_PLACEMENT_3D('',#6706,#4260,#4261);
#3553=AXIS2_PLACEMENT_3D('',#6718,#4265,#4266);
#3554=AXIS2_PLACEMENT_3D('',#6730,#4270,#4271);
#3555=AXIS2_PLACEMENT_3D('',#6731,#4272,#4273);
#3556=AXIS2_PLACEMENT_3D('',#6737,#4274,#4275);
#3557=AXIS2_PLACEMENT_3D('',#6738,#4276,#4277);
#3558=AXIS2_PLACEMENT_3D('',#6741,#4280,#4281);
#3559=AXIS2_PLACEMENT_3D('',#6742,#4282,#4283);
#3560=AXIS2_PLACEMENT_3D('',#6748,#4284,#4285);
#3561=AXIS2_PLACEMENT_3D('',#6749,#4286,#4287);
#3562=AXIS2_PLACEMENT_3D('',#6752,#4290,#4291);
#3563=AXIS2_PLACEMENT_3D('',#6754,#4293,#4294);
#3564=AXIS2_PLACEMENT_3D('',#6756,#4296,#4297);
#3565=AXIS2_PLACEMENT_3D('',#6758,#4299,#4300);
#3566=AXIS2_PLACEMENT_3D('',#6760,#4302,#4303);
#3567=AXIS2_PLACEMENT_3D('',#6761,#4304,#4305);
#3568=AXIS2_PLACEMENT_3D('',#6762,#4306,#4307);
#3569=AXIS2_PLACEMENT_3D('',#6763,#4308,#4309);
#3570=AXIS2_PLACEMENT_3D('',#6775,#4313,#4314);
#3571=AXIS2_PLACEMENT_3D('',#6787,#4318,#4319);
#3572=AXIS2_PLACEMENT_3D('',#6788,#4320,#4321);
#3573=AXIS2_PLACEMENT_3D('',#6794,#4322,#4323);
#3574=AXIS2_PLACEMENT_3D('',#6795,#4324,#4325);
#3575=AXIS2_PLACEMENT_3D('',#6798,#4328,#4329);
#3576=AXIS2_PLACEMENT_3D('',#6799,#4330,#4331);
#3577=AXIS2_PLACEMENT_3D('',#6805,#4332,#4333);
#3578=AXIS2_PLACEMENT_3D('',#6806,#4334,#4335);
#3579=AXIS2_PLACEMENT_3D('',#6809,#4338,#4339);
#3580=AXIS2_PLACEMENT_3D('',#6811,#4341,#4342);
#3581=AXIS2_PLACEMENT_3D('',#6813,#4344,#4345);
#3582=AXIS2_PLACEMENT_3D('',#6815,#4347,#4348);
#3583=AXIS2_PLACEMENT_3D('',#6817,#4350,#4351);
#3584=AXIS2_PLACEMENT_3D('',#6818,#4352,#4353);
#3585=AXIS2_PLACEMENT_3D('',#6819,#4354,#4355);
#3586=DIRECTION('',(0.,0.,1.));
#3587=DIRECTION('',(1.,0.,0.));
#3588=DIRECTION('',(-0.707106781186548,0.707106781186548,-4.32978028117747E-17));
#3589=DIRECTION('',(0.,6.12323399573677E-17,1.));
#3590=DIRECTION('',(-0.577350269189626,-0.577350269189626,-0.577350269189626));
#3591=DIRECTION('',(0.,-6.12323399573677E-17,-1.));
#3592=DIRECTION('',(-0.577350269189633,-0.577350269189592,0.577350269189653));
#3593=DIRECTION('',(0.,6.12323399573677E-17,1.));
#3594=DIRECTION('',(-0.707106781186548,-0.707106781186548,4.32978028117747E-17));
#3595=DIRECTION('',(0.,-6.12323399573677E-17,-1.));
#3596=DIRECTION('',(0.577350269189626,-0.577350269189626,-0.577350269189626));
#3597=DIRECTION('',(0.,-6.12323399573677E-17,-1.));
#3598=DIRECTION('',(0.577350269189626,-0.577350269189626,0.577350269189626));
#3599=DIRECTION('',(0.,6.12323399573677E-17,1.));
#3600=DIRECTION('',(0.,-1.,6.12323399573677E-17));
#3601=DIRECTION('',(-1.,0.,0.));
#3602=DIRECTION('',(0.,-6.12323399573677E-17,-1.));
#3603=DIRECTION('',(1.,0.,0.));
#3604=DIRECTION('',(0.,-6.12323399573677E-17,-1.));
#3605=DIRECTION('',(1.,0.,0.));
#3606=DIRECTION('',(0.,-6.12323399573677E-17,-1.));
#3607=DIRECTION('',(0.,6.12323399573677E-17,1.));
#3608=DIRECTION('',(0.,6.12323399573677E-17,1.));
#3609=DIRECTION('',(-1.,-7.38929931221138E-33,-1.20676415720126E-16));
#3610=DIRECTION('',(0.,6.12323399573677E-17,1.));
#3611=DIRECTION('',(-1.,-7.38929931221138E-33,-1.20676415720126E-16));
#3612=DIRECTION('',(0.,-1.,6.12323399573677E-17));
#3613=DIRECTION('',(-1.,0.,0.));
#3614=DIRECTION('',(0.,-6.12323399573677E-17,-1.));
#3615=DIRECTION('',(1.,0.,0.));
#3616=DIRECTION('',(-1.,0.,0.));
#3617=DIRECTION('',(0.,6.12323399573677E-17,1.));
#3618=DIRECTION('',(1.,0.,0.));
#3619=DIRECTION('',(0.,6.12323399573677E-17,1.));
#3620=DIRECTION('',(0.,6.12323399573677E-17,1.));
#3621=DIRECTION('',(-1.,0.,0.));
#3622=DIRECTION('',(0.,-6.12323399573677E-17,-1.));
#3623=DIRECTION('',(1.,0.,0.));
#3624=DIRECTION('',(0.,-1.,6.12323399573677E-17));
#3625=DIRECTION('',(0.,-6.12323399573677E-17,-1.));
#3626=DIRECTION('',(-0.447213595499958,-5.47678698264203E-17,-0.894427190999916));
#3627=DIRECTION('',(0.,-1.,6.12323399573677E-17));
#3628=DIRECTION('',(0.,-6.12323399573677E-17,-1.));
#3629=DIRECTION('',(-0.447213595499958,-5.47678698264203E-17,-0.894427190999916));
#3630=DIRECTION('',(0.,-1.,6.12323399573677E-17));
#3631=DIRECTION('',(0.,-6.12323399573677E-17,-1.));
#3632=DIRECTION('',(0.,-1.,6.12323399573677E-17));
#3633=DIRECTION('',(0.,-6.12323399573677E-17,-1.));
#3634=DIRECTION('',(-0.447213595499958,-5.47678698264203E-17,-0.894427190999916));
#3635=DIRECTION('',(0.,-1.,6.12323399573677E-17));
#3636=DIRECTION('',(0.,-6.12323399573677E-17,-1.));
#3637=DIRECTION('',(-0.447213595499958,-5.47678698264203E-17,-0.894427190999916));
#3638=DIRECTION('',(0.,-1.,6.12323399573677E-17));
#3639=DIRECTION('',(-1.,0.,0.));
#3640=DIRECTION('',(0.707106781186548,-4.32978028117747E-17,-0.707106781186548));
#3641=DIRECTION('',(-1.,-1.7703529602173E-32,-2.89120579329468E-16));
#3642=DIRECTION('',(-0.816496580927719,-3.53525079574975E-17,-0.577350269189636));
#3643=DIRECTION('',(0.,-6.12323399573677E-17,-1.));
#3644=DIRECTION('',(-0.816496580927718,3.53525079574976E-17,0.577350269189638));
#3645=DIRECTION('',(1.,0.,0.));
#3646=DIRECTION('',(0.707106781186548,4.32978028117747E-17,0.707106781186548));
#3647=DIRECTION('',(0.,-6.12323399573677E-17,-1.));
#3648=DIRECTION('',(0.707106781186545,-4.32978028117749E-17,-0.707106781186551));
#3649=DIRECTION('',(1.,0.,0.));
#3650=DIRECTION('',(-0.816496580927719,-3.53525079574975E-17,-0.577350269189636));
#3651=DIRECTION('',(0.,-6.12323399573677E-17,-1.));
#3652=DIRECTION('',(-0.816496580927721,3.53525079574973E-17,0.577350269189633));
#3653=DIRECTION('',(-1.,0.,0.));
#3654=DIRECTION('',(0.707106781186548,4.32978028117747E-17,0.707106781186548));
#3655=DIRECTION('',(0.,-6.12323399573677E-17,-1.));
#3656=DIRECTION('',(-1.,-7.38929931221138E-33,-1.20676415720126E-16));
#3657=DIRECTION('',(0.707106781186549,4.32978028117746E-17,0.707106781186546));
#3658=DIRECTION('',(1.44560289664734E-16,6.12323399573677E-17,1.));
#3659=DIRECTION('',(-0.577350269189632,4.99959962173946E-17,0.816496580927722));
#3660=DIRECTION('',(-1.,0.,0.));
#3661=DIRECTION('',(0.577350269189631,4.99959962173946E-17,0.816496580927722));
#3662=DIRECTION('',(7.2280144832367E-17,6.12323399573677E-17,1.));
#3663=DIRECTION('',(-0.707106781186548,4.32978028117747E-17,0.707106781186548));
#3664=DIRECTION('',(-1.,-7.38929931221138E-33,-1.20676415720126E-16));
#3665=DIRECTION('',(0.,6.12323399573677E-17,1.));
#3666=DIRECTION('',(-0.707106781186548,4.32978028117747E-17,0.707106781186548));
#3667=DIRECTION('',(-1.,0.,0.));
#3668=DIRECTION('',(0.816496580927718,3.53525079574976E-17,0.577350269189637));
#3669=DIRECTION('',(0.,6.12323399573677E-17,1.));
#3670=DIRECTION('',(-0.816496580927717,3.53525079574977E-17,0.577350269189639));
#3671=DIRECTION('',(-1.,0.,0.));
#3672=DIRECTION('',(0.707106781186545,4.32978028117749E-17,0.707106781186551));
#3673=DIRECTION('',(0.,6.12323399573677E-17,1.));
#3674=DIRECTION('',(-0.707106781186548,4.32978028117747E-17,0.707106781186548));
#3675=DIRECTION('',(-1.,0.,0.));
#3676=DIRECTION('',(0.816496580927718,3.53525079574976E-17,0.577350269189638));
#3677=DIRECTION('',(0.,-6.12323399573677E-17,-1.));
#3678=DIRECTION('',(0.816496580927719,-3.53525079574975E-17,-0.577350269189636));
#3679=DIRECTION('',(1.,-1.7703529602173E-32,-2.89120579329468E-16));
#3680=DIRECTION('',(-0.707106781186548,-4.32978028117747E-17,-0.707106781186548));
#3681=DIRECTION('',(0.707106781186535,-4.32978028117754E-17,-0.70710678118656));
#3682=DIRECTION('',(-1.,0.,0.));
#3683=DIRECTION('',(-0.816496580927721,-3.53525079574973E-17,-0.577350269189633));
#3684=DIRECTION('',(0.,6.12323399573677E-17,1.));
#3685=DIRECTION('',(0.816496580927718,-3.53525079574976E-17,-0.577350269189637));
#3686=DIRECTION('',(-1.,0.,0.));
#3687=DIRECTION('',(-0.70710678118656,-4.32978028117739E-17,-0.707106781186535));
#3688=DIRECTION('',(0.,6.12323399573677E-17,1.));
#3689=DIRECTION('',(1.,7.38929931221138E-33,1.20676415720126E-16));
#3690=DIRECTION('',(-0.707106781186549,-4.32978028117746E-17,-0.707106781186546));
#3691=DIRECTION('',(7.2280144832367E-17,6.12323399573677E-17,1.));
#3692=DIRECTION('',(0.57735026918963,-4.99959962173947E-17,-0.816496580927723));
#3693=DIRECTION('',(1.,0.,0.));
#3694=DIRECTION('',(-0.57735026918962,-4.99959962173951E-17,-0.81649658092773));
#3695=DIRECTION('',(0.,6.12323399573677E-17,1.));
#3696=DIRECTION('',(0.70710678118655,-4.32978028117745E-17,-0.707106781186545));
#3697=DIRECTION('',(1.,7.38929931221138E-33,1.20676415720126E-16));
#3698=DIRECTION('',(0.,-6.12323399573677E-17,-1.));
#3699=DIRECTION('',(0.707106781186548,-4.32978028117747E-17,-0.707106781186548));
#3700=DIRECTION('',(-1.,-1.7703529602173E-32,-2.89120579329468E-16));
#3701=DIRECTION('',(-0.816496580927719,-3.53525079574975E-17,-0.577350269189636));
#3702=DIRECTION('',(0.,-6.12323399573677E-17,-1.));
#3703=DIRECTION('',(-0.816496580927718,3.53525079574976E-17,0.577350269189638));
#3704=DIRECTION('',(1.,0.,0.));
#3705=DIRECTION('',(0.707106781186548,4.32978028117747E-17,0.707106781186548));
#3706=DIRECTION('',(0.447213595499958,5.47678698264203E-17,0.894427190999916));
#3707=DIRECTION('',(0.,-1.,6.12323399573677E-17));
#3708=DIRECTION('',(-1.,0.,0.));
#3709=DIRECTION('',(-0.447213595499958,-5.47678698264203E-17,-0.894427190999916));
#3710=DIRECTION('',(0.,-1.,6.12323399573677E-17));
#3711=DIRECTION('',(-1.,0.,0.));
#3712=DIRECTION('',(0.447213595499958,5.47678698264203E-17,0.894427190999916));
#3713=DIRECTION('',(0.,-1.,6.12323399573677E-17));
#3714=DIRECTION('',(-1.,0.,0.));
#3715=DIRECTION('',(-0.447213595499958,-5.47678698264203E-17,-0.894427190999916));
#3716=DIRECTION('',(0.,-1.,6.12323399573677E-17));
#3717=DIRECTION('',(-1.,0.,0.));
#3718=DIRECTION('',(0.,-1.,6.12323399573677E-17));
#3719=DIRECTION('',(-1.,0.,0.));
#3720=DIRECTION('',(0.707106781186548,-0.707106781186548,4.32978028117747E-17));
#3721=DIRECTION('',(0.,6.12323399573677E-17,1.));
#3722=DIRECTION('',(0.707106781186561,0.707106781186534,-4.32978028117738E-17));
#3723=DIRECTION('',(0.,-6.12323399573677E-17,-1.));
#3724=DIRECTION('',(0.,-6.12323399573677E-17,-1.));
#3725=DIRECTION('',(-1.,0.,0.));
#3726=DIRECTION('',(0.,-6.12323399573677E-17,-1.));
#3727=DIRECTION('',(0.,6.12323399573677E-17,1.));
#3728=DIRECTION('',(0.,1.,-6.12323399573677E-17));
#3729=DIRECTION('',(-2.89120579329468E-16,6.12323399573677E-17,1.));
#3730=DIRECTION('',(0.,-1.,6.12323399573677E-17));
#3731=DIRECTION('',(0.,1.,-6.12323399573677E-17));
#3732=DIRECTION('',(-2.89120579329468E-16,6.12323399573677E-17,1.));
#3733=DIRECTION('',(0.,-1.,6.12323399573677E-17));
#3734=DIRECTION('',(0.,6.12323399573677E-17,1.));
#3735=DIRECTION('',(0.,-1.,6.12323399573677E-17));
#3736=DIRECTION('',(0.,1.,-6.12323399573677E-17));
#3737=DIRECTION('',(0.,6.12323399573677E-17,1.));
#3738=DIRECTION('',(0.,1.,-6.12323399573677E-17));
#3739=DIRECTION('',(-2.89120579329468E-16,6.12323399573677E-17,1.));
#3740=DIRECTION('',(0.,-1.,6.12323399573677E-17));
#3741=DIRECTION('',(-1.,0.,0.));
#3742=DIRECTION('',(0.,-6.12323399573677E-17,-1.));
#3743=DIRECTION('',(0.,-1.,6.12323399573677E-17));
#3744=DIRECTION('',(0.,1.,-6.12323399573677E-17));
#3745=DIRECTION('',(-0.707106781186548,-0.707106781186548,4.32978028117747E-17));
#3746=DIRECTION('',(0.,-6.12323399573677E-17,-1.));
#3747=DIRECTION('',(0.577350269189624,-0.577350269189624,-0.577350269189629));
#3748=DIRECTION('',(0.577350269189626,-0.577350269189626,0.577350269189626));
#3749=DIRECTION('',(-0.707106781186548,-0.707106781186548,4.32978028117747E-17));
#3750=DIRECTION('',(0.,-6.12323399573677E-17,-1.));
#3751=DIRECTION('',(0.707106781186554,-0.707106781186542,4.32978028117743E-17));
#3752=DIRECTION('',(-0.707106781186548,0.707106781186548,-4.32978028117747E-17));
#3753=DIRECTION('',(0.,6.12323399573677E-17,1.));
#3754=DIRECTION('',(0.,1.,-6.12323399573677E-17));
#3755=DIRECTION('',(0.,0.707106781186548,-0.707106781186548));
#3756=DIRECTION('',(0.707106781186548,0.707106781186548,-4.32978028117747E-17));
#3757=DIRECTION('',(0.,-6.12323399573677E-17,-1.));
#3758=DIRECTION('',(0.707106781186543,-0.707106781186552,4.32978028117749E-17));
#3759=DIRECTION('',(-0.707106781186561,0.707106781186534,-4.32978028117738E-17));
#3760=DIRECTION('',(0.,6.12323399573677E-17,1.));
#3761=DIRECTION('',(0.,0.707106781186534,-0.707106781186561));
#3762=DIRECTION('',(0.,-0.707106781187343,-0.707106781185752));
#3763=DIRECTION('',(0.,0.707106781186548,0.707106781186548));
#3764=DIRECTION('',(1.,0.,0.));
#3765=DIRECTION('',(-1.,0.,0.));
#3766=DIRECTION('',(0.,-0.707106781186534,0.707106781186561));
#3767=DIRECTION('',(0.,-0.707106781186548,0.707106781186548));
#3768=DIRECTION('',(-1.,0.,0.));
#3769=DIRECTION('',(0.,0.707106781187343,0.707106781185752));
#3770=DIRECTION('',(1.,0.,0.));
#3771=DIRECTION('',(0.,-1.,6.12323399573677E-17));
#3772=DIRECTION('',(0.,1.,-6.12323399573677E-17));
#3773=DIRECTION('',(0.,1.,-6.12323399573677E-17));
#3774=DIRECTION('',(0.,-1.,6.12323399573677E-17));
#3775=DIRECTION('',(-0.707106781186548,0.707106781186548,-4.32978028117747E-17));
#3776=DIRECTION('',(0.,6.12323399573677E-17,1.));
#3777=DIRECTION('',(0.577350269189633,0.577350269189633,0.577350269189612));
#3778=DIRECTION('',(0.,-6.12323399573677E-17,-1.));
#3779=DIRECTION('',(0.707106781186548,0.707106781186548,-4.32978028117747E-17));
#3780=DIRECTION('',(-0.707106781186548,4.32978028117747E-17,0.707106781186548));
#3781=DIRECTION('',(0.,1.,-6.12323399573677E-17));
#3782=DIRECTION('',(0.,1.,-6.12323399573677E-17));
#3783=DIRECTION('',(0.,-1.,6.12323399573677E-17));
#3784=DIRECTION('',(0.,-6.12323399573677E-17,-1.));
#3785=DIRECTION('',(0.,-1.,6.12323399573677E-17));
#3786=DIRECTION('',(0.,-6.12323399573677E-17,-1.));
#3787=DIRECTION('',(0.,6.12323399573677E-17,1.));
#3788=DIRECTION('',(0.,1.,-6.12323399573677E-17));
#3789=DIRECTION('',(0.,-6.12323399573677E-17,-1.));
#3790=DIRECTION('',(0.,-6.12323399573677E-17,-1.));
#3791=DIRECTION('',(0.,-1.,6.12323399573677E-17));
#3792=DIRECTION('',(-0.707106781186548,-4.32978028117747E-17,-0.707106781186548));
#3793=DIRECTION('',(0.,-1.,6.12323399573677E-17));
#3794=DIRECTION('',(0.,-1.,6.12323399573677E-17));
#3795=DIRECTION('',(0.,1.,-6.12323399573677E-17));
#3796=DIRECTION('',(-0.707106781186548,-0.707106781186548,4.32978028117747E-17));
#3797=DIRECTION('',(0.,0.707106781186548,-0.707106781186548));
#3798=DIRECTION('',(-0.707106781186548,0.707106781186548,-4.32978028117747E-17));
#3799=DIRECTION('',(0.,-0.707106781186548,-0.707106781186548));
#3800=DIRECTION('',(0.,-0.707106781186548,0.707106781186548));
#3801=DIRECTION('',(-1.,0.,0.));
#3802=DIRECTION('',(-1.,0.,0.));
#3803=DIRECTION('',(0.,0.707106781186548,0.707106781186548));
#3804=DIRECTION('',(1.,0.,0.));
#3805=DIRECTION('',(0.,0.707106781186548,0.707106781186548));
#3806=DIRECTION('',(1.,0.,0.));
#3807=DIRECTION('',(-1.,0.,0.));
#3808=DIRECTION('',(0.,-0.707106781186548,0.707106781186548));
#3809=DIRECTION('',(0.,-6.12323399573677E-17,-1.));
#3810=DIRECTION('',(0.,-1.,6.12323399573677E-17));
#3811=DIRECTION('',(0.,-1.,6.12323399573677E-17));
#3812=DIRECTION('',(0.,-6.12323399573677E-17,-1.));
#3813=DIRECTION('',(1.,0.,0.));
#3814=DIRECTION('',(-1.,-7.38929931221138E-33,-1.20676415720126E-16));
#3815=DIRECTION('',(0.,1.,-6.12323399573677E-17));
#3816=DIRECTION('',(-1.,4.42588240054327E-33,7.2280144832367E-17));
#3817=DIRECTION('',(0.,-1.,6.12323399573677E-17));
#3818=DIRECTION('',(-1.,-7.38929931221138E-33,-1.20676415720126E-16));
#3819=DIRECTION('',(0.,-6.12323399573677E-17,-1.));
#3820=DIRECTION('',(0.,-1.,6.12323399573677E-17));
#3821=DIRECTION('',(0.,6.12323399573677E-17,1.));
#3822=DIRECTION('',(0.,1.,-6.12323399573677E-17));
#3823=DIRECTION('',(1.,0.,0.));
#3824=DIRECTION('',(0.707106781186548,-0.707106781186548,4.32978028117747E-17));
#3825=DIRECTION('',(-0.5,-0.5,0.707106781186547));
#3826=DIRECTION('',(0.707106781186548,-0.707106781186548,4.32978028117747E-17));
#3827=DIRECTION('',(0.281084637714805,0.67859834454585,0.67859834454585));
#3828=DIRECTION('',(0.707106781186548,-0.707106781186548,4.32978028117747E-17));
#3829=DIRECTION('',(-0.707106781186548,-0.707106781186548,4.32978028117747E-17));
#3830=DIRECTION('',(0.,-6.12323399573677E-17,-1.));
#3831=DIRECTION('',(0.,6.12323399573677E-17,1.));
#3832=DIRECTION('',(-0.707106781186548,0.707106781186548,-4.32978028117747E-17));
#3833=DIRECTION('',(-0.500000000000007,-0.500000000000007,-0.707106781186537));
#3834=DIRECTION('',(-0.707106781186548,0.707106781186548,-4.32978028117747E-17));
#3835=DIRECTION('',(0.281084637714795,0.678598344545852,-0.678598344545852));
#3836=DIRECTION('',(-0.707106781186548,0.707106781186548,-4.32978028117747E-17));
#3837=DIRECTION('',(0.,-6.12323399573677E-17,-1.));
#3838=DIRECTION('',(1.,0.,0.));
#3839=DIRECTION('',(0.,-6.12323399573677E-17,-1.));
#3840=DIRECTION('',(0.,-1.,6.12323399573677E-17));
#3841=DIRECTION('',(-1.,0.,0.));
#3842=DIRECTION('',(0.,-0.707106781186548,0.707106781186548));
#3843=DIRECTION('',(8.53311118849876E-17,-0.707106781186548,-0.707106781186548));
#3844=DIRECTION('',(-1.,-7.38929931221138E-33,-1.20676415720126E-16));
#3845=DIRECTION('',(-0.577350269189628,0.577350269189625,-0.577350269189625));
#3846=DIRECTION('',(-0.707106781186548,4.32978028117747E-17,0.707106781186548));
#3847=DIRECTION('',(0.,1.,-6.12323399573677E-17));
#3848=DIRECTION('',(0.,1.,-6.12323399573677E-17));
#3849=DIRECTION('',(-1.,4.42588240054327E-33,7.2280144832367E-17));
#3850=DIRECTION('',(-7.2280144832367E-17,-6.12323399573677E-17,-1.));
#3851=DIRECTION('',(-1.,4.42588240054327E-33,7.2280144832367E-17));
#3852=DIRECTION('',(7.2280144832367E-17,6.12323399573677E-17,1.));
#3853=DIRECTION('',(-7.2280144832367E-17,-6.12323399573677E-17,-1.));
#3854=DIRECTION('',(-5.11097805561125E-17,-0.707106781186547,-0.707106781186548));
#3855=DIRECTION('',(-0.707106781186547,0.5,-0.5));
#3856=DIRECTION('',(5.11097805561125E-17,0.707106781186547,0.707106781186548));
#3857=DIRECTION('',(-0.67859834454585,-0.678598344545848,0.281084637714811));
#3858=DIRECTION('',(-5.11097805561125E-17,-0.707106781186547,-0.707106781186548));
#3859=DIRECTION('',(0.,-0.707106781186548,0.707106781186548));
#3860=DIRECTION('',(-1.,0.,0.));
#3861=DIRECTION('',(1.,0.,0.));
#3862=DIRECTION('',(0.,0.707106781186547,0.707106781186548));
#3863=DIRECTION('',(0.,-6.12323399573677E-17,-1.));
#3864=DIRECTION('',(0.,-1.,6.12323399573677E-17));
#3865=DIRECTION('',(0.,1.,-6.12323399573677E-17));
#3866=DIRECTION('',(1.,0.,0.));
#3867=DIRECTION('',(-1.,0.,0.));
#3868=DIRECTION('',(1.,0.,0.));
#3869=DIRECTION('',(0.,6.12323399573677E-17,1.));
#3870=DIRECTION('',(0.,1.,-6.12323399573677E-17));
#3871=DIRECTION('',(-1.,4.42588240054327E-33,7.2280144832367E-17));
#3872=DIRECTION('',(-7.2280144832367E-17,-6.12323399573677E-17,-1.));
#3873=DIRECTION('',(-1.,0.,0.));
#3874=DIRECTION('',(0.,6.12323399573677E-17,1.));
#3875=DIRECTION('',(-1.,4.42588240054327E-33,7.2280144832367E-17));
#3876=DIRECTION('',(-1.,0.,0.));
#3877=DIRECTION('',(0.,6.12323399573677E-17,1.));
#3878=DIRECTION('',(0.,-0.707106781186548,0.707106781186548));
#3879=DIRECTION('',(-1.,0.,0.));
#3880=DIRECTION('',(0.,0.707106781186548,0.707106781186548));
#3881=DIRECTION('',(1.,-1.44560289664734E-16,1.44560289664734E-16));
#3882=DIRECTION('',(1.,0.,0.));
#3883=DIRECTION('',(0.,-6.12323399573677E-17,-1.));
#3884=DIRECTION('',(0.707106781186548,-0.707106781186548,4.32978028117747E-17));
#3885=DIRECTION('',(3.61400724161835E-17,9.73724123735512E-17,1.));
#3886=DIRECTION('',(7.2280144832367E-17,6.12323399573677E-17,1.));
#3887=DIRECTION('',(0.,1.,-6.12323399573677E-17));
#3888=DIRECTION('',(1.,0.,0.));
#3889=DIRECTION('',(0.,-6.12323399573677E-17,-1.));
#3890=DIRECTION('',(0.,-6.12323399573677E-17,-1.));
#3891=DIRECTION('',(0.,-1.,6.12323399573677E-17));
#3892=DIRECTION('',(0.,-6.12323399573677E-17,-1.));
#3893=DIRECTION('',(0.,6.12323399573677E-17,1.));
#3894=DIRECTION('',(0.,1.,-6.12323399573677E-17));
#3895=DIRECTION('',(0.,-6.12323399573677E-17,-1.));
#3896=DIRECTION('',(0.,-6.12323399573677E-17,-1.));
#3897=DIRECTION('',(0.,-1.,6.12323399573677E-17));
#3898=DIRECTION('',(0.,1.,-6.12323399573677E-17));
#3899=DIRECTION('',(1.,0.,0.));
#3900=DIRECTION('',(1.,0.,0.));
#3901=DIRECTION('',(0.,6.12323399573677E-17,1.));
#3902=DIRECTION('',(-1.,0.,0.));
#3903=DIRECTION('',(-0.707106781186548,-0.707106781186548,4.32978028117747E-17));
#3904=DIRECTION('',(0.,-6.12323399573677E-17,-1.));
#3905=DIRECTION('',(-0.707106781186548,0.707106781186548,-4.32978028117747E-17));
#3906=DIRECTION('',(0.707106781186548,-0.707106781186548,4.32978028117747E-17));
#3907=DIRECTION('',(0.,-1.,6.12323399573677E-17));
#3908=DIRECTION('',(0.,1.,-6.12323399573677E-17));
#3909=DIRECTION('',(-1.,0.,0.));
#3910=DIRECTION('',(0.,-6.12323399573677E-17,-1.));
#3911=DIRECTION('',(0.,-1.,6.12323399573677E-17));
#3912=DIRECTION('',(0.,1.,-6.12323399573677E-17));
#3913=DIRECTION('',(-1.,0.,0.));
#3914=DIRECTION('',(0.,-6.12323399573677E-17,-1.));
#3915=DIRECTION('',(0.,-1.,6.12323399573677E-17));
#3916=DIRECTION('',(2.89120579329468E-16,6.12323399573677E-17,1.));
#3917=DIRECTION('',(0.,1.,-6.12323399573677E-17));
#3918=DIRECTION('',(0.,-6.12323399573677E-17,-1.));
#3919=DIRECTION('',(0.,1.,-6.12323399573677E-17));
#3920=DIRECTION('',(0.,-1.,6.12323399573677E-17));
#3921=DIRECTION('',(0.,-6.12323399573677E-17,-1.));
#3922=DIRECTION('',(0.707106781186548,-0.707106781186548,4.32978028117747E-17));
#3923=DIRECTION('',(0.,-6.12323399573677E-17,-1.));
#3924=DIRECTION('',(0.707106781186548,0.707106781186548,-4.32978028117747E-17));
#3925=DIRECTION('',(0.,-6.12323399573677E-17,-1.));
#3926=DIRECTION('',(0.,-0.707106781186548,-0.707106781186548));
#3927=DIRECTION('',(-0.707106781186548,-0.707106781186548,4.32978028117747E-17));
#3928=DIRECTION('',(0.,-6.12323399573677E-17,-1.));
#3929=DIRECTION('',(0.707106781186554,-0.707106781186542,4.32978028117743E-17));
#3930=DIRECTION('',(0.,-6.12323399573677E-17,-1.));
#3931=DIRECTION('',(0.,6.12323399573677E-17,1.));
#3932=DIRECTION('',(0.,0.707106781186542,-0.707106781186554));
#3933=DIRECTION('',(0.,-6.12323399573677E-17,-1.));
#3934=DIRECTION('',(0.,-1.,6.12323399573677E-17));
#3935=DIRECTION('',(0.,1.,-6.12323399573677E-17));
#3936=DIRECTION('',(0.,-6.12323399573677E-17,-1.));
#3937=DIRECTION('',(0.,-1.,6.12323399573677E-17));
#3938=DIRECTION('',(1.,0.,0.));
#3939=DIRECTION('',(0.707106781186548,-0.707106781186548,4.32978028117747E-17));
#3940=DIRECTION('',(0.,-6.12323399573677E-17,-1.));
#3941=DIRECTION('',(0.,-1.,6.12323399573677E-17));
#3942=DIRECTION('',(-1.,0.,0.));
#3943=DIRECTION('',(0.,6.12323399573677E-17,1.));
#3944=DIRECTION('',(0.,1.,-6.12323399573677E-17));
#3945=DIRECTION('',(0.,-1.,6.12323399573677E-17));
#3946=DIRECTION('',(-0.707106781186548,0.707106781186548,-4.32978028117747E-17));
#3947=DIRECTION('',(0.,0.707106781186548,0.707106781186548));
#3948=DIRECTION('',(1.,0.,0.));
#3949=DIRECTION('',(-0.281084637714796,-0.678598344545849,0.678598344545855));
#3950=DIRECTION('',(0.500000000000009,0.500000000000009,0.707106781186535));
#3951=DIRECTION('',(-0.707106781186548,0.707106781186548,-4.32978028117747E-17));
#3952=DIRECTION('',(0.500000000000007,0.500000000000007,-0.707106781186537));
#3953=DIRECTION('',(-0.707106781186548,0.707106781186548,-4.32978028117747E-17));
#3954=DIRECTION('',(-0.281084637714795,-0.678598344545852,-0.678598344545852));
#3955=DIRECTION('',(0.,-0.707106781186548,0.707106781186548));
#3956=DIRECTION('',(-1.,0.,0.));
#3957=DIRECTION('',(0.707106781186548,-4.32978028117747E-17,-0.707106781186548));
#3958=DIRECTION('',(0.,1.,-6.12323399573677E-17));
#3959=DIRECTION('',(-0.577350269189637,-0.577350269189597,-0.577350269189642));
#3960=DIRECTION('',(0.,-6.12323399573677E-17,-1.));
#3961=DIRECTION('',(0.,-1.,6.12323399573677E-17));
#3962=DIRECTION('',(0.,6.12323399573677E-17,1.));
#3963=DIRECTION('',(0.,1.,-6.12323399573677E-17));
#3964=DIRECTION('',(0.707106781186548,4.32978028117747E-17,0.707106781186548));
#3965=DIRECTION('',(0.,-1.,6.12323399573677E-17));
#3966=DIRECTION('',(0.577350269189626,0.577350269189626,-0.577350269189626));
#3967=DIRECTION('',(-0.707106781186548,0.707106781186548,-4.32978028117747E-17));
#3968=DIRECTION('',(0.,6.12323399573677E-17,1.));
#3969=DIRECTION('',(-0.577350269189626,-0.577350269189626,0.577350269189626));
#3970=DIRECTION('',(-0.707106781186548,0.707106781186548,-4.32978028117747E-17));
#3971=DIRECTION('',(0.,6.12323399573677E-17,1.));
#3972=DIRECTION('',(-0.707106781186548,-0.707106781186548,4.32978028117747E-17));
#3973=DIRECTION('',(0.,0.707106781186548,0.707106781186548));
#3974=DIRECTION('',(0.,-1.,6.12323399573677E-17));
#3975=DIRECTION('',(-1.,0.,0.));
#3976=DIRECTION('',(1.,0.,0.));
#3977=DIRECTION('',(1.,0.,0.));
#3978=DIRECTION('',(0.,6.12323399573677E-17,1.));
#3979=DIRECTION('',(8.53311118849876E-17,0.707106781186548,-0.707106781186548));
#3980=DIRECTION('',(1.,7.38929931221138E-33,1.20676415720126E-16));
#3981=DIRECTION('',(0.577350269189626,-0.577350269189626,-0.577350269189626));
#3982=DIRECTION('',(1.,7.38929931221138E-33,1.20676415720126E-16));
#3983=DIRECTION('',(0.,-0.707106781186548,-0.707106781186548));
#3984=DIRECTION('',(-1.,0.,0.));
#3985=DIRECTION('',(-1.,0.,0.));
#3986=DIRECTION('',(0.,-0.707106781186542,0.707106781186554));
#3987=DIRECTION('',(0.,0.707106781186548,-0.707106781186548));
#3988=DIRECTION('',(1.,0.,0.));
#3989=DIRECTION('',(0.,0.707106781186548,0.707106781186548));
#3990=DIRECTION('',(1.,0.,0.));
#3991=DIRECTION('',(0.,-1.,6.12323399573677E-17));
#3992=DIRECTION('',(1.,0.,0.));
#3993=DIRECTION('',(1.,0.,0.));
#3994=DIRECTION('',(0.,-6.12323399573677E-17,-1.));
#3995=DIRECTION('',(-1.,0.,0.));
#3996=DIRECTION('',(0.,-6.12323399573677E-17,-1.));
#3997=DIRECTION('',(1.,0.,0.));
#3998=DIRECTION('',(1.,-8.85176480108654E-33,-1.44560289664734E-16));
#3999=DIRECTION('',(0.,-1.,6.12323399573677E-17));
#4000=DIRECTION('',(1.,7.38929931221138E-33,1.20676415720126E-16));
#4001=DIRECTION('',(0.,-1.,6.12323399573677E-17));
#4002=DIRECTION('',(0.,1.,-6.12323399573677E-17));
#4003=DIRECTION('',(0.,-6.12323399573677E-17,-1.));
#4004=DIRECTION('',(0.,-1.,6.12323399573677E-17));
#4005=DIRECTION('',(0.,1.,-6.12323399573677E-17));
#4006=DIRECTION('',(0.,0.707106781186548,0.707106781186548));
#4007=DIRECTION('',(1.,0.,0.));
#4008=DIRECTION('',(-1.02219561112225E-16,0.707106781186548,-0.707106781186547));
#4009=DIRECTION('',(-1.,0.,0.));
#4010=DIRECTION('',(5.11097805561124E-17,-0.707106781186548,0.707106781186547));
#4011=DIRECTION('',(0.707106781186547,-0.5,-0.5));
#4012=DIRECTION('',(-5.11097805561124E-17,0.707106781186548,-0.707106781186547));
#4013=DIRECTION('',(0.67859834454585,0.678598344545847,0.281084637714814));
#4014=DIRECTION('',(-5.11097805561124E-17,0.707106781186548,-0.707106781186547));
#4015=DIRECTION('',(-1.,4.42588240054327E-33,7.2280144832367E-17));
#4016=DIRECTION('',(-7.2280144832367E-17,-6.12323399573677E-17,-1.));
#4017=DIRECTION('',(-1.,4.42588240054327E-33,7.2280144832367E-17));
#4018=DIRECTION('',(7.2280144832367E-17,6.12323399573677E-17,1.));
#4019=DIRECTION('',(0.,-1.,6.12323399573677E-17));
#4020=DIRECTION('',(-7.2280144832367E-17,-6.12323399573677E-17,-1.));
#4021=DIRECTION('',(0.707106781186548,4.32978028117747E-17,0.707106781186548));
#4022=DIRECTION('',(0.,-1.,6.12323399573677E-17));
#4023=DIRECTION('',(1.,0.,0.));
#4024=DIRECTION('',(0.,6.12323399573677E-17,1.));
#4025=DIRECTION('',(1.,-8.85176480108654E-33,-1.44560289664734E-16));
#4026=DIRECTION('',(-1.,0.,0.));
#4027=DIRECTION('',(0.,6.12323399573677E-17,1.));
#4028=DIRECTION('',(-1.,0.,0.));
#4029=DIRECTION('',(0.,6.12323399573677E-17,1.));
#4030=DIRECTION('',(0.,1.,-6.12323399573677E-17));
#4031=DIRECTION('',(1.,0.,0.));
#4032=DIRECTION('',(-1.44560289664734E-16,-6.12323399573677E-17,-1.));
#4033=DIRECTION('',(7.2280144832367E-17,6.12323399573677E-17,1.));
#4034=DIRECTION('',(0.707106781186548,-0.707106781186548,4.32978028117747E-17));
#4035=DIRECTION('',(3.61400724161835E-17,9.73724123735512E-17,1.));
#4036=DIRECTION('',(1.,0.,0.));
#4037=DIRECTION('',(0.,-6.12323399573677E-17,-1.));
#4038=DIRECTION('',(0.,6.12323399573677E-17,1.));
#4039=DIRECTION('',(-1.,0.,0.));
#4040=DIRECTION('',(-2.89120579329468E-16,6.12323399573677E-17,1.));
#4041=DIRECTION('',(0.,-6.12323399573677E-17,-1.));
#4042=DIRECTION('',(0.,-1.,6.12323399573677E-17));
#4043=DIRECTION('',(0.,-6.12323399573677E-17,-1.));
#4044=DIRECTION('',(0.,-1.,6.12323399573677E-17));
#4045=DIRECTION('',(0.,6.12323399573677E-17,1.));
#4046=DIRECTION('',(0.,1.,-6.12323399573677E-17));
#4047=DIRECTION('',(0.,-6.12323399573677E-17,-1.));
#4048=DIRECTION('',(0.,-1.,6.12323399573677E-17));
#4049=DIRECTION('',(0.,-0.707106781186548,0.707106781186548));
#4050=DIRECTION('',(-1.,0.,0.));
#4051=DIRECTION('',(-1.,0.,0.));
#4052=DIRECTION('',(1.,0.,0.));
#4053=DIRECTION('',(-0.281084637714805,0.67859834454585,0.67859834454585));
#4054=DIRECTION('',(0.,1.,-6.12323399573677E-17));
#4055=DIRECTION('',(1.,0.,0.));
#4056=DIRECTION('',(0.,-6.12323399573677E-17,-1.));
#4057=DIRECTION('',(1.,0.,0.));
#4058=DIRECTION('',(0.,0.707106781186548,0.707106781186548));
#4059=DIRECTION('',(1.,0.,0.));
#4060=DIRECTION('',(-1.,0.,0.));
#4061=DIRECTION('',(0.281084637714804,-0.678598344545848,0.678598344545853));
#4062=DIRECTION('',(0.,-6.12323399573677E-17,-1.));
#4063=DIRECTION('',(0.,-1.,6.12323399573677E-17));
#4064=DIRECTION('',(0.,-6.12323399573677E-17,-1.));
#4065=DIRECTION('',(0.,-1.,6.12323399573677E-17));
#4066=DIRECTION('',(-0.894427190999916,2.73839349132101E-17,0.447213595499958));
#4067=DIRECTION('',(-0.447213595499958,-5.47678698264203E-17,-0.894427190999916));
#4068=DIRECTION('',(0.,-1.,6.12323399573677E-17));
#4069=DIRECTION('',(-0.447213595499958,-5.47678698264203E-17,-0.894427190999916));
#4070=DIRECTION('',(0.,-1.,6.12323399573677E-17));
#4071=DIRECTION('',(0.,-1.,6.12323399573677E-17));
#4072=DIRECTION('',(0.,-6.12323399573677E-17,-1.));
#4073=DIRECTION('',(0.,-1.,6.12323399573677E-17));
#4074=DIRECTION('',(0.,-1.,6.12323399573677E-17));
#4075=DIRECTION('',(-1.,0.,0.));
#4076=DIRECTION('',(-0.894427190999916,2.73839349132101E-17,0.447213595499958));
#4077=DIRECTION('',(-0.447213595499958,-5.47678698264203E-17,-0.894427190999916));
#4078=DIRECTION('',(0.,-1.,6.12323399573677E-17));
#4079=DIRECTION('',(0.447213595499958,5.47678698264203E-17,0.894427190999916));
#4080=DIRECTION('',(0.,-1.,6.12323399573677E-17));
#4081=DIRECTION('',(0.,-6.12323399573677E-17,-1.));
#4082=DIRECTION('',(0.,-1.,6.12323399573677E-17));
#4083=DIRECTION('',(-1.,0.,0.));
#4084=DIRECTION('',(0.,-1.,6.12323399573677E-17));
#4085=DIRECTION('',(0.,-6.12323399573677E-17,-1.));
#4086=DIRECTION('',(0.,-1.,6.12323399573677E-17));
#4087=DIRECTION('',(-1.,0.,0.));
#4088=DIRECTION('',(-0.894427190999916,2.73839349132101E-17,0.447213595499958));
#4089=DIRECTION('',(-0.447213595499958,-5.47678698264203E-17,-0.894427190999916));
#4090=DIRECTION('',(0.,-1.,6.12323399573677E-17));
#4091=DIRECTION('',(-0.447213595499958,-5.47678698264203E-17,-0.894427190999916));
#4092=DIRECTION('',(0.,-1.,6.12323399573677E-17));
#4093=DIRECTION('',(0.,-1.,6.12323399573677E-17));
#4094=DIRECTION('',(0.,-6.12323399573677E-17,-1.));
#4095=DIRECTION('',(0.,-1.,6.12323399573677E-17));
#4096=DIRECTION('',(0.,-1.,6.12323399573677E-17));
#4097=DIRECTION('',(-1.,0.,0.));
#4098=DIRECTION('',(-0.894427190999916,2.73839349132101E-17,0.447213595499958));
#4099=DIRECTION('',(-0.447213595499958,-5.47678698264203E-17,-0.894427190999916));
#4100=DIRECTION('',(0.,-1.,6.12323399573677E-17));
#4101=DIRECTION('',(0.447213595499958,5.47678698264203E-17,0.894427190999916));
#4102=DIRECTION('',(0.,-1.,6.12323399573677E-17));
#4103=DIRECTION('',(0.,-6.12323399573677E-17,-1.));
#4104=DIRECTION('',(0.,-1.,6.12323399573677E-17));
#4105=DIRECTION('',(-1.,0.,0.));
#4106=DIRECTION('',(-1.,0.,0.));
#4107=DIRECTION('',(0.,6.12323399573677E-17,1.));
#4108=DIRECTION('',(-1.,0.,0.));
#4109=DIRECTION('',(0.,6.12323399573677E-17,1.));
#4110=DIRECTION('',(0.707106781186548,0.707106781186548,-4.32978028117747E-17));
#4111=DIRECTION('',(0.,-6.12323399573677E-17,-1.));
#4112=DIRECTION('',(0.,6.12323399573677E-17,1.));
#4113=DIRECTION('',(-0.678598344545847,0.678598344545838,-0.281084637714842));
#4114=DIRECTION('',(0.,0.707106781186546,0.707106781186549));
#4115=DIRECTION('',(0.,0.707106781186548,-0.707106781186548));
#4116=DIRECTION('',(0.,-0.707106781186548,-0.707106781186548));
#4117=DIRECTION('',(0.,-0.707106781186546,-0.707106781186549));
#4118=DIRECTION('',(-0.700158640994704,0.707106781186491,0.0988831504379247));
#4119=DIRECTION('',(-0.700158640994674,-0.707106781186641,0.0988831504370625));
#4120=DIRECTION('',(0.,0.707106781186546,-0.707106781186549));
#4121=DIRECTION('',(0.,0.707106781186548,0.707106781186548));
#4122=DIRECTION('',(1.,0.,0.));
#4123=DIRECTION('',(0.,-0.707106781186546,0.707106781186549));
#4124=DIRECTION('',(0.707106781186548,0.707106781186548,-4.32978028117747E-17));
#4125=DIRECTION('',(0.707106781186548,-0.707106781186548,4.32978028117747E-17));
#4126=DIRECTION('',(0.,-6.12323399573677E-17,-1.));
#4127=DIRECTION('',(-0.707106781186548,-0.707106781186548,4.32978028117747E-17));
#4128=DIRECTION('',(-1.,0.,0.));
#4129=DIRECTION('',(0.,6.12323399573677E-17,1.));
#4130=DIRECTION('',(-1.,8.85176480108654E-33,1.44560289664734E-16));
#4131=DIRECTION('',(1.44560289664734E-16,6.12323399573677E-17,1.));
#4132=DIRECTION('',(0.707106781186548,0.707106781186548,-4.32978028117747E-17));
#4133=DIRECTION('',(0.,-6.12323399573677E-17,-1.));
#4134=DIRECTION('',(1.44560289664734E-16,6.12323399573677E-17,1.));
#4135=DIRECTION('',(0.678598344545851,-0.678598344545847,-0.281084637714812));
#4136=DIRECTION('',(0.707106781186547,0.5,0.5));
#4137=DIRECTION('',(1.02219561112225E-16,-0.707106781186548,0.707106781186547));
#4138=DIRECTION('',(1.02219561112225E-16,-0.707106781186548,0.707106781186547));
#4139=DIRECTION('',(-1.,0.,0.));
#4140=DIRECTION('',(0.,-6.12323399573677E-17,-1.));
#4141=DIRECTION('',(0.,1.,-6.12323399573677E-17));
#4142=DIRECTION('',(0.707106781186548,-4.32978028117747E-17,-0.707106781186548));
#4143=DIRECTION('',(0.,1.,-6.12323399573677E-17));
#4144=DIRECTION('',(-0.577350269189628,-0.577350269189625,-0.577350269189625));
#4145=DIRECTION('',(8.53311118849876E-17,0.707106781186548,-0.707106781186548));
#4146=DIRECTION('',(1.,7.38929931221138E-33,1.20676415720126E-16));
#4147=DIRECTION('',(0.,-0.707106781186548,-0.707106781186548));
#4148=DIRECTION('',(-0.707106781186548,0.707106781186548,-4.32978028117747E-17));
#4149=DIRECTION('',(-0.707106781186548,-0.707106781186548,4.32978028117747E-17));
#4150=DIRECTION('',(0.,-6.12323399573677E-17,-1.));
#4151=DIRECTION('',(0.577350269189626,-0.577350269189626,0.577350269189626));
#4152=DIRECTION('',(0.707106781186548,-4.32978028117747E-17,-0.707106781186548));
#4153=DIRECTION('',(0.,1.,-6.12323399573677E-17));
#4154=DIRECTION('',(0.,-1.,6.12323399573677E-17));
#4155=DIRECTION('',(0.,-6.12323399573677E-17,-1.));
#4156=DIRECTION('',(0.,-1.,6.12323399573677E-17));
#4157=DIRECTION('',(0.707106781186548,0.707106781186548,-4.32978028117747E-17));
#4158=DIRECTION('',(0.5,-0.5,0.707106781186547));
#4159=DIRECTION('',(0.707106781186548,0.707106781186548,-4.32978028117747E-17));
#4160=DIRECTION('',(-0.707106781186548,-0.707106781186548,4.32978028117747E-17));
#4161=DIRECTION('',(-0.707106781186548,0.707106781186548,-4.32978028117747E-17));
#4162=DIRECTION('',(0.,6.12323399573677E-17,1.));
#4163=DIRECTION('',(0.707106781186548,0.707106781186548,-4.32978028117747E-17));
#4164=DIRECTION('',(-0.500000000000007,0.500000000000007,0.707106781186538));
#4165=DIRECTION('',(0.707106781186548,0.707106781186548,-4.32978028117747E-17));
#4166=DIRECTION('',(-0.707106781186548,-0.707106781186548,4.32978028117747E-17));
#4167=DIRECTION('',(0.,-6.12323399573677E-17,-1.));
#4168=DIRECTION('',(0.,-1.,6.12323399573677E-17));
#4169=DIRECTION('',(0.,1.,-6.12323399573677E-17));
#4170=DIRECTION('',(-0.707106781186548,-4.32978028117747E-17,-0.707106781186548));
#4171=DIRECTION('',(0.,-1.,6.12323399573677E-17));
#4172=DIRECTION('',(8.53311118849876E-17,-0.707106781186548,-0.707106781186548));
#4173=DIRECTION('',(-1.,-7.38929931221138E-33,-1.20676415720126E-16));
#4174=DIRECTION('',(0.577350269189628,0.577350269189625,-0.577350269189625));
#4175=DIRECTION('',(-0.707106781186548,-4.32978028117747E-17,-0.707106781186548));
#4176=DIRECTION('',(0.,-1.,6.12323399573677E-17));
#4177=DIRECTION('',(0.,-1.,6.12323399573677E-17));
#4178=DIRECTION('',(-1.,0.,0.));
#4179=DIRECTION('',(0.,-6.12323399573677E-17,-1.));
#4180=DIRECTION('',(0.,0.707106781186547,0.707106781186548));
#4181=DIRECTION('',(-0.707106781186548,-0.5,0.5));
#4182=DIRECTION('',(0.,0.707106781186547,0.707106781186548));
#4183=DIRECTION('',(0.,1.,-6.12323399573677E-17));
#4184=DIRECTION('',(1.,0.,0.));
#4185=DIRECTION('',(-0.632455532033677,0.707106781186557,0.316227766016814));
#4186=DIRECTION('',(-0.632455532033677,-0.707106781186557,0.316227766016814));
#4187=DIRECTION('',(-0.632455532033679,-0.707106781186545,0.316227766016839));
#4188=DIRECTION('',(-0.447213595499958,-5.47678698264203E-17,-0.894427190999916));
#4189=DIRECTION('',(-0.632455532033689,0.707106781186539,0.316227766016832));
#4190=DIRECTION('',(0.,1.,-6.12323399573677E-17));
#4191=DIRECTION('',(1.,0.,0.));
#4192=DIRECTION('',(-0.632455532033672,-0.707106781186552,0.316227766016836));
#4193=DIRECTION('',(-0.632455532033673,0.707106781186551,0.316227766016836));
#4194=DIRECTION('',(0.447213595499958,5.47678698264203E-17,0.894427190999916));
#4195=DIRECTION('',(0.,1.,-6.12323399573677E-17));
#4196=DIRECTION('',(1.,0.,0.));
#4197=DIRECTION('',(-0.632455532033667,0.707106781186546,0.316227766016858));
#4198=DIRECTION('',(-0.632455532033667,-0.707106781186546,0.316227766016858));
#4199=DIRECTION('',(-0.632455532033679,-0.707106781186545,0.316227766016839));
#4200=DIRECTION('',(-0.447213595499958,-5.47678698264203E-17,-0.894427190999916));
#4201=DIRECTION('',(-0.632455532033669,0.707106781186544,0.316227766016859));
#4202=DIRECTION('',(0.,1.,-6.12323399573677E-17));
#4203=DIRECTION('',(1.,0.,0.));
#4204=DIRECTION('',(-0.632455532033682,-0.707106781186535,0.316227766016853));
#4205=DIRECTION('',(-0.632455532033665,0.70710678118656,0.316227766016833));
#4206=DIRECTION('',(0.447213595499958,5.47678698264203E-17,0.894427190999916));
#4207=DIRECTION('',(0.,1.,-6.12323399573677E-17));
#4208=DIRECTION('',(1.,0.,0.));
#4209=DIRECTION('',(0.,-0.707106781186548,0.707106781186548));
#4210=DIRECTION('',(-1.,0.,0.));
#4211=DIRECTION('',(-1.,0.,0.));
#4212=DIRECTION('',(1.,0.,0.));
#4213=DIRECTION('',(-0.281084637714794,0.678598344545853,0.678598344545853));
#4214=DIRECTION('',(0.,0.707106781186548,0.707106781186548));
#4215=DIRECTION('',(1.,-1.44560289664734E-16,1.44560289664734E-16));
#4216=DIRECTION('',(-1.,-1.7703529602173E-32,-2.89120579329468E-16));
#4217=DIRECTION('',(1.,1.7703529602173E-32,2.89120579329468E-16));
#4218=DIRECTION('',(0.281084637714792,-0.678598344545855,0.678598344545851));
#4219=DIRECTION('',(0.,1.,-6.12323399573677E-17));
#4220=DIRECTION('',(1.,0.,0.));
#4221=DIRECTION('',(-2.89120579329468E-16,6.12323399573677E-17,1.));
#4222=DIRECTION('',(0.,-6.12323399573677E-17,-1.));
#4223=DIRECTION('',(0.,6.12323399573677E-17,1.));
#4224=DIRECTION('',(0.,1.,-6.12323399573677E-17));
#4225=DIRECTION('',(0.,-6.12323399573677E-17,-1.));
#4226=DIRECTION('',(0.,-1.,6.12323399573677E-17));
#4227=DIRECTION('',(0.,-6.12323399573677E-17,-1.));
#4228=DIRECTION('',(0.,-1.,6.12323399573677E-17));
#4229=DIRECTION('',(0.,-6.12323399573677E-17,-1.));
#4230=DIRECTION('',(0.,-1.,6.12323399573677E-17));
#4231=DIRECTION('',(2.89120579329468E-16,-6.12323399573677E-17,-1.));
#4232=DIRECTION('',(-1.,-1.7703529602173E-32,-2.89120579329468E-16));
#4233=DIRECTION('',(0.,-6.12323399573677E-17,-1.));
#4234=DIRECTION('',(0.,-1.,6.12323399573677E-17));
#4235=DIRECTION('',(0.,-6.12323399573677E-17,-1.));
#4236=DIRECTION('',(0.,-1.,6.12323399573677E-17));
#4237=DIRECTION('',(0.,-1.,6.12323399573677E-17));
#4238=DIRECTION('',(0.707106781186548,0.707106781186548,-4.32978028117747E-17));
#4239=DIRECTION('',(0.500000000000008,-0.500000000000008,0.707106781186537));
#4240=DIRECTION('',(-0.707106781186548,-0.707106781186548,4.32978028117747E-17));
#4241=DIRECTION('',(-0.707106781186548,-0.707106781186548,4.32978028117747E-17));
#4242=DIRECTION('',(-0.707106781186548,0.707106781186548,-4.32978028117747E-17));
#4243=DIRECTION('',(0.,6.12323399573677E-17,1.));
#4244=DIRECTION('',(0.707106781186548,0.707106781186548,1.61141319412675E-16));
#4245=DIRECTION('',(-0.500000000000007,0.500000000000007,0.707106781186538));
#4246=DIRECTION('',(-0.707106781186548,-0.707106781186548,-1.61141319412675E-16));
#4247=DIRECTION('',(-0.707106781186548,-0.707106781186548,-1.61141319412675E-16));
#4248=DIRECTION('',(0.,-6.12323399573677E-17,-1.));
#4249=DIRECTION('',(1.,0.,0.));
#4250=DIRECTION('',(0.,1.,-6.12323399573677E-17));
#4251=DIRECTION('',(0.,6.12323399573677E-17,1.));
#4252=DIRECTION('',(-1.,0.,0.));
#4253=DIRECTION('',(0.707106781186548,-4.32978028117747E-17,-0.707106781186548));
#4254=DIRECTION('',(0.,1.,-6.12323399573677E-17));
#4255=DIRECTION('',(-0.707106781186548,-4.32978028117747E-17,-0.707106781186548));
#4256=DIRECTION('',(0.,-1.,6.12323399573677E-17));
#4257=DIRECTION('',(0.577350269189626,-0.577350269189626,-0.577350269189626));
#4258=DIRECTION('',(-0.707106781186548,-0.707106781186548,4.32978028117747E-17));
#4259=DIRECTION('',(0.,-6.12323399573677E-17,-1.));
#4260=DIRECTION('',(0.,-0.707106781186548,0.707106781186548));
#4261=DIRECTION('',(1.,0.,0.));
#4262=DIRECTION('',(1.,0.,0.));
#4263=DIRECTION('',(0.281084637714794,0.678598344545853,0.678598344545853));
#4264=DIRECTION('',(-1.,0.,0.));
#4265=DIRECTION('',(0.,0.707106781186548,0.707106781186548));
#4266=DIRECTION('',(-1.,-1.44560289664734E-16,1.44560289664734E-16));
#4267=DIRECTION('',(1.,-1.7703529602173E-32,-2.89120579329468E-16));
#4268=DIRECTION('',(-0.281084637714792,-0.678598344545855,0.678598344545851));
#4269=DIRECTION('',(-1.,1.7703529602173E-32,2.89120579329468E-16));
#4270=DIRECTION('',(0.,-6.12323399573677E-17,-1.));
#4271=DIRECTION('',(0.,-1.,6.12323399573677E-17));
#4272=DIRECTION('',(0.,6.12323399573677E-17,1.));
#4273=DIRECTION('',(0.,-1.,6.12323399573677E-17));
#4274=DIRECTION('',(2.89120579329468E-16,6.12323399573677E-17,1.));
#4275=DIRECTION('',(1.,-1.7703529602173E-32,-2.89120579329468E-16));
#4276=DIRECTION('',(0.,1.,-6.12323399573677E-17));
#4277=DIRECTION('',(-1.,0.,0.));
#4278=DIRECTION('',(2.89120579329468E-16,6.12323399573677E-17,1.));
#4279=DIRECTION('',(0.,-6.12323399573677E-17,-1.));
#4280=DIRECTION('',(0.,6.12323399573677E-17,1.));
#4281=DIRECTION('',(0.,1.,-6.12323399573677E-17));
#4282=DIRECTION('',(0.,6.12323399573677E-17,1.));
#4283=DIRECTION('',(0.,-1.,6.12323399573677E-17));
#4284=DIRECTION('',(0.,6.12323399573677E-17,1.));
#4285=DIRECTION('',(0.,-1.,6.12323399573677E-17));
#4286=DIRECTION('',(0.,-6.12323399573677E-17,-1.));
#4287=DIRECTION('',(0.,-1.,6.12323399573677E-17));
#4288=DIRECTION('',(-0.707106781186548,0.707106781186548,-4.32978028117747E-17));
#4289=DIRECTION('',(0.,-1.,6.12323399573677E-17));
#4290=DIRECTION('',(-0.500000000000008,-0.500000000000008,0.707106781186537));
#4291=DIRECTION('',(0.707106781186548,-0.707106781186548,4.32978028117747E-17));
#4292=DIRECTION('',(0.707106781186548,-0.707106781186548,4.32978028117747E-17));
#4293=DIRECTION('',(0.707106781186548,0.707106781186548,-4.32978028117747E-17));
#4294=DIRECTION('',(0.,6.12323399573677E-17,1.));
#4295=DIRECTION('',(-0.707106781186548,0.707106781186548,1.61141319412675E-16));
#4296=DIRECTION('',(0.500000000000007,0.500000000000007,0.707106781186538));
#4297=DIRECTION('',(0.707106781186548,-0.707106781186548,-1.61141319412675E-16));
#4298=DIRECTION('',(0.707106781186548,-0.707106781186548,-1.61141319412675E-16));
#4299=DIRECTION('',(0.,-6.12323399573677E-17,-1.));
#4300=DIRECTION('',(-1.,0.,0.));
#4301=DIRECTION('',(0.,1.,-6.12323399573677E-17));
#4302=DIRECTION('',(0.707106781186548,-4.32978028117747E-17,-0.707106781186548));
#4303=DIRECTION('',(0.,-1.,6.12323399573677E-17));
#4304=DIRECTION('',(0.,6.12323399573677E-17,1.));
#4305=DIRECTION('',(1.,0.,0.));
#4306=DIRECTION('',(-0.707106781186548,-4.32978028117747E-17,-0.707106781186548));
#4307=DIRECTION('',(0.,1.,-6.12323399573677E-17));
#4308=DIRECTION('',(0.,-0.707106781186548,0.707106781186548));
#4309=DIRECTION('',(-1.,0.,0.));
#4310=DIRECTION('',(-1.,0.,0.));
#4311=DIRECTION('',(1.,0.,0.));
#4312=DIRECTION('',(-0.281084637714794,0.678598344545853,0.678598344545853));
#4313=DIRECTION('',(0.,0.707106781186548,0.707106781186548));
#4314=DIRECTION('',(1.,-1.44560289664734E-16,1.44560289664734E-16));
#4315=DIRECTION('',(-1.,-1.7703529602173E-32,-2.89120579329468E-16));
#4316=DIRECTION('',(1.,1.7703529602173E-32,2.89120579329468E-16));
#4317=DIRECTION('',(0.281084637714792,-0.678598344545855,0.678598344545851));
#4318=DIRECTION('',(0.,-6.12323399573677E-17,-1.));
#4319=DIRECTION('',(0.,-1.,6.12323399573677E-17));
#4320=DIRECTION('',(2.89120579329468E-16,-6.12323399573677E-17,-1.));
#4321=DIRECTION('',(-1.,-1.7703529602173E-32,-2.89120579329468E-16));
#4322=DIRECTION('',(0.,-6.12323399573677E-17,-1.));
#4323=DIRECTION('',(0.,-1.,6.12323399573677E-17));
#4324=DIRECTION('',(0.,1.,-6.12323399573677E-17));
#4325=DIRECTION('',(1.,0.,0.));
#4326=DIRECTION('',(-2.89120579329468E-16,6.12323399573677E-17,1.));
#4327=DIRECTION('',(0.,-6.12323399573677E-17,-1.));
#4328=DIRECTION('',(0.,6.12323399573677E-17,1.));
#4329=DIRECTION('',(0.,1.,-6.12323399573677E-17));
#4330=DIRECTION('',(0.,-6.12323399573677E-17,-1.));
#4331=DIRECTION('',(0.,-1.,6.12323399573677E-17));
#4332=DIRECTION('',(0.,-6.12323399573677E-17,-1.));
#4333=DIRECTION('',(0.,-1.,6.12323399573677E-17));
#4334=DIRECTION('',(0.,-6.12323399573677E-17,-1.));
#4335=DIRECTION('',(0.,-1.,6.12323399573677E-17));
#4336=DIRECTION('',(0.,-1.,6.12323399573677E-17));
#4337=DIRECTION('',(0.707106781186548,0.707106781186548,-4.32978028117747E-17));
#4338=DIRECTION('',(0.500000000000008,-0.500000000000008,0.707106781186537));
#4339=DIRECTION('',(-0.707106781186548,-0.707106781186548,4.32978028117747E-17));
#4340=DIRECTION('',(-0.707106781186548,-0.707106781186548,4.32978028117747E-17));
#4341=DIRECTION('',(-0.707106781186548,0.707106781186548,-4.32978028117747E-17));
#4342=DIRECTION('',(0.,6.12323399573677E-17,1.));
#4343=DIRECTION('',(0.707106781186548,0.707106781186548,1.61141319412675E-16));
#4344=DIRECTION('',(-0.500000000000007,0.500000000000007,0.707106781186538));
#4345=DIRECTION('',(-0.707106781186548,-0.707106781186548,-1.61141319412675E-16));
#4346=DIRECTION('',(-0.707106781186548,-0.707106781186548,-1.61141319412675E-16));
#4347=DIRECTION('',(0.,-6.12323399573677E-17,-1.));
#4348=DIRECTION('',(1.,0.,0.));
#4349=DIRECTION('',(0.,1.,-6.12323399573677E-17));
#4350=DIRECTION('',(-0.707106781186548,-4.32978028117747E-17,-0.707106781186548));
#4351=DIRECTION('',(0.,-1.,6.12323399573677E-17));
#4352=DIRECTION('',(0.,6.12323399573677E-17,1.));
#4353=DIRECTION('',(-1.,0.,0.));
#4354=DIRECTION('',(0.707106781186548,-4.32978028117747E-17,-0.707106781186548));
#4355=DIRECTION('',(0.,1.,-6.12323399573677E-17));
#4356=CARTESIAN_POINT('',(0.,0.,0.));
#4357=CARTESIAN_POINT('',(-0.0888000221901871,-0.0795956919723595,-0.0266043369811395));
#4358=CARTESIAN_POINT('',(-0.110666688856854,-0.101462358639026,-0.00787100364780619));
#4359=CARTESIAN_POINT('',(-0.0886000221901871,-0.0793956919723595,0.0141956630188605));
#4360=CARTESIAN_POINT('',(-0.088800022190187,-0.0795956919723595,0.0139956630188605));
#4361=CARTESIAN_POINT('',(-0.0888000221901871,-0.0795956919723595,-0.0510043369811395));
#4362=CARTESIAN_POINT('',(-0.0888000221901871,-0.0795956919723595,0.0677956630188605));
#4363=CARTESIAN_POINT('',(-0.0673333555235192,-0.0581290253056931,0.0463289963521919));
#4364=CARTESIAN_POINT('',(-0.0886000221901871,-0.0793956919723595,0.0675956630188606));
#4365=CARTESIAN_POINT('',(-0.0886000221901871,-0.0793956919723595,0.0377956630188606));
#4366=CARTESIAN_POINT('',(0.064599977809813,-0.0793956919723595,-0.00660433698113946));
#4367=CARTESIAN_POINT('',(0.0866666444764797,-0.101462358639026,-0.00787100364780619));
#4368=CARTESIAN_POINT('',(0.064599977809813,-0.0793956919723595,0.0141956630188605));
#4369=CARTESIAN_POINT('',(0.064799977809813,-0.0795956919723595,0.0139956630188605));
#4370=CARTESIAN_POINT('',(0.064599977809813,-0.0793956919723595,-0.00660433698113946));
#4371=CARTESIAN_POINT('',(0.064599977809813,-0.0793956919723595,0.0675956630188606));
#4372=CARTESIAN_POINT('',(0.0498666444764797,-0.0646623586390262,0.0528623296855272));
#4373=CARTESIAN_POINT('',(0.064799977809813,-0.0795956919723595,0.0677956630188605));
#4374=CARTESIAN_POINT('',(0.064799977809813,-0.0795956919723595,-0.0166043369811394));
#4375=CARTESIAN_POINT('',(-0.024000022190187,-0.0803956919723595,-0.00660433698113946));
#4376=CARTESIAN_POINT('',(0.068199977809813,-0.0803956919723595,-0.0166043369811394));
#4377=CARTESIAN_POINT('',(0.068199977809813,-0.0803956919723595,0.0620956630188606));
#4378=CARTESIAN_POINT('',(0.068199977809813,-0.0803956920723595,-0.0648043369831395));
#4379=CARTESIAN_POINT('',(0.068199977809813,-0.0803956919723596,-0.0648043369811395));
#4380=CARTESIAN_POINT('',(0.068199977809813,-0.0803956919723596,-0.0714710036478062));
#4381=CARTESIAN_POINT('',(0.0648666444764797,-0.0803956919723596,-0.0748043369811395));
#4382=CARTESIAN_POINT('',(0.058199977809813,-0.0803956919723596,-0.0748043369811395));
#4383=CARTESIAN_POINT('',(0.058199977811813,-0.0803956920723595,-0.0748043369811395));
#4384=CARTESIAN_POINT('',(-0.024000022190187,-0.0803956919723596,-0.0748043369811395));
#4385=CARTESIAN_POINT('',(-0.0822000221921871,-0.0803956920723595,-0.0748043369811395));
#4386=CARTESIAN_POINT('',(-0.082200022190187,-0.0803956919723596,-0.0748043369811395));
#4387=CARTESIAN_POINT('',(-0.0888666888568538,-0.0803956919723596,-0.0748043369811395));
#4388=CARTESIAN_POINT('',(-0.0922000221901871,-0.0803956919723596,-0.0714710036478062));
#4389=CARTESIAN_POINT('',(-0.0922000221901871,-0.0803956919723596,-0.0648043369811395));
#4390=CARTESIAN_POINT('',(-0.0922000221901871,-0.0803956920723595,-0.0648043369831395));
#4391=CARTESIAN_POINT('',(-0.0922000221901871,-0.0803956919723595,-0.0266043369811395));
#4392=CARTESIAN_POINT('',(-0.0922000221901871,-0.0803956920723595,0.0815956630208605));
#4393=CARTESIAN_POINT('',(-0.0922000221901871,-0.0803956919723595,0.0815956630188606));
#4394=CARTESIAN_POINT('',(-0.0922000221901871,-0.0803956919723595,0.0882623296855272));
#4395=CARTESIAN_POINT('',(-0.0888666888568538,-0.0803956919723595,0.0915956630188605));
#4396=CARTESIAN_POINT('',(-0.082200022190187,-0.0803956919723595,0.0915956630188605));
#4397=CARTESIAN_POINT('',(-0.0822000221921871,-0.0803956920723595,0.0915956630188605));
#4398=CARTESIAN_POINT('',(-0.022400022190187,-0.0803956919723595,0.0915956630188605));
#4399=CARTESIAN_POINT('',(0.058199977811813,-0.0803956920723595,0.0915956630188605));
#4400=CARTESIAN_POINT('',(0.0681943247422225,-0.0803956919723595,0.0810957237237139));
#4401=CARTESIAN_POINT('',(0.0682243494029258,-0.0803956919723595,0.0824934067086574));
#4402=CARTESIAN_POINT('',(0.0680893376612883,-0.0803956919723594,0.0845787654093336));
#4403=CARTESIAN_POINT('',(0.0671482611262844,-0.0803956919723595,0.087235743193448));
#4404=CARTESIAN_POINT('',(0.0659530485548253,-0.0803956919723594,0.0889854344821307));
#4405=CARTESIAN_POINT('',(0.0642978326551464,-0.0803956919723595,0.0902993554278733));
#4406=CARTESIAN_POINT('',(0.0616900526589537,-0.0803956919723595,0.0913907795993751));
#4407=CARTESIAN_POINT('',(0.0595998311733377,-0.0803956919723595,0.0915956630187207));
#4408=CARTESIAN_POINT('',(0.0581999778118131,-0.0803956919723595,0.0915956630188606));
#4409=CARTESIAN_POINT('',(0.0681971506239613,-0.0803956919723595,0.0810956630188606));
#4410=CARTESIAN_POINT('',(0.068199977809813,-0.0803956919723595,-0.0166043369811394));
#4411=CARTESIAN_POINT('',(0.064799977809813,-0.0803956919723595,-0.00660433698113946));
#4412=CARTESIAN_POINT('',(0.064799977809813,-0.0803956919723596,-0.0646043369811395));
#4413=CARTESIAN_POINT('',(0.064799977809813,-0.0803956919723595,0.0620956630188606));
#4414=CARTESIAN_POINT('',(0.064799977809813,-0.0803956919723595,-0.00660433698113946));
#4415=CARTESIAN_POINT('',(0.0647987695025153,-0.0803956919723596,0.0810956793023736));
#4416=CARTESIAN_POINT('',(0.0647970345027527,-0.0803956919723595,0.0810957118731149));
#4417=CARTESIAN_POINT('',(0.0648147927485044,-0.0803956919723595,0.0820416698381847));
#4418=CARTESIAN_POINT('',(0.0647235645617011,-0.0803956919723595,0.0834450604303337));
#4419=CARTESIAN_POINT('',(0.0640881076115445,-0.0803956919723596,0.0852484691147707));
#4420=CARTESIAN_POINT('',(0.0632743603199844,-0.0803956919723594,0.086436215382865));
#4421=CARTESIAN_POINT('',(0.062148941298157,-0.0803956919723595,0.087325265357004));
#4422=CARTESIAN_POINT('',(0.0603860377765947,-0.0803956919723594,0.0880580107968626));
#4423=CARTESIAN_POINT('',(0.0589520561858856,-0.0803956919723595,0.0881956630186333));
#4424=CARTESIAN_POINT('',(0.057999977813156,-0.0803956919723595,0.0881956630188605));
#4425=CARTESIAN_POINT('',(0.057999977809813,-0.0803956919723595,0.0881956630188605));
#4426=CARTESIAN_POINT('',(-0.024000022190187,-0.0803956919723595,0.0881956630188605));
#4427=CARTESIAN_POINT('',(-0.0820000221901871,-0.0803956919723595,0.0881956630188605));
#4428=CARTESIAN_POINT('',(-0.0820000221935301,-0.0803956919723595,0.0881956630188605));
#4429=CARTESIAN_POINT('',(-0.0829218266353341,-0.0803956919723595,0.0881956630184206));
#4430=CARTESIAN_POINT('',(-0.0847348547828068,-0.0803956919723595,0.0880427308655978));
#4431=CARTESIAN_POINT('',(-0.0873062623792697,-0.0803956919723594,0.0867148138559564));
#4432=CARTESIAN_POINT('',(-0.0886347724358168,-0.0803956919723595,0.0841802334625782));
#4433=CARTESIAN_POINT('',(-0.0888000221899659,-0.0803956919723595,0.0823225945737613));
#4434=CARTESIAN_POINT('',(-0.0888000221901871,-0.0803956919723595,0.0813956630222035));
#4435=CARTESIAN_POINT('',(-0.0888000221901871,-0.0803956919723595,0.0813956630188605));
#4436=CARTESIAN_POINT('',(-0.0888000221901871,-0.0803956919723595,-0.00660433698113946));
#4437=CARTESIAN_POINT('',(-0.0888000221901871,-0.0803956919723596,-0.0646043369811395));
#4438=CARTESIAN_POINT('',(-0.0888000221901871,-0.0803956919723596,-0.0646043369844825));
#4439=CARTESIAN_POINT('',(-0.0888000221897471,-0.0803956919723596,-0.0655261414262937));
#4440=CARTESIAN_POINT('',(-0.0886470900369137,-0.0803956919723594,-0.0673391695738397));
#4441=CARTESIAN_POINT('',(-0.0873191730272358,-0.0803956919723596,-0.0699105771702588));
#4442=CARTESIAN_POINT('',(-0.0847845926338797,-0.0803956919723594,-0.0712390872267683));
#4443=CARTESIAN_POINT('',(-0.082926953745079,-0.0803956919723596,-0.0714043369809184));
#4444=CARTESIAN_POINT('',(-0.0820000221935301,-0.0803956919723596,-0.0714043369811395));
#4445=CARTESIAN_POINT('',(-0.0820000221901871,-0.0803956919723596,-0.0714043369811395));
#4446=CARTESIAN_POINT('',(-0.024000022190187,-0.0803956919723596,-0.0714043369811395));
#4447=CARTESIAN_POINT('',(0.057999977809813,-0.0803956919723596,-0.0714043369811395));
#4448=CARTESIAN_POINT('',(0.057999977813156,-0.0803956919723596,-0.0714043369811395));
#4449=CARTESIAN_POINT('',(0.05892178225496,-0.0803956919723596,-0.0714043369806996));
#4450=CARTESIAN_POINT('',(0.0607348104024326,-0.0803956919723594,-0.0712514048278766));
#4451=CARTESIAN_POINT('',(0.0633062179988957,-0.0803956919723596,-0.0699234878182354));
#4452=CARTESIAN_POINT('',(0.0646347280554427,-0.0803956919723594,-0.0673889074248572));
#4453=CARTESIAN_POINT('',(0.0647999778095918,-0.0803956919723596,-0.0655312685360403));
#4454=CARTESIAN_POINT('',(0.064799977809813,-0.0803956919723596,-0.0646043369844825));
#4455=CARTESIAN_POINT('',(-0.024000022190187,-0.0813956919723595,-0.00660433698113946));
#4456=CARTESIAN_POINT('',(0.041199977809813,-0.0813956919723595,0.0769956630188605));
#4457=CARTESIAN_POINT('',(0.0428814225187213,-0.0813956919723595,0.0769952346539482));
#4458=CARTESIAN_POINT('',(0.0453981546378064,-0.0813956919723594,0.0767485787990794));
#4459=CARTESIAN_POINT('',(0.0485300605281196,-0.0813956919723595,0.0754860860055406));
#4460=CARTESIAN_POINT('',(0.0505643134504171,-0.0813956919723594,0.0739683043062191));
#4461=CARTESIAN_POINT('',(0.0520836289400237,-0.0813956919723595,0.071937694148808));
#4462=CARTESIAN_POINT('',(0.0533515467511853,-0.0813956919723594,0.0688052248474977));
#4463=CARTESIAN_POINT('',(0.0535990814756244,-0.0813956919723595,0.0662788129530921));
#4464=CARTESIAN_POINT('',(0.053599977809813,-0.0813956919723595,0.0645956630188606));
#4465=CARTESIAN_POINT('',(0.041199977809813,-0.0813956919723595,0.0769956630188605));
#4466=CARTESIAN_POINT('',(0.053599977809813,-0.0813956919723595,0.0645956630188606));
#4467=CARTESIAN_POINT('',(0.053599977809813,-0.0813956919723595,-0.0298043369811394));
#4468=CARTESIAN_POINT('',(0.053599977809813,-0.0813956919723595,-0.0298043369811394));
#4469=CARTESIAN_POINT('',(0.053599977809813,-0.0813956919723595,-0.0298043369811394));
#4470=CARTESIAN_POINT('',(0.0535995494449008,-0.0813956919723595,-0.0314857816900478));
#4471=CARTESIAN_POINT('',(0.053352893590032,-0.0813956919723594,-0.0340025138091331));
#4472=CARTESIAN_POINT('',(0.0520904007964929,-0.0813956919723596,-0.0371344196994461));
#4473=CARTESIAN_POINT('',(0.0505726190971714,-0.0813956919723594,-0.0391686726217437));
#4474=CARTESIAN_POINT('',(0.0485420089397603,-0.0813956919723595,-0.0406879881113501));
#4475=CARTESIAN_POINT('',(0.0454095396384501,-0.0813956919723596,-0.0419559059225119));
#4476=CARTESIAN_POINT('',(0.0428831277440444,-0.0813956919723595,-0.0422034406469509));
#4477=CARTESIAN_POINT('',(0.041199977809813,-0.0813956919723595,-0.0422043369811394));
#4478=CARTESIAN_POINT('',(0.041199977809813,-0.0813956919723595,-0.0422043369811394));
#4479=CARTESIAN_POINT('',(0.0325999778098129,-0.0813956919723595,-0.0422043369811394));
#4480=CARTESIAN_POINT('',(0.032699977809813,-0.0813956919723595,-0.0422043369811394));
#4481=CARTESIAN_POINT('',(0.032699977809813,-0.0813956919723595,-0.0422043369811395));
#4482=CARTESIAN_POINT('',(0.0315860738013858,-0.0813956919723595,-0.0422044486671474));
#4483=CARTESIAN_POINT('',(0.0299031645862736,-0.0813956919723595,-0.0423459528907356));
#4484=CARTESIAN_POINT('',(0.0278078473927881,-0.0813956919723595,-0.0429920677369534));
#4485=CARTESIAN_POINT('',(0.0263213107735618,-0.0813956919723596,-0.0437923578424205));
#4486=CARTESIAN_POINT('',(0.025079389757309,-0.0813956919723595,-0.0449197614433434));
#4487=CARTESIAN_POINT('',(0.0238450613010058,-0.0813956919723595,-0.0467938997324499));
#4488=CARTESIAN_POINT('',(0.0234058238646139,-0.0813956919723595,-0.0484304477833233));
#4489=CARTESIAN_POINT('',(0.023249193327949,-0.0813956919723595,-0.0495383764473738));
#4490=CARTESIAN_POINT('',(0.0232491933279492,-0.0813956919723595,-0.0495383764473716));
#4491=CARTESIAN_POINT('',(0.0232491933279495,-0.0813956919723595,-0.0495383764473694));
#4492=CARTESIAN_POINT('',(0.0230356360888002,-0.0813956919723595,-0.0510394147929413));
#4493=CARTESIAN_POINT('',(0.0224845600431052,-0.0813956919723594,-0.0532582542711937));
#4494=CARTESIAN_POINT('',(0.0210122468702473,-0.0813956919723595,-0.0558902206779513));
#4495=CARTESIAN_POINT('',(0.0194858231723285,-0.0813956919723594,-0.0575879414122083));
#4496=CARTESIAN_POINT('',(0.0175889179107696,-0.0813956919723595,-0.0588711514815173));
#4497=CARTESIAN_POINT('',(0.0147523843272415,-0.0813956919723596,-0.0599707793867843));
#4498=CARTESIAN_POINT('',(0.0124883152179585,-0.0813956919723595,-0.0602042731210742));
#4499=CARTESIAN_POINT('',(0.0109710376386978,-0.0813956919723595,-0.0602043369811395));
#4500=CARTESIAN_POINT('',(0.0109710376386974,-0.0813956919723595,-0.0602043369811395));
#4501=CARTESIAN_POINT('',(-0.0577000221901871,-0.0813956919723595,-0.0602043369811395));
#4502=CARTESIAN_POINT('',(-0.0652000221901871,-0.0813956919723595,-0.0602043369811395));
#4503=CARTESIAN_POINT('',(-0.0652000221901871,-0.0813956919723595,-0.0602043369811395));
#4504=CARTESIAN_POINT('',(-0.0668814668990954,-0.0813956919723595,-0.0602039086162272));
#4505=CARTESIAN_POINT('',(-0.0693981990181806,-0.0813956919723595,-0.0599572527613585));
#4506=CARTESIAN_POINT('',(-0.0725301049084937,-0.0813956919723594,-0.0586947599678195));
#4507=CARTESIAN_POINT('',(-0.0745643578307912,-0.0813956919723594,-0.057176978268498));
#4508=CARTESIAN_POINT('',(-0.0760836733203977,-0.0813956919723596,-0.0551463681110868));
#4509=CARTESIAN_POINT('',(-0.0773515911315595,-0.0813956919723594,-0.0520138988097767));
#4510=CARTESIAN_POINT('',(-0.0775991258559985,-0.0813956919723595,-0.0494874869153709));
#4511=CARTESIAN_POINT('',(-0.0776000221901871,-0.0813956919723595,-0.0478043369811395));
#4512=CARTESIAN_POINT('',(-0.0776000221901871,-0.0813956919723595,-0.0478043369811395));
#4513=CARTESIAN_POINT('',(-0.0776000221901871,-0.0813956919723595,-0.00660433698113946));
#4514=CARTESIAN_POINT('',(-0.0776000221901871,-0.0813956919723595,0.0645956630188606));
#4515=CARTESIAN_POINT('',(-0.0776000221901871,-0.0813956919723595,0.0645956630188606));
#4516=CARTESIAN_POINT('',(-0.0775995938252747,-0.0813956919723595,0.0662771077277689));
#4517=CARTESIAN_POINT('',(-0.0773529379704061,-0.0813956919723595,0.0687938398468541));
#4518=CARTESIAN_POINT('',(-0.076090445176867,-0.0813956919723595,0.0719257457371671));
#4519=CARTESIAN_POINT('',(-0.0745726634775456,-0.0813956919723595,0.0739599986594647));
#4520=CARTESIAN_POINT('',(-0.0725420533201345,-0.0813956919723595,0.0754793141490712));
#4521=CARTESIAN_POINT('',(-0.0694095840188243,-0.0813956919723595,0.0767472319602328));
#4522=CARTESIAN_POINT('',(-0.0668831721244186,-0.0813956919723595,0.0769947666846719));
#4523=CARTESIAN_POINT('',(-0.0652000221901871,-0.0813956919723595,0.0769956630188605));
#4524=CARTESIAN_POINT('',(-0.0652000221901871,-0.0813956919723595,0.0769956630188605));
#4525=CARTESIAN_POINT('',(-0.024000022190187,-0.0813956919723595,0.0769956630188605));
#4526=CARTESIAN_POINT('',(0.067799977809813,-0.0813956919723595,0.0815956630208605));
#4527=CARTESIAN_POINT('',(0.067799977809813,-0.0813956919723595,-0.0648043369811395));
#4528=CARTESIAN_POINT('',(0.067799977809813,-0.0813956919723595,0.0620956630188606));
#4529=CARTESIAN_POINT('',(0.067799977809813,-0.0813956919723595,0.0815956630208605));
#4530=CARTESIAN_POINT('',(0.0678001337438508,-0.0813956919723595,0.0810956630188606));
#4531=CARTESIAN_POINT('',(0.067800289677828,-0.0813956919723595,0.0810956631161222));
#4532=CARTESIAN_POINT('',(0.0677994498634382,-0.0813956919723595,0.0824420888245618));
#4533=CARTESIAN_POINT('',(0.0677014026728297,-0.0813956919723595,0.084461021734597));
#4534=CARTESIAN_POINT('',(0.0668062934024386,-0.0813956919723595,0.0870167312989853));
#4535=CARTESIAN_POINT('',(0.0656652481552942,-0.0813956919723595,0.0887053641359844));
#4536=CARTESIAN_POINT('',(0.0640716466047094,-0.0813956919723595,0.0899637267097257));
#4537=CARTESIAN_POINT('',(0.0615759536117278,-0.0813956919723595,0.0909994867087622));
#4538=CARTESIAN_POINT('',(0.0595470120930327,-0.0813956919723595,0.0911937736565605));
#4539=CARTESIAN_POINT('',(0.058199977809813,-0.0813956919723595,0.0911956630188605));
#4540=CARTESIAN_POINT('',(0.058199977809813,-0.0813956919723595,0.0911956630188607));
#4541=CARTESIAN_POINT('',(-0.0822000221921871,-0.0813956919723595,0.0911956630188605));
#4542=CARTESIAN_POINT('',(-0.082200022190187,-0.0813956919723595,0.0911956630188607));
#4543=CARTESIAN_POINT('',(-0.082200022190187,-0.0813956919723595,0.0911956630188605));
#4544=CARTESIAN_POINT('',(-0.0835047812400651,-0.0813956919723595,0.0911948491934717));
#4545=CARTESIAN_POINT('',(-0.0854541700939873,-0.0813956919723595,0.0910130959228675));
#4546=CARTESIAN_POINT('',(-0.0878987445585736,-0.0813956919723595,0.0900547463881187));
#4547=CARTESIAN_POINT('',(-0.0894876213225897,-0.0813956919723595,0.0888807077214147));
#4548=CARTESIAN_POINT('',(-0.0906563172402709,-0.0813956919723595,0.0872969042454787));
#4549=CARTESIAN_POINT('',(-0.0916138808187942,-0.0813956919723595,0.0848678201328007));
#4550=CARTESIAN_POINT('',(-0.0917981912963295,-0.0813956919723595,0.0829010118104875));
#4551=CARTESIAN_POINT('',(-0.0918000221901871,-0.0813956919723595,0.0815956630188606));
#4552=CARTESIAN_POINT('',(-0.0918000221901871,-0.0813956919723595,0.0815956630188606));
#4553=CARTESIAN_POINT('',(-0.0918000221901871,-0.0813956919723595,-0.00660433698113946));
#4554=CARTESIAN_POINT('',(-0.0918000221901871,-0.0813956919723595,-0.0648043369811395));
#4555=CARTESIAN_POINT('',(-0.0918000221901871,-0.0813956919723595,-0.0648043369811395));
#4556=CARTESIAN_POINT('',(-0.0917992083647989,-0.0813956919723595,-0.0661090960310176));
#4557=CARTESIAN_POINT('',(-0.0916174550941938,-0.0813956919723595,-0.0680584848849398));
#4558=CARTESIAN_POINT('',(-0.0906591055594454,-0.0813956919723595,-0.0705030593495263));
#4559=CARTESIAN_POINT('',(-0.0894850668927411,-0.0813956919723596,-0.0720919361135421));
#4560=CARTESIAN_POINT('',(-0.087901263416805,-0.0813956919723594,-0.0732606320312234));
#4561=CARTESIAN_POINT('',(-0.0854721793041272,-0.0813956919723595,-0.0742181956097466));
#4562=CARTESIAN_POINT('',(-0.0835053709818139,-0.0813956919723595,-0.0744025060872818));
#4563=CARTESIAN_POINT('',(-0.082200022190187,-0.0813956919723595,-0.0744043369811395));
#4564=CARTESIAN_POINT('',(-0.082200022190187,-0.0813956919723595,-0.0744043369811395));
#4565=CARTESIAN_POINT('',(-0.024000022190187,-0.0813956919723595,-0.0744043369811395));
#4566=CARTESIAN_POINT('',(0.058199977809813,-0.0813956919723595,-0.0744043369811395));
#4567=CARTESIAN_POINT('',(0.058199977809813,-0.0813956919723595,-0.0744043369811395));
#4568=CARTESIAN_POINT('',(0.0595047368596911,-0.0813956919723595,-0.0744035231557513));
#4569=CARTESIAN_POINT('',(0.0614541257136133,-0.0813956919723595,-0.0742217698851464));
#4570=CARTESIAN_POINT('',(0.0638987001781997,-0.0813956919723595,-0.0732634203503978));
#4571=CARTESIAN_POINT('',(0.0654875769422156,-0.0813956919723596,-0.0720893816836936));
#4572=CARTESIAN_POINT('',(0.0666562728598968,-0.0813956919723595,-0.0705055782077575));
#4573=CARTESIAN_POINT('',(0.0676138364384201,-0.0813956919723595,-0.0680764940950797));
#4574=CARTESIAN_POINT('',(0.0677981469159553,-0.0813956919723595,-0.0661096857727664));
#4575=CARTESIAN_POINT('',(0.067799977809813,-0.0813956919723595,-0.0648043369811395));
#4576=CARTESIAN_POINT('',(0.043199977811813,-0.0813956919723595,-0.0648043369831395));
#4577=CARTESIAN_POINT('',(0.0409639098343131,-0.0813956919723595,-0.0636863029943896));
#4578=CARTESIAN_POINT('',(0.0454360457893128,-0.0813956919723595,-0.0659223709718894));
#4579=CARTESIAN_POINT('',(0.0439569438230631,-0.0813956919723595,-0.0577002350168898));
#4580=CARTESIAN_POINT('',(0.0447139098343131,-0.0813956919723595,-0.0561863029943896));
#4581=CARTESIAN_POINT('',(0.046949977811813,-0.0813956919723595,-0.0573043369831395));
#4582=CARTESIAN_POINT('',(0.0491860457893128,-0.0813956919723595,-0.0584223709718894));
#4583=CARTESIAN_POINT('',(0.0457155542865003,-0.0813956919723595,-0.0653633539775144));
#4584=CARTESIAN_POINT('',(0.050699977811813,-0.0813956919723595,-0.0648043369831395));
#4585=CARTESIAN_POINT('',(0.050699977811813,-0.0813956919723595,-0.0673043369831395));
#4586=CARTESIAN_POINT('',(0.035699977811813,-0.0813956919723595,-0.0648043369831395));
#4587=CARTESIAN_POINT('',(0.033463909834313,-0.0813956919723595,-0.0636863029943896));
#4588=CARTESIAN_POINT('',(0.0379360457893127,-0.0813956919723595,-0.0659223709718894));
#4589=CARTESIAN_POINT('',(0.0369344013371257,-0.0813956919723595,-0.0567453199887645));
#4590=CARTESIAN_POINT('',(0.0409639098343131,-0.0813956919723595,-0.0486863029943896));
#4591=CARTESIAN_POINT('',(0.043199977811813,-0.0813956919723595,-0.0498043369831395));
#4592=CARTESIAN_POINT('',(0.0454360457893128,-0.0813956919723595,-0.0509223709718894));
#4593=CARTESIAN_POINT('',(0.0408475202977504,-0.0813956919723595,-0.0600994219550142));
#4594=CARTESIAN_POINT('',(-0.024000022190187,-0.0793956919723595,-0.00660433698113946));
#4595=CARTESIAN_POINT('',(0.0639499778098129,-0.0793956919723595,0.0148456630188605));
#4596=CARTESIAN_POINT('',(0.064399977809813,-0.0793956919723595,0.0143956630188605));
#4597=CARTESIAN_POINT('',(0.064999977809813,-0.0793956919723595,0.0143956630188605));
#4598=CARTESIAN_POINT('',(0.0579656632347623,-0.0793956919723595,0.0143956630188605));
#4599=CARTESIAN_POINT('',(-0.00207678021283476,-0.0793956919723595,-0.0280607559019462));
#4600=CARTESIAN_POINT('',(0.057399977809813,-0.0793956919723595,0.0139956630188605));
#4601=CARTESIAN_POINT('',(0.057399977809813,-0.0793956919723595,0.00239566301886052));
#4602=CARTESIAN_POINT('',(0.057399977809813,-0.0793956919723595,0.00279566301886053));
#4603=CARTESIAN_POINT('',(0.045063671866269,-0.0793956919723595,0.0115187486063326));
#4604=CARTESIAN_POINT('',(0.0579656632347622,-0.0793956919723595,0.00239566301886052));
#4605=CARTESIAN_POINT('',(0.070261977809813,-0.0793956919723595,0.00239566301886052));
#4606=CARTESIAN_POINT('',(0.064399977809813,-0.0793956919723595,0.00239566301886052));
#4607=CARTESIAN_POINT('',(0.0139499778098129,-0.0793956919723595,-0.0480543369811395));
#4608=CARTESIAN_POINT('',(0.064599977809813,-0.0793956919723595,0.00259566301886055));
#4609=CARTESIAN_POINT('',(0.064599977809813,-0.0793956919723595,-0.00660433698113946));
#4610=CARTESIAN_POINT('',(0.064599977809813,-0.0793956919723595,-0.0508043369811395));
#4611=CARTESIAN_POINT('',(0.0139499778098129,-0.0793956919723595,-0.00015433698113948));
#4612=CARTESIAN_POINT('',(0.064399977809813,-0.0793956919723595,-0.0506043369811395));
#4613=CARTESIAN_POINT('',(0.073145977809813,-0.0793956919723595,-0.0506043369811395));
#4614=CARTESIAN_POINT('',(0.0579656632347622,-0.0793956919723595,-0.0506043369811395));
#4615=CARTESIAN_POINT('',(0.0450636718662689,-0.0793956919723595,-0.0597274225686117));
#4616=CARTESIAN_POINT('',(0.057399977809813,-0.0793956919723595,-0.0510043369811395));
#4617=CARTESIAN_POINT('',(0.057399977809813,-0.0793956919723595,-0.0626043369811395));
#4618=CARTESIAN_POINT('',(0.057399977809813,-0.0793956919723595,-0.0622043369811395));
#4619=CARTESIAN_POINT('',(-0.00207678021283487,-0.0793956919723595,-0.020147918060333));
#4620=CARTESIAN_POINT('',(0.0579656632347622,-0.0793956919723595,-0.0626043369811395));
#4621=CARTESIAN_POINT('',(0.064999977809813,-0.0793956919723595,-0.0626043369811395));
#4622=CARTESIAN_POINT('',(0.064399977809813,-0.0793956919723595,-0.0626043369811395));
#4623=CARTESIAN_POINT('',(0.0639499778098129,-0.0793956919723595,-0.0630543369811395));
#4624=CARTESIAN_POINT('',(0.064599977809813,-0.0793956919723595,-0.0624043369811395));
#4625=CARTESIAN_POINT('',(0.064599977809813,-0.0793956919723595,-0.00660433698113946));
#4626=CARTESIAN_POINT('',(0.064599977809813,-0.0793956919723595,-0.0646043369811395));
#4627=CARTESIAN_POINT('',(0.064599977809813,-0.0793956919723595,-0.0646043369811395));
#4628=CARTESIAN_POINT('',(0.0645993991314857,-0.0793956919723595,-0.0655026471814336));
#4629=CARTESIAN_POINT('',(0.0644451869304694,-0.0793956919723596,-0.0672928333502974));
#4630=CARTESIAN_POINT('',(0.0631617665448208,-0.0793956919723595,-0.0697765917808106));
#4631=CARTESIAN_POINT('',(0.060693993683926,-0.0793956919723595,-0.0710463759154032));
#4632=CARTESIAN_POINT('',(0.0588975055569407,-0.0793956919723595,-0.0712030703501491));
#4633=CARTESIAN_POINT('',(0.057999977809813,-0.0793956919723595,-0.0712043369811395));
#4634=CARTESIAN_POINT('',(0.057999977809813,-0.0793956919723595,-0.0712043369811395));
#4635=CARTESIAN_POINT('',(0.00559997780981293,-0.0793956919723595,-0.0712043369811395));
#4636=CARTESIAN_POINT('',(0.00579997780981293,-0.0793956919723595,-0.0712043369811395));
#4637=CARTESIAN_POINT('',(0.0351999778098129,-0.0793956919723595,-0.0418043369811395));
#4638=CARTESIAN_POINT('',(0.00599997780981293,-0.0793956919723595,-0.0710043369811395));
#4639=CARTESIAN_POINT('',(0.00599997780981293,-0.0793956919723595,-0.0716043369811395));
#4640=CARTESIAN_POINT('',(0.00599997780981293,-0.0793956919723595,-0.0645700224060888));
#4641=CARTESIAN_POINT('',(-0.0233253083502592,-0.0793956919723595,-0.0230978049980434));
#4642=CARTESIAN_POINT('',(0.00559997780981293,-0.0793956919723595,-0.0640043369811395));
#4643=CARTESIAN_POINT('',(-0.030000022190187,-0.0793956919723595,-0.0640043369811395));
#4644=CARTESIAN_POINT('',(-0.0296000221901871,-0.0793956919723595,-0.0640043369811395));
#4645=CARTESIAN_POINT('',(-0.000674736030114947,-0.0793956919723595,-0.0230978049980434));
#4646=CARTESIAN_POINT('',(-0.030000022190187,-0.0793956919723595,-0.0645700224060888));
#4647=CARTESIAN_POINT('',(-0.030000022190187,-0.0793956919723595,-0.0716043369811395));
#4648=CARTESIAN_POINT('',(-0.030000022190187,-0.0793956919723595,-0.0710043369811395));
#4649=CARTESIAN_POINT('',(-0.0592000221901871,-0.0793956919723595,-0.0418043369811395));
#4650=CARTESIAN_POINT('',(-0.029800022190187,-0.0793956919723595,-0.0712043369811395));
#4651=CARTESIAN_POINT('',(-0.0745000221901871,-0.0793956919723595,-0.0712043369811395));
#4652=CARTESIAN_POINT('',(-0.0820000221901871,-0.0793956919723595,-0.0712043369811395));
#4653=CARTESIAN_POINT('',(-0.0820000221901871,-0.0793956919723595,-0.0712043369811395));
#4654=CARTESIAN_POINT('',(-0.0828983323904812,-0.0793956919723595,-0.0712037583028122));
#4655=CARTESIAN_POINT('',(-0.0846885185593446,-0.0793956919723595,-0.0710495461017959));
#4656=CARTESIAN_POINT('',(-0.0871722769898582,-0.0793956919723595,-0.0697661257161473));
#4657=CARTESIAN_POINT('',(-0.0884420611244508,-0.0793956919723595,-0.0672983528552525));
#4658=CARTESIAN_POINT('',(-0.0885987555591967,-0.0793956919723595,-0.0655018647282672));
#4659=CARTESIAN_POINT('',(-0.0886000221901871,-0.0793956919723595,-0.0646043369811395));
#4660=CARTESIAN_POINT('',(-0.0886000221901871,-0.0793956919723595,-0.0646043369811395));
#4661=CARTESIAN_POINT('',(-0.0886000221901871,-0.0793956919723595,-0.0622043369811395));
#4662=CARTESIAN_POINT('',(-0.0886000221901871,-0.0793956919723595,-0.0624043369811395));
#4663=CARTESIAN_POINT('',(-0.0879500221901871,-0.0793956919723595,-0.0630543369811395));
#4664=CARTESIAN_POINT('',(-0.0884000221901871,-0.0793956919723595,-0.0626043369811395));
#4665=CARTESIAN_POINT('',(-0.089000022190187,-0.0793956919723595,-0.0626043369811395));
#4666=CARTESIAN_POINT('',(-0.0819657076151363,-0.0793956919723595,-0.0626043369811395));
#4667=CARTESIAN_POINT('',(-0.0219232641675394,-0.0793956919723595,-0.0201479180603326));
#4668=CARTESIAN_POINT('',(-0.0814000221901871,-0.0793956919723595,-0.0622043369811395));
#4669=CARTESIAN_POINT('',(-0.0814000221901871,-0.0793956919723595,-0.00660433698113946));
#4670=CARTESIAN_POINT('',(-0.0814000221901871,-0.0793956919723595,-0.0510043369811395));
#4671=CARTESIAN_POINT('',(-0.0690637162466432,-0.0793956919723595,-0.0597274225686116));
#4672=CARTESIAN_POINT('',(-0.0819657076151363,-0.0793956919723595,-0.0506043369811395));
#4673=CARTESIAN_POINT('',(-0.0922445221901871,-0.0793956919723595,-0.0506043369811395));
#4674=CARTESIAN_POINT('',(-0.0884000221901871,-0.0793956919723595,-0.0506043369811395));
#4675=CARTESIAN_POINT('',(-0.0379500221901874,-0.0793956919723595,-0.00015433698113948));
#4676=CARTESIAN_POINT('',(-0.0886000221901871,-0.0793956919723595,-0.0508043369811395));
#4677=CARTESIAN_POINT('',(-0.0886000221901871,-0.0793956919723595,0.0377956630188606));
#4678=CARTESIAN_POINT('',(-0.0886000221901871,-0.0793956919723595,0.00259566301886055));
#4679=CARTESIAN_POINT('',(-0.0379500221901871,-0.0793956919723595,-0.0480543369811395));
#4680=CARTESIAN_POINT('',(-0.088400022190187,-0.0793956919723595,0.00239566301886052));
#4681=CARTESIAN_POINT('',(-0.0942620221901871,-0.0793956919723595,0.00239566301886052));
#4682=CARTESIAN_POINT('',(-0.0819657076151363,-0.0793956919723595,0.00239566301886052));
#4683=CARTESIAN_POINT('',(-0.069063716246643,-0.0793956919723595,0.0115187486063326));
#4684=CARTESIAN_POINT('',(-0.0814000221901871,-0.0793956919723595,0.00279566301886053));
#4685=CARTESIAN_POINT('',(-0.0814000221901871,-0.0793956919723595,0.00239566301886052));
#4686=CARTESIAN_POINT('',(-0.0814000221901871,-0.0793956919723595,0.0139956630188605));
#4687=CARTESIAN_POINT('',(-0.0219232641675393,-0.0793956919723595,-0.0280607559019462));
#4688=CARTESIAN_POINT('',(-0.0819657076151364,-0.0793956919723595,0.0143956630188605));
#4689=CARTESIAN_POINT('',(-0.089000022190187,-0.0793956919723595,0.0143956630188605));
#4690=CARTESIAN_POINT('',(-0.088400022190187,-0.0793956919723595,0.0143956630188605));
#4691=CARTESIAN_POINT('',(-0.087950022190187,-0.0793956919723595,0.0148456630188605));
#4692=CARTESIAN_POINT('',(-0.0379500221901881,-0.0793956919723595,0.0169456630188598));
#4693=CARTESIAN_POINT('',(-0.0884000221901871,-0.0793956919723595,0.0673956630188605));
#4694=CARTESIAN_POINT('',(-0.0922445221901871,-0.0793956919723595,0.0673956630188605));
#4695=CARTESIAN_POINT('',(-0.0819657076151364,-0.0793956919723595,0.0673956630188605));
#4696=CARTESIAN_POINT('',(-0.0690637162466428,-0.0793956919723595,0.0765187486063328));
#4697=CARTESIAN_POINT('',(-0.0814000221901871,-0.0793956919723595,0.0677956630188605));
#4698=CARTESIAN_POINT('',(-0.0814000221901871,-0.0793956919723595,0.0233956630188605));
#4699=CARTESIAN_POINT('',(-0.0814000221901871,-0.0793956919723595,0.0789956630188605));
#4700=CARTESIAN_POINT('',(-0.0219232641675393,-0.0793956919723595,0.0369392440980539));
#4701=CARTESIAN_POINT('',(-0.0819657076151363,-0.0793956919723595,0.0793956630188605));
#4702=CARTESIAN_POINT('',(-0.089000022190187,-0.0793956919723595,0.0793956630188605));
#4703=CARTESIAN_POINT('',(-0.0884000221901871,-0.0793956919723595,0.0793956630188605));
#4704=CARTESIAN_POINT('',(-0.0879500221901861,-0.0793956919723595,0.0798456630188615));
#4705=CARTESIAN_POINT('',(-0.0886000221901871,-0.0793956919723595,0.0791956630188606));
#4706=CARTESIAN_POINT('',(-0.0886000221901871,-0.0793956919723595,0.0813956630188605));
#4707=CARTESIAN_POINT('',(-0.0886000221901871,-0.0793956919723595,0.0813956630188605));
#4708=CARTESIAN_POINT('',(-0.0886000221901871,-0.0793956919723595,0.0813956630188605));
#4709=CARTESIAN_POINT('',(-0.0885994435118598,-0.0793956919723595,0.0822939732191547));
#4710=CARTESIAN_POINT('',(-0.0884452313108433,-0.0793956919723595,0.0840841593880193));
#4711=CARTESIAN_POINT('',(-0.0871618109251946,-0.0793956919723595,0.0865679178185314));
#4712=CARTESIAN_POINT('',(-0.0846940380643001,-0.0793956919723595,0.0878377019531245));
#4713=CARTESIAN_POINT('',(-0.0828975499373148,-0.0793956919723595,0.0879943963878701));
#4714=CARTESIAN_POINT('',(-0.0820000221901871,-0.0793956919723595,0.0879956630188605));
#4715=CARTESIAN_POINT('',(-0.0820000221901871,-0.0793956919723595,0.0879956630188605));
#4716=CARTESIAN_POINT('',(-0.024000022190187,-0.0793956919723595,0.0879956630188605));
#4717=CARTESIAN_POINT('',(-0.029800022190187,-0.0793956919723595,0.0879956630188605));
#4718=CARTESIAN_POINT('',(-0.0592000221901871,-0.0793956919723595,0.0585956630188605));
#4719=CARTESIAN_POINT('',(-0.030000022190187,-0.0793956919723595,0.0877956630188606));
#4720=CARTESIAN_POINT('',(-0.030000022190187,-0.0793956919723595,0.0883956630188605));
#4721=CARTESIAN_POINT('',(-0.030000022190187,-0.0793956919723595,0.0813613484438098));
#4722=CARTESIAN_POINT('',(-0.000674736030114947,-0.0793956919723595,0.0398891310357644));
#4723=CARTESIAN_POINT('',(-0.029600022190187,-0.0793956919723595,0.0807956630188605));
#4724=CARTESIAN_POINT('',(-0.024000022190187,-0.0793956919723595,0.0807956630188605));
#4725=CARTESIAN_POINT('',(0.00559997780981293,-0.0793956919723595,0.0807956630188605));
#4726=CARTESIAN_POINT('',(-0.0233253083502587,-0.0793956919723595,0.0398891310357637));
#4727=CARTESIAN_POINT('',(0.00599997780981293,-0.0793956919723595,0.0813613484438097));
#4728=CARTESIAN_POINT('',(0.00599997780981293,-0.0793956919723595,0.0883956630188605));
#4729=CARTESIAN_POINT('',(0.00599997780981293,-0.0793956919723595,0.0877956630188606));
#4730=CARTESIAN_POINT('',(0.0351999778098129,-0.0793956919723595,0.0585956630188605));
#4731=CARTESIAN_POINT('',(0.00579997780981293,-0.0793956919723595,0.0879956630188605));
#4732=CARTESIAN_POINT('',(-2.2190187058289E-8,-0.0793956919723595,0.0879956630188605));
#4733=CARTESIAN_POINT('',(0.057999977809813,-0.0793956919723595,0.0879956630188605));
#4734=CARTESIAN_POINT('',(0.057999977809813,-0.0793956919723595,0.0879956630188605));
#4735=CARTESIAN_POINT('',(0.0589232202575945,-0.0793956919723595,0.0879950682795431));
#4736=CARTESIAN_POINT('',(0.0607671038046122,-0.0793956919723595,0.0878345113524001));
#4737=CARTESIAN_POINT('',(0.0632901458435506,-0.0793956919723595,0.0864553991880442));
#4738=CARTESIAN_POINT('',(0.0645073106422042,-0.0793956919723595,0.0838655657426226));
#4739=CARTESIAN_POINT('',(0.0645990978821345,-0.0793956919723595,0.0820191749271171));
#4740=CARTESIAN_POINT('',(0.0646003996679727,-0.0793956919723595,0.081096736649183));
#4741=CARTESIAN_POINT('',(0.064599977809813,-0.0793956919723595,0.0810967360538382));
#4742=CARTESIAN_POINT('',(0.064599977809813,-0.0793956919723595,0.0233956630188605));
#4743=CARTESIAN_POINT('',(0.064599977809813,-0.0793956919723595,0.0791956630188606));
#4744=CARTESIAN_POINT('',(0.0639499778098129,-0.0793956919723595,0.0798456630188605));
#4745=CARTESIAN_POINT('',(0.064399977809813,-0.0793956919723595,0.0793956630188605));
#4746=CARTESIAN_POINT('',(0.064999977809813,-0.0793956919723595,0.0793956630188605));
#4747=CARTESIAN_POINT('',(0.0579656632347623,-0.0793956919723595,0.0793956630188605));
#4748=CARTESIAN_POINT('',(-0.00207678021283476,-0.0793956919723595,0.0369392440980539));
#4749=CARTESIAN_POINT('',(0.057399977809813,-0.0793956919723595,0.0789956630188605));
#4750=CARTESIAN_POINT('',(0.057399977809813,-0.0793956919723595,0.0673956630188605));
#4751=CARTESIAN_POINT('',(0.057399977809813,-0.0793956919723595,0.0677956630188605));
#4752=CARTESIAN_POINT('',(0.045063671866269,-0.0793956919723595,0.0765187486063326));
#4753=CARTESIAN_POINT('',(0.0579656632347622,-0.0793956919723595,0.0673956630188605));
#4754=CARTESIAN_POINT('',(0.070261977809813,-0.0793956919723595,0.0673956630188605));
#4755=CARTESIAN_POINT('',(0.064399977809813,-0.0793956919723595,0.0673956630188605));
#4756=CARTESIAN_POINT('',(0.0139499778098129,-0.0793956919723595,0.0169456630188606));
#4757=CARTESIAN_POINT('',(0.0456149312275128,-0.0793956919723595,-0.0510118136909894));
#4758=CARTESIAN_POINT('',(0.0381149312275127,-0.0793956919723595,-0.0660118136909894));
#4759=CARTESIAN_POINT('',(0.0456149312275128,-0.0793956919723595,-0.0510118136909894));
#4760=CARTESIAN_POINT('',(0.043199977811813,-0.0793956919723595,-0.0498043369831395));
#4761=CARTESIAN_POINT('',(0.040785024396113,-0.0793956919723595,-0.0485968602752896));
#4762=CARTESIAN_POINT('',(0.0494250243965132,-0.0793956919723595,-0.0313168602744896));
#4763=CARTESIAN_POINT('',(0.0332850243961132,-0.0793956919723595,-0.0635968602752897));
#4764=CARTESIAN_POINT('',(0.035699977811813,-0.0793956919723595,-0.0648043369831395));
#4765=CARTESIAN_POINT('',(0.0493649312275128,-0.0793956919723595,-0.0585118136909894));
#4766=CARTESIAN_POINT('',(0.0456149312275128,-0.0793956919723595,-0.0660118136909894));
#4767=CARTESIAN_POINT('',(0.0493649312275128,-0.0793956919723595,-0.0585118136909894));
#4768=CARTESIAN_POINT('',(0.046949977811813,-0.0793956919723595,-0.0573043369831395));
#4769=CARTESIAN_POINT('',(0.0445350243961132,-0.0793956919723595,-0.0560968602752896));
#4770=CARTESIAN_POINT('',(0.0554250243965132,-0.0793956919723595,-0.0343168602744896));
#4771=CARTESIAN_POINT('',(0.0407850243961132,-0.0793956919723595,-0.0635968602752896));
#4772=CARTESIAN_POINT('',(0.043199977811813,-0.0793956919723595,-0.0648043369831395));
#4773=CARTESIAN_POINT('',(0.050699977811813,-0.0793956919723595,-0.0648043369831395));
#4774=CARTESIAN_POINT('',(0.047999977811813,-0.0793956919723595,-0.0648043369831395));
#4775=CARTESIAN_POINT('',(0.068199977809813,-0.0809956919723595,-0.0166043369811394));
#4776=CARTESIAN_POINT('',(0.067999977809813,-0.0811956919723595,-0.0648043369811395));
#4777=CARTESIAN_POINT('',(0.068199977809813,-0.0809956919723595,-0.0648043369811406));
#4778=CARTESIAN_POINT('',(0.068199977809813,-0.0809956919723595,-0.0648043369831395));
#4779=CARTESIAN_POINT('',(0.068199977809813,-0.0809956919723595,0.0620956630188606));
#4780=CARTESIAN_POINT('',(0.068199977809813,-0.0809956919723595,-0.0648043369831395));
#4781=CARTESIAN_POINT('',(0.0681971506239613,-0.0809987199317313,0.0810956630188606));
#4782=CARTESIAN_POINT('',(0.0678002116927667,-0.0813957699393764,0.0810956630188606));
#4783=CARTESIAN_POINT('',(0.0679325585417192,-0.0812634538162743,0.0810956630188606));
#4784=CARTESIAN_POINT('',(0.0680649050801171,-0.0811311373825454,0.0810956630188606));
#4785=CARTESIAN_POINT('',(0.0681972513260671,-0.0809988206563037,0.0810956630188606));
#4786=CARTESIAN_POINT('',(0.064799977809813,-0.0793956919723595,-0.0166043369811394));
#4787=CARTESIAN_POINT('',(0.064799977809813,-0.0795956919723595,-0.0166043369811394));
#4788=CARTESIAN_POINT('',(0.064799977809813,-0.0795956919723595,-0.0510043369811395));
#4789=CARTESIAN_POINT('',(0.064799977809813,-0.0795956919723595,0.00279566301886053));
#4790=CARTESIAN_POINT('',(0.064799977809813,-0.0782704646808463,0.00279566301886053));
#4791=CARTESIAN_POINT('',(0.064799977809813,-0.0782704646808463,0.00279566301886053));
#4792=CARTESIAN_POINT('',(0.064799977809813,-0.0782704646808463,-0.0476043369811395));
#4793=CARTESIAN_POINT('',(0.064799977809813,-0.0782704646808463,0.0139956630188605));
#4794=CARTESIAN_POINT('',(0.064799977809813,-0.0793956919723595,0.0139956630188605));
#4795=CARTESIAN_POINT('',(0.064799977809813,-0.0782704646808463,0.0677956630188605));
#4796=CARTESIAN_POINT('',(0.064799977809813,-0.0782704646808463,0.0677956630188605));
#4797=CARTESIAN_POINT('',(0.064799977809813,-0.0782704646808463,0.0173956630188606));
#4798=CARTESIAN_POINT('',(0.064799977809813,-0.0782704646808463,0.0789956630188605));
#4799=CARTESIAN_POINT('',(0.064799977809813,-0.0793956919723595,0.0789956630188605));
#4800=CARTESIAN_POINT('',(0.064799977809813,-0.0795956919723595,0.0789956630188605));
#4801=CARTESIAN_POINT('',(0.064799977809813,-0.0795956919723595,0.0133956630188605));
#4802=CARTESIAN_POINT('',(0.0647990200349143,-0.0795945839437643,0.0810949066530064));
#4803=CARTESIAN_POINT('',(0.0647970335855585,-0.0799958013611683,0.0810956630188603));
#4804=CARTESIAN_POINT('',(0.064799977809813,-0.0799956919723617,-0.0646043369811395));
#4805=CARTESIAN_POINT('',(0.064799977794188,-0.0795956919567345,-0.0646043369811395));
#4806=CARTESIAN_POINT('',(0.064799977809813,-0.0795956919723595,-0.0166043369811394));
#4807=CARTESIAN_POINT('',(0.064799977809813,-0.0795956919723595,-0.0622043369811395));
#4808=CARTESIAN_POINT('',(0.064799977809813,-0.0782704646808463,-0.0622043369811395));
#4809=CARTESIAN_POINT('',(0.064799977809813,-0.0782704646808463,-0.0622043369811395));
#4810=CARTESIAN_POINT('',(0.064799977809813,-0.0782704646808463,-0.0126043369811395));
#4811=CARTESIAN_POINT('',(0.064799977809813,-0.0782704646808463,-0.0510043369811395));
#4812=CARTESIAN_POINT('',(0.064799977809813,-0.0793956919723595,-0.0510043369811395));
#4813=CARTESIAN_POINT('',(0.068199977809813,-0.0813956919723595,-0.0166043369811394));
#4814=CARTESIAN_POINT('',(0.068199977809813,-0.0808956919723595,-0.0648043369811395));
#4815=CARTESIAN_POINT('',(0.0681943234381096,-0.0806956919723595,0.0810956630188605));
#4816=CARTESIAN_POINT('',(0.064599977809813,-0.0793956919723595,-0.00660433698113946));
#4817=CARTESIAN_POINT('',(0.0498666444764797,-0.0646623586390261,-0.0360710036478059));
#4818=CARTESIAN_POINT('',(0.0498666444764797,-0.0646623586390262,-0.0121376703144728));
#4819=CARTESIAN_POINT('',(0.053199977809813,-0.0809956919723595,0.00239566301886055));
#4820=CARTESIAN_POINT('',(0.052999977809813,-0.0807956919723595,-0.0298043369811394));
#4821=CARTESIAN_POINT('',(0.052799977809813,-0.0805956919723595,-0.0298043369811394));
#4822=CARTESIAN_POINT('',(0.053399977809813,-0.0811956919723595,0.0645956630188606));
#4823=CARTESIAN_POINT('',(0.052799977809813,-0.0805956919723595,0.0645956630188606));
#4824=CARTESIAN_POINT('',(0.052799977809813,-0.0805956919723595,-0.00660433698113946));
#4825=CARTESIAN_POINT('',(0.0647970335852767,-0.0795965738548728,0.0810956630038507));
#4826=CARTESIAN_POINT('',(0.0647970335852767,-0.0803956919723596,0.0810956630038507));
#4827=CARTESIAN_POINT('',(0.0648420659279133,-0.0795965738548728,0.0834941364904581));
#4828=CARTESIAN_POINT('',(0.0648420659279133,-0.0803956919723596,0.0834941364904581));
#4829=CARTESIAN_POINT('',(0.0637649795771126,-0.0795965738548728,0.0870168602931198));
#4830=CARTESIAN_POINT('',(0.0637649795771126,-0.0803956919723596,0.0870168602931198));
#4831=CARTESIAN_POINT('',(0.0603494437964054,-0.0795965738548728,0.0881956630177392));
#4832=CARTESIAN_POINT('',(0.0603494437964054,-0.0803956919723596,0.0881956630177392));
#4833=CARTESIAN_POINT('',(0.057999977816499,-0.0795965738548728,0.0881956630188605));
#4834=CARTESIAN_POINT('',(0.057999977816499,-0.0803956919723596,0.0881956630188605));
#4835=CARTESIAN_POINT('',(0.057999977809813,-0.0799956919723568,0.0881956630188605));
#4836=CARTESIAN_POINT('',(0.057999977809813,-0.0795956919411095,0.0881956630188605));
#4837=CARTESIAN_POINT('',(0.057999977813156,-0.079595691948922,0.088195663011048));
#4838=CARTESIAN_POINT('',(0.0589497806256999,-0.0795964320302653,0.0881956630105947));
#4839=CARTESIAN_POINT('',(0.0603764816460228,-0.0795957106099203,0.0880592599143262));
#4840=CARTESIAN_POINT('',(0.0621382561103361,-0.0796002737098834,0.0873314259085287));
#4841=CARTESIAN_POINT('',(0.0632666890147418,-0.0795931350424286,0.0864443981808733));
#4842=CARTESIAN_POINT('',(0.0640798535267855,-0.0796026027355644,0.0852625734235351));
#4843=CARTESIAN_POINT('',(0.0647182299109463,-0.0795919174772109,0.0834765876251333));
#4844=CARTESIAN_POINT('',(0.0648148675287151,-0.0796115756401962,0.08204367704651));
#4845=CARTESIAN_POINT('',(0.0647970209614601,-0.0795922722087963,0.0810949912974908));
#4846=CARTESIAN_POINT('',(0.0648041917336326,-0.0795993319121711,0.0810239466244214));
#4847=CARTESIAN_POINT('',(0.0648041548991388,-0.0795993319121711,0.0810478009217742));
#4848=CARTESIAN_POINT('',(0.0648041180646451,-0.0795993319121711,0.0810716552191269));
#4849=CARTESIAN_POINT('',(0.0648040812301514,-0.0795993319121711,0.0810955095164797));
#4850=CARTESIAN_POINT('',(0.0648039267366424,-0.0795993319121711,0.0811955606839399));
#4851=CARTESIAN_POINT('',(0.0648037722431335,-0.0795993319121711,0.0812956118514002));
#4852=CARTESIAN_POINT('',(0.0648036177496246,-0.0795993319121711,0.0813956630188605));
#4853=CARTESIAN_POINT('',(0.0648022153932028,-0.0795993319121711,0.0823038396675648));
#4854=CARTESIAN_POINT('',(0.064718841675637,-0.0795993319121711,0.0831997426157598));
#4855=CARTESIAN_POINT('',(0.0642274985207962,-0.0795993319121711,0.0849604271908541));
#4856=CARTESIAN_POINT('',(0.0637861874579647,-0.0795993319121711,0.0858258452287959));
#4857=CARTESIAN_POINT('',(0.0624613952451045,-0.0795993319121711,0.0871623678584544));
#4858=CARTESIAN_POINT('',(0.0616056713319509,-0.0795993319121711,0.087606972419756));
#4859=CARTESIAN_POINT('',(0.0598395501487189,-0.0795993319121711,0.0881089977735456));
#4860=CARTESIAN_POINT('',(0.0589107302603521,-0.0795993319121711,0.088198591099864));
#4861=CARTESIAN_POINT('',(0.057999977809813,-0.0795993319121711,0.088199302958672));
#4862=CARTESIAN_POINT('',(0.0648005507722115,-0.0795956919723595,0.0810240448290682));
#4863=CARTESIAN_POINT('',(0.0648005140032779,-0.0795956919723595,0.0810478928242969));
#4864=CARTESIAN_POINT('',(0.0648004772343443,-0.0795956919723595,0.0810717408195256));
#4865=CARTESIAN_POINT('',(0.0648004404654107,-0.0795956919723595,0.0810955888147543));
#4866=CARTESIAN_POINT('',(0.0648002862468781,-0.0795956919723595,0.0811956135494563));
#4867=CARTESIAN_POINT('',(0.0648001320283455,-0.0795956919723595,0.0812956382841584));
#4868=CARTESIAN_POINT('',(0.064799977809813,-0.0795956919723595,0.0813956630188605));
#4869=CARTESIAN_POINT('',(0.0647985779493853,-0.0795956919723595,0.0823035997341952));
#4870=CARTESIAN_POINT('',(0.0647152190334366,-0.0795956919723595,0.0831991923756766));
#4871=CARTESIAN_POINT('',(0.0642241136634097,-0.0795956919723595,0.084959004717865));
#4872=CARTESIAN_POINT('',(0.0637830875083374,-0.0795956919723595,0.0858238023788543));
#4873=CARTESIAN_POINT('',(0.0624593281520183,-0.0795956919723595,0.0871592825199318));
#4874=CARTESIAN_POINT('',(0.0616042241329571,-0.0795956919723595,0.0876035963315127));
#4875=CARTESIAN_POINT('',(0.0598389861479563,-0.0795956919723595,0.0881053773110053));
#4876=CARTESIAN_POINT('',(0.0589104902935363,-0.0795956919723595,0.0881949535518902));
#4877=CARTESIAN_POINT('',(0.057999977809813,-0.0795956919723595,0.0881956630188605));
#4878=CARTESIAN_POINT('',(0.0646004946388928,-0.0793956919723595,0.0810294407780085));
#4879=CARTESIAN_POINT('',(0.064600461472224,-0.0793956919723595,0.0810529424969565));
#4880=CARTESIAN_POINT('',(0.0646004283055552,-0.0793956919723595,0.0810764442159046));
#4881=CARTESIAN_POINT('',(0.0646003951388863,-0.0793956919723595,0.0810999459348526));
#4882=CARTESIAN_POINT('',(0.0646002560291952,-0.0793956919723595,0.0811985182961886));
#4883=CARTESIAN_POINT('',(0.0646001169195041,-0.0793956919723595,0.0812970906575246));
#4884=CARTESIAN_POINT('',(0.064599977809813,-0.0793956919723595,0.0813956630188605));
#4885=CARTESIAN_POINT('',(0.0645987150941818,-0.0793956919723595,0.0822904163640279));
#4886=CARTESIAN_POINT('',(0.0645161694673485,-0.0793956919723595,0.0831689589041526));
#4887=CARTESIAN_POINT('',(0.064038129413019,-0.0793956919723595,0.0848808455689402));
#4888=CARTESIAN_POINT('',(0.0636127577892884,-0.0793956919723595,0.0857115560205441));
#4889=CARTESIAN_POINT('',(0.0623457497307665,-0.0793956919723595,0.0869897556221105));
#4890=CARTESIAN_POINT('',(0.0615247063898786,-0.0793956919723595,0.0874180939101528));
#4891=CARTESIAN_POINT('',(0.05980799658264,-0.0793956919723595,0.0879064475084409));
#4892=CARTESIAN_POINT('',(0.0588973050856397,-0.0793956919723595,0.0879950849737188));
#4893=CARTESIAN_POINT('',(0.057999977809813,-0.0793956919723595,0.0879956630188605));
#4894=CARTESIAN_POINT('',(0.064600189454406,-0.0793954802857061,0.0810956630188606));
#4895=CARTESIAN_POINT('',(0.0646665184119754,-0.0794617960642688,0.0810956630188606));
#4896=CARTESIAN_POINT('',(0.0647328472730034,-0.079528111939392,0.0810956630188606));
#4897=CARTESIAN_POINT('',(0.0647991760416129,-0.0795944279069516,0.0810956630188606));
#4898=CARTESIAN_POINT('',(0.057999977809813,-0.0794956919723595,0.0880956630188605));
#4899=CARTESIAN_POINT('',(-0.0918000221901871,-0.0813956919723595,-0.00660433698113946));
#4900=CARTESIAN_POINT('',(-0.092000022190187,-0.0811956919723595,-0.0648043369811395));
#4901=CARTESIAN_POINT('',(-0.0922000221901872,-0.0809956919723595,-0.0648043369811406));
#4902=CARTESIAN_POINT('',(-0.092000022190187,-0.0811956919723595,0.0815956630188606));
#4903=CARTESIAN_POINT('',(-0.0922000221901871,-0.0809956919723595,0.0815956630188616));
#4904=CARTESIAN_POINT('',(-0.0922000221901871,-0.0809956919723595,-0.0266043369811395));
#4905=CARTESIAN_POINT('',(-0.082200022190187,-0.0809917075682477,-0.0748083213852513));
#4906=CARTESIAN_POINT('',(-0.0835278471055154,-0.0809917075682477,-0.0748062218707877));
#4907=CARTESIAN_POINT('',(-0.0848428065292015,-0.0809917075682477,-0.0746831599016861));
#4908=CARTESIAN_POINT('',(-0.0867782186145429,-0.0809917075682477,-0.0741378978191953));
#4909=CARTESIAN_POINT('',(-0.0874269969786005,-0.0809917075682477,-0.0738841833806393));
#4910=CARTESIAN_POINT('',(-0.0886263403093592,-0.0809917075682477,-0.073227468733867));
#4911=CARTESIAN_POINT('',(-0.0891926834934512,-0.0809917075682477,-0.0728136342314343));
#4912=CARTESIAN_POINT('',(-0.0901779102614764,-0.0809917075682477,-0.0718356373531142));
#4913=CARTESIAN_POINT('',(-0.0905878910702601,-0.0809917075682477,-0.0712850597577359));
#4914=CARTESIAN_POINT('',(-0.0912621909649854,-0.0809917075682477,-0.0700728027873645));
#4915=CARTESIAN_POINT('',(-0.0915135401571127,-0.0809917075682477,-0.069439650234412));
#4916=CARTESIAN_POINT('',(-0.0920724919052202,-0.0809917075682477,-0.0674949184701514));
#4917=CARTESIAN_POINT('',(-0.092202931644064,-0.0809917075682477,-0.066135424182532));
#4918=CARTESIAN_POINT('',(-0.0922040065942989,-0.0809917075682477,-0.0648043369811395));
#4919=CARTESIAN_POINT('',(-0.082200022190187,-0.0809956919723595,-0.0748043369811395));
#4920=CARTESIAN_POINT('',(-0.0835275822388442,-0.0809956919723595,-0.074802240176597));
#4921=CARTESIAN_POINT('',(-0.0848421988878516,-0.0809956919723595,-0.0746791935741087));
#4922=CARTESIAN_POINT('',(-0.0867768910465377,-0.0809956919723595,-0.07413413134019));
#4923=CARTESIAN_POINT('',(-0.0874253821566675,-0.0809956919723595,-0.0738805254481806));
#4924=CARTESIAN_POINT('',(-0.0886241277150879,-0.0809956919723595,-0.0732241371892562));
#4925=CARTESIAN_POINT('',(-0.0891901554140683,-0.0809956919723595,-0.0728105299008478));
#4926=CARTESIAN_POINT('',(-0.0901748233012004,-0.0809956919723595,-0.0718330871957368));
#4927=CARTESIAN_POINT('',(-0.0905845781224811,-0.0809956919723595,-0.0712828182712135));
#4928=CARTESIAN_POINT('',(-0.0912585408798932,-0.0809956919723595,-0.0700711689574173));
#4929=CARTESIAN_POINT('',(-0.0915097817093377,-0.0809956919723595,-0.0694382988714225));
#4930=CARTESIAN_POINT('',(-0.0920685270123172,-0.0809956919723595,-0.0674942973701632));
#4931=CARTESIAN_POINT('',(-0.0921989498185674,-0.0809956919723595,-0.0661351593811175));
#4932=CARTESIAN_POINT('',(-0.0922000221901871,-0.0809956919723595,-0.0648043369811395));
#4933=CARTESIAN_POINT('',(-0.082200022190187,-0.0813956919723595,-0.0744043369811395));
#4934=CARTESIAN_POINT('',(-0.0835009918967214,-0.0813956919723595,-0.0744025122294256));
#4935=CARTESIAN_POINT('',(-0.0847811969078423,-0.0813956919723595,-0.0742810083031314));
#4936=CARTESIAN_POINT('',(-0.0866436146048875,-0.0813956919723595,-0.0737560091518215));
#4937=CARTESIAN_POINT('',(-0.0872632678843507,-0.0813956919723595,-0.0735133004021225));
#4938=CARTESIAN_POINT('',(-0.0884020022268857,-0.0813956919723595,-0.0728896786838211));
#4939=CARTESIAN_POINT('',(-0.0889363579264657,-0.0813956919723595,-0.0724988817347117));
#4940=CARTESIAN_POINT('',(-0.0898649189652571,-0.0813956919723595,-0.0715770732668453));
#4941=CARTESIAN_POINT('',(-0.0902519865794423,-0.0813956919723595,-0.0710577922488052));
#4942=CARTESIAN_POINT('',(-0.0908921036421343,-0.0813956919723595,-0.0699071464435008));
#4943=CARTESIAN_POINT('',(-0.0911324657876084,-0.0813956919723595,-0.0693026336174411));
#4944=CARTESIAN_POINT('',(-0.0916704857703506,-0.0813956919723595,-0.0674319442583052));
#4945=CARTESIAN_POINT('',(-0.0917992086894167,-0.0813956919723595,-0.0661085755902035));
#4946=CARTESIAN_POINT('',(-0.0918000221901871,-0.0813956919723595,-0.0648043369811395));
#4947=CARTESIAN_POINT('',(-0.082200022190187,-0.0811956919723595,-0.0746043369811395));
#4948=CARTESIAN_POINT('',(-0.0822000221901882,-0.0809956919723595,-0.0748043369811395));
#4949=CARTESIAN_POINT('',(-0.0822000221901893,-0.0809956919723595,-0.0748043369811395));
#4950=CARTESIAN_POINT('',(-0.0835575360569483,-0.0809935478574889,-0.0748043369811393));
#4951=CARTESIAN_POINT('',(-0.0855850601888211,-0.0809964354991825,-0.0746096816438908));
#4952=CARTESIAN_POINT('',(-0.0881230781824144,-0.0809955348485159,-0.0735995258623767));
#4953=CARTESIAN_POINT('',(-0.0897714736374954,-0.0809957573883646,-0.072373651537702));
#4954=CARTESIAN_POINT('',(-0.09099148197165,-0.0809956150929295,-0.0707315683072832));
#4955=CARTESIAN_POINT('',(-0.0920010850822027,-0.0809960694377317,-0.068208963720937));
#4956=CARTESIAN_POINT('',(-0.092200022190187,-0.0809945972445088,-0.0661629036562283));
#4957=CARTESIAN_POINT('',(-0.0922000221901872,-0.0809956919723595,-0.0648043369811417));
#4958=CARTESIAN_POINT('',(-0.0922040065942988,-0.0809917075682478,0.0815956630188606));
#4959=CARTESIAN_POINT('',(-0.0922019070798352,-0.0809917075682478,0.0829234879341887));
#4960=CARTESIAN_POINT('',(-0.0920788451107336,-0.0809917075682478,0.084238447357875));
#4961=CARTESIAN_POINT('',(-0.0915335830282427,-0.0809917075682478,0.0861738594432164));
#4962=CARTESIAN_POINT('',(-0.0912798685896868,-0.0809917075682478,0.086822637807274));
#4963=CARTESIAN_POINT('',(-0.0906231539429145,-0.0809917075682478,0.0880219811380326));
#4964=CARTESIAN_POINT('',(-0.0902093194404816,-0.0809917075682478,0.0885883243221244));
#4965=CARTESIAN_POINT('',(-0.0892313225621618,-0.0809917075682478,0.0895735510901499));
#4966=CARTESIAN_POINT('',(-0.0886807449667834,-0.0809917075682478,0.0899835318989338));
#4967=CARTESIAN_POINT('',(-0.0874684879964121,-0.0809917075682478,0.0906578317936584));
#4968=CARTESIAN_POINT('',(-0.0868353354434593,-0.0809917075682478,0.0909091809857862));
#4969=CARTESIAN_POINT('',(-0.0848906036791988,-0.0809917075682478,0.0914681327338935));
#4970=CARTESIAN_POINT('',(-0.0835311093915795,-0.0809917075682478,0.0915985724727366));
#4971=CARTESIAN_POINT('',(-0.082200022190187,-0.0809917075682478,0.0915996474229724));
#4972=CARTESIAN_POINT('',(-0.0922000221901871,-0.0809956919723595,0.0815956630188606));
#4973=CARTESIAN_POINT('',(-0.0921979253856446,-0.0809956919723595,0.0829232230675175));
#4974=CARTESIAN_POINT('',(-0.0920748787831563,-0.0809956919723595,0.0842378397165251));
#4975=CARTESIAN_POINT('',(-0.0915298165492376,-0.0809956919723595,0.0861725318752111));
#4976=CARTESIAN_POINT('',(-0.0912762106572282,-0.0809956919723595,0.086821022985341));
#4977=CARTESIAN_POINT('',(-0.0906198223983037,-0.0809956919723595,0.0880197685437614));
#4978=CARTESIAN_POINT('',(-0.0902062151098952,-0.0809956919723595,0.0885857962427415));
#4979=CARTESIAN_POINT('',(-0.0892287724047844,-0.0809956919723595,0.0895704641298735));
#4980=CARTESIAN_POINT('',(-0.0886785034802611,-0.0809956919723595,0.0899802189511545));
#4981=CARTESIAN_POINT('',(-0.0874668541664649,-0.0809956919723595,0.0906541817085665));
#4982=CARTESIAN_POINT('',(-0.0868339840804699,-0.0809956919723595,0.0909054225380115));
#4983=CARTESIAN_POINT('',(-0.0848899825792107,-0.0809956919723595,0.0914641678409905));
#4984=CARTESIAN_POINT('',(-0.0835308445901651,-0.0809956919723595,0.0915945906472405));
#4985=CARTESIAN_POINT('',(-0.082200022190187,-0.0809956919723595,0.0915956630188605));
#4986=CARTESIAN_POINT('',(-0.0918000221901871,-0.0813956919723595,0.0815956630188606));
#4987=CARTESIAN_POINT('',(-0.0917981974384733,-0.0813956919723595,0.0828966327253947));
#4988=CARTESIAN_POINT('',(-0.0916766935121791,-0.0813956919723595,0.0841768377365159));
#4989=CARTESIAN_POINT('',(-0.091151694360869,-0.0813956919723595,0.086039255433561));
#4990=CARTESIAN_POINT('',(-0.0909089856111701,-0.0813956919723595,0.0866589087130241));
#4991=CARTESIAN_POINT('',(-0.0902853638928686,-0.0813956919723595,0.0877976430555592));
#4992=CARTESIAN_POINT('',(-0.0898945669437593,-0.0813956919723595,0.0883319987551393));
#4993=CARTESIAN_POINT('',(-0.0889727584758928,-0.0813956919723595,0.0892605597939306));
#4994=CARTESIAN_POINT('',(-0.0884534774578528,-0.0813956919723595,0.0896476274081156));
#4995=CARTESIAN_POINT('',(-0.0873028316525484,-0.0813956919723595,0.0902877444708075));
#4996=CARTESIAN_POINT('',(-0.0866983188264887,-0.0813956919723595,0.0905281066162815));
#4997=CARTESIAN_POINT('',(-0.0848276294673528,-0.0813956919723595,0.0910661265990245));
#4998=CARTESIAN_POINT('',(-0.0835042607992511,-0.0813956919723595,0.0911948495180895));
#4999=CARTESIAN_POINT('',(-0.082200022190187,-0.0813956919723595,0.0911956630188605));
#5000=CARTESIAN_POINT('',(-0.082200022190187,-0.0811956919723595,0.0913956630188605));
#5001=CARTESIAN_POINT('',(-0.0822000221901882,-0.0809956919723592,0.0915956630188605));
#5002=CARTESIAN_POINT('',(-0.0922000221901871,-0.0809956919723595,0.0815956630188626));
#5003=CARTESIAN_POINT('',(-0.0922000221901868,-0.0809935478574889,0.0829531768856216));
#5004=CARTESIAN_POINT('',(-0.0920053668529384,-0.0809964354991825,0.0849807010174943));
#5005=CARTESIAN_POINT('',(-0.0909952110714243,-0.0809955348485161,0.0875187190110876));
#5006=CARTESIAN_POINT('',(-0.0897693367467495,-0.0809957573883643,0.0891671144661686));
#5007=CARTESIAN_POINT('',(-0.088127253516331,-0.0809956150929296,0.0903871228003232));
#5008=CARTESIAN_POINT('',(-0.0856046489299845,-0.0809960694377322,0.0913967259108761));
#5009=CARTESIAN_POINT('',(-0.0835585888652759,-0.0809945972445084,0.0915956630188604));
#5010=CARTESIAN_POINT('',(-0.0822000221901893,-0.0809956919723594,0.0915956630188606));
#5011=CARTESIAN_POINT('',(-0.024000022190187,-0.0813956919723595,-0.0744043369811395));
#5012=CARTESIAN_POINT('',(-0.024000022190187,-0.0809956919723595,-0.0748043369811395));
#5013=CARTESIAN_POINT('',(0.0581999778098141,-0.0809956919723595,-0.0748043369811395));
#5014=CARTESIAN_POINT('',(0.058199977809813,-0.0811956919723595,-0.0746043369811395));
#5015=CARTESIAN_POINT('',(-0.022400022190187,-0.0809956919723595,0.0915956630188605));
#5016=CARTESIAN_POINT('',(0.058199977809813,-0.0811956919723595,0.0913956630188605));
#5017=CARTESIAN_POINT('',(0.058199977809814,-0.0809956919723592,0.0915956630188605));
#5018=CARTESIAN_POINT('',(0.034199977811813,-0.0809956919723595,0.0915956630188605));
#5019=CARTESIAN_POINT('',(-0.0922000221901871,-0.0810001119848508,0.0815956630188648));
#5020=CARTESIAN_POINT('',(-0.0922000221901871,-0.0803956920723595,0.0815956630188648));
#5021=CARTESIAN_POINT('',(-0.0922000221901857,-0.0810001119848508,0.088262329685528));
#5022=CARTESIAN_POINT('',(-0.0922000221901857,-0.0803956920723595,0.088262329685528));
#5023=CARTESIAN_POINT('',(-0.0888666888568531,-0.0810001119848508,0.0915956630188597));
#5024=CARTESIAN_POINT('',(-0.0888666888568531,-0.0803956920723595,0.0915956630188597));
#5025=CARTESIAN_POINT('',(-0.0822000221901892,-0.0810001119848508,0.0915956630188606));
#5026=CARTESIAN_POINT('',(-0.0822000221901892,-0.0803956920723595,0.0915956630188606));
#5027=CARTESIAN_POINT('',(-0.0922000221901871,-0.0808956919723595,0.0815956630188606));
#5028=CARTESIAN_POINT('',(-0.082200022190187,-0.0808956919723595,0.0915956630188605));
#5029=CARTESIAN_POINT('',(-0.0820000221935301,-0.0795906036157142,0.0881956630188606));
#5030=CARTESIAN_POINT('',(-0.0820000221935301,-0.0803956919723596,0.0881956630188606));
#5031=CARTESIAN_POINT('',(-0.0843000221918185,-0.0795906036157142,0.0881956630183119));
#5032=CARTESIAN_POINT('',(-0.0843000221918185,-0.0803956919723596,0.0881956630183119));
#5033=CARTESIAN_POINT('',(-0.087667179477171,-0.0795906036157142,0.0870628203058446));
#5034=CARTESIAN_POINT('',(-0.087667179477171,-0.0803956919723596,0.0870628203058446));
#5035=CARTESIAN_POINT('',(-0.0888000221896381,-0.0795906036157142,0.0836956630204919));
#5036=CARTESIAN_POINT('',(-0.0888000221896382,-0.0803956919723596,0.0836956630204919));
#5037=CARTESIAN_POINT('',(-0.0888000221901871,-0.0795906036157142,0.0813956630222035));
#5038=CARTESIAN_POINT('',(-0.0888000221901871,-0.0803956919723596,0.0813956630222035));
#5039=CARTESIAN_POINT('',(-0.0820000221901871,-0.0793956919723595,0.0881956630188605));
#5040=CARTESIAN_POINT('',(-0.0820000221901871,-0.0795956919723595,0.0881956630188605));
#5041=CARTESIAN_POINT('',(-0.0888000221901871,-0.0795956919723595,0.0813956630222139));
#5042=CARTESIAN_POINT('',(-0.0888000221897444,-0.0795964125137441,0.0823203887051539));
#5043=CARTESIAN_POINT('',(-0.0886704683685241,-0.0795959160702485,0.0837077636605171));
#5044=CARTESIAN_POINT('',(-0.0879881463341255,-0.0796003892845452,0.0854331396371155));
#5045=CARTESIAN_POINT('',(-0.0871542069181953,-0.0795928500453189,0.0865549829219358));
#5046=CARTESIAN_POINT('',(-0.0860339908234335,-0.0796023132947905,0.0873850109939271));
#5047=CARTESIAN_POINT('',(-0.0843165380545357,-0.0795945045490802,0.0880647329708887));
#5048=CARTESIAN_POINT('',(-0.0829243049803024,-0.0795971170350149,0.0881956630186452));
#5049=CARTESIAN_POINT('',(-0.0820000221901871,-0.0795956919723648,0.0881956630188657));
#5050=CARTESIAN_POINT('',(-0.0888000221901871,-0.0795956919723595,0.0813956630188815));
#5051=CARTESIAN_POINT('',(-0.0888000221901871,-0.0803956919723595,0.0813956630188605));
#5052=CARTESIAN_POINT('',(-0.0888000221901871,-0.0795956919723595,-0.0266043369811395));
#5053=CARTESIAN_POINT('',(-0.107200022190187,-0.0979956919723595,0.0605956630188614));
#5054=CARTESIAN_POINT('',(-0.0888000221901871,-0.0795956919723595,0.0789956630188605));
#5055=CARTESIAN_POINT('',(-0.0888000221901871,-0.0795956919723595,0.0789956630188605));
#5056=CARTESIAN_POINT('',(-0.0887000221901871,-0.0794956919723595,0.0813956630188605));
#5057=CARTESIAN_POINT('',(-0.0884000221901871,-0.0743956919723595,0.0793956630188605));
#5058=CARTESIAN_POINT('',(-0.0888000221901871,-0.0782704646808463,0.0789956630188605));
#5059=CARTESIAN_POINT('',(-0.0886636110803788,-0.078181162647085,0.0791320741286688));
#5060=CARTESIAN_POINT('',(-0.0885296385861259,-0.0780852047153905,0.0792660466229217));
#5061=CARTESIAN_POINT('',(-0.0884000221901871,-0.0779773573549987,0.0793956630188605));
#5062=CARTESIAN_POINT('',(-0.0888000221901871,-0.0782704646808463,0.0789956630188605));
#5063=CARTESIAN_POINT('',(-0.0884000221901871,-0.0779773573549987,0.0793956630188605));
#5064=CARTESIAN_POINT('',(-0.0888000221901871,-0.0782704646808463,0.0789956630188605));
#5065=CARTESIAN_POINT('',(-0.0884000221901871,-0.0793956919723595,0.0793956630188605));
#5066=CARTESIAN_POINT('',(-0.0882000221901871,-0.0768956919723595,0.0293956630188605));
#5067=CARTESIAN_POINT('',(-0.0892198260929056,-0.0757956919723595,0.0293956630188605));
#5068=CARTESIAN_POINT('',(-0.0892198260929056,-0.0757956919723595,0.0789956630188605));
#5069=CARTESIAN_POINT('',(-0.0892198260929056,-0.0757956919723595,0.0677956630188605));
#5070=CARTESIAN_POINT('',(-0.0882000221901871,-0.0768956919723595,0.0677956630188605));
#5071=CARTESIAN_POINT('',(-0.0888000221901871,-0.0782704646808463,0.0677956630188605));
#5072=CARTESIAN_POINT('',(-0.0888000221901871,-0.0782704646808463,0.0293956630188605));
#5073=CARTESIAN_POINT('',(-0.0882000221901871,-0.0768956919723595,0.0789956630188605));
#5074=CARTESIAN_POINT('',(-0.0884000221901871,-0.0543956919723595,0.0673956630188605));
#5075=CARTESIAN_POINT('',(-0.0888000221901871,-0.0793956919723595,0.0677956630188605));
#5076=CARTESIAN_POINT('',(-0.0888000221901871,-0.0782704646808463,0.0677956630188605));
#5077=CARTESIAN_POINT('',(-0.0886636110803788,-0.078181162647085,0.0676592519090522));
#5078=CARTESIAN_POINT('',(-0.0885296385861259,-0.0780852047153905,0.0675252794147992));
#5079=CARTESIAN_POINT('',(-0.0884000221901871,-0.0779773573549987,0.0673956630188605));
#5080=CARTESIAN_POINT('',(-0.0884000221901871,-0.0779773573549987,0.0673956630188605));
#5081=CARTESIAN_POINT('',(-0.0884000221901871,-0.0782704646808463,0.0673956630188605));
#5082=CARTESIAN_POINT('',(-0.0776000221901871,-0.0813956919723595,0.0645956630188606));
#5083=CARTESIAN_POINT('',(-0.0775995945387802,-0.0813956919723595,0.0662743070316442));
#5084=CARTESIAN_POINT('',(-0.0774271129413623,-0.0813956919723595,0.0679750648722801));
#5085=CARTESIAN_POINT('',(-0.0767193184416588,-0.0813956919723595,0.0703714218560189));
#5086=CARTESIAN_POINT('',(-0.0763994343544854,-0.0813956919723595,0.071157848058282));
#5087=CARTESIAN_POINT('',(-0.0755717164763565,-0.0813956919723595,0.0726232410016935));
#5088=CARTESIAN_POINT('',(-0.0750720356093622,-0.0813956919723595,0.0732914746193929));
#5089=CARTESIAN_POINT('',(-0.0738710204223953,-0.0813956919723595,0.0744881697774905));
#5090=CARTESIAN_POINT('',(-0.0732028788680703,-0.0813956919723595,0.0749843833333027));
#5091=CARTESIAN_POINT('',(-0.0717324119854017,-0.0813956919723595,0.0758087176809784));
#5092=CARTESIAN_POINT('',(-0.0709470341349216,-0.0813956919723595,0.0761252645864893));
#5093=CARTESIAN_POINT('',(-0.0685646840526911,-0.0813956919723595,0.0768234983066383));
#5094=CARTESIAN_POINT('',(-0.0668805532107737,-0.0813956919723595,0.0769947680793319));
#5095=CARTESIAN_POINT('',(-0.0652000221901871,-0.0813956919723595,0.0769956630188605));
#5096=CARTESIAN_POINT('',(-0.0772000221901871,-0.0809956919723595,0.0645956630188606));
#5097=CARTESIAN_POINT('',(-0.0771998170733811,-0.0809956919723595,0.0662468899791603));
#5098=CARTESIAN_POINT('',(-0.0770293005196946,-0.0809956919723595,0.0679105900444156));
#5099=CARTESIAN_POINT('',(-0.0763430087193457,-0.0809956919723595,0.0702329940120514));
#5100=CARTESIAN_POINT('',(-0.0760344052361885,-0.0809956919723595,0.0709908380603611));
#5101=CARTESIAN_POINT('',(-0.0752401219464444,-0.0809956919723595,0.0723969120964331));
#5102=CARTESIAN_POINT('',(-0.07476263477964,-0.0809956919723595,0.0730350932585476));
#5103=CARTESIAN_POINT('',(-0.073615756559654,-0.0809956919723595,0.0741778468194134));
#5104=CARTESIAN_POINT('',(-0.0729776256253888,-0.0809956919723595,0.0746520572197225));
#5105=CARTESIAN_POINT('',(-0.0715665285367582,-0.0809956919723595,0.0754431812803773));
#5106=CARTESIAN_POINT('',(-0.0708095799664052,-0.0809956919723595,0.0757486155924239));
#5107=CARTESIAN_POINT('',(-0.0685004995112349,-0.0809956919723595,0.0764257028929299));
#5108=CARTESIAN_POINT('',(-0.0668530785939377,-0.0809956919723595,0.0765949930275633));
#5109=CARTESIAN_POINT('',(-0.0652000221901871,-0.0809956919723595,0.0765956630188606));
#5110=CARTESIAN_POINT('',(-0.0768000221901871,-0.0805956919723595,0.0645956630188606));
#5111=CARTESIAN_POINT('',(-0.076800039607982,-0.0805956919723595,0.0662194729266765));
#5112=CARTESIAN_POINT('',(-0.0766314880980271,-0.0805956919723595,0.0678461152165512));
#5113=CARTESIAN_POINT('',(-0.0759666989970326,-0.0805956919723595,0.070094566168084));
#5114=CARTESIAN_POINT('',(-0.0756693761178915,-0.0805956919723595,0.07082382806244));
#5115=CARTESIAN_POINT('',(-0.0749085274165325,-0.0805956919723595,0.0721705831911728));
#5116=CARTESIAN_POINT('',(-0.074453233949918,-0.0805956919723595,0.0727787118977024));
#5117=CARTESIAN_POINT('',(-0.0733604926969127,-0.0805956919723595,0.0738675238613363));
#5118=CARTESIAN_POINT('',(-0.0727523723827075,-0.0805956919723595,0.0743197311061421));
#5119=CARTESIAN_POINT('',(-0.0714006450881149,-0.0805956919723595,0.0750776448797761));
#5120=CARTESIAN_POINT('',(-0.0706721257978888,-0.0805956919723595,0.0753719665983583));
#5121=CARTESIAN_POINT('',(-0.0684363149697786,-0.0805956919723595,0.0760279074792215));
#5122=CARTESIAN_POINT('',(-0.0668256039771019,-0.0805956919723595,0.0761952179757948));
#5123=CARTESIAN_POINT('',(-0.0652000221901871,-0.0805956919723595,0.0761956630188606));
#5124=CARTESIAN_POINT('',(-0.0770000221901871,-0.0807956919723595,0.0645956630188606));
#5125=CARTESIAN_POINT('',(-0.0768000221901871,-0.0805956919723595,0.0645956630188606));
#5126=CARTESIAN_POINT('',(-0.0768000221901871,-0.0805956919723595,0.0645956630188606));
#5127=CARTESIAN_POINT('',(-0.0768000306392229,-0.0805956919723595,0.0653833418346355));
#5128=CARTESIAN_POINT('',(-0.0767201381015175,-0.0805956919723595,0.0669630844901291));
#5129=CARTESIAN_POINT('',(-0.0762890488154137,-0.0805956919723595,0.0692636467673129));
#5130=CARTESIAN_POINT('',(-0.0754248961869147,-0.0805956919723596,0.0714639238675265));
#5131=CARTESIAN_POINT('',(-0.0740129390237499,-0.0805956919723595,0.0733840869221326));
#5132=CARTESIAN_POINT('',(-0.0720961524004358,-0.0805956919723595,0.0748067841988064));
#5133=CARTESIAN_POINT('',(-0.069145174804586,-0.0805956919723595,0.075971865813149));
#5134=CARTESIAN_POINT('',(-0.0667788813694695,-0.0805956919723595,0.0761952307672598));
#5135=CARTESIAN_POINT('',(-0.0652000221901871,-0.0805956919723595,0.0761956630188606));
#5136=CARTESIAN_POINT('',(-0.0652000221901871,-0.0805956919723595,0.0761956630188606));
#5137=CARTESIAN_POINT('',(-0.0652000221901871,-0.0811956919723595,0.0767956630188605));
#5138=CARTESIAN_POINT('',(-0.0636456239090403,-0.0814756919723595,0.0741161844386915));
#5139=CARTESIAN_POINT('',(-0.0641637566694226,-0.0814756919723595,0.0741160106320811));
#5140=CARTESIAN_POINT('',(-0.0646818894298049,-0.0814756919723595,0.0741158368254709));
#5141=CARTESIAN_POINT('',(-0.0652000221901871,-0.0814756919723595,0.0741156630188605));
#5142=CARTESIAN_POINT('',(-0.0664953540911427,-0.0814756919723595,0.0741152285023349));
#5143=CARTESIAN_POINT('',(-0.0678054343460132,-0.0814756919723595,0.073985380451609));
#5144=CARTESIAN_POINT('',(-0.0702521992908547,-0.0814756919723595,0.0732894779020278));
#5145=CARTESIAN_POINT('',(-0.0714387111658059,-0.0814756919723595,0.0726760107693654));
#5146=CARTESIAN_POINT('',(-0.073265237094649,-0.0814756919723595,0.0708537344168628));
#5147=CARTESIAN_POINT('',(-0.0738845413330169,-0.0814756919723595,0.069671071725098));
#5148=CARTESIAN_POINT('',(-0.0745921658785157,-0.0814756919723595,0.0672017373264968));
#5149=CARTESIAN_POINT('',(-0.0747194276955357,-0.0814756919723595,0.065893527430806));
#5150=CARTESIAN_POINT('',(-0.0747200221901871,-0.0814756919723595,0.0645956630188606));
#5151=CARTESIAN_POINT('',(-0.0747202599880477,-0.0814756919723595,0.0640765172540823));
#5152=CARTESIAN_POINT('',(-0.0747204977859083,-0.0814756919723595,0.0635573714893041));
#5153=CARTESIAN_POINT('',(-0.0747207355837689,-0.0814756919723595,0.0630382257245259));
#5154=CARTESIAN_POINT('',(-0.0636392661503629,-0.0813956919723595,0.074196240950408));
#5155=CARTESIAN_POINT('',(-0.0641595181636377,-0.0813956919723595,0.0741960483065589));
#5156=CARTESIAN_POINT('',(-0.0646797701769123,-0.0813956919723595,0.0741958556627098));
#5157=CARTESIAN_POINT('',(-0.0652000221901871,-0.0813956919723595,0.0741956630188606));
#5158=CARTESIAN_POINT('',(-0.0665006522233739,-0.0813956919723595,0.0741951814092376));
#5159=CARTESIAN_POINT('',(-0.0678178940408589,-0.0813956919723595,0.0740649381486653));
#5160=CARTESIAN_POINT('',(-0.0702838541362734,-0.0813956919723595,0.0733637184732882));
#5161=CARTESIAN_POINT('',(-0.0714838830510153,-0.0813956919723595,0.0727439442502491));
#5162=CARTESIAN_POINT('',(-0.0733329926339775,-0.0813956919723595,0.0708991472936058));
#5163=CARTESIAN_POINT('',(-0.0739586987904761,-0.0813956919723595,0.0697029410688663));
#5164=CARTESIAN_POINT('',(-0.0746717521511231,-0.0813956919723595,0.0672141722202814));
#5165=CARTESIAN_POINT('',(-0.0747993784183909,-0.0813956919723595,0.0658988378196833));
#5166=CARTESIAN_POINT('',(-0.0748000221901871,-0.0813956919723595,0.0645956630188606));
#5167=CARTESIAN_POINT('',(-0.0748002796989055,-0.0813956919723595,0.0640743930985314));
#5168=CARTESIAN_POINT('',(-0.0748005372076241,-0.0813956919723595,0.0635531231782022));
#5169=CARTESIAN_POINT('',(-0.0748007947163425,-0.0813956919723595,0.0630318532578731));
#5170=CARTESIAN_POINT('',(-0.0636074773569767,-0.0809956919723595,0.0745965235089914));
#5171=CARTESIAN_POINT('',(-0.0641383256347134,-0.0809956919723595,0.0745962366789478));
#5172=CARTESIAN_POINT('',(-0.0646691739124503,-0.0809956919723595,0.0745959498489041));
#5173=CARTESIAN_POINT('',(-0.0652000221901871,-0.0809956919723595,0.0745956630188606));
#5174=CARTESIAN_POINT('',(-0.066527142884529,-0.0809956919723595,0.0745949459437514));
#5175=CARTESIAN_POINT('',(-0.0678801925150873,-0.0809956919723595,0.0744627266339475));
#5176=CARTESIAN_POINT('',(-0.0704421283633677,-0.0809956919723595,0.07373492132959));
#5177=CARTESIAN_POINT('',(-0.071709742477062,-0.0809956919723595,0.0730836116546677));
#5178=CARTESIAN_POINT('',(-0.0736717703306203,-0.0809956919723595,0.0711262116773205));
#5179=CARTESIAN_POINT('',(-0.0743294860777726,-0.0809956919723595,0.0698622877877085));
#5180=CARTESIAN_POINT('',(-0.0750696835141604,-0.0809956919723595,0.0672763466892046));
#5181=CARTESIAN_POINT('',(-0.0751991320326672,-0.0809956919723595,0.0659253897640698));
#5182=CARTESIAN_POINT('',(-0.0752000221901871,-0.0809956919723595,0.0645956630188606));
#5183=CARTESIAN_POINT('',(-0.0752003782531951,-0.0809956919723595,0.0640637723207768));
#5184=CARTESIAN_POINT('',(-0.0752007343162029,-0.0809956919723595,0.0635318816226931));
#5185=CARTESIAN_POINT('',(-0.075201090379211,-0.0809956919723595,0.0629999909246093));
#5186=CARTESIAN_POINT('',(-0.0635756885635903,-0.0805956919723595,0.0749968060675749));
#5187=CARTESIAN_POINT('',(-0.0641171331057893,-0.0805956919723595,0.0749964250513368));
#5188=CARTESIAN_POINT('',(-0.0646585776479882,-0.0805956919723595,0.0749960440350986));
#5189=CARTESIAN_POINT('',(-0.0652000221901871,-0.0805956919723595,0.0749956630188605));
#5190=CARTESIAN_POINT('',(-0.0665536335456844,-0.0805956919723595,0.0749947104782652));
#5191=CARTESIAN_POINT('',(-0.0679424909893157,-0.0805956919723595,0.0748605151192298));
#5192=CARTESIAN_POINT('',(-0.0706004025904619,-0.0805956919723595,0.0741061241858919));
#5193=CARTESIAN_POINT('',(-0.0719356019031087,-0.0805956919723595,0.0734232790590864));
#5194=CARTESIAN_POINT('',(-0.0740105480272631,-0.0805956919723595,0.0713532760610353));
#5195=CARTESIAN_POINT('',(-0.0747002733650691,-0.0805956919723595,0.0700216345065508));
#5196=CARTESIAN_POINT('',(-0.0754676148771977,-0.0805956919723595,0.0673385211581278));
#5197=CARTESIAN_POINT('',(-0.0755988856469435,-0.0805956919723595,0.0659519417084563));
#5198=CARTESIAN_POINT('',(-0.0756000221901871,-0.0805956919723595,0.0645956630188606));
#5199=CARTESIAN_POINT('',(-0.0756004768074845,-0.0805956919723595,0.0640531515430222));
#5200=CARTESIAN_POINT('',(-0.075600931424782,-0.0805956919723595,0.0635106400671839));
#5201=CARTESIAN_POINT('',(-0.0756013860420794,-0.0805956919723595,0.0629681285913455));
#5202=CARTESIAN_POINT('',(-0.0750000221901871,-0.0811956919723595,0.0645956630188606));
#5203=CARTESIAN_POINT('',(-0.0748000221901871,-0.0813956919723595,0.0645956630188606));
#5204=CARTESIAN_POINT('',(-0.0756000221901871,-0.0805956919723595,0.0645956630188606));
#5205=CARTESIAN_POINT('',(-0.0652000221901871,-0.0813956919723595,0.0741956630188606));
#5206=CARTESIAN_POINT('',(-0.0665041671563267,-0.0813956919723595,0.0741951801076949));
#5207=CARTESIAN_POINT('',(-0.0684710102211514,-0.0813956919723595,0.0740109112813516));
#5208=CARTESIAN_POINT('',(-0.0708842207499087,-0.0813956919723595,0.0730546130524603));
#5209=CARTESIAN_POINT('',(-0.0724805896801596,-0.0813956919723595,0.0718928847016128));
#5210=CARTESIAN_POINT('',(-0.0736496951149821,-0.0813956919723595,0.0702974872278611));
#5211=CARTESIAN_POINT('',(-0.0746202617627278,-0.0813956919723595,0.0678577005719509));
#5212=CARTESIAN_POINT('',(-0.0747993770881344,-0.0813956919723596,0.0659015306325595));
#5213=CARTESIAN_POINT('',(-0.0748000221901871,-0.0813956919723596,0.0645956630188606));
#5214=CARTESIAN_POINT('',(-0.0652000221901871,-0.0813956919723595,0.0741956630188606));
#5215=CARTESIAN_POINT('',(-0.0652000221901871,-0.0807956919723595,0.0747956630188605));
#5216=CARTESIAN_POINT('',(-0.0652000221901871,-0.0805956919723595,0.0749956630188605));
#5217=CARTESIAN_POINT('',(-0.0652000221901871,-0.0805956919723595,0.0749956630188605));
#5218=CARTESIAN_POINT('',(-0.0666094831364714,-0.0805956919723595,0.0749946711767314));
#5219=CARTESIAN_POINT('',(-0.0687325596993815,-0.0805956919723595,0.0747876947359503));
#5220=CARTESIAN_POINT('',(-0.0713320328599824,-0.0805956919723595,0.0737260388559564));
#5221=CARTESIAN_POINT('',(-0.0730478074842115,-0.0805956919723595,0.0724629636625098));
#5222=CARTESIAN_POINT('',(-0.0743198816460438,-0.0805956919723595,0.0707470876544501));
#5223=CARTESIAN_POINT('',(-0.0753968530212679,-0.0805956919723595,0.0681208517927534));
#5224=CARTESIAN_POINT('',(-0.0755988393957254,-0.0805956919723595,0.0660071349815769));
#5225=CARTESIAN_POINT('',(-0.0756000221901871,-0.0805956919723595,0.0645956630188606));
#5226=CARTESIAN_POINT('',(-0.00215002219018705,-0.0809956919723595,0.0745956630188606));
#5227=CARTESIAN_POINT('',(-0.0577000221901871,-0.0813956919723595,0.0741956630188606));
#5228=CARTESIAN_POINT('',(0.041199977809813,-0.0813956919723595,0.0741956630188606));
#5229=CARTESIAN_POINT('',(0.041199977809813,-0.0807956919723595,0.0747956630188605));
#5230=CARTESIAN_POINT('',(0.041199977809813,-0.0805956919723595,0.0749956630188605));
#5231=CARTESIAN_POINT('',(-0.024000022190187,-0.0805956919723595,0.0749956630188605));
#5232=CARTESIAN_POINT('',(-0.024000022190187,-0.0813956919723595,0.0769956630188605));
#5233=CARTESIAN_POINT('',(-0.0577000221901871,-0.0805956919723595,0.0761956630188606));
#5234=CARTESIAN_POINT('',(0.041199977809813,-0.0805956919723595,0.0761956630188606));
#5235=CARTESIAN_POINT('',(0.041199977809813,-0.0811956919723595,0.0767956630188605));
#5236=CARTESIAN_POINT('',(-0.022400022190187,-0.0813956919723595,0.0915956630188605));
#5237=CARTESIAN_POINT('',(0.058199977809813,-0.0808956919723595,0.0915956630188605));
#5238=CARTESIAN_POINT('',(-0.024000022190187,-0.0793956919723595,0.0881956630188605));
#5239=CARTESIAN_POINT('',(-2.2190187058289E-8,-0.0795956919723595,0.0881956630188605));
#5240=CARTESIAN_POINT('',(0.00559997780981293,-0.0795956919723595,0.0881956630188605));
#5241=CARTESIAN_POINT('',(0.00559997780981293,-0.0793956919723595,0.0881956630188605));
#5242=CARTESIAN_POINT('',(0.00559997780981293,-0.0782704646808463,0.0881956630188605));
#5243=CARTESIAN_POINT('',(-0.018000022190187,-0.0782704646808463,0.0881956630188605));
#5244=CARTESIAN_POINT('',(-0.0296000221901871,-0.0782704646808463,0.0881956630188605));
#5245=CARTESIAN_POINT('',(-0.0296000221901871,-0.0793956919723595,0.0881956630188605));
#5246=CARTESIAN_POINT('',(-0.0296000221901871,-0.0795956919723595,0.0881956630188605));
#5247=CARTESIAN_POINT('',(-0.024000022190187,-0.0795956919723595,0.0881956630188605));
#5248=CARTESIAN_POINT('',(0.0312619778098129,-0.0543956919723595,0.0673956630188605));
#5249=CARTESIAN_POINT('',(-0.0882000221901871,-0.0768956919723595,0.0673956630188605));
#5250=CARTESIAN_POINT('',(-0.0890485503276109,-0.0761956919723595,0.0673956630188605));
#5251=CARTESIAN_POINT('',(-0.085000022190187,-0.0761956919723595,0.0673956630188605));
#5252=CARTESIAN_POINT('',(-0.0851657076151363,-0.0761956919723595,0.0673956630188605));
#5253=CARTESIAN_POINT('',(-0.0832828649026617,-0.0780785346848341,0.0673956630188605));
#5254=CARTESIAN_POINT('',(-0.0996051149026617,-0.0617562846848341,0.0673956630188605));
#5255=CARTESIAN_POINT('',(-0.0857249946572016,-0.0775459303345731,0.0660454246566469));
#5256=CARTESIAN_POINT('',(-0.085000022190187,-0.0757956919723595,0.0677956630188605));
#5257=CARTESIAN_POINT('',(-0.085000022190187,-0.0757956919723595,0.0677956630188605));
#5258=CARTESIAN_POINT('',(-0.0830000221901871,-0.0777956919723595,0.0233956630188605));
#5259=CARTESIAN_POINT('',(-0.085000022190187,-0.0757956919723595,0.0233956630188605));
#5260=CARTESIAN_POINT('',(-0.085000022190187,-0.0757956919723595,0.0789956630188605));
#5261=CARTESIAN_POINT('',(-0.0814000221901871,-0.0793956919723595,0.0789956630188605));
#5262=CARTESIAN_POINT('',(-0.0879828649026616,-0.0733785346848341,0.0793956630188605));
#5263=CARTESIAN_POINT('',(-0.0848509325561191,-0.0754357577557832,0.0786357288022842));
#5264=CARTESIAN_POINT('',(-0.0851657076151363,-0.0761956919723595,0.0793956630188605));
#5265=CARTESIAN_POINT('',(-0.0832828649026617,-0.0780785346848341,0.0793956630188605));
#5266=CARTESIAN_POINT('',(0.0259999778098129,-0.0743956919723595,0.0793956630188605));
#5267=CARTESIAN_POINT('',(-0.0882000221901871,-0.0768956919723595,0.0793956630188605));
#5268=CARTESIAN_POINT('',(-0.0890485503276109,-0.0761956919723595,0.0793956630188605));
#5269=CARTESIAN_POINT('',(-0.0892198260929056,-0.0761956919723595,0.0793956630188605));
#5270=CARTESIAN_POINT('',(-0.0820000221901871,-0.0796028070412032,0.0882027780877042));
#5271=CARTESIAN_POINT('',(-0.0829084279084534,-0.0796028070412032,0.088201373348303));
#5272=CARTESIAN_POINT('',(-0.0838046271131594,-0.0796028070412032,0.088117985499314));
#5273=CARTESIAN_POINT('',(-0.0855661444278184,-0.0796028070412032,0.087626415326184));
#5274=CARTESIAN_POINT('',(-0.086432154753015,-0.0796028070412032,0.0871848322557706));
#5275=CARTESIAN_POINT('',(-0.0877696726690025,-0.0796028070412032,0.0858590539524976));
#5276=CARTESIAN_POINT('',(-0.0882145548153324,-0.0796028070412032,0.0850027382130862));
#5277=CARTESIAN_POINT('',(-0.0887168134785334,-0.0796028070412032,0.0832357738214571));
#5278=CARTESIAN_POINT('',(-0.0888064231166834,-0.0796028070412032,0.0823066445708933));
#5279=CARTESIAN_POINT('',(-0.0888071372590308,-0.0796028070412032,0.0813956630188605));
#5280=CARTESIAN_POINT('',(-0.0820000221901871,-0.0796015580841185,0.0882015291306195));
#5281=CARTESIAN_POINT('',(-0.0829083455811356,-0.0796015580841185,0.0882001252476583));
#5282=CARTESIAN_POINT('',(-0.0838044383116172,-0.0796015580841185,0.0881167424774852));
#5283=CARTESIAN_POINT('',(-0.0855656563407045,-0.0796015580841185,0.0876252538944482));
#5284=CARTESIAN_POINT('',(-0.0864314537985928,-0.0796015580841185,0.087183768583224));
#5285=CARTESIAN_POINT('',(-0.0877686140099022,-0.0796015580841185,0.0858583446796282));
#5286=CARTESIAN_POINT('',(-0.0882133963925154,-0.0796015580841185,0.0850022416418433));
#5287=CARTESIAN_POINT('',(-0.0887155712046022,-0.0796015580841185,0.0832355802982713));
#5288=CARTESIAN_POINT('',(-0.0888051749803,-0.0796015580841185,0.0823065622320992));
#5289=CARTESIAN_POINT('',(-0.0888058883019461,-0.0796015580841185,0.0813956630188605));
#5290=CARTESIAN_POINT('',(-0.0820000221901871,-0.0795956919723595,0.0881956630188605));
#5291=CARTESIAN_POINT('',(-0.0829079589055217,-0.0795956919723595,0.0881942631584328));
#5292=CARTESIAN_POINT('',(-0.0838035515470031,-0.0795956919723595,0.088110904242484));
#5293=CARTESIAN_POINT('',(-0.0855633638891916,-0.0795956919723595,0.0876197988724572));
#5294=CARTESIAN_POINT('',(-0.0864281615501809,-0.0795956919723595,0.0871787727173849));
#5295=CARTESIAN_POINT('',(-0.0877636416912584,-0.0795956919723595,0.0858550133610658));
#5296=CARTESIAN_POINT('',(-0.0882079555028391,-0.0795956919723595,0.0849999093420047));
#5297=CARTESIAN_POINT('',(-0.088709736482332,-0.0795956919723595,0.0832346713570038));
#5298=CARTESIAN_POINT('',(-0.0887993127232166,-0.0795956919723595,0.0823061755025838));
#5299=CARTESIAN_POINT('',(-0.0888000221901871,-0.0795956919723595,0.0813956630188605));
#5300=CARTESIAN_POINT('',(-0.0820000221901871,-0.0793956919723595,0.0879956630188605));
#5301=CARTESIAN_POINT('',(-0.0828947755353545,-0.0793956919723595,0.0879944003032293));
#5302=CARTESIAN_POINT('',(-0.0837733180754789,-0.0793956919723595,0.0879118546763961));
#5303=CARTESIAN_POINT('',(-0.0854852047402667,-0.0793956919723595,0.0874338146220665));
#5304=CARTESIAN_POINT('',(-0.0863159151918707,-0.0793956919723595,0.0870084429983359));
#5305=CARTESIAN_POINT('',(-0.087594114793437,-0.0793956919723595,0.085741434939814));
#5306=CARTESIAN_POINT('',(-0.0880224530814794,-0.0793956919723595,0.0849203915989262));
#5307=CARTESIAN_POINT('',(-0.0885108066797675,-0.0793956919723595,0.0832036817916875));
#5308=CARTESIAN_POINT('',(-0.0885994441450454,-0.0793956919723595,0.0822929902946871));
#5309=CARTESIAN_POINT('',(-0.0886000221901871,-0.0793956919723595,0.0813956630188605));
#5310=CARTESIAN_POINT('',(-0.0820000221901871,-0.0794956919723595,0.0880956630188605));
#5311=CARTESIAN_POINT('',(-0.024000022190187,-0.0795956919723595,0.0881956630188605));
#5312=CARTESIAN_POINT('',(-0.0277333555235204,-0.0814623586390262,0.0900623296855275));
#5313=CARTESIAN_POINT('',(-0.0296000221901871,-0.0793956919723595,0.0881956630188605));
#5314=CARTESIAN_POINT('',(-0.030000022190187,-0.0779773573549987,0.0877956630188606));
#5315=CARTESIAN_POINT('',(-0.0298704057942483,-0.0780852047153905,0.0879252794147993));
#5316=CARTESIAN_POINT('',(-0.0297364332999953,-0.078181162647085,0.0880592519090522));
#5317=CARTESIAN_POINT('',(-0.0296000221901871,-0.0782704646808463,0.0881956630188605));
#5318=CARTESIAN_POINT('',(-0.030000022190187,-0.0779773573549987,0.0877956630188606));
#5319=CARTESIAN_POINT('',(-0.030000022190187,-0.0782704646808463,0.0877956630188606));
#5320=CARTESIAN_POINT('',(-0.030000022190187,-0.0743956919723595,0.0883956630188605));
#5321=CARTESIAN_POINT('',(-0.030000022190187,-0.0768956919723595,0.0875956630188605));
#5322=CARTESIAN_POINT('',(-0.030000022190187,-0.0761956919723595,0.0884441911562844));
#5323=CARTESIAN_POINT('',(-0.030000022190187,-0.0761956919723595,0.0883956630188605));
#5324=CARTESIAN_POINT('',(-0.030000022190187,-0.0761956919723595,0.0845613484438098));
#5325=CARTESIAN_POINT('',(-0.030000022190187,-0.0733785346848341,0.0873785057313351));
#5326=CARTESIAN_POINT('',(-0.030000022190187,-0.0733785346848341,0.0873785057313351));
#5327=CARTESIAN_POINT('',(-0.0301395264769667,-0.0763351962591392,0.0846191330114031));
#5328=CARTESIAN_POINT('',(-0.0296000221901871,-0.0757956919723595,0.0843956630188605));
#5329=CARTESIAN_POINT('',(-0.0296000221901871,-0.0777956919723595,0.0823956630188605));
#5330=CARTESIAN_POINT('',(-0.024000022190187,-0.0777956919723595,0.0823956630188605));
#5331=CARTESIAN_POINT('',(-0.024000022190187,-0.0757956919723595,0.0843956630188605));
#5332=CARTESIAN_POINT('',(0.00559997780981293,-0.0757956919723595,0.0843956630188605));
#5333=CARTESIAN_POINT('',(0.00559997780981293,-0.0793956919723595,0.0807956630188605));
#5334=CARTESIAN_POINT('',(-0.0882000221901871,-0.0768956919723595,0.0793956630188605));
#5335=CARTESIAN_POINT('',(-0.0892198260929057,-0.0757956919723595,0.0789956630188605));
#5336=CARTESIAN_POINT('',(-0.0891671570465567,-0.0759299722199074,0.0791299432664084));
#5337=CARTESIAN_POINT('',(-0.0891108760420756,-0.0760634791663387,0.0792634502128397));
#5338=CARTESIAN_POINT('',(-0.0890485503276109,-0.0761956919723595,0.0793956630188605));
#5339=CARTESIAN_POINT('',(-0.031500022190187,-0.0757956919723595,0.0233956630188605));
#5340=CARTESIAN_POINT('',(-0.0892198260929056,-0.0757956919723595,0.0677956630188605));
#5341=CARTESIAN_POINT('',(-0.085000022190187,-0.0757956919723595,0.0789956630188605));
#5342=CARTESIAN_POINT('',(-0.0882000221901871,-0.0768956919723595,0.0673956630188605));
#5343=CARTESIAN_POINT('',(-0.0890485503276109,-0.0761956919723595,0.0673956630188605));
#5344=CARTESIAN_POINT('',(-0.0891108760420756,-0.0760634791663387,0.0675278758248813));
#5345=CARTESIAN_POINT('',(-0.0891671570465567,-0.0759299722199074,0.0676613827713126));
#5346=CARTESIAN_POINT('',(-0.0892198260929057,-0.0757956919723595,0.0677956630188605));
#5347=CARTESIAN_POINT('',(-0.018000022190187,-0.0768956919723595,0.0875956630188605));
#5348=CARTESIAN_POINT('',(0.00559997780981293,-0.0768956919723595,0.0875956630188605));
#5349=CARTESIAN_POINT('',(0.00559997780981293,-0.0757956919723595,0.0886154669215793));
#5350=CARTESIAN_POINT('',(-0.018000022190187,-0.0757956919723595,0.0886154669215795));
#5351=CARTESIAN_POINT('',(-0.0296000221901871,-0.0757956919723595,0.0886154669215793));
#5352=CARTESIAN_POINT('',(-0.0296000221901871,-0.0768956919723595,0.0875956630188605));
#5353=CARTESIAN_POINT('',(-0.031500022190187,-0.0757956919723595,0.0677956630188605));
#5354=CARTESIAN_POINT('',(0.0259999778098129,-0.0761956919723595,0.0793956630188605));
#5355=CARTESIAN_POINT('',(-0.0296000221901871,-0.0768956919723595,0.0875956630188605));
#5356=CARTESIAN_POINT('',(-0.030000022190187,-0.0761956919723595,0.0884441911562844));
#5357=CARTESIAN_POINT('',(-0.0298678093841663,-0.0760634791663387,0.0885065168707491));
#5358=CARTESIAN_POINT('',(-0.029734302437735,-0.0759299722199074,0.0885627978752301));
#5359=CARTESIAN_POINT('',(-0.0296000221901871,-0.0757956919723595,0.0886154669215791));
#5360=CARTESIAN_POINT('',(-0.0296000221901871,-0.0757956919723595,0.0233956630188605));
#5361=CARTESIAN_POINT('',(-0.0296000221901871,-0.0757956919723595,0.0233956630188605));
#5362=CARTESIAN_POINT('',(-0.031500022190187,-0.0757956919723595,0.0233956630188605));
#5363=CARTESIAN_POINT('',(0.00559997780981293,-0.0757956919723595,0.0843956630188605));
#5364=CARTESIAN_POINT('',(-0.0882000221901871,-0.0768956919723595,0.0293956630188605));
#5365=CARTESIAN_POINT('',(-0.0888000221901871,-0.0782704646808463,-0.000604336981139458));
#5366=CARTESIAN_POINT('',(-0.0888000221901871,-0.0782704646808463,-0.0510043369811395));
#5367=CARTESIAN_POINT('',(-0.0888000221901871,-0.0782704646808463,-0.0622043369811395));
#5368=CARTESIAN_POINT('',(-0.0882000221901871,-0.0768956919723595,-0.0510043369811395));
#5369=CARTESIAN_POINT('',(-0.0892198260929056,-0.0757956919723595,-0.0510043369811395));
#5370=CARTESIAN_POINT('',(-0.0892198260929056,-0.0757956919723595,-0.000604336981139458));
#5371=CARTESIAN_POINT('',(-0.0892198260929056,-0.0757956919723595,-0.0622043369811395));
#5372=CARTESIAN_POINT('',(-0.0882000221901871,-0.0768956919723595,-0.0622043369811395));
#5373=CARTESIAN_POINT('',(-0.031500022190187,-0.0757956919723595,0.0233956630188605));
#5374=CARTESIAN_POINT('',(-0.031500022190187,-0.0757956919723595,-0.0510043369811395));
#5375=CARTESIAN_POINT('',(-0.085000022190187,-0.0757956919723595,-0.0510043369811395));
#5376=CARTESIAN_POINT('',(-0.085000022190187,-0.0757956919723595,-0.00660433698113946));
#5377=CARTESIAN_POINT('',(-0.085000022190187,-0.0757956919723595,-0.0622043369811395));
#5378=CARTESIAN_POINT('',(-0.031500022190187,-0.0757956919723595,-0.0622043369811395));
#5379=CARTESIAN_POINT('',(-0.0830000221901871,-0.0777956919723595,0.0233956630188605));
#5380=CARTESIAN_POINT('',(-0.0830000221901871,-0.0777956919723595,-0.0510043369811395));
#5381=CARTESIAN_POINT('',(-0.0830000221901871,-0.0777956919723595,-0.0622043369811395));
#5382=CARTESIAN_POINT('',(-0.0822000221901914,-0.0810001119848508,-0.0748043369811395));
#5383=CARTESIAN_POINT('',(-0.0822000221901914,-0.0803956920723595,-0.0748043369811395));
#5384=CARTESIAN_POINT('',(-0.0888666888568547,-0.0810001119848508,-0.0748043369811382));
#5385=CARTESIAN_POINT('',(-0.0888666888568547,-0.0803956920723595,-0.0748043369811382));
#5386=CARTESIAN_POINT('',(-0.0922000221901863,-0.0810001119848508,-0.0714710036478056));
#5387=CARTESIAN_POINT('',(-0.0922000221901863,-0.0803956920723595,-0.0714710036478056));
#5388=CARTESIAN_POINT('',(-0.0922000221901872,-0.0810001119848508,-0.0648043369811417));
#5389=CARTESIAN_POINT('',(-0.0922000221901872,-0.0803956920723595,-0.0648043369811417));
#5390=CARTESIAN_POINT('',(-0.082200022190187,-0.0808956919723596,-0.0748043369811395));
#5391=CARTESIAN_POINT('',(-0.0922000221901871,-0.0808956919723595,-0.0648043369811395));
#5392=CARTESIAN_POINT('',(-0.0922000221901871,-0.0813956919723595,-0.0266043369811395));
#5393=CARTESIAN_POINT('',(-0.0888000221901871,-0.0795906036157132,-0.0646043369854019));
#5394=CARTESIAN_POINT('',(-0.0888000221901871,-0.0803956919723596,-0.0646043369854019));
#5395=CARTESIAN_POINT('',(-0.0888000221894873,-0.0795906036157132,-0.0669043369833727));
#5396=CARTESIAN_POINT('',(-0.0888000221894873,-0.0803956919723596,-0.0669043369833727));
#5397=CARTESIAN_POINT('',(-0.0876671794768735,-0.0795906036157132,-0.0702714942682723));
#5398=CARTESIAN_POINT('',(-0.0876671794768735,-0.0803956919723596,-0.0702714942682723));
#5399=CARTESIAN_POINT('',(-0.0843000221916652,-0.0795906036157132,-0.0714043369805907));
#5400=CARTESIAN_POINT('',(-0.0843000221916652,-0.0803956919723596,-0.0714043369805907));
#5401=CARTESIAN_POINT('',(-0.0820000221935301,-0.0795906036157132,-0.0714043369811395));
#5402=CARTESIAN_POINT('',(-0.0820000221935301,-0.0803956919723596,-0.0714043369811395));
#5403=CARTESIAN_POINT('',(-0.0888000221901871,-0.0799956919723595,-0.0646043369811395));
#5404=CARTESIAN_POINT('',(-0.0888000221901871,-0.0795956919567345,-0.0646043369811395));
#5405=CARTESIAN_POINT('',(-0.0820000221935271,-0.0795956919723595,-0.0714043369811395));
#5406=CARTESIAN_POINT('',(-0.0829247478764692,-0.0795964125137458,-0.0714043369806986));
#5407=CARTESIAN_POINT('',(-0.0843121228318351,-0.0795959160702472,-0.0712747831594776));
#5408=CARTESIAN_POINT('',(-0.0860374988084372,-0.079600389284542,-0.0705924611250775));
#5409=CARTESIAN_POINT('',(-0.0871593420932631,-0.0795928500453195,-0.0697585217091479));
#5410=CARTESIAN_POINT('',(-0.087989370165255,-0.0796023132947911,-0.0686383056143858));
#5411=CARTESIAN_POINT('',(-0.0886690921422316,-0.0795945045490943,-0.0669208528454803));
#5412=CARTESIAN_POINT('',(-0.0888000221899124,-0.0795971170349555,-0.0655286197712509));
#5413=CARTESIAN_POINT('',(-0.0888000221901936,-0.0795956919723661,-0.0646043369811395));
#5414=CARTESIAN_POINT('',(-0.082000022190181,-0.0795956919723595,-0.0714043369811395));
#5415=CARTESIAN_POINT('',(-0.0820000221901871,-0.0799956919723644,-0.0714043369811395));
#5416=CARTESIAN_POINT('',(-0.0888000221901871,-0.0793956919723595,-0.0266043369811395));
#5417=CARTESIAN_POINT('',(-0.088800022190187,-0.0793956919723595,0.0139956630188605));
#5418=CARTESIAN_POINT('',(-0.088800022190187,-0.0782704646808463,0.0139956630188605));
#5419=CARTESIAN_POINT('',(-0.088800022190187,-0.0782704646808463,-0.0476043369811395));
#5420=CARTESIAN_POINT('',(-0.088800022190187,-0.0782704646808463,0.00279566301886053));
#5421=CARTESIAN_POINT('',(-0.088800022190187,-0.0782704646808463,0.00279566301886053));
#5422=CARTESIAN_POINT('',(-0.0888000221901871,-0.0795956919723595,0.00279566301886053));
#5423=CARTESIAN_POINT('',(-0.0888000221901871,-0.0795956919723595,-0.0510043369811395));
#5424=CARTESIAN_POINT('',(-0.0888000221901871,-0.0795956919723595,-0.0510043369811395));
#5425=CARTESIAN_POINT('',(-0.0888000221901871,-0.0793956919723595,-0.0510043369811395));
#5426=CARTESIAN_POINT('',(-0.0888000221901871,-0.0793956919723595,-0.0622043369811395));
#5427=CARTESIAN_POINT('',(-0.0888000221901871,-0.0795956919723595,-0.0622043369811395));
#5428=CARTESIAN_POINT('',(-0.0888000221901871,-0.0795956919723595,-0.0646043369811395));
#5429=CARTESIAN_POINT('',(-0.0772000221901871,-0.0809956919723595,-0.00660433698113946));
#5430=CARTESIAN_POINT('',(-0.0774000221901871,-0.0811956919723595,-0.0478043369811395));
#5431=CARTESIAN_POINT('',(-0.0768000221901871,-0.0805956919723595,-0.0478043369811395));
#5432=CARTESIAN_POINT('',(-0.0768000221901871,-0.0805956919723595,-0.0478043369811395));
#5433=CARTESIAN_POINT('',(-0.0652000221901871,-0.0813956919723595,-0.0602043369811395));
#5434=CARTESIAN_POINT('',(-0.0668786662029706,-0.0813956919723595,-0.0602039093297326));
#5435=CARTESIAN_POINT('',(-0.0685794240436067,-0.0813956919723595,-0.0600314277323147));
#5436=CARTESIAN_POINT('',(-0.0709757810273455,-0.0813956919723595,-0.0593236332326112));
#5437=CARTESIAN_POINT('',(-0.0717622072296087,-0.0813956919723595,-0.0590037491454378));
#5438=CARTESIAN_POINT('',(-0.0732276001730202,-0.0813956919723595,-0.0581760312673089));
#5439=CARTESIAN_POINT('',(-0.0738958337907195,-0.0813956919723595,-0.0576763504003146));
#5440=CARTESIAN_POINT('',(-0.075092528948817,-0.0813956919723595,-0.0564753352133477));
#5441=CARTESIAN_POINT('',(-0.0755887425046292,-0.0813956919723595,-0.0558071936590227));
#5442=CARTESIAN_POINT('',(-0.0764130768523049,-0.0813956919723595,-0.0543367267763541));
#5443=CARTESIAN_POINT('',(-0.0767296237578159,-0.0813956919723595,-0.053551348925874));
#5444=CARTESIAN_POINT('',(-0.0774278574779648,-0.0813956919723595,-0.0511689988436436));
#5445=CARTESIAN_POINT('',(-0.0775991272506585,-0.0813956919723595,-0.049484868001726));
#5446=CARTESIAN_POINT('',(-0.0776000221901871,-0.0813956919723595,-0.0478043369811395));
#5447=CARTESIAN_POINT('',(-0.0652000221901871,-0.0809956919723595,-0.0598043369811395));
#5448=CARTESIAN_POINT('',(-0.066851249150487,-0.0809956919723595,-0.0598041318643336));
#5449=CARTESIAN_POINT('',(-0.0685149492157422,-0.0809956919723595,-0.0596336153106472));
#5450=CARTESIAN_POINT('',(-0.0708373531833779,-0.0809956919723595,-0.058947323510298));
#5451=CARTESIAN_POINT('',(-0.0715951972316877,-0.0809956919723595,-0.0586387200271408));
#5452=CARTESIAN_POINT('',(-0.0730012712677597,-0.0809956919723595,-0.0578444367373968));
#5453=CARTESIAN_POINT('',(-0.0736394524298741,-0.0809956919723595,-0.0573669495705925));
#5454=CARTESIAN_POINT('',(-0.07478220599074,-0.0809956919723595,-0.0562200713506065));
#5455=CARTESIAN_POINT('',(-0.075256416391049,-0.0809956919723595,-0.0555819404163413));
#5456=CARTESIAN_POINT('',(-0.0760475404517038,-0.0809956919723595,-0.0541708433277108));
#5457=CARTESIAN_POINT('',(-0.0763529747637504,-0.0809956919723595,-0.0534138947573576));
#5458=CARTESIAN_POINT('',(-0.0770300620642564,-0.0809956919723595,-0.0511048143021874));
#5459=CARTESIAN_POINT('',(-0.0771993521988899,-0.0809956919723595,-0.0494573933848901));
#5460=CARTESIAN_POINT('',(-0.0772000221901871,-0.0809956919723595,-0.0478043369811395));
#5461=CARTESIAN_POINT('',(-0.0652000221901871,-0.0805956919723595,-0.0594043369811395));
#5462=CARTESIAN_POINT('',(-0.0668238320980032,-0.0805956919723595,-0.0594043543989346));
#5463=CARTESIAN_POINT('',(-0.0684504743878777,-0.0805956919723595,-0.0592358028889797));
#5464=CARTESIAN_POINT('',(-0.0706989253394105,-0.0805956919723595,-0.0585710137879848));
#5465=CARTESIAN_POINT('',(-0.0714281872337667,-0.0805956919723595,-0.0582736909088438));
#5466=CARTESIAN_POINT('',(-0.0727749423624992,-0.0805956919723595,-0.0575128422074847));
#5467=CARTESIAN_POINT('',(-0.0733830710690287,-0.0805956919723595,-0.0570575487408704));
#5468=CARTESIAN_POINT('',(-0.0744718830326629,-0.0805956919723595,-0.0559648074878653));
#5469=CARTESIAN_POINT('',(-0.0749240902774687,-0.0805956919723595,-0.0553566871736599));
#5470=CARTESIAN_POINT('',(-0.0756820040511027,-0.0805956919723595,-0.0540049598790675));
#5471=CARTESIAN_POINT('',(-0.0759763257696849,-0.0805956919723595,-0.0532764405888412));
#5472=CARTESIAN_POINT('',(-0.0766322666505482,-0.0805956919723595,-0.0510406297607312));
#5473=CARTESIAN_POINT('',(-0.0767995771471214,-0.0805956919723595,-0.0494299187680542));
#5474=CARTESIAN_POINT('',(-0.0768000221901871,-0.0805956919723595,-0.0478043369811395));
#5475=CARTESIAN_POINT('',(-0.0652000221901871,-0.0811956919723595,-0.0600043369811395));
#5476=CARTESIAN_POINT('',(-0.0652000221901871,-0.0805956919723595,-0.0594043369811395));
#5477=CARTESIAN_POINT('',(-0.0768000221901871,-0.0805956919723595,-0.0478043369811395));
#5478=CARTESIAN_POINT('',(-0.0767995909082457,-0.0805956919723595,-0.0493796543447875));
#5479=CARTESIAN_POINT('',(-0.0765753426797866,-0.0805956919723595,-0.051740751364249));
#5480=CARTESIAN_POINT('',(-0.0754252829013087,-0.0805956919723595,-0.0546720932620806));
#5481=CARTESIAN_POINT('',(-0.0740130249296001,-0.0805956919723596,-0.0565926686962781));
#5482=CARTESIAN_POINT('',(-0.0720963719355824,-0.0805956919723595,-0.0580153740111788));
#5483=CARTESIAN_POINT('',(-0.0691452267269477,-0.0805956919723595,-0.0591804225055832));
#5484=CARTESIAN_POINT('',(-0.0667789367380641,-0.0805956919723595,-0.0594043539173646));
#5485=CARTESIAN_POINT('',(-0.0652000221901871,-0.0805956919723595,-0.0594043369811395));
#5486=CARTESIAN_POINT('',(-0.0752000221901871,-0.0809956919723595,-0.00660433698113946));
#5487=CARTESIAN_POINT('',(-0.075400022190187,-0.0807956919723595,-0.0478043369811395));
#5488=CARTESIAN_POINT('',(-0.0756000221901871,-0.0805956919723595,-0.0478043369811395));
#5489=CARTESIAN_POINT('',(-0.0748000221901871,-0.0813956919723595,-0.0478043369811395));
#5490=CARTESIAN_POINT('',(-0.0748000221901871,-0.0813956919723595,-0.0478043369811395));
#5491=CARTESIAN_POINT('',(-0.0756000221901871,-0.0805956919723595,-0.00660433698113946));
#5492=CARTESIAN_POINT('',(-0.0747205436100178,-0.0814756919723595,-0.0462499386999928));
#5493=CARTESIAN_POINT('',(-0.0747203698034075,-0.0814756919723595,-0.046768071460375));
#5494=CARTESIAN_POINT('',(-0.0747201959967973,-0.0814756919723595,-0.0472862042207573));
#5495=CARTESIAN_POINT('',(-0.0747200221901871,-0.0814756919723595,-0.0478043369811395));
#5496=CARTESIAN_POINT('',(-0.0747195876736615,-0.0814756919723595,-0.0490996688820951));
#5497=CARTESIAN_POINT('',(-0.0745897396229355,-0.0814756919723595,-0.0504097491369656));
#5498=CARTESIAN_POINT('',(-0.0738938370733542,-0.0814756919723595,-0.0528565140818071));
#5499=CARTESIAN_POINT('',(-0.0732803699406918,-0.0814756919723595,-0.0540430259567584));
#5500=CARTESIAN_POINT('',(-0.0714580935881895,-0.0814756919723595,-0.0558695518856012));
#5501=CARTESIAN_POINT('',(-0.0702754308964245,-0.0814756919723595,-0.0564888561239692));
#5502=CARTESIAN_POINT('',(-0.0678060964978234,-0.0814756919723595,-0.057196480669468));
#5503=CARTESIAN_POINT('',(-0.0664978866021325,-0.0814756919723595,-0.057323742486488));
#5504=CARTESIAN_POINT('',(-0.0652000221901871,-0.0814756919723595,-0.0573243369811395));
#5505=CARTESIAN_POINT('',(-0.0646808764254089,-0.0814756919723595,-0.0573245747790001));
#5506=CARTESIAN_POINT('',(-0.0641617306606307,-0.0814756919723595,-0.0573248125768607));
#5507=CARTESIAN_POINT('',(-0.0636425848958525,-0.0814756919723595,-0.0573250503747212));
#5508=CARTESIAN_POINT('',(-0.0748006001217345,-0.0813956919723595,-0.0462435809413155));
#5509=CARTESIAN_POINT('',(-0.0748004074778852,-0.0813956919723595,-0.0467638329545901));
#5510=CARTESIAN_POINT('',(-0.0748002148340362,-0.0813956919723595,-0.0472840849678648));
#5511=CARTESIAN_POINT('',(-0.0748000221901871,-0.0813956919723595,-0.0478043369811395));
#5512=CARTESIAN_POINT('',(-0.0747995405805643,-0.0813956919723595,-0.0491049670143262));
#5513=CARTESIAN_POINT('',(-0.0746692973199919,-0.0813956919723595,-0.0504222088318113));
#5514=CARTESIAN_POINT('',(-0.0739680776446146,-0.0813956919723595,-0.0528881689272259));
#5515=CARTESIAN_POINT('',(-0.0733483034215756,-0.0813956919723595,-0.0540881978419677));
#5516=CARTESIAN_POINT('',(-0.0715035064649324,-0.0813956919723595,-0.0559373074249298));
#5517=CARTESIAN_POINT('',(-0.0703073002401929,-0.0813956919723595,-0.0565630135814285));
#5518=CARTESIAN_POINT('',(-0.067818531391608,-0.0813956919723595,-0.0572760669420755));
#5519=CARTESIAN_POINT('',(-0.0665031969910098,-0.0813956919723595,-0.0574036932093433));
#5520=CARTESIAN_POINT('',(-0.0652000221901871,-0.0813956919723595,-0.0574043369811395));
#5521=CARTESIAN_POINT('',(-0.064678752269858,-0.0813956919723595,-0.057404594489858));
#5522=CARTESIAN_POINT('',(-0.0641574823495289,-0.0813956919723595,-0.0574048519985765));
#5523=CARTESIAN_POINT('',(-0.0636362124291997,-0.0813956919723595,-0.0574051095072949));
#5524=CARTESIAN_POINT('',(-0.0752008826803179,-0.0809956919723595,-0.046211792147929));
#5525=CARTESIAN_POINT('',(-0.0752005958502743,-0.0809956919723595,-0.0467426404256658));
#5526=CARTESIAN_POINT('',(-0.0752003090202306,-0.0809956919723595,-0.0472734887034027));
#5527=CARTESIAN_POINT('',(-0.0752000221901871,-0.0809956919723595,-0.0478043369811395));
#5528=CARTESIAN_POINT('',(-0.0751993051150781,-0.0809956919723595,-0.0491314576754816));
#5529=CARTESIAN_POINT('',(-0.0750670858052741,-0.0809956919723595,-0.0504845073060397));
#5530=CARTESIAN_POINT('',(-0.0743392805009166,-0.0809956919723595,-0.05304644315432));
#5531=CARTESIAN_POINT('',(-0.0736879708259944,-0.0809956919723595,-0.0543140572680144));
#5532=CARTESIAN_POINT('',(-0.0717305708486471,-0.0809956919723595,-0.0562760851215726));
#5533=CARTESIAN_POINT('',(-0.0704666469590351,-0.0809956919723595,-0.056933800868725));
#5534=CARTESIAN_POINT('',(-0.0678807058605312,-0.0809956919723595,-0.0576739983051128));
#5535=CARTESIAN_POINT('',(-0.0665297489353963,-0.0809956919723595,-0.0578034468236196));
#5536=CARTESIAN_POINT('',(-0.0652000221901871,-0.0809956919723595,-0.0578043369811395));
#5537=CARTESIAN_POINT('',(-0.0646681314921034,-0.0809956919723595,-0.0578046930441475));
#5538=CARTESIAN_POINT('',(-0.0641362407940196,-0.0809956919723595,-0.0578050491071554));
#5539=CARTESIAN_POINT('',(-0.0636043500959359,-0.0809956919723595,-0.0578054051701634));
#5540=CARTESIAN_POINT('',(-0.0756011652389013,-0.0805956919723595,-0.0461800033545425));
#5541=CARTESIAN_POINT('',(-0.0756007842226633,-0.0805956919723595,-0.0467214478967415));
#5542=CARTESIAN_POINT('',(-0.0756004032064252,-0.0805956919723595,-0.0472628924389405));
#5543=CARTESIAN_POINT('',(-0.0756000221901871,-0.0805956919723595,-0.0478043369811395));
#5544=CARTESIAN_POINT('',(-0.0755990696495918,-0.0805956919723595,-0.049157948336637));
#5545=CARTESIAN_POINT('',(-0.0754648742905563,-0.0805956919723595,-0.0505468057802681));
#5546=CARTESIAN_POINT('',(-0.0747104833572186,-0.0805956919723595,-0.0532047173814141));
#5547=CARTESIAN_POINT('',(-0.0740276382304132,-0.0805956919723595,-0.0545399166940611));
#5548=CARTESIAN_POINT('',(-0.0719576352323618,-0.0805956919723595,-0.0566148628182154));
#5549=CARTESIAN_POINT('',(-0.0706259936778773,-0.0805956919723595,-0.0573045881560215));
#5550=CARTESIAN_POINT('',(-0.0679428803294544,-0.0805956919723595,-0.0580719296681501));
#5551=CARTESIAN_POINT('',(-0.0665563008797828,-0.0805956919723595,-0.0582032004378959));
#5552=CARTESIAN_POINT('',(-0.0652000221901871,-0.0805956919723595,-0.0582043369811395));
#5553=CARTESIAN_POINT('',(-0.0646575107143488,-0.0805956919723595,-0.0582047915984369));
#5554=CARTESIAN_POINT('',(-0.0641149992385104,-0.0805956919723595,-0.0582052462157344));
#5555=CARTESIAN_POINT('',(-0.0635724877626721,-0.0805956919723595,-0.0582057008330318));
#5556=CARTESIAN_POINT('',(-0.0748000221901871,-0.0813956919723595,-0.0478043369811395));
#5557=CARTESIAN_POINT('',(-0.0747995392790216,-0.0813956919723595,-0.0491084819472791));
#5558=CARTESIAN_POINT('',(-0.074615270452678,-0.0813956919723595,-0.0510753250121038));
#5559=CARTESIAN_POINT('',(-0.0736589722237869,-0.0813956919723595,-0.053488535540861));
#5560=CARTESIAN_POINT('',(-0.0724972438729394,-0.0813956919723595,-0.055084904471112));
#5561=CARTESIAN_POINT('',(-0.0709018463991876,-0.0813956919723595,-0.0562540099059344));
#5562=CARTESIAN_POINT('',(-0.0684620597432774,-0.0813956919723595,-0.0572245765536804));
#5563=CARTESIAN_POINT('',(-0.066505889803886,-0.0813956919723595,-0.0574036918790866));
#5564=CARTESIAN_POINT('',(-0.0652000221901871,-0.0813956919723595,-0.0574043369811395));
#5565=CARTESIAN_POINT('',(-0.0652000221901871,-0.0813956919723595,-0.0574043369811395));
#5566=CARTESIAN_POINT('',(-0.0756000221901871,-0.0805956919723595,-0.0478043369811395));
#5567=CARTESIAN_POINT('',(-0.075599030348058,-0.0805956919723595,-0.0492137979274238));
#5568=CARTESIAN_POINT('',(-0.0753920539072768,-0.0805956919723596,-0.0513368744903339));
#5569=CARTESIAN_POINT('',(-0.0743303980272831,-0.0805956919723595,-0.0539363476509349));
#5570=CARTESIAN_POINT('',(-0.0730673228338365,-0.0805956919723594,-0.055652122275164));
#5571=CARTESIAN_POINT('',(-0.0713514468257767,-0.0805956919723595,-0.0569241964369961));
#5572=CARTESIAN_POINT('',(-0.06872521096408,-0.0805956919723594,-0.0580011678122203));
#5573=CARTESIAN_POINT('',(-0.0666114941529034,-0.0805956919723598,-0.0582031541866777));
#5574=CARTESIAN_POINT('',(-0.0652000221901871,-0.0805956919723598,-0.0582043369811394));
#5575=CARTESIAN_POINT('',(-0.0652000221901871,-0.0805956919723595,-0.0582043369811395));
#5576=CARTESIAN_POINT('',(-0.0652000221901871,-0.0807956919723595,-0.0580043369811395));
#5577=CARTESIAN_POINT('',(0.0259999778098129,-0.0743956919723595,-0.0626043369811395));
#5578=CARTESIAN_POINT('',(-0.0884000221901871,-0.0743956919723595,-0.0626043369811395));
#5579=CARTESIAN_POINT('',(-0.0884000221901871,-0.0779773573549987,-0.0626043369811395));
#5580=CARTESIAN_POINT('',(-0.0882000221901871,-0.0768956919723595,-0.0626043369811395));
#5581=CARTESIAN_POINT('',(-0.0890485503276109,-0.0761956919723595,-0.0626043369811395));
#5582=CARTESIAN_POINT('',(-0.089000022190187,-0.0761956919723595,-0.0626043369811395));
#5583=CARTESIAN_POINT('',(-0.0851657076151363,-0.0761956919723595,-0.0626043369811395));
#5584=CARTESIAN_POINT('',(-0.0879828649026616,-0.0733785346848341,-0.0626043369811395));
#5585=CARTESIAN_POINT('',(0.0341459778098129,-0.0543956919723595,-0.0506043369811395));
#5586=CARTESIAN_POINT('',(-0.0922445221901871,-0.0761956919723595,-0.0506043369811395));
#5587=CARTESIAN_POINT('',(-0.0851657076151363,-0.0761956919723595,-0.0506043369811395));
#5588=CARTESIAN_POINT('',(-0.0890485503276109,-0.0761956919723595,-0.0506043369811395));
#5589=CARTESIAN_POINT('',(-0.0882000221901871,-0.0768956919723595,-0.0506043369811395));
#5590=CARTESIAN_POINT('',(-0.0884000221901871,-0.0779773573549987,-0.0506043369811395));
#5591=CARTESIAN_POINT('',(-0.0884000221901871,-0.0543956919723595,-0.0506043369811395));
#5592=CARTESIAN_POINT('',(-0.0996051149026617,-0.0617562846848341,-0.0506043369811395));
#5593=CARTESIAN_POINT('',(0.0341459778098129,-0.0761956919723595,-0.0506043369811395));
#5594=CARTESIAN_POINT('',(-0.0892198260929057,-0.0757956919723595,-0.0510043369811395));
#5595=CARTESIAN_POINT('',(-0.0891671570465567,-0.0759299722199074,-0.0508700567335916));
#5596=CARTESIAN_POINT('',(-0.0891108760420756,-0.0760634791663387,-0.0507365497871603));
#5597=CARTESIAN_POINT('',(-0.0890485503276109,-0.0761956919723595,-0.0506043369811395));
#5598=CARTESIAN_POINT('',(-0.0807730635047668,-0.0655909109864263,-0.0612091179670729));
#5599=CARTESIAN_POINT('',(-0.0830000221901871,-0.0777956919723595,-0.0510043369811395));
#5600=CARTESIAN_POINT('',(-0.0879828649026616,-0.0733785346848341,-0.0626043369811395));
#5601=CARTESIAN_POINT('',(-0.0852234921827296,-0.0763351962591392,-0.0627438412679192));
#5602=CARTESIAN_POINT('',(-0.031500022190187,-0.0757956919723595,-0.0622043369811395));
#5603=CARTESIAN_POINT('',(-0.0890485503276109,-0.0761956919723595,-0.0626043369811395));
#5604=CARTESIAN_POINT('',(-0.0891108760420756,-0.0760634791663387,-0.0624721241751187));
#5605=CARTESIAN_POINT('',(-0.0891671570465567,-0.0759299722199074,-0.0623386172286874));
#5606=CARTESIAN_POINT('',(-0.0892198260929057,-0.0757956919723595,-0.0622043369811395));
#5607=CARTESIAN_POINT('',(-0.0888000221901871,-0.0793956919723595,-0.0510043369811395));
#5608=CARTESIAN_POINT('',(-0.0884000221901871,-0.0779773573549988,-0.0506043369811395));
#5609=CARTESIAN_POINT('',(-0.0885296385861258,-0.0780852047153906,-0.0507339533770782));
#5610=CARTESIAN_POINT('',(-0.0886636110803788,-0.078181162647085,-0.0508679258713312));
#5611=CARTESIAN_POINT('',(-0.0888000221901871,-0.0782704646808463,-0.0510043369811395));
#5612=CARTESIAN_POINT('',(-0.0806666888568534,-0.0714623586390263,-0.0428710036478056));
#5613=CARTESIAN_POINT('',(-0.0882000221901871,-0.0768956919723595,-0.0510043369811395));
#5614=CARTESIAN_POINT('',(-0.0882000221901871,-0.0768956919723595,-0.0622043369811395));
#5615=CARTESIAN_POINT('',(-0.0884000221901871,-0.0779773573549988,-0.0626043369811395));
#5616=CARTESIAN_POINT('',(-0.0885296385861258,-0.0780852047153906,-0.0624747205852008));
#5617=CARTESIAN_POINT('',(-0.0886636110803788,-0.078181162647085,-0.0623407480909478));
#5618=CARTESIAN_POINT('',(-0.0888000221901871,-0.0782704646808463,-0.0622043369811395));
#5619=CARTESIAN_POINT('',(-0.0888000221901871,-0.0793956919723595,-0.0622043369811395));
#5620=CARTESIAN_POINT('',(-0.107200022190187,-0.0979956919723595,-0.0438043369811395));
#5621=CARTESIAN_POINT('',(-0.0888000221901871,-0.0795956919723595,-0.0266043369811395));
#5622=CARTESIAN_POINT('',(-0.0738666888568537,-0.0646623586390262,-0.0121376703144728));
#5623=CARTESIAN_POINT('',(-0.0888000221901871,-0.0795956919723595,-0.0266043369811395));
#5624=CARTESIAN_POINT('',(-0.0887000221901871,-0.0794956919723595,-0.0646043369811395));
#5625=CARTESIAN_POINT('',(-0.0888071372590336,-0.0796028070412061,-0.0646043369811395));
#5626=CARTESIAN_POINT('',(-0.0888057325196326,-0.0796028070412061,-0.0655127426994061));
#5627=CARTESIAN_POINT('',(-0.0887223446706436,-0.0796028070412061,-0.0664089419041124));
#5628=CARTESIAN_POINT('',(-0.0882307744975133,-0.0796028070412061,-0.0681704592187719));
#5629=CARTESIAN_POINT('',(-0.0877891914270997,-0.0796028070412061,-0.0690364695439691));
#5630=CARTESIAN_POINT('',(-0.0864634131238257,-0.0796028070412061,-0.0703739874599575));
#5631=CARTESIAN_POINT('',(-0.0856070973844139,-0.0796028070412061,-0.0708188696062876));
#5632=CARTESIAN_POINT('',(-0.0838401329927841,-0.0796028070412061,-0.0713211282694887));
#5633=CARTESIAN_POINT('',(-0.0829110037422202,-0.0796028070412061,-0.0714107379076388));
#5634=CARTESIAN_POINT('',(-0.0820000221901871,-0.0796028070412061,-0.0714114520499861));
#5635=CARTESIAN_POINT('',(-0.0888058883019461,-0.0796015580841185,-0.0646043369811395));
#5636=CARTESIAN_POINT('',(-0.0888044844189848,-0.0796015580841185,-0.065512660372088));
#5637=CARTESIAN_POINT('',(-0.0887211016488118,-0.0796015580841185,-0.0664087531025697));
#5638=CARTESIAN_POINT('',(-0.0882296130657748,-0.0796015580841185,-0.0681699711316569));
#5639=CARTESIAN_POINT('',(-0.0877881277545506,-0.0796015580841185,-0.0690357685895452));
#5640=CARTESIAN_POINT('',(-0.0864627038509546,-0.0796015580841185,-0.0703729288008547));
#5641=CARTESIAN_POINT('',(-0.0856066008131698,-0.0796015580841185,-0.070817711183468));
#5642=CARTESIAN_POINT('',(-0.0838399394695979,-0.0796015580841185,-0.0713198859955545));
#5643=CARTESIAN_POINT('',(-0.0829109214034259,-0.0796015580841185,-0.0714094897712524));
#5644=CARTESIAN_POINT('',(-0.0820000221901871,-0.0796015580841185,-0.0714102030928985));
#5645=CARTESIAN_POINT('',(-0.0888000221901871,-0.0795956919723595,-0.0646043369811395));
#5646=CARTESIAN_POINT('',(-0.0887986223297594,-0.0795956919723595,-0.0655122736964742));
#5647=CARTESIAN_POINT('',(-0.0887152634138106,-0.0795956919723595,-0.0664078663379556));
#5648=CARTESIAN_POINT('',(-0.0882241580437838,-0.0795956919723595,-0.068167678680144));
#5649=CARTESIAN_POINT('',(-0.0877831318887115,-0.0795956919723595,-0.0690324763411333));
#5650=CARTESIAN_POINT('',(-0.0864593725323924,-0.0795956919723595,-0.0703679564822108));
#5651=CARTESIAN_POINT('',(-0.0856042685133311,-0.0795956919723595,-0.0708122702937917));
#5652=CARTESIAN_POINT('',(-0.0838390305283304,-0.0795956919723595,-0.0713140512732843));
#5653=CARTESIAN_POINT('',(-0.0829105346739105,-0.0795956919723595,-0.0714036275141691));
#5654=CARTESIAN_POINT('',(-0.0820000221901871,-0.0795956919723595,-0.0714043369811395));
#5655=CARTESIAN_POINT('',(-0.0886000221901871,-0.0793956919723595,-0.0646043369811395));
#5656=CARTESIAN_POINT('',(-0.0885987594745559,-0.0793956919723595,-0.0654990903263069));
#5657=CARTESIAN_POINT('',(-0.0885162138477225,-0.0793956919723595,-0.0663776328664314));
#5658=CARTESIAN_POINT('',(-0.088038173793393,-0.0793956919723595,-0.0680895195312192));
#5659=CARTESIAN_POINT('',(-0.0876128021696624,-0.0793956919723595,-0.0689202299828231));
#5660=CARTESIAN_POINT('',(-0.0863457941111405,-0.0793956919723595,-0.0701984295843896));
#5661=CARTESIAN_POINT('',(-0.0855247507702527,-0.0793956919723595,-0.0706267678724317));
#5662=CARTESIAN_POINT('',(-0.0838080409630141,-0.0793956919723595,-0.07111512147072));
#5663=CARTESIAN_POINT('',(-0.0828973494660137,-0.0793956919723595,-0.0712037589359978));
#5664=CARTESIAN_POINT('',(-0.0820000221901871,-0.0793956919723595,-0.0712043369811395));
#5665=CARTESIAN_POINT('',(-0.0820000221901871,-0.0794956919723595,-0.0713043369811395));
#5666=CARTESIAN_POINT('',(-0.024000022190187,-0.0813956919723595,-0.00660433698113946));
#5667=CARTESIAN_POINT('',(-0.024000022190187,-0.0813956919723595,-0.0574043369811395));
#5668=CARTESIAN_POINT('',(0.0106999778098129,-0.0813956919723595,-0.0574043369811395));
#5669=CARTESIAN_POINT('',(0.0106999778098129,-0.0813956919723595,-0.0574043369811395));
#5670=CARTESIAN_POINT('',(0.0118140916649286,-0.0813956919723595,-0.0574042252740912));
#5671=CARTESIAN_POINT('',(0.0134971926217913,-0.0813956919723595,-0.0572630815494046));
#5672=CARTESIAN_POINT('',(0.0155970671044046,-0.0813956919723595,-0.05661469315952));
#5673=CARTESIAN_POINT('',(0.0170818193420784,-0.0813956919723595,-0.0558139018701805));
#5674=CARTESIAN_POINT('',(0.0183222589502069,-0.0813956919723596,-0.0546868138661771));
#5675=CARTESIAN_POINT('',(0.019555428203851,-0.0813956919723594,-0.0528131037722339));
#5676=CARTESIAN_POINT('',(0.0199942253900493,-0.0813956919723595,-0.0511775638499858));
#5677=CARTESIAN_POINT('',(0.0201507622916769,-0.0813956919723595,-0.0500702975149068));
#5678=CARTESIAN_POINT('',(0.0201507622916767,-0.0813956919723595,-0.0500702975149078));
#5679=CARTESIAN_POINT('',(0.0201507622916766,-0.0813956919723595,-0.0500702975149087));
#5680=CARTESIAN_POINT('',(0.0203643195308255,-0.0813956919723595,-0.0485692591693364));
#5681=CARTESIAN_POINT('',(0.0209153955765197,-0.0813956919723596,-0.0463504196910845));
#5682=CARTESIAN_POINT('',(0.0223877087493758,-0.0813956919723595,-0.0437184532843274));
#5683=CARTESIAN_POINT('',(0.0239141324472949,-0.0813956919723595,-0.0420207325500682));
#5684=CARTESIAN_POINT('',(0.0258110377088544,-0.0813956919723595,-0.0407375224807591));
#5685=CARTESIAN_POINT('',(0.0286475712923831,-0.0813956919723596,-0.0396378945754925));
#5686=CARTESIAN_POINT('',(0.0309116404016684,-0.0813956919723595,-0.0394044008412038));
#5687=CARTESIAN_POINT('',(0.0324289179809297,-0.0813956919723595,-0.0394043369811395));
#5688=CARTESIAN_POINT('',(0.0324289179809299,-0.0813956919723595,-0.0394043369811395));
#5689=CARTESIAN_POINT('',(-2.2190187058289E-8,-0.0813956919723595,-0.0394043369811395));
#5690=CARTESIAN_POINT('',(0.041199977809813,-0.0813956919723595,-0.0394043369811395));
#5691=CARTESIAN_POINT('',(0.041199977809813,-0.0813956919723595,-0.0394043369811395));
#5692=CARTESIAN_POINT('',(0.0425041227759526,-0.0813956919723595,-0.0394038540699739));
#5693=CARTESIAN_POINT('',(0.0444709658407773,-0.0813956919723595,-0.0392195852436305));
#5694=CARTESIAN_POINT('',(0.0468841763695345,-0.0813956919723595,-0.0382632870147393));
#5695=CARTESIAN_POINT('',(0.0484805452997856,-0.0813956919723595,-0.0371015586638918));
#5696=CARTESIAN_POINT('',(0.0496496507346079,-0.0813956919723595,-0.03550616119014));
#5697=CARTESIAN_POINT('',(0.0506202173823538,-0.0813956919723595,-0.0330663745342298));
#5698=CARTESIAN_POINT('',(0.0507993327077601,-0.0813956919723595,-0.0311102045948384));
#5699=CARTESIAN_POINT('',(0.050799977809813,-0.0813956919723595,-0.0298043369811395));
#5700=CARTESIAN_POINT('',(0.050799977809813,-0.0813956919723595,-0.0298043369811394));
#5701=CARTESIAN_POINT('',(0.050799977809813,-0.0813956919723595,-0.00660433698113946));
#5702=CARTESIAN_POINT('',(0.050799977809813,-0.0813956919723595,0.0645956630188606));
#5703=CARTESIAN_POINT('',(0.050799977809813,-0.0813956919723595,0.0645956630188606));
#5704=CARTESIAN_POINT('',(0.0507994948986475,-0.0813956919723595,0.0658998079850002));
#5705=CARTESIAN_POINT('',(0.0506152260723042,-0.0813956919723595,0.0678666510498249));
#5706=CARTESIAN_POINT('',(0.0496589278434127,-0.0813956919723595,0.0702798615785821));
#5707=CARTESIAN_POINT('',(0.0484971994925653,-0.0813956919723594,0.0718762305088331));
#5708=CARTESIAN_POINT('',(0.0469018020188134,-0.0813956919723595,0.0730453359436554));
#5709=CARTESIAN_POINT('',(0.0444620153629033,-0.0813956919723595,0.0740159025914013));
#5710=CARTESIAN_POINT('',(0.0425058454235119,-0.0813956919723595,0.0741950179168076));
#5711=CARTESIAN_POINT('',(0.041199977809813,-0.0813956919723595,0.0741956630188606));
#5712=CARTESIAN_POINT('',(-0.024000022190187,-0.0793956919723595,-0.0712043369811395));
#5713=CARTESIAN_POINT('',(-0.0278666888568538,-0.0813290253056929,-0.0731376703144728));
#5714=CARTESIAN_POINT('',(-0.0296000221901871,-0.0795956919723595,-0.0714043369811395));
#5715=CARTESIAN_POINT('',(-0.0296000221901871,-0.0795956919723595,-0.0714043369811395));
#5716=CARTESIAN_POINT('',(-0.013650022190187,-0.0809956919723595,-0.0578043369811395));
#5717=CARTESIAN_POINT('',(-0.0577000221901871,-0.0805956919723595,-0.0582043369811395));
#5718=CARTESIAN_POINT('',(0.0106999778098129,-0.0805956919723595,-0.0582043369811395));
#5719=CARTESIAN_POINT('',(0.0106999778098129,-0.0807956919723595,-0.0580043369811395));
#5720=CARTESIAN_POINT('',(-0.024000022190187,-0.0805956919723595,-0.0594043369811395));
#5721=CARTESIAN_POINT('',(0.0109710376386969,-0.0811956919723595,-0.0600043369811395));
#5722=CARTESIAN_POINT('',(0.0109710376386964,-0.0805956919723595,-0.0594043369811395));
#5723=CARTESIAN_POINT('',(-0.024000022190187,-0.0805956919723595,-0.0594043369811395));
#5724=CARTESIAN_POINT('',(-0.024000022190187,-0.0805956919723595,-0.00660433698113946));
#5725=CARTESIAN_POINT('',(0.041199977809813,-0.0805956919723595,0.0761956630188606));
#5726=CARTESIAN_POINT('',(0.0419876566255878,-0.0805956919723595,0.0761956714678964));
#5727=CARTESIAN_POINT('',(0.0435673992810814,-0.0805956919723595,0.0761157789301909));
#5728=CARTESIAN_POINT('',(0.0458679615582653,-0.0805956919723596,0.0756846896440873));
#5729=CARTESIAN_POINT('',(0.0480682386584787,-0.0805956919723595,0.0748205370155882));
#5730=CARTESIAN_POINT('',(0.0499884017130851,-0.0805956919723595,0.0734085798524234));
#5731=CARTESIAN_POINT('',(0.0514110989897588,-0.0805956919723595,0.0714917932291092));
#5732=CARTESIAN_POINT('',(0.0525761806041015,-0.0805956919723595,0.0685408156332595));
#5733=CARTESIAN_POINT('',(0.0527995455582124,-0.0805956919723595,0.066174522198143));
#5734=CARTESIAN_POINT('',(0.052799977809813,-0.0805956919723595,0.0645956630188606));
#5735=CARTESIAN_POINT('',(0.0109710376386959,-0.0805956919723595,-0.0594043369811395));
#5736=CARTESIAN_POINT('',(0.0123906312410598,-0.0805956919723595,-0.0594045177186997));
#5737=CARTESIAN_POINT('',(0.0145253726041484,-0.0805956919723594,-0.0591870912466496));
#5738=CARTESIAN_POINT('',(0.0171525479127858,-0.0805956919723596,-0.0581896328422226));
#5739=CARTESIAN_POINT('',(0.0189388062729955,-0.0805956919723595,-0.0569991448201149));
#5740=CARTESIAN_POINT('',(0.0203724488111694,-0.0805956919723596,-0.0554042242253244));
#5741=CARTESIAN_POINT('',(0.0217507462075338,-0.0805956919723594,-0.0529103306174732));
#5742=CARTESIAN_POINT('',(0.0222570600086517,-0.0805956919723595,-0.0508341509897409));
#5743=CARTESIAN_POINT('',(0.0224570542512235,-0.0805956919723595,-0.0494265029334178));
#5744=CARTESIAN_POINT('',(0.0224570542512231,-0.0805956919723595,-0.0494265029334204));
#5745=CARTESIAN_POINT('',(0.032699977809813,-0.0805956919723595,-0.0414043369811394));
#5746=CARTESIAN_POINT('',(0.031490100493241,-0.0805956919723595,-0.0414046925588328));
#5747=CARTESIAN_POINT('',(0.0296631879012047,-0.0805956919723596,-0.0415651469881059));
#5748=CARTESIAN_POINT('',(0.0273972201727304,-0.0805956919723594,-0.0422925859918194));
#5749=CARTESIAN_POINT('',(0.0252549019809702,-0.0805956919723596,-0.0434749525137273));
#5750=CARTESIAN_POINT('',(0.023268178672089,-0.0805956919723595,-0.0458487423401477));
#5751=CARTESIAN_POINT('',(0.0226272177411884,-0.0805956919723595,-0.0482231698622606));
#5752=CARTESIAN_POINT('',(0.0224570542512228,-0.0805956919723595,-0.049426502933423));
#5753=CARTESIAN_POINT('',(0.032699977809813,-0.0805956919723595,-0.0414043369811394));
#5754=CARTESIAN_POINT('',(0.0325999778098129,-0.0805956919723595,-0.0414043369811394));
#5755=CARTESIAN_POINT('',(0.041199977809813,-0.0805956919723595,-0.0414043369811394));
#5756=CARTESIAN_POINT('',(0.052799977809813,-0.0805956919723595,-0.0298043369811395));
#5757=CARTESIAN_POINT('',(0.0527999862588489,-0.0805956919723595,-0.0305920157969143));
#5758=CARTESIAN_POINT('',(0.0527200937211435,-0.0805956919723595,-0.0321717584524081));
#5759=CARTESIAN_POINT('',(0.0522890044350395,-0.0805956919723595,-0.0344723207295919));
#5760=CARTESIAN_POINT('',(0.0514248518065407,-0.0805956919723595,-0.0366725978298056));
#5761=CARTESIAN_POINT('',(0.0500128946433756,-0.0805956919723595,-0.0385927608844117));
#5762=CARTESIAN_POINT('',(0.0480961080200616,-0.0805956919723595,-0.0400154581610855));
#5763=CARTESIAN_POINT('',(0.0451451304242119,-0.0805956919723595,-0.041180539775428));
#5764=CARTESIAN_POINT('',(0.0427788369890954,-0.0805956919723595,-0.0414039047295387));
#5765=CARTESIAN_POINT('',(0.041199977809813,-0.0805956919723595,-0.0414043369811395));
#5766=CARTESIAN_POINT('',(0.051599977809813,-0.0805956919723595,0.0645956630188606));
#5767=CARTESIAN_POINT('',(0.051598985967684,-0.0805956919723595,0.0660051239651449));
#5768=CARTESIAN_POINT('',(0.0513920095269025,-0.0805956919723595,0.0681282005280548));
#5769=CARTESIAN_POINT('',(0.0503303536469091,-0.0805956919723595,0.0707276736886559));
#5770=CARTESIAN_POINT('',(0.0490672784534624,-0.0805956919723595,0.072443448312885));
#5771=CARTESIAN_POINT('',(0.0473514024454026,-0.0805956919723595,0.0737155224747171));
#5772=CARTESIAN_POINT('',(0.0447251665837059,-0.0805956919723594,0.0747924938499415));
#5773=CARTESIAN_POINT('',(0.0426114497725293,-0.0805956919723597,0.0749944802243984));
#5774=CARTESIAN_POINT('',(0.041199977809813,-0.0805956919723597,0.0749956630188604));
#5775=CARTESIAN_POINT('',(0.051599977809813,-0.0805956919723595,0.0645956630188606));
#5776=CARTESIAN_POINT('',(0.051599977809813,-0.0805956919723595,-0.0298043369811394));
#5777=CARTESIAN_POINT('',(0.051599977809813,-0.0805956919723595,-0.0298043369811394));
#5778=CARTESIAN_POINT('',(0.041199977809813,-0.0805956919723595,-0.0402043369811394));
#5779=CARTESIAN_POINT('',(0.0426094387560973,-0.0805956919723595,-0.0402033451390105));
#5780=CARTESIAN_POINT('',(0.0447325153190072,-0.0805956919723596,-0.039996368698229));
#5781=CARTESIAN_POINT('',(0.0473319884796083,-0.0805956919723595,-0.0389347128182356));
#5782=CARTESIAN_POINT('',(0.0490477631038374,-0.0805956919723595,-0.0376716376247888));
#5783=CARTESIAN_POINT('',(0.0503198372656696,-0.0805956919723595,-0.035955761616729));
#5784=CARTESIAN_POINT('',(0.0513968086408937,-0.0805956919723594,-0.0333295257550323));
#5785=CARTESIAN_POINT('',(0.0515987950153512,-0.0805956919723598,-0.0312158089438558));
#5786=CARTESIAN_POINT('',(0.0515999778098129,-0.0805956919723598,-0.0298043369811394));
#5787=CARTESIAN_POINT('',(0.041199977809813,-0.0805956919723595,-0.0402043369811394));
#5788=CARTESIAN_POINT('',(0.0324289179809297,-0.0805956919723595,-0.0402043369811394));
#5789=CARTESIAN_POINT('',(0.0324289179809304,-0.0805956919723595,-0.0402043369811394));
#5790=CARTESIAN_POINT('',(0.032428917980931,-0.0805956919723595,-0.0402043369811394));
#5791=CARTESIAN_POINT('',(0.0310093243785707,-0.0805956919723595,-0.0402041562435919));
#5792=CARTESIAN_POINT('',(0.0288745830154891,-0.0805956919723595,-0.0404215827156601));
#5793=CARTESIAN_POINT('',(0.0262474077068651,-0.0805956919723594,-0.0414190411200967));
#5794=CARTESIAN_POINT('',(0.0244611493466605,-0.0805956919723596,-0.0426095291422022));
#5795=CARTESIAN_POINT('',(0.0230275068084848,-0.0805956919723595,-0.0442044497369824));
#5796=CARTESIAN_POINT('',(0.0216492094121104,-0.0805956919723598,-0.0466983433448155));
#5797=CARTESIAN_POINT('',(0.0211428956109805,-0.0805956919723595,-0.0487745229725413));
#5798=CARTESIAN_POINT('',(0.0209429013684024,-0.0805956919723595,-0.0501821710288599));
#5799=CARTESIAN_POINT('',(0.0209429013683988,-0.0805956919723595,-0.0501821710288852));
#5800=CARTESIAN_POINT('',(0.0106999778098129,-0.0805956919723595,-0.0582043369811395));
#5801=CARTESIAN_POINT('',(0.0119100406003148,-0.0805956919723595,-0.0582039813489362));
#5802=CARTESIAN_POINT('',(0.0137380895910815,-0.0805956919723595,-0.0580437072776467));
#5803=CARTESIAN_POINT('',(0.0160076568321157,-0.0805956919723595,-0.0573140655655936));
#5804=CARTESIAN_POINT('',(0.0181474967235911,-0.0805956919723595,-0.0561312574572764));
#5805=CARTESIAN_POINT('',(0.0201323715757725,-0.0805956919723595,-0.0537581616786213));
#5806=CARTESIAN_POINT('',(0.0207728297487351,-0.0805956919723595,-0.0513848544273616));
#5807=CARTESIAN_POINT('',(0.0209429013683952,-0.0805956919723595,-0.0501821710289104));
#5808=CARTESIAN_POINT('',(-0.024000022190187,-0.0793956919723595,-0.0714043369811395));
#5809=CARTESIAN_POINT('',(-0.030000022190187,-0.0782704646808463,-0.0714043369811395));
#5810=CARTESIAN_POINT('',(-0.0296000221901871,-0.0782704646808463,-0.0714043369811395));
#5811=CARTESIAN_POINT('',(0.00559997780981293,-0.0782704646808463,-0.0714043369811395));
#5812=CARTESIAN_POINT('',(0.00559997780981293,-0.0793956919723595,-0.0714043369811395));
#5813=CARTESIAN_POINT('',(0.00559997780981293,-0.0795956919723595,-0.0714043369811395));
#5814=CARTESIAN_POINT('',(0.050499977809813,-0.0795956919723595,-0.0714043369811395));
#5815=CARTESIAN_POINT('',(0.057999977809813,-0.0795956919723595,-0.0714043369811395));
#5816=CARTESIAN_POINT('',(0.057999977809813,-0.0799956919723595,-0.0714043369811395));
#5817=CARTESIAN_POINT('',(-0.0296000221901871,-0.0793956919723595,-0.0714043369811395));
#5818=CARTESIAN_POINT('',(-0.024000022190187,-0.0813956919723595,-0.0748043369811395));
#5819=CARTESIAN_POINT('',(0.058199977809813,-0.0808956919723596,-0.0748043369811395));
#5820=CARTESIAN_POINT('',(-0.024000022190187,-0.0757956919723595,-0.0676043369811395));
#5821=CARTESIAN_POINT('',(0.00559997780981293,-0.0757956919723595,-0.0676043369811395));
#5822=CARTESIAN_POINT('',(0.00559997780981293,-0.0757956919723595,-0.0676043369811395));
#5823=CARTESIAN_POINT('',(-0.030000022190187,-0.0757956919723595,-0.0676043369811395));
#5824=CARTESIAN_POINT('',(-0.0296000221901871,-0.0757956919723595,-0.0676043369811395));
#5825=CARTESIAN_POINT('',(-0.0296000221901871,-0.0757956919723595,-0.0676043369811395));
#5826=CARTESIAN_POINT('',(-0.030000022190187,-0.0733785346848341,-0.0705871796936141));
#5827=CARTESIAN_POINT('',(-0.0179646644305239,-0.0641603342126965,-0.0627848139940242));
#5828=CARTESIAN_POINT('',(-0.030000022190187,-0.0761956919723595,-0.0677700224060887));
#5829=CARTESIAN_POINT('',(-0.030000022190187,-0.0733785346848341,-0.0705871796936141));
#5830=CARTESIAN_POINT('',(-0.030000022190187,-0.0743956919723595,0.0883956630188605));
#5831=CARTESIAN_POINT('',(-0.030000022190187,-0.0768956919723595,-0.0708043369811395));
#5832=CARTESIAN_POINT('',(-0.030000022190187,-0.0761956919723595,-0.0716528651185634));
#5833=CARTESIAN_POINT('',(-0.030000022190187,-0.0779773573549987,-0.0710043369811395));
#5834=CARTESIAN_POINT('',(-0.030000022190187,-0.0743956919723595,-0.0710043369811395));
#5835=CARTESIAN_POINT('',(-0.030000022190187,-0.0761956919723595,-0.0716043369811395));
#5836=CARTESIAN_POINT('',(-0.030000022190187,-0.0743956919723595,-0.0710043369811395));
#5837=CARTESIAN_POINT('',(-0.0296000221901871,-0.0782704646808463,-0.0714043369811395));
#5838=CARTESIAN_POINT('',(-0.0297364332999953,-0.078181162647085,-0.0712679258713312));
#5839=CARTESIAN_POINT('',(-0.0298704057942483,-0.0780852047153905,-0.0711339533770783));
#5840=CARTESIAN_POINT('',(-0.030000022190187,-0.0779773573549987,-0.0710043369811395));
#5841=CARTESIAN_POINT('',(-0.030000022190187,-0.0768956919723595,-0.0708043369811395));
#5842=CARTESIAN_POINT('',(-0.030000022190187,-0.0757956919723595,-0.0718241408838581));
#5843=CARTESIAN_POINT('',(-0.0296000221901871,-0.0757956919723595,-0.0718241408838581));
#5844=CARTESIAN_POINT('',(0.00559997780981293,-0.0757956919723595,-0.0718241408838581));
#5845=CARTESIAN_POINT('',(0.00559997780981293,-0.0768956919723595,-0.0708043369811395));
#5846=CARTESIAN_POINT('',(-0.0296000221901871,-0.0768956919723595,-0.0708043369811395));
#5847=CARTESIAN_POINT('',(-0.031500022190187,-0.0757956919723595,0.0233956630188605));
#5848=CARTESIAN_POINT('',(0.00559997780981293,-0.0757956919723595,-0.0718241408838581));
#5849=CARTESIAN_POINT('',(-0.0296000221901871,-0.0757956919723595,-0.00660433698113946));
#5850=CARTESIAN_POINT('',(-0.0296000221901871,-0.0757956919723595,0.0233956630188605));
#5851=CARTESIAN_POINT('',(-0.0296000221901871,-0.0757956919723595,-0.0718241408838581));
#5852=CARTESIAN_POINT('',(-0.029734302437735,-0.0759299722199074,-0.0717714718375091));
#5853=CARTESIAN_POINT('',(-0.0298678093841663,-0.0760634791663387,-0.0717151908330281));
#5854=CARTESIAN_POINT('',(-0.030000022190187,-0.0761956919723595,-0.0716528651185634));
#5855=CARTESIAN_POINT('',(-0.030000022190187,-0.0768956919723595,-0.0708043369811395));
#5856=CARTESIAN_POINT('',(0.0641999778098129,-0.0768956919723595,0.0173956630188606));
#5857=CARTESIAN_POINT('',(0.0652197817125316,-0.0757956919723595,-0.0126043369811395));
#5858=CARTESIAN_POINT('',(0.0652197817125316,-0.0757956919723595,-0.0622043369811395));
#5859=CARTESIAN_POINT('',(0.0652197817125316,-0.0757956919723595,-0.0510043369811395));
#5860=CARTESIAN_POINT('',(0.0641999778098129,-0.0768956919723595,-0.0510043369811395));
#5861=CARTESIAN_POINT('',(0.0641999778098129,-0.0768956919723595,-0.0622043369811395));
#5862=CARTESIAN_POINT('',(0.0641999778098129,-0.0768956919723595,-0.0626043369811395));
#5863=CARTESIAN_POINT('',(0.0652197817125316,-0.0757956919723595,-0.0622043369811395));
#5864=CARTESIAN_POINT('',(0.0651671126661826,-0.0759299722199074,-0.0623386172286874));
#5865=CARTESIAN_POINT('',(0.0651108316617016,-0.0760634791663387,-0.0624721241751187));
#5866=CARTESIAN_POINT('',(0.0650485059472369,-0.0761956919723595,-0.0626043369811395));
#5867=CARTESIAN_POINT('',(0.0650485059472369,-0.0761956919723595,-0.0626043369811395));
#5868=CARTESIAN_POINT('',(0.064799977809813,-0.0782704646808463,-0.0622043369811395));
#5869=CARTESIAN_POINT('',(0.0646635667000047,-0.078181162647085,-0.0623407480909478));
#5870=CARTESIAN_POINT('',(0.0645295942057518,-0.0780852047153905,-0.0624747205852007));
#5871=CARTESIAN_POINT('',(0.064399977809813,-0.0779773573549987,-0.0626043369811395));
#5872=CARTESIAN_POINT('',(0.064399977809813,-0.0779773573549987,-0.0626043369811395));
#5873=CARTESIAN_POINT('',(0.0641999778098129,-0.0768956919723595,-0.0626043369811395));
#5874=CARTESIAN_POINT('',(-0.00750002219018707,-0.0757956919723595,-0.0622043369811395));
#5875=CARTESIAN_POINT('',(0.00749997780981293,-0.0757956919723595,-0.0622043369811395));
#5876=CARTESIAN_POINT('',(0.060999977809813,-0.0757956919723595,-0.0622043369811395));
#5877=CARTESIAN_POINT('',(0.064999977809813,-0.0761956919723595,-0.0626043369811395));
#5878=CARTESIAN_POINT('',(0.0611656632347622,-0.0761956919723595,-0.0626043369811395));
#5879=CARTESIAN_POINT('',(0.0567730191243924,-0.0655909109864258,-0.0519995559952058));
#5880=CARTESIAN_POINT('',(-0.00750002219018707,-0.0757956919723595,0.0233956630188605));
#5881=CARTESIAN_POINT('',(0.060999977809813,-0.0757956919723595,-0.0126043369811395));
#5882=CARTESIAN_POINT('',(0.060999977809813,-0.0757956919723595,-0.0510043369811395));
#5883=CARTESIAN_POINT('',(0.0652197817125316,-0.0757956919723595,-0.0510043369811395));
#5884=CARTESIAN_POINT('',(0.058145977809813,-0.0761956919723595,-0.0506043369811395));
#5885=CARTESIAN_POINT('',(0.060999977809813,-0.0761956919723595,-0.0506043369811395));
#5886=CARTESIAN_POINT('',(0.0650485059472369,-0.0761956919723595,-0.0506043369811395));
#5887=CARTESIAN_POINT('',(0.0611656632347623,-0.0761956919723595,-0.0506043369811395));
#5888=CARTESIAN_POINT('',(0.0650485059472369,-0.0761956919723595,-0.0506043369811395));
#5889=CARTESIAN_POINT('',(0.0651108316617016,-0.0760634791663387,-0.0507365497871603));
#5890=CARTESIAN_POINT('',(0.0651671126661826,-0.0759299722199074,-0.0508700567335916));
#5891=CARTESIAN_POINT('',(0.0652197817125316,-0.0757956919723595,-0.0510043369811395));
#5892=CARTESIAN_POINT('',(0.0621122108001283,-0.0784808599420975,-0.0483191690114015));
#5893=CARTESIAN_POINT('',(0.0641999778098129,-0.0768956919723595,-0.0506043369811395));
#5894=CARTESIAN_POINT('',(0.0641999778098129,-0.0768956919723595,-0.0506043369811395));
#5895=CARTESIAN_POINT('',(0.064399977809813,-0.0779773573549987,-0.0506043369811395));
#5896=CARTESIAN_POINT('',(0.064399977809813,-0.0779773573549987,-0.0506043369811395));
#5897=CARTESIAN_POINT('',(0.0645295942057518,-0.0780852047153905,-0.0507339533770782));
#5898=CARTESIAN_POINT('',(0.0646635667000047,-0.078181162647085,-0.0508679258713312));
#5899=CARTESIAN_POINT('',(0.064799977809813,-0.0782704646808463,-0.0510043369811395));
#5900=CARTESIAN_POINT('',(0.0408475202977504,-0.0563956919723595,-0.0600994219550142));
#5901=CARTESIAN_POINT('',(0.0454360457893128,-0.0563956919723595,-0.0509223709718894));
#5902=CARTESIAN_POINT('',(0.0454360457893128,-0.0795956919723595,-0.0509223709718894));
#5903=CARTESIAN_POINT('',(0.0379360457893127,-0.0795956919723595,-0.0659223709718894));
#5904=CARTESIAN_POINT('',(0.0379360457893127,-0.0795956919723595,-0.0659223709718894));
#5905=CARTESIAN_POINT('',(0.0379360457893127,-0.0563956919723595,-0.0659223709718894));
#5906=CARTESIAN_POINT('',(0.043199977811813,-0.0563956919723595,-0.0498043369831395));
#5907=CARTESIAN_POINT('',(0.0409639098343131,-0.0563956919723595,-0.0486863029943896));
#5908=CARTESIAN_POINT('',(0.0409639098343131,-0.0795956919723595,-0.0486863029943896));
#5909=CARTESIAN_POINT('',(0.043199977811813,-0.0795956919723595,-0.0498043369831395));
#5910=CARTESIAN_POINT('',(0.0369344013371257,-0.0563956919723595,-0.0567453199887645));
#5911=CARTESIAN_POINT('',(0.033463909834313,-0.0563956919723595,-0.0636863029943896));
#5912=CARTESIAN_POINT('',(0.033463909834313,-0.0795956919723595,-0.0636863029943896));
#5913=CARTESIAN_POINT('',(0.0369344013371257,-0.0795956919723595,-0.0567453199887645));
#5914=CARTESIAN_POINT('',(0.035699977811813,-0.0563956919723595,-0.0648043369831395));
#5915=CARTESIAN_POINT('',(0.035699977811813,-0.0795956919723595,-0.0648043369831395));
#5916=CARTESIAN_POINT('',(0.050699977811813,-0.0563956919723595,-0.0648043369831395));
#5917=CARTESIAN_POINT('',(0.050699977811813,-0.0795956919723595,-0.0648043369831395));
#5918=CARTESIAN_POINT('',(0.048199977811813,-0.0795956919723595,-0.0648043369831395));
#5919=CARTESIAN_POINT('',(0.0457155542865003,-0.0563956919723595,-0.0653633539775144));
#5920=CARTESIAN_POINT('',(0.0491860457893128,-0.0563956919723595,-0.0584223709718894));
#5921=CARTESIAN_POINT('',(0.0491860457893128,-0.0795956919723595,-0.0584223709718894));
#5922=CARTESIAN_POINT('',(0.0454360457893128,-0.0795956919723595,-0.0659223709718894));
#5923=CARTESIAN_POINT('',(0.0454360457893128,-0.0795956919723595,-0.0659223709718894));
#5924=CARTESIAN_POINT('',(0.0454360457893128,-0.0563956919723595,-0.0659223709718894));
#5925=CARTESIAN_POINT('',(0.046949977811813,-0.0563956919723595,-0.0573043369831395));
#5926=CARTESIAN_POINT('',(0.0447139098343131,-0.0563956919723595,-0.0561863029943896));
#5927=CARTESIAN_POINT('',(0.0447139098343131,-0.0795956919723595,-0.0561863029943896));
#5928=CARTESIAN_POINT('',(0.046949977811813,-0.0795956919723595,-0.0573043369831395));
#5929=CARTESIAN_POINT('',(0.0439569438230631,-0.0563956919723595,-0.0577002350168898));
#5930=CARTESIAN_POINT('',(0.0409639098343131,-0.0563956919723595,-0.0636863029943896));
#5931=CARTESIAN_POINT('',(0.0409639098343131,-0.0795956919723595,-0.0636863029943896));
#5932=CARTESIAN_POINT('',(0.0439569438230631,-0.0795956919723595,-0.0577002350168898));
#5933=CARTESIAN_POINT('',(0.043199977811813,-0.0563956919723595,-0.0648043369831395));
#5934=CARTESIAN_POINT('',(0.043199977811813,-0.0795956919723595,-0.0648043369831395));
#5935=CARTESIAN_POINT('',(0.0682039622139247,-0.0809917075682479,-0.0648043369811395));
#5936=CARTESIAN_POINT('',(0.0682018626994611,-0.0809917075682479,-0.0661321618964677));
#5937=CARTESIAN_POINT('',(0.0680788007303594,-0.0809917075682479,-0.0674471213201539));
#5938=CARTESIAN_POINT('',(0.0675335386478686,-0.0809917075682479,-0.0693825334054954));
#5939=CARTESIAN_POINT('',(0.0672798242093125,-0.0809917075682479,-0.0700313117695529));
#5940=CARTESIAN_POINT('',(0.0666231095625403,-0.0809917075682479,-0.0712306551003115));
#5941=CARTESIAN_POINT('',(0.0662092750601077,-0.0809917075682479,-0.0717969982844036));
#5942=CARTESIAN_POINT('',(0.0652312781817876,-0.0809917075682479,-0.0727822250524287));
#5943=CARTESIAN_POINT('',(0.0646807005864093,-0.0809917075682479,-0.0731922058612124));
#5944=CARTESIAN_POINT('',(0.0634684436160379,-0.0809917075682479,-0.0738665057559377));
#5945=CARTESIAN_POINT('',(0.0628352910630855,-0.0809917075682479,-0.0741178549480649));
#5946=CARTESIAN_POINT('',(0.0608905592988248,-0.0809917075682479,-0.0746768066961725));
#5947=CARTESIAN_POINT('',(0.0595310650112056,-0.0809917075682479,-0.0748072464350162));
#5948=CARTESIAN_POINT('',(0.058199977809813,-0.0809917075682479,-0.0748083213852512));
#5949=CARTESIAN_POINT('',(0.068199977809813,-0.0809956919723595,-0.0648043369811395));
#5950=CARTESIAN_POINT('',(0.0681978810052704,-0.0809956919723595,-0.0661318970297965));
#5951=CARTESIAN_POINT('',(0.0680748344027821,-0.0809956919723595,-0.067446513678804));
#5952=CARTESIAN_POINT('',(0.0675297721688634,-0.0809956919723595,-0.0693812058374901));
#5953=CARTESIAN_POINT('',(0.0672761662768541,-0.0809956919723595,-0.0700296969476199));
#5954=CARTESIAN_POINT('',(0.0666197780179297,-0.0809956919723595,-0.0712284425060403));
#5955=CARTESIAN_POINT('',(0.0662061707295213,-0.0809956919723595,-0.0717944702050208));
#5956=CARTESIAN_POINT('',(0.0652287280244103,-0.0809956919723595,-0.0727791380921528));
#5957=CARTESIAN_POINT('',(0.0646784590998869,-0.0809956919723595,-0.0731888929134334));
#5958=CARTESIAN_POINT('',(0.0634668097860908,-0.0809956919723595,-0.0738628556708457));
#5959=CARTESIAN_POINT('',(0.0628339397000959,-0.0809956919723595,-0.0741140965002901));
#5960=CARTESIAN_POINT('',(0.0608899381988367,-0.0809956919723595,-0.0746728418032697));
#5961=CARTESIAN_POINT('',(0.059530800209791,-0.0809956919723595,-0.0748032646095197));
#5962=CARTESIAN_POINT('',(0.058199977809813,-0.0809956919723595,-0.0748043369811395));
#5963=CARTESIAN_POINT('',(0.067799977809813,-0.0813956919723595,-0.0648043369811395));
#5964=CARTESIAN_POINT('',(0.0677981530580991,-0.0813956919723595,-0.0661053066876738));
#5965=CARTESIAN_POINT('',(0.0676766491318049,-0.0813956919723595,-0.0673855116987947));
#5966=CARTESIAN_POINT('',(0.0671516499804949,-0.0813956919723595,-0.0692479293958399));
#5967=CARTESIAN_POINT('',(0.0669089412307958,-0.0813956919723595,-0.0698675826753031));
#5968=CARTESIAN_POINT('',(0.0662853195124946,-0.0813956919723595,-0.0710063170178381));
#5969=CARTESIAN_POINT('',(0.0658945225633851,-0.0813956919723595,-0.0715406727174182));
#5970=CARTESIAN_POINT('',(0.0649727140955187,-0.0813956919723595,-0.0724692337562096));
#5971=CARTESIAN_POINT('',(0.0644534330774787,-0.0813956919723595,-0.0728563013703947));
#5972=CARTESIAN_POINT('',(0.0633027872721743,-0.0813956919723595,-0.0734964184330867));
#5973=CARTESIAN_POINT('',(0.0626982744461146,-0.0813956919723595,-0.0737367805785608));
#5974=CARTESIAN_POINT('',(0.0608275850869787,-0.0813956919723595,-0.0742748005613031));
#5975=CARTESIAN_POINT('',(0.059504216418877,-0.0813956919723595,-0.074403523480369));
#5976=CARTESIAN_POINT('',(0.058199977809813,-0.0813956919723595,-0.0744043369811395));
#5977=CARTESIAN_POINT('',(0.068199977809813,-0.0809956919723595,-0.0648043369811417));
#5978=CARTESIAN_POINT('',(0.0681999778098127,-0.0809935478574888,-0.0661618508479007));
#5979=CARTESIAN_POINT('',(0.0680053224725642,-0.0809964354991825,-0.0681893749797736));
#5980=CARTESIAN_POINT('',(0.0669951666910501,-0.080995534848516,-0.0707273929733668));
#5981=CARTESIAN_POINT('',(0.0657692923663754,-0.0809957573883646,-0.0723757884284478));
#5982=CARTESIAN_POINT('',(0.0641272091359567,-0.0809956150929295,-0.0735957967626024));
#5983=CARTESIAN_POINT('',(0.0616046045496104,-0.0809960694377317,-0.0746053998731551));
#5984=CARTESIAN_POINT('',(0.0595585444849017,-0.0809945972445087,-0.0748043369811393));
#5985=CARTESIAN_POINT('',(0.0581999778098152,-0.0809956919723595,-0.0748043369811395));
#5986=CARTESIAN_POINT('',(0.058199977809813,-0.0809924814317548,0.0915988735594655));
#5987=CARTESIAN_POINT('',(0.0595277512819028,-0.0809924814317548,0.0915967745713308));
#5988=CARTESIAN_POINT('',(0.0608426441308119,-0.0809924814317548,0.0914737155867809));
#5989=CARTESIAN_POINT('',(0.0627779163897324,-0.0809924814317548,0.0909284923195084));
#5990=CARTESIAN_POINT('',(0.063426638962428,-0.0809924814317548,0.0906747989632053));
#5991=CARTESIAN_POINT('',(0.0646258661919619,-0.0809924814317548,0.0900181477085086));
#5992=CARTESIAN_POINT('',(0.0651921481015425,-0.0809924814317548,0.0896043573362978));
#5993=CARTESIAN_POINT('',(0.0661772663219616,-0.0809924814317548,0.088626468091243));
#5994=CARTESIAN_POINT('',(0.0665872032387412,-0.0809924814317548,0.0880759504468898));
#5995=CARTESIAN_POINT('',(0.0672614376535964,-0.0809924814317548,0.0868638114974908));
#5996=CARTESIAN_POINT('',(0.0675127657991823,-0.0809924814317548,0.0862307138061597));
#5997=CARTESIAN_POINT('',(0.0680716774508675,-0.0809924814317548,0.0842861238758779));
#5998=CARTESIAN_POINT('',(0.0682021139010096,-0.0809924814317548,0.0829266987896888));
#5999=CARTESIAN_POINT('',(0.0682031883504177,-0.0809924814317548,0.0815956630188606));
#6000=CARTESIAN_POINT('',(0.0682033256526721,-0.0809924814317548,0.0814255719836801));
#6001=CARTESIAN_POINT('',(0.0682034629549265,-0.0809924814317548,0.0812554809484996));
#6002=CARTESIAN_POINT('',(0.0682036002571809,-0.0809924814317548,0.0810853899133191));
#6003=CARTESIAN_POINT('',(0.058199977809813,-0.0809956919723595,0.0915956630188605));
#6004=CARTESIAN_POINT('',(0.0595275378584701,-0.0809956919723595,0.0915935662143175));
#6005=CARTESIAN_POINT('',(0.0608421545074775,-0.0809956919723595,0.0914705196118295));
#6006=CARTESIAN_POINT('',(0.0627768466661636,-0.0809956919723595,0.0909254573779105));
#6007=CARTESIAN_POINT('',(0.0634253377762934,-0.0809956919723595,0.0906718514859015));
#6008=CARTESIAN_POINT('',(0.0646240833347139,-0.0809956919723595,0.0900154632269775));
#6009=CARTESIAN_POINT('',(0.0651901110336943,-0.0809956919723595,0.0896018559385685));
#6010=CARTESIAN_POINT('',(0.0661747789208263,-0.0809956919723595,0.0886244132334575));
#6011=CARTESIAN_POINT('',(0.066584533742107,-0.0809956919723595,0.0880741443089345));
#6012=CARTESIAN_POINT('',(0.0672584964995192,-0.0809956919723595,0.0868624949951383));
#6013=CARTESIAN_POINT('',(0.0675097373289636,-0.0809956919723595,0.0862296249091434));
#6014=CARTESIAN_POINT('',(0.0680684826319433,-0.0809956919723595,0.0842856234078843));
#6015=CARTESIAN_POINT('',(0.0681989054381933,-0.0809956919723595,0.0829264854188385));
#6016=CARTESIAN_POINT('',(0.068199977809813,-0.0809956919723595,0.0815956630188606));
#6017=CARTESIAN_POINT('',(0.06820011484655,-0.0809956919723595,0.0814255992500163));
#6018=CARTESIAN_POINT('',(0.068200251883287,-0.0809956919723595,0.081255535481172));
#6019=CARTESIAN_POINT('',(0.068200388920024,-0.0809956919723595,0.0810854717123277));
#6020=CARTESIAN_POINT('',(0.058199977809813,-0.0813956919723595,0.0911956630188605));
#6021=CARTESIAN_POINT('',(0.0595009475163473,-0.0813956919723595,0.0911938382671466));
#6022=CARTESIAN_POINT('',(0.0607811525274683,-0.0813956919723595,0.0910723343408525));
#6023=CARTESIAN_POINT('',(0.0626435702245134,-0.0813956919723595,0.0905473351895425));
#6024=CARTESIAN_POINT('',(0.0632632235039766,-0.0813956919723595,0.0903046264398435));
#6025=CARTESIAN_POINT('',(0.0644019578465116,-0.0813956919723595,0.0896810047215425));
#6026=CARTESIAN_POINT('',(0.0649363135460917,-0.0813956919723595,0.0892902077724325));
#6027=CARTESIAN_POINT('',(0.0658648745848831,-0.0813956919723595,0.0883683993045663));
#6028=CARTESIAN_POINT('',(0.0662519421990682,-0.0813956919723595,0.0878491182865263));
#6029=CARTESIAN_POINT('',(0.0668920592617603,-0.0813956919723595,0.0866984724812219));
#6030=CARTESIAN_POINT('',(0.0671324214072343,-0.0813956919723595,0.0860939596551621));
#6031=CARTESIAN_POINT('',(0.0676704413899766,-0.0813956919723595,0.0842232702960263));
#6032=CARTESIAN_POINT('',(0.0677991643090424,-0.0813956919723595,0.0828999016279245));
#6033=CARTESIAN_POINT('',(0.067799977809813,-0.0813956919723595,0.0815956630188606));
#6034=CARTESIAN_POINT('',(0.0678000817658382,-0.0813956919723595,0.0814289963521939));
#6035=CARTESIAN_POINT('',(0.0678001857218634,-0.0813956919723595,0.0812623296855272));
#6036=CARTESIAN_POINT('',(0.0678002896778887,-0.0813956919723595,0.0810956630188606));
#6037=CARTESIAN_POINT('',(0.0581999778098151,-0.0809956919723594,0.0915956630188605));
#6038=CARTESIAN_POINT('',(0.0595991371793113,-0.0809934820808181,0.0915956630188603));
#6039=CARTESIAN_POINT('',(0.0616906199485003,-0.0809967908062848,0.0913895182478689));
#6040=CARTESIAN_POINT('',(0.0642901343712853,-0.0809953323406588,0.0903035861559351));
#6041=CARTESIAN_POINT('',(0.06595054332976,-0.0809957356591776,0.0889889331481605));
#6042=CARTESIAN_POINT('',(0.0671430205549096,-0.0809962203565861,0.0872421691451268));
#6043=CARTESIAN_POINT('',(0.0678473587886349,-0.0809938906643031,0.0852731726261268));
#6044=CARTESIAN_POINT('',(0.0681781578823185,-0.0809995061911483,0.0831920578989256));
#6045=CARTESIAN_POINT('',(0.0682093493772186,-0.0809861636197605,0.081795217796643));
#6046=CARTESIAN_POINT('',(0.0681943261890111,-0.0810017450379951,0.0810957910772565));
#6047=CARTESIAN_POINT('',(0.00599997780981293,-0.0768956919723595,0.0875956630188605));
#6048=CARTESIAN_POINT('',(0.00559997780981289,-0.0757956919723595,0.0886154669215791));
#6049=CARTESIAN_POINT('',(0.0057342580573608,-0.0759299722199074,0.0885627978752301));
#6050=CARTESIAN_POINT('',(0.00586776500379213,-0.0760634791663387,0.0885065168707491));
#6051=CARTESIAN_POINT('',(0.0059999778098129,-0.0761956919723595,0.0884441911562844));
#6052=CARTESIAN_POINT('',(0.00599997780981293,-0.0761956919723595,0.0884441911562844));
#6053=CARTESIAN_POINT('',(0.00559997780981292,-0.0782704646808463,0.0881956630188605));
#6054=CARTESIAN_POINT('',(0.0057363889196212,-0.078181162647085,0.0880592519090522));
#6055=CARTESIAN_POINT('',(0.00587036141387419,-0.0780852047153905,0.0879252794147993));
#6056=CARTESIAN_POINT('',(0.00599997780981293,-0.0779773573549987,0.0877956630188606));
#6057=CARTESIAN_POINT('',(0.00599997780981293,-0.0779773573549987,0.0877956630188606));
#6058=CARTESIAN_POINT('',(0.00599997780981293,-0.0768956919723595,0.0875956630188605));
#6059=CARTESIAN_POINT('',(0.00599997780981293,-0.0761956919723595,0.0883956630188605));
#6060=CARTESIAN_POINT('',(0.00599997780981293,-0.0761956919723595,0.0886154669215795));
#6061=CARTESIAN_POINT('',(0.00599997780981293,-0.0761956919723595,0.0845613484438098));
#6062=CARTESIAN_POINT('',(0.00524004359323683,-0.0754357577557834,0.0842465733847925));
#6063=CARTESIAN_POINT('',(0.041199977809813,-0.0813956919723595,0.0769956630188605));
#6064=CARTESIAN_POINT('',(0.0428786218225966,-0.0813956919723595,0.0769952353674536));
#6065=CARTESIAN_POINT('',(0.0445793796632326,-0.0813956919723595,0.0768227537700356));
#6066=CARTESIAN_POINT('',(0.0469757366469714,-0.0813956919723595,0.0761149592703322));
#6067=CARTESIAN_POINT('',(0.0477621628492346,-0.0813956919723595,0.0757950751831588));
#6068=CARTESIAN_POINT('',(0.0492275557926461,-0.0813956919723595,0.07496735730503));
#6069=CARTESIAN_POINT('',(0.0498957894103454,-0.0813956919723595,0.0744676764380357));
#6070=CARTESIAN_POINT('',(0.051092484568443,-0.0813956919723595,0.0732666612510687));
#6071=CARTESIAN_POINT('',(0.0515886981242552,-0.0813956919723595,0.0725985196967438));
#6072=CARTESIAN_POINT('',(0.0524130324719309,-0.0813956919723595,0.0711280528140751));
#6073=CARTESIAN_POINT('',(0.0527295793774418,-0.0813956919723595,0.070342674963595));
#6074=CARTESIAN_POINT('',(0.0534278130975908,-0.0813956919723595,0.0679603248813646));
#6075=CARTESIAN_POINT('',(0.0535990828702844,-0.0813956919723595,0.066276194039447));
#6076=CARTESIAN_POINT('',(0.053599977809813,-0.0813956919723595,0.0645956630188606));
#6077=CARTESIAN_POINT('',(0.041199977809813,-0.0809956919723595,0.0765956630188606));
#6078=CARTESIAN_POINT('',(0.0428512047701129,-0.0809956919723595,0.0765954579020545));
#6079=CARTESIAN_POINT('',(0.044514904835368,-0.0809956919723595,0.0764249413483681));
#6080=CARTESIAN_POINT('',(0.0468373088030039,-0.0809956919723595,0.0757386495480191));
#6081=CARTESIAN_POINT('',(0.0475951528513136,-0.0809956919723595,0.0754300460648618));
#6082=CARTESIAN_POINT('',(0.0490012268873856,-0.0809956919723595,0.0746357627751179));
#6083=CARTESIAN_POINT('',(0.0496394080495001,-0.0809956919723595,0.0741582756083135));
#6084=CARTESIAN_POINT('',(0.0507821616103659,-0.0809956919723595,0.0730113973883274));
#6085=CARTESIAN_POINT('',(0.0512563720106749,-0.0809956919723595,0.0723732664540623));
#6086=CARTESIAN_POINT('',(0.0520474960713297,-0.0809956919723595,0.0709621693654318));
#6087=CARTESIAN_POINT('',(0.0523529303833763,-0.0809956919723595,0.0702052207950786));
#6088=CARTESIAN_POINT('',(0.0530300176838824,-0.0809956919723595,0.0678961403399083));
#6089=CARTESIAN_POINT('',(0.0531993078185159,-0.0809956919723595,0.0662487194226111));
#6090=CARTESIAN_POINT('',(0.053199977809813,-0.0809956919723595,0.0645956630188606));
#6091=CARTESIAN_POINT('',(0.041199977809813,-0.0805956919723595,0.0761956630188606));
#6092=CARTESIAN_POINT('',(0.0428237877176291,-0.0805956919723595,0.0761956804366554));
#6093=CARTESIAN_POINT('',(0.0444504300075036,-0.0805956919723595,0.0760271289267006));
#6094=CARTESIAN_POINT('',(0.0466988809590364,-0.0805956919723595,0.0753623398257061));
#6095=CARTESIAN_POINT('',(0.0474281428533926,-0.0805956919723595,0.0750650169465649));
#6096=CARTESIAN_POINT('',(0.0487748979821251,-0.0805956919723595,0.0743041682452058));
#6097=CARTESIAN_POINT('',(0.0493830266886548,-0.0805956919723595,0.0738488747785914));
#6098=CARTESIAN_POINT('',(0.0504718386522888,-0.0805956919723595,0.0727561335255861));
#6099=CARTESIAN_POINT('',(0.0509240458970946,-0.0805956919723595,0.0721480132113809));
#6100=CARTESIAN_POINT('',(0.0516819596707285,-0.0805956919723595,0.0707962859167883));
#6101=CARTESIAN_POINT('',(0.0519762813893108,-0.0805956919723595,0.0700677666265622));
#6102=CARTESIAN_POINT('',(0.052632222270174,-0.0805956919723595,0.067831955798452));
#6103=CARTESIAN_POINT('',(0.0527995327667474,-0.0805956919723595,0.0662212448057752));
#6104=CARTESIAN_POINT('',(0.052799977809813,-0.0805956919723595,0.0645956630188606));
#6105=CARTESIAN_POINT('',(0.053599977809813,-0.0813956919723595,-0.0298043369811394));
#6106=CARTESIAN_POINT('',(0.0535995501584062,-0.0813956919723595,-0.0314829809939231));
#6107=CARTESIAN_POINT('',(0.0534270685609882,-0.0813956919723595,-0.0331837388345591));
#6108=CARTESIAN_POINT('',(0.0527192740612847,-0.0813956919723595,-0.0355800958182978));
#6109=CARTESIAN_POINT('',(0.0523993899741113,-0.0813956919723595,-0.0363665220205609));
#6110=CARTESIAN_POINT('',(0.0515716720959824,-0.0813956919723595,-0.0378319149639725));
#6111=CARTESIAN_POINT('',(0.0510719912289881,-0.0813956919723595,-0.0385001485816718));
#6112=CARTESIAN_POINT('',(0.0498709760420212,-0.0813956919723595,-0.0396968437397695));
#6113=CARTESIAN_POINT('',(0.0492028344876962,-0.0813956919723595,-0.0401930572955817));
#6114=CARTESIAN_POINT('',(0.0477323676050276,-0.0813956919723595,-0.0410173916432573));
#6115=CARTESIAN_POINT('',(0.0469469897545475,-0.0813956919723595,-0.0413339385487683));
#6116=CARTESIAN_POINT('',(0.044564639672317,-0.0813956919723595,-0.0420321722689172));
#6117=CARTESIAN_POINT('',(0.0428805088303996,-0.0813956919723595,-0.0422034420416108));
#6118=CARTESIAN_POINT('',(0.041199977809813,-0.0813956919723595,-0.0422043369811394));
#6119=CARTESIAN_POINT('',(0.053199977809813,-0.0809956919723595,-0.0298043369811394));
#6120=CARTESIAN_POINT('',(0.0531997726930071,-0.0809956919723595,-0.0314555639414393));
#6121=CARTESIAN_POINT('',(0.0530292561393206,-0.0809956919723595,-0.0331192640066946));
#6122=CARTESIAN_POINT('',(0.0523429643389715,-0.0809956919723595,-0.0354416679743304));
#6123=CARTESIAN_POINT('',(0.0520343608558143,-0.0809956919723595,-0.03619951202264));
#6124=CARTESIAN_POINT('',(0.0512400775660704,-0.0809956919723595,-0.0376055860587121));
#6125=CARTESIAN_POINT('',(0.050762590399266,-0.0809956919723595,-0.0382437672208265));
#6126=CARTESIAN_POINT('',(0.04961571217928,-0.0809956919723595,-0.0393865207816923));
#6127=CARTESIAN_POINT('',(0.0489775812450148,-0.0809956919723595,-0.0398607311820013));
#6128=CARTESIAN_POINT('',(0.0475664841563843,-0.0809956919723595,-0.0406518552426562));
#6129=CARTESIAN_POINT('',(0.0468095355860312,-0.0809956919723595,-0.0409572895547027));
#6130=CARTESIAN_POINT('',(0.0445004551308608,-0.0809956919723595,-0.0416343768552089));
#6131=CARTESIAN_POINT('',(0.0428530342135637,-0.0809956919723595,-0.0418036669898423));
#6132=CARTESIAN_POINT('',(0.041199977809813,-0.0809956919723595,-0.0418043369811395));
#6133=CARTESIAN_POINT('',(0.052799977809813,-0.0805956919723595,-0.0298043369811394));
#6134=CARTESIAN_POINT('',(0.052799995227608,-0.0805956919723595,-0.0314281468889556));
#6135=CARTESIAN_POINT('',(0.0526314437176532,-0.0805956919723595,-0.03305478917883));
#6136=CARTESIAN_POINT('',(0.0519666546166583,-0.0805956919723595,-0.0353032401303631));
#6137=CARTESIAN_POINT('',(0.0516693317375175,-0.0805956919723595,-0.036032502024719));
#6138=CARTESIAN_POINT('',(0.0509084830361584,-0.0805956919723595,-0.0373792571534517));
#6139=CARTESIAN_POINT('',(0.0504531895695439,-0.0805956919723595,-0.0379873858599811));
#6140=CARTESIAN_POINT('',(0.0493604483165388,-0.0805956919723595,-0.0390761978236152));
#6141=CARTESIAN_POINT('',(0.0487523280023334,-0.0805956919723595,-0.039528405068421));
#6142=CARTESIAN_POINT('',(0.047400600707741,-0.0805956919723595,-0.0402863188420551));
#6143=CARTESIAN_POINT('',(0.0466720814175149,-0.0805956919723595,-0.0405806405606373));
#6144=CARTESIAN_POINT('',(0.0444362705894044,-0.0805956919723595,-0.0412365814415004));
#6145=CARTESIAN_POINT('',(0.0428255595967277,-0.0805956919723595,-0.0414038919380737));
#6146=CARTESIAN_POINT('',(0.041199977809813,-0.0805956919723595,-0.0414043369811394));
#6147=CARTESIAN_POINT('',(0.041199977809813,-0.0811956919723595,-0.0420043369811395));
#6148=CARTESIAN_POINT('',(0.0325999778098129,-0.0811956919723595,-0.0420043369811395));
#6149=CARTESIAN_POINT('',(0.032699977809813,-0.0807956919723595,-0.0416043369811394));
#6150=CARTESIAN_POINT('',(0.032699977809813,-0.0813956919723595,-0.0422043369811394));
#6151=CARTESIAN_POINT('',(0.0315890657992364,-0.0813956919723595,-0.0422044483671535));
#6152=CARTESIAN_POINT('',(0.0304628010636318,-0.0813956919723595,-0.0422991795921569));
#6153=CARTESIAN_POINT('',(0.0288582910101612,-0.0813956919723595,-0.0426683254063452));
#6154=CARTESIAN_POINT('',(0.0283312787819399,-0.0813956919723595,-0.0428316040039107));
#6155=CARTESIAN_POINT('',(0.0273097682966706,-0.0813956919723595,-0.0432590062841398));
#6156=CARTESIAN_POINT('',(0.0268114299978564,-0.0813956919723595,-0.0435293031518828));
#6157=CARTESIAN_POINT('',(0.0259069403205971,-0.0813956919723595,-0.0441685399718494));
#6158=CARTESIAN_POINT('',(0.0254910705345197,-0.0813956919723595,-0.0445458587109068));
#6159=CARTESIAN_POINT('',(0.0247636629545207,-0.0813956919723595,-0.0453974338389072));
#6160=CARTESIAN_POINT('',(0.0244597673026684,-0.0813956919723595,-0.0458582997902226));
#6161=CARTESIAN_POINT('',(0.0239512246089271,-0.0813956919723595,-0.0468523612778426));
#6162=CARTESIAN_POINT('',(0.0237494093006021,-0.0813956919723595,-0.0473768451967058));
#6163=CARTESIAN_POINT('',(0.0234393274994132,-0.0813956919723595,-0.048439879694474));
#6164=CARTESIAN_POINT('',(0.0233274641691162,-0.0813956919723595,-0.0489847263716292));
#6165=CARTESIAN_POINT('',(0.0232491933279489,-0.0813956919723595,-0.0495383764473738));
#6166=CARTESIAN_POINT('',(0.032699977809813,-0.0809956919723595,-0.0418043369811395));
#6167=CARTESIAN_POINT('',(0.0315664167462062,-0.0809956919723595,-0.0418045625767146));
#6168=CARTESIAN_POINT('',(0.0304109358136345,-0.0809956919723595,-0.0419006882646712));
#6169=CARTESIAN_POINT('',(0.0287493960004707,-0.0809956919723595,-0.042282916035966));
#6170=CARTESIAN_POINT('',(0.0282006384127669,-0.0809956919723595,-0.0424526770161043));
#6171=CARTESIAN_POINT('',(0.0271312162560676,-0.0809956919723595,-0.042900098565703));
#6172=CARTESIAN_POINT('',(0.0266063182066133,-0.0809956919723595,-0.0431845485647363));
#6173=CARTESIAN_POINT('',(0.0256498064869653,-0.0809956919723595,-0.0438603558311785));
#6174=CARTESIAN_POINT('',(0.0252085907291577,-0.0809956919723595,-0.0442606803367633));
#6175=CARTESIAN_POINT('',(0.0244379664517494,-0.0809956919723595,-0.0451628799952448));
#6176=CARTESIAN_POINT('',(0.0241168209428844,-0.0809956919723595,-0.0456502173342402));
#6177=CARTESIAN_POINT('',(0.0235823678873851,-0.0809956919723595,-0.0466952911993751));
#6178=CARTESIAN_POINT('',(0.0233715717438087,-0.0809956919723595,-0.0472437133993265));
#6179=CARTESIAN_POINT('',(0.0230492051072872,-0.0809956919723595,-0.0483488742195053));
#6180=CARTESIAN_POINT('',(0.0229337309773799,-0.0809956919723595,-0.0489123417006497));
#6181=CARTESIAN_POINT('',(0.0228531237895858,-0.0809956919723595,-0.0494824396903984));
#6182=CARTESIAN_POINT('',(0.032699977809813,-0.0805956919723595,-0.0414043369811394));
#6183=CARTESIAN_POINT('',(0.031543767693176,-0.0805956919723595,-0.0414046767862756));
#6184=CARTESIAN_POINT('',(0.0303590705636374,-0.0805956919723595,-0.0415021969371854));
#6185=CARTESIAN_POINT('',(0.0286405009907803,-0.0805956919723595,-0.0418975066655869));
#6186=CARTESIAN_POINT('',(0.028069998043594,-0.0805956919723595,-0.0420737500282981));
#6187=CARTESIAN_POINT('',(0.0269526642154648,-0.0805956919723595,-0.0425411908472661));
#6188=CARTESIAN_POINT('',(0.0264012064153701,-0.0805956919723595,-0.0428397939775898));
#6189=CARTESIAN_POINT('',(0.0253926726533334,-0.0805956919723595,-0.0435521716905076));
#6190=CARTESIAN_POINT('',(0.0249261109237959,-0.0805956919723595,-0.0439755019626197));
#6191=CARTESIAN_POINT('',(0.024112269948978,-0.0805956919723595,-0.0449283261515824));
#6192=CARTESIAN_POINT('',(0.0237738745831006,-0.0805956919723595,-0.0454421348782578));
#6193=CARTESIAN_POINT('',(0.0232135111658431,-0.0805956919723595,-0.0465382211209076));
#6194=CARTESIAN_POINT('',(0.0229937341870153,-0.0805956919723595,-0.0471105816019472));
#6195=CARTESIAN_POINT('',(0.022659082715161,-0.0805956919723595,-0.0482578687445366));
#6196=CARTESIAN_POINT('',(0.0225399977856436,-0.0805956919723595,-0.0488399570296702));
#6197=CARTESIAN_POINT('',(0.0224570542512228,-0.0805956919723595,-0.049426502933423));
#6198=CARTESIAN_POINT('',(0.023051158558768,-0.0811956919723595,-0.0495104080688815));
#6199=CARTESIAN_POINT('',(0.0232491933279495,-0.0813956919723595,-0.0495383764473694));
#6200=CARTESIAN_POINT('',(0.0230356785833062,-0.0813956919723595,-0.0510391161101004));
#6201=CARTESIAN_POINT('',(0.0226770162768609,-0.0813956919723595,-0.0524918435453735));
#6202=CARTESIAN_POINT('',(0.0217510571710787,-0.0813956919723595,-0.0545718518230201));
#6203=CARTESIAN_POINT('',(0.0213756790704503,-0.0813956919723595,-0.0552386078551913));
#6204=CARTESIAN_POINT('',(0.0205013134199938,-0.0813956919723595,-0.056459207622507));
#6205=CARTESIAN_POINT('',(0.0199861750608239,-0.0813956919723595,-0.0570311833571625));
#6206=CARTESIAN_POINT('',(0.0188423314329991,-0.0813956919723595,-0.0580235990131376));
#6207=CARTESIAN_POINT('',(0.0182220443422553,-0.0813956919723595,-0.058443378853692));
#6208=CARTESIAN_POINT('',(0.0168725724713186,-0.0813956919723595,-0.0591494377606728));
#6209=CARTESIAN_POINT('',(0.0161644698534537,-0.0813956919723595,-0.059424259168517));
#6210=CARTESIAN_POINT('',(0.0140098493874301,-0.0813956919723595,-0.0600420827395699));
#6211=CARTESIAN_POINT('',(0.0124870783783995,-0.0813956919723595,-0.060204273173131));
#6212=CARTESIAN_POINT('',(0.0109710376386978,-0.0813956919723595,-0.0602043369811395));
#6213=CARTESIAN_POINT('',(0.0228531237895865,-0.0809956919723595,-0.0494824396903936));
#6214=CARTESIAN_POINT('',(0.0226437211478244,-0.0809956919723576,-0.0509552723894789));
#6215=CARTESIAN_POINT('',(0.0222922702411882,-0.0809956919723551,-0.0523729110339932));
#6216=CARTESIAN_POINT('',(0.0213955075921328,-0.0809956919723512,-0.0543868168968411));
#6217=CARTESIAN_POINT('',(0.0210334925014393,-0.0809956919723498,-0.0550294408199319));
#6218=CARTESIAN_POINT('',(0.0201932616712859,-0.0809956919723477,-0.0562023380388507));
#6219=CARTESIAN_POINT('',(0.0196997267429011,-0.0809956919723469,-0.0567501443789746));
#6220=CARTESIAN_POINT('',(0.018604287984639,-0.0809956919723462,-0.0577005615167782));
#6221=CARTESIAN_POINT('',(0.0180102209813414,-0.0809956919723464,-0.0581027482206589));
#6222=CARTESIAN_POINT('',(0.0167135084696261,-0.0809956919723475,-0.0587812365629739));
#6223=CARTESIAN_POINT('',(0.0160309471483941,-0.0809956919723486,-0.0590463497691144));
#6224=CARTESIAN_POINT('',(0.0139448533329545,-0.0809956919723524,-0.0596447543379755));
#6225=CARTESIAN_POINT('',(0.0124589386989611,-0.080995691972356,-0.0598043980029205));
#6226=CARTESIAN_POINT('',(0.0109710376386969,-0.0809956919723595,-0.0598043369811395));
#6227=CARTESIAN_POINT('',(0.0224570542512234,-0.0805956919723595,-0.0494265029334178));
#6228=CARTESIAN_POINT('',(0.0222517637123427,-0.0805956919723557,-0.0508714286688574));
#6229=CARTESIAN_POINT('',(0.0219075242055157,-0.0805956919723507,-0.0522539785226129));
#6230=CARTESIAN_POINT('',(0.0210399580131867,-0.0805956919723429,-0.0542017819706621));
#6231=CARTESIAN_POINT('',(0.0206913059324282,-0.0805956919723401,-0.0548202737846725));
#6232=CARTESIAN_POINT('',(0.0198852099225779,-0.0805956919723359,-0.0559454684551944));
#6233=CARTESIAN_POINT('',(0.0194132784249781,-0.0805956919723343,-0.0564691054007867));
#6234=CARTESIAN_POINT('',(0.018366244536279,-0.0805956919723329,-0.0573775240204188));
#6235=CARTESIAN_POINT('',(0.0177983976204273,-0.0805956919723333,-0.0577621175876258));
#6236=CARTESIAN_POINT('',(0.0165544444679337,-0.0805956919723355,-0.058413035365275));
#6237=CARTESIAN_POINT('',(0.0158974244433344,-0.0805956919723377,-0.0586684403697118));
#6238=CARTESIAN_POINT('',(0.0138798572784789,-0.0805956919723453,-0.0592474259363811));
#6239=CARTESIAN_POINT('',(0.0124307990195226,-0.0805956919723525,-0.05940452283271));
#6240=CARTESIAN_POINT('',(0.0109710376386959,-0.0805956919723595,-0.0594043369811395));
#6241=CARTESIAN_POINT('',(0.00937231916984825,-0.0814756919723595,-0.0573244432340617));
#6242=CARTESIAN_POINT('',(0.00981487204983645,-0.0814756919723595,-0.057324407816421));
#6243=CARTESIAN_POINT('',(0.0102574249298247,-0.0814756919723595,-0.0573243723987802));
#6244=CARTESIAN_POINT('',(0.0106999778098129,-0.0814756919723595,-0.0573243369811395));
#6245=CARTESIAN_POINT('',(0.0118063600097835,-0.0814756919723595,-0.0573242484370375));
#6246=CARTESIAN_POINT('',(0.0129267815059948,-0.0814756919723595,-0.0572297961046248));
#6247=CARTESIAN_POINT('',(0.0145198856075266,-0.0814756919723595,-0.0568632666818578));
#6248=CARTESIAN_POINT('',(0.0150425487638515,-0.0814756919723595,-0.056701284560807));
#6249=CARTESIAN_POINT('',(0.0160544769148349,-0.0814756919723595,-0.0562778861344517));
#6250=CARTESIAN_POINT('',(0.0165475032635211,-0.0814756919723595,-0.0560104198929669));
#6251=CARTESIAN_POINT('',(0.0174415885323022,-0.0814756919723595,-0.0553784971622953));
#6252=CARTESIAN_POINT('',(0.0178523891240339,-0.0814756919723595,-0.0550057795765435));
#6253=CARTESIAN_POINT('',(0.0185711533645509,-0.0814756919723595,-0.0541643293546392));
#6254=CARTESIAN_POINT('',(0.018871599045001,-0.0814756919723595,-0.0537087576808598));
#6255=CARTESIAN_POINT('',(0.0193749596663906,-0.0814756919723595,-0.0527248986687428));
#6256=CARTESIAN_POINT('',(0.019574978807665,-0.0814756919723595,-0.0522052024060971));
#6257=CARTESIAN_POINT('',(0.0198826036417874,-0.0814756919723595,-0.051150593172811));
#6258=CARTESIAN_POINT('',(0.0199937448121624,-0.0814756919723595,-0.0506094706564537));
#6259=CARTESIAN_POINT('',(0.0200715483840045,-0.0814756919723595,-0.05005911016351));
#6260=CARTESIAN_POINT('',(0.0201337912414782,-0.0814756919723595,-0.0496188217691551));
#6261=CARTESIAN_POINT('',(0.0201960340989518,-0.0814756919723595,-0.0491785333748001));
#6262=CARTESIAN_POINT('',(0.0202582769564256,-0.0814756919723595,-0.0487382449804452));
#6263=CARTESIAN_POINT('',(0.00936688339712105,-0.0813956919723595,-0.0574044706443564));
#6264=CARTESIAN_POINT('',(0.00981124820135165,-0.0813956919723595,-0.0574044260899508));
#6265=CARTESIAN_POINT('',(0.0102556130055823,-0.0813956919723595,-0.0574043815355451));
#6266=CARTESIAN_POINT('',(0.0106999778098129,-0.0813956919723595,-0.0574043369811395));
#6267=CARTESIAN_POINT('',(0.0118108898203895,-0.0813956919723595,-0.0574042255951254));
#6268=CARTESIAN_POINT('',(0.0129371545559942,-0.0813956919723595,-0.057309494370122));
#6269=CARTESIAN_POINT('',(0.0145416646094647,-0.0813956919723595,-0.0569403485559337));
#6270=CARTESIAN_POINT('',(0.0150686768376862,-0.0813956919723595,-0.0567770699583683));
#6271=CARTESIAN_POINT('',(0.0160901873229554,-0.0813956919723595,-0.0563496676781391));
#6272=CARTESIAN_POINT('',(0.0165885256217698,-0.0813956919723595,-0.0560793708103962));
#6273=CARTESIAN_POINT('',(0.0174930152990288,-0.0813956919723595,-0.0554401339904295));
#6274=CARTESIAN_POINT('',(0.0179088850851063,-0.0813956919723595,-0.0550628152513722));
#6275=CARTESIAN_POINT('',(0.0186362926651053,-0.0813956919723595,-0.0542112401233717));
#6276=CARTESIAN_POINT('',(0.0189401883169578,-0.0813956919723595,-0.0537503741720563));
#6277=CARTESIAN_POINT('',(0.019448731010699,-0.0813956919723595,-0.0527563126844363));
#6278=CARTESIAN_POINT('',(0.0196505463190239,-0.0813956919723595,-0.052231828765573));
#6279=CARTESIAN_POINT('',(0.0199606281202128,-0.0813956919723595,-0.0511687942678048));
#6280=CARTESIAN_POINT('',(0.0200724914505097,-0.0813956919723595,-0.0506239475906496));
#6281=CARTESIAN_POINT('',(0.0201507622916772,-0.0813956919723595,-0.0500702975149051));
#6282=CARTESIAN_POINT('',(0.0202133789646111,-0.0813956919723595,-0.0496273774543095));
#6283=CARTESIAN_POINT('',(0.020275995637545,-0.0813956919723595,-0.0491844573937139));
#6284=CARTESIAN_POINT('',(0.020338612310479,-0.0813956919723595,-0.0487415373331183));
#6285=CARTESIAN_POINT('',(0.00933970453348475,-0.0809956919723595,-0.0578046076958296));
#6286=CARTESIAN_POINT('',(0.00979312895892745,-0.0809956919723595,-0.0578045174575996));
#6287=CARTESIAN_POINT('',(0.0102465533843702,-0.0809956919723595,-0.0578044272193695));
#6288=CARTESIAN_POINT('',(0.0106999778098129,-0.0809956919723595,-0.0578043369811395));
#6289=CARTESIAN_POINT('',(0.0118335388734197,-0.0809956919723595,-0.0578041113855644));
#6290=CARTESIAN_POINT('',(0.0129890198059914,-0.0809956919723595,-0.0577079856976079));
#6291=CARTESIAN_POINT('',(0.0146505596191552,-0.0809956919723595,-0.0573257579263128));
#6292=CARTESIAN_POINT('',(0.015199317206859,-0.0809956919723595,-0.0571559969461746));
#6293=CARTESIAN_POINT('',(0.0162687393635584,-0.0809956919723595,-0.056708575396576));
#6294=CARTESIAN_POINT('',(0.0167936374130127,-0.0809956919723595,-0.0564241253975427));
#6295=CARTESIAN_POINT('',(0.0177501491326609,-0.0809956919723595,-0.0557483181311004));
#6296=CARTESIAN_POINT('',(0.0181913648904683,-0.0809956919723595,-0.0553479936255156));
#6297=CARTESIAN_POINT('',(0.0189619891678767,-0.0809956919723595,-0.054445793967034));
#6298=CARTESIAN_POINT('',(0.0192831346767415,-0.0809956919723595,-0.0539584566280387));
#6299=CARTESIAN_POINT('',(0.0198175877322411,-0.0809956919723595,-0.0529133827629036));
#6300=CARTESIAN_POINT('',(0.0200283838758173,-0.0809956919723595,-0.0523649605629524));
#6301=CARTESIAN_POINT('',(0.0203507505123388,-0.0809956919723595,-0.0512597997427736));
#6302=CARTESIAN_POINT('',(0.0204662246422462,-0.0809956919723595,-0.050696332261629));
#6303=CARTESIAN_POINT('',(0.0205468318300401,-0.0809956919723595,-0.0501262342718804));
#6304=CARTESIAN_POINT('',(0.0206113175802752,-0.0809956919723595,-0.0496701558800815));
#6305=CARTESIAN_POINT('',(0.0206758033305103,-0.0809956919723595,-0.0492140774882826));
#6306=CARTESIAN_POINT('',(0.0207402890807455,-0.0809956919723595,-0.0487579990964838));
#6307=CARTESIAN_POINT('',(0.00931252566984855,-0.0805956919723595,-0.0582047447473028));
#6308=CARTESIAN_POINT('',(0.00977500971650335,-0.0805956919723595,-0.0582046088252484));
#6309=CARTESIAN_POINT('',(0.0102374937631581,-0.0805956919723595,-0.0582044729031939));
#6310=CARTESIAN_POINT('',(0.0106999778098129,-0.0805956919723595,-0.0582043369811395));
#6311=CARTESIAN_POINT('',(0.0118561879264499,-0.0805956919723595,-0.0582039971760034));
#6312=CARTESIAN_POINT('',(0.0130408850559885,-0.0805956919723595,-0.0581064770250938));
#6313=CARTESIAN_POINT('',(0.0147594546288457,-0.0805956919723595,-0.0577111672966919));
#6314=CARTESIAN_POINT('',(0.0153299575760319,-0.0805956919723595,-0.0575349239339809));
#6315=CARTESIAN_POINT('',(0.0164472914041613,-0.0805956919723595,-0.0570674831150129));
#6316=CARTESIAN_POINT('',(0.0169987492042557,-0.0805956919723595,-0.0567688799846892));
#6317=CARTESIAN_POINT('',(0.0180072829662929,-0.0805956919723595,-0.0560565022717713));
#6318=CARTESIAN_POINT('',(0.0184738446958304,-0.0805956919723595,-0.055633171999659));
#6319=CARTESIAN_POINT('',(0.019287685670648,-0.0805956919723595,-0.0546803478106963));
#6320=CARTESIAN_POINT('',(0.0196260810365253,-0.0805956919723595,-0.0541665390840211));
#6321=CARTESIAN_POINT('',(0.0201864444537831,-0.0805956919723595,-0.0530704528413709));
#6322=CARTESIAN_POINT('',(0.0204062214326108,-0.0805956919723595,-0.0524980923603318));
#6323=CARTESIAN_POINT('',(0.0207408729044648,-0.0805956919723595,-0.0513508052177424));
#6324=CARTESIAN_POINT('',(0.0208599578339826,-0.0805956919723595,-0.0507687169326084));
#6325=CARTESIAN_POINT('',(0.0209429013684029,-0.0805956919723595,-0.0501821710288557));
#6326=CARTESIAN_POINT('',(0.0210092561959392,-0.0805956919723595,-0.0497129343058535));
#6327=CARTESIAN_POINT('',(0.0210756110234755,-0.0805956919723595,-0.0492436975828514));
#6328=CARTESIAN_POINT('',(0.0211419658510118,-0.0805956919723595,-0.0487744608598492));
#6329=CARTESIAN_POINT('',(0.0203487970608585,-0.0811956919723595,-0.0500982658933927));
#6330=CARTESIAN_POINT('',(0.0201507622916766,-0.0813956919723595,-0.0500702975149087));
#6331=CARTESIAN_POINT('',(0.0203642770363195,-0.0813956919723595,-0.0485695578521772));
#6332=CARTESIAN_POINT('',(0.0207229393427644,-0.0813956919723595,-0.047116830416904));
#6333=CARTESIAN_POINT('',(0.021648898448546,-0.0813956919723595,-0.0450368221392569));
#6334=CARTESIAN_POINT('',(0.0220242765491744,-0.0813956919723595,-0.0443700661070853));
#6335=CARTESIAN_POINT('',(0.0228986421996309,-0.0813956919723595,-0.0431494663397692));
#6336=CARTESIAN_POINT('',(0.0234137805588005,-0.0813956919723595,-0.0425774906051134));
#6337=CARTESIAN_POINT('',(0.0245576241866259,-0.0813956919723595,-0.0415850749491381));
#6338=CARTESIAN_POINT('',(0.0251779112773697,-0.0813956919723595,-0.0411652951085836));
#6339=CARTESIAN_POINT('',(0.0265273831483069,-0.0813956919723595,-0.0404592362016031));
#6340=CARTESIAN_POINT('',(0.0272354857661723,-0.0813956919723595,-0.040184414793759));
#6341=CARTESIAN_POINT('',(0.0293901062321965,-0.0813956919723595,-0.0395665912227071));
#6342=CARTESIAN_POINT('',(0.0309128772412277,-0.0813956919723595,-0.039404400789147));
#6343=CARTESIAN_POINT('',(0.0324289179809297,-0.0813956919723595,-0.0394043369811395));
#6344=CARTESIAN_POINT('',(0.0205468318300396,-0.0809956919723595,-0.0501262342718843));
#6345=CARTESIAN_POINT('',(0.0207562344718012,-0.0809956919723613,-0.0486534015727986));
#6346=CARTESIAN_POINT('',(0.0211076853784371,-0.0809956919723635,-0.0472357629282841));
#6347=CARTESIAN_POINT('',(0.0220044480274919,-0.0809956919723671,-0.0452218570654357));
#6348=CARTESIAN_POINT('',(0.0223664631181854,-0.0809956919723683,-0.0445792331423444));
#6349=CARTESIAN_POINT('',(0.0232066939483387,-0.0809956919723704,-0.0434063359234253));
#6350=CARTESIAN_POINT('',(0.0237002288767235,-0.0809956919723712,-0.0428585295833014));
#6351=CARTESIAN_POINT('',(0.0247956676349859,-0.0809956919723719,-0.0419081124454973));
#6352=CARTESIAN_POINT('',(0.0253897346382838,-0.0809956919723719,-0.0415059257416168));
#6353=CARTESIAN_POINT('',(0.0266864471499992,-0.0809956919723708,-0.0408274373993021));
#6354=CARTESIAN_POINT('',(0.0273690084712316,-0.0809956919723699,-0.0405623241931618));
#6355=CARTESIAN_POINT('',(0.029455102286672,-0.0809956919723663,-0.0399639196243015));
#6356=CARTESIAN_POINT('',(0.0309410169206659,-0.080995691972363,-0.0398042759593575));
#6357=CARTESIAN_POINT('',(0.0324289179809304,-0.0809956919723595,-0.0398043369811395));
#6358=CARTESIAN_POINT('',(0.0209429013684149,-0.0805956919723469,-0.0501821710288617));
#6359=CARTESIAN_POINT('',(0.0211481919072952,-0.0805956919723506,-0.0487372452934226));
#6360=CARTESIAN_POINT('',(0.0214924314141218,-0.0805956919723549,-0.047354695439668));
#6361=CARTESIAN_POINT('',(0.0223599976064492,-0.0805956919723622,-0.0454068919916203));
#6362=CARTESIAN_POINT('',(0.0227086496872069,-0.0805956919723645,-0.0447884001776101));
#6363=CARTESIAN_POINT('',(0.0235147456970564,-0.0805956919723687,-0.0436632055070894));
#6364=CARTESIAN_POINT('',(0.0239866771946553,-0.0805956919723703,-0.0431395685614981));
#6365=CARTESIAN_POINT('',(0.0250337110833533,-0.0805956919723718,-0.0422311499418666));
#6366=CARTESIAN_POINT('',(0.0256015579992044,-0.0805956919723718,-0.0418465563746605));
#6367=CARTESIAN_POINT('',(0.0268455111516964,-0.0805956919723695,-0.0411956385970126));
#6368=CARTESIAN_POINT('',(0.0275025311762953,-0.0805956919723677,-0.0409402335925763));
#6369=CARTESIAN_POINT('',(0.0295200983411493,-0.0805956919723605,-0.0403612480259086));
#6370=CARTESIAN_POINT('',(0.0309691566001049,-0.0805956919723539,-0.0402041511295805));
#6371=CARTESIAN_POINT('',(0.032428917980931,-0.0805956919723469,-0.040204336981152));
#6372=CARTESIAN_POINT('',(0.0324289179809302,-0.0811956919723595,-0.0396043369811395));
#6373=CARTESIAN_POINT('',(-2.2190187058289E-8,-0.0813956919723595,-0.0394043369811395));
#6374=CARTESIAN_POINT('',(0.041199977809813,-0.0811956919723595,-0.0396043369811395));
#6375=CARTESIAN_POINT('',(0.0396455795286662,-0.0814756919723595,-0.0393248584009702));
#6376=CARTESIAN_POINT('',(0.0401637122890484,-0.0814756919723595,-0.03932468459436));
#6377=CARTESIAN_POINT('',(0.0406818450494306,-0.0814756919723595,-0.0393245107877498));
#6378=CARTESIAN_POINT('',(0.041199977809813,-0.0814756919723595,-0.0393243369811394));
#6379=CARTESIAN_POINT('',(0.0424953097107686,-0.0814756919723595,-0.039323902464614));
#6380=CARTESIAN_POINT('',(0.0438053899656391,-0.0814756919723595,-0.0391940544138879));
#6381=CARTESIAN_POINT('',(0.0462521549104806,-0.0814756919723595,-0.0384981518643066));
#6382=CARTESIAN_POINT('',(0.047438666785432,-0.0814756919723595,-0.0378846847316443));
#6383=CARTESIAN_POINT('',(0.0492651927142749,-0.0814756919723595,-0.0360624083791417));
#6384=CARTESIAN_POINT('',(0.0498844969526427,-0.0814756919723595,-0.0348797456873768));
#6385=CARTESIAN_POINT('',(0.0505921214981416,-0.0814756919723595,-0.0324104112887758));
#6386=CARTESIAN_POINT('',(0.0507193833151616,-0.0814756919723595,-0.0311022013930851));
#6387=CARTESIAN_POINT('',(0.050719977809813,-0.0814756919723595,-0.0298043369811394));
#6388=CARTESIAN_POINT('',(0.0507202156076736,-0.0814756919723595,-0.0292851912163613));
#6389=CARTESIAN_POINT('',(0.0507204534055342,-0.0814756919723595,-0.0287660454515829));
#6390=CARTESIAN_POINT('',(0.0507206912033948,-0.0814756919723595,-0.0282468996868048));
#6391=CARTESIAN_POINT('',(0.0396392217699889,-0.0813956919723595,-0.0394049149126869));
#6392=CARTESIAN_POINT('',(0.0401594737832635,-0.0813956919723595,-0.0394047222688377));
#6393=CARTESIAN_POINT('',(0.0406797257965383,-0.0813956919723595,-0.0394045296249886));
#6394=CARTESIAN_POINT('',(0.041199977809813,-0.0813956919723595,-0.0394043369811395));
#6395=CARTESIAN_POINT('',(0.0425006078429997,-0.0813956919723595,-0.0394038553715166));
#6396=CARTESIAN_POINT('',(0.0438178496604849,-0.0813956919723595,-0.0392736121109443));
#6397=CARTESIAN_POINT('',(0.0462838097558994,-0.0813956919723595,-0.0385723924355671));
#6398=CARTESIAN_POINT('',(0.0474838386706413,-0.0813956919723595,-0.037952618212528));
#6399=CARTESIAN_POINT('',(0.0493329482536034,-0.0813956919723595,-0.0361078212558847));
#6400=CARTESIAN_POINT('',(0.049958654410102,-0.0813956919723595,-0.0349116150311453));
#6401=CARTESIAN_POINT('',(0.050671707770749,-0.0813956919723595,-0.0324228461825605));
#6402=CARTESIAN_POINT('',(0.0507993340380168,-0.0813956919723595,-0.0311075117819623));
#6403=CARTESIAN_POINT('',(0.050799977809813,-0.0813956919723595,-0.0298043369811394));
#6404=CARTESIAN_POINT('',(0.0508002353185315,-0.0813956919723595,-0.0292830670608102));
#6405=CARTESIAN_POINT('',(0.0508004928272499,-0.0813956919723595,-0.0287617971404811));
#6406=CARTESIAN_POINT('',(0.0508007503359684,-0.0813956919723595,-0.028240527220152));
#6407=CARTESIAN_POINT('',(0.0396074329766026,-0.0809956919723595,-0.0398051974712702));
#6408=CARTESIAN_POINT('',(0.0401382812543394,-0.0809956919723595,-0.0398049106412267));
#6409=CARTESIAN_POINT('',(0.0406691295320761,-0.0809956919723595,-0.0398046238111831));
#6410=CARTESIAN_POINT('',(0.041199977809813,-0.0809956919723595,-0.0398043369811395));
#6411=CARTESIAN_POINT('',(0.0425270985041549,-0.0809956919723595,-0.0398036199060304));
#6412=CARTESIAN_POINT('',(0.0438801481347132,-0.0809956919723595,-0.0396714005962265));
#6413=CARTESIAN_POINT('',(0.0464420839829936,-0.0809956919723595,-0.038943595291869));
#6414=CARTESIAN_POINT('',(0.0477096980966879,-0.0809956919723595,-0.0382922856169468));
#6415=CARTESIAN_POINT('',(0.0496717259502462,-0.0809956919723595,-0.0363348856395993));
#6416=CARTESIAN_POINT('',(0.0503294416973985,-0.0809956919723595,-0.0350709617499875));
#6417=CARTESIAN_POINT('',(0.0510696391337863,-0.0809956919723595,-0.0324850206514835));
#6418=CARTESIAN_POINT('',(0.0511990876522931,-0.0809956919723595,-0.0311340637263488));
#6419=CARTESIAN_POINT('',(0.051199977809813,-0.0809956919723595,-0.0298043369811394));
#6420=CARTESIAN_POINT('',(0.051200333872821,-0.0809956919723595,-0.0292724462830557));
#6421=CARTESIAN_POINT('',(0.0512006899358289,-0.0809956919723595,-0.028740555584972));
#6422=CARTESIAN_POINT('',(0.0512010459988369,-0.0809956919723595,-0.0282086648868883));
#6423=CARTESIAN_POINT('',(0.0395756441832162,-0.0805956919723595,-0.0402054800298536));
#6424=CARTESIAN_POINT('',(0.0401170887254151,-0.0805956919723595,-0.0402050990136157));
#6425=CARTESIAN_POINT('',(0.0406585332676141,-0.0805956919723595,-0.0402047179973775));
#6426=CARTESIAN_POINT('',(0.041199977809813,-0.0805956919723595,-0.0402043369811394));
#6427=CARTESIAN_POINT('',(0.0425535891653102,-0.0805956919723595,-0.0402033844405443));
#6428=CARTESIAN_POINT('',(0.0439424466089414,-0.0805956919723595,-0.0400691890815086));
#6429=CARTESIAN_POINT('',(0.0466003582100878,-0.0805956919723595,-0.0393147981481709));
#6430=CARTESIAN_POINT('',(0.0479355575227345,-0.0805956919723595,-0.0386319530213656));
#6431=CARTESIAN_POINT('',(0.0500105036468889,-0.0805956919723595,-0.0365619500233142));
#6432=CARTESIAN_POINT('',(0.0507002289846949,-0.0805956919723595,-0.0352303084688297));
#6433=CARTESIAN_POINT('',(0.0514675704968236,-0.0805956919723595,-0.0325471951204066));
#6434=CARTESIAN_POINT('',(0.0515988412665694,-0.0805956919723595,-0.0311606156707353));
#6435=CARTESIAN_POINT('',(0.051599977809813,-0.0805956919723595,-0.0298043369811394));
#6436=CARTESIAN_POINT('',(0.0516004324271104,-0.0805956919723595,-0.0292618255053011));
#6437=CARTESIAN_POINT('',(0.0516008870444079,-0.0805956919723595,-0.0287193140294628));
#6438=CARTESIAN_POINT('',(0.0516013416617053,-0.0805956919723595,-0.0281768025536245));
#6439=CARTESIAN_POINT('',(0.050999977809813,-0.0811956919723595,-0.0298043369811394));
#6440=CARTESIAN_POINT('',(0.051199977809813,-0.0809956919723595,0.00239566301886055));
#6441=CARTESIAN_POINT('',(0.051399977809813,-0.0807956919723595,0.0645956630188606));
#6442=CARTESIAN_POINT('',(0.0507204992296437,-0.0814756919723595,0.0630412647377137));
#6443=CARTESIAN_POINT('',(0.0507203254230335,-0.0814756919723595,0.063559397498096));
#6444=CARTESIAN_POINT('',(0.0507201516164232,-0.0814756919723595,0.0640775302584782));
#6445=CARTESIAN_POINT('',(0.050719977809813,-0.0814756919723595,0.0645956630188606));
#6446=CARTESIAN_POINT('',(0.0507195432932875,-0.0814756919723595,0.0658909949198162));
#6447=CARTESIAN_POINT('',(0.0505896952425615,-0.0814756919723595,0.0672010751746867));
#6448=CARTESIAN_POINT('',(0.0498937926929802,-0.0814756919723595,0.0696478401195281));
#6449=CARTESIAN_POINT('',(0.0492803255603178,-0.0814756919723595,0.0708343519944794));
#6450=CARTESIAN_POINT('',(0.0474580492078154,-0.0814756919723595,0.0726608779233223));
#6451=CARTESIAN_POINT('',(0.0462753865160504,-0.0814756919723595,0.0732801821616901));
#6452=CARTESIAN_POINT('',(0.0438060521174493,-0.0814756919723595,0.0739878067071891));
#6453=CARTESIAN_POINT('',(0.0424978422217584,-0.0814756919723595,0.0741150685242091));
#6454=CARTESIAN_POINT('',(0.041199977809813,-0.0814756919723595,0.0741156630188605));
#6455=CARTESIAN_POINT('',(0.0406808320450347,-0.0814756919723595,0.0741159008167212));
#6456=CARTESIAN_POINT('',(0.0401616862802565,-0.0814756919723595,0.0741161386145817));
#6457=CARTESIAN_POINT('',(0.0396425405154783,-0.0814756919723595,0.0741163764124422));
#6458=CARTESIAN_POINT('',(0.0508005557413604,-0.0813956919723595,0.0630349069790364));
#6459=CARTESIAN_POINT('',(0.0508003630975112,-0.0813956919723595,0.0635551589923111));
#6460=CARTESIAN_POINT('',(0.050800170453662,-0.0813956919723595,0.0640754110055858));
#6461=CARTESIAN_POINT('',(0.050799977809813,-0.0813956919723595,0.0645956630188606));
#6462=CARTESIAN_POINT('',(0.0507994962001902,-0.0813956919723595,0.0658962930520473));
#6463=CARTESIAN_POINT('',(0.0506692529396179,-0.0813956919723595,0.0672135348695324));
#6464=CARTESIAN_POINT('',(0.0499680332642406,-0.0813956919723595,0.0696794949649469));
#6465=CARTESIAN_POINT('',(0.0493482590412014,-0.0813956919723595,0.0708795238796887));
#6466=CARTESIAN_POINT('',(0.0475034620845583,-0.0813956919723595,0.0727286334626509));
#6467=CARTESIAN_POINT('',(0.0463072558598188,-0.0813956919723595,0.0733543396191494));
#6468=CARTESIAN_POINT('',(0.043818487011234,-0.0813956919723595,0.0740673929797965));
#6469=CARTESIAN_POINT('',(0.0425031526106358,-0.0813956919723595,0.0741950192470643));
#6470=CARTESIAN_POINT('',(0.041199977809813,-0.0813956919723595,0.0741956630188606));
#6471=CARTESIAN_POINT('',(0.0406787078894838,-0.0813956919723595,0.0741959205275791));
#6472=CARTESIAN_POINT('',(0.0401574379691548,-0.0813956919723595,0.0741961780362975));
#6473=CARTESIAN_POINT('',(0.0396361680488255,-0.0813956919723595,0.0741964355450159));
#6474=CARTESIAN_POINT('',(0.0512008382999438,-0.0809956919723595,0.06300311818565));
#6475=CARTESIAN_POINT('',(0.0512005514699002,-0.0809956919723595,0.0635339664633869));
#6476=CARTESIAN_POINT('',(0.0512002646398566,-0.0809956919723595,0.0640648147411237));
#6477=CARTESIAN_POINT('',(0.051199977809813,-0.0809956919723595,0.0645956630188606));
#6478=CARTESIAN_POINT('',(0.051199260734704,-0.0809956919723595,0.0659227837132025));
#6479=CARTESIAN_POINT('',(0.0510670414249,-0.0809956919723595,0.0672758333437608));
#6480=CARTESIAN_POINT('',(0.0503392361205425,-0.0809956919723595,0.0698377691920412));
#6481=CARTESIAN_POINT('',(0.0496879264456203,-0.0809956919723595,0.0711053833057355));
#6482=CARTESIAN_POINT('',(0.047730526468273,-0.0809956919723595,0.0730674111592936));
#6483=CARTESIAN_POINT('',(0.046466602578661,-0.0809956919723595,0.0737251269064461));
#6484=CARTESIAN_POINT('',(0.043880661480157,-0.0809956919723595,0.0744653243428338));
#6485=CARTESIAN_POINT('',(0.0425297045550223,-0.0809956919723595,0.0745947728613405));
#6486=CARTESIAN_POINT('',(0.041199977809813,-0.0809956919723595,0.0745956630188606));
#6487=CARTESIAN_POINT('',(0.0406680871117292,-0.0809956919723595,0.0745960190818685));
#6488=CARTESIAN_POINT('',(0.0401361964136455,-0.0809956919723595,0.0745963751448766));
#6489=CARTESIAN_POINT('',(0.0396043057155618,-0.0809956919723595,0.0745967312078845));
#6490=CARTESIAN_POINT('',(0.0516011208585272,-0.0805956919723595,0.0629713293922637));
#6491=CARTESIAN_POINT('',(0.0516007398422892,-0.0805956919723595,0.0635127739344626));
#6492=CARTESIAN_POINT('',(0.0516003588260511,-0.0805956919723595,0.0640542184766617));
#6493=CARTESIAN_POINT('',(0.051599977809813,-0.0805956919723595,0.0645956630188606));
#6494=CARTESIAN_POINT('',(0.0515990252692178,-0.0805956919723595,0.0659492743743578));
#6495=CARTESIAN_POINT('',(0.0514648299101821,-0.0805956919723595,0.0673381318179891));
#6496=CARTESIAN_POINT('',(0.0507104389768444,-0.0805956919723595,0.0699960434191354));
#6497=CARTESIAN_POINT('',(0.0500275938500391,-0.0805956919723595,0.0713312427317822));
#6498=CARTESIAN_POINT('',(0.0479575908519877,-0.0805956919723595,0.0734061888559364));
#6499=CARTESIAN_POINT('',(0.0466259492975032,-0.0805956919723595,0.0740959141937426));
#6500=CARTESIAN_POINT('',(0.0439428359490801,-0.0805956919723595,0.0748632557058712));
#6501=CARTESIAN_POINT('',(0.0425562564994088,-0.0805956919723595,0.0749945264756167));
#6502=CARTESIAN_POINT('',(0.041199977809813,-0.0805956919723595,0.0749956630188605));
#6503=CARTESIAN_POINT('',(0.0406574663339746,-0.0805956919723595,0.074996117636158));
#6504=CARTESIAN_POINT('',(0.0401149548581363,-0.0805956919723595,0.0749965722534555));
#6505=CARTESIAN_POINT('',(0.039572443382298,-0.0805956919723595,0.0749970268707531));
#6506=CARTESIAN_POINT('',(0.057999977813156,-0.0795906036157143,-0.0714043369811395));
#6507=CARTESIAN_POINT('',(0.057999977813156,-0.0803956919723596,-0.0714043369811395));
#6508=CARTESIAN_POINT('',(0.0602999778114443,-0.0795906036157143,-0.0714043369805907));
#6509=CARTESIAN_POINT('',(0.0602999778114443,-0.0803956919723596,-0.0714043369805907));
#6510=CARTESIAN_POINT('',(0.0636671350967969,-0.0795906036157143,-0.0702714942681236));
#6511=CARTESIAN_POINT('',(0.0636671350967969,-0.0803956919723596,-0.0702714942681236));
#6512=CARTESIAN_POINT('',(0.0647999778092641,-0.0795906036157143,-0.0669043369827708));
#6513=CARTESIAN_POINT('',(0.0647999778092641,-0.0803956919723596,-0.0669043369827708));
#6514=CARTESIAN_POINT('',(0.064799977809813,-0.0795906036157143,-0.0646043369844825));
#6515=CARTESIAN_POINT('',(0.064799977809813,-0.0803956919723596,-0.0646043369844825));
#6516=CARTESIAN_POINT('',(0.0647999778020005,-0.0795956919567345,-0.064604336984482));
#6517=CARTESIAN_POINT('',(0.0647999778015592,-0.0795964124981103,-0.0655290626668778));
#6518=CARTESIAN_POINT('',(0.0646704239899172,-0.0795959160737737,-0.0669164376228907));
#6519=CARTESIAN_POINT('',(0.0639881019534292,-0.0796003892838812,-0.0686418135993553));
#6520=CARTESIAN_POINT('',(0.0631541625379211,-0.0795928500454967,-0.0697636568842101));
#6521=CARTESIAN_POINT('',(0.0620339464430463,-0.0796023132947436,-0.0705936849561992));
#6522=CARTESIAN_POINT('',(0.0603164936741819,-0.079594504549108,-0.0712734069331677));
#6523=CARTESIAN_POINT('',(0.0589242605999308,-0.0795971170350148,-0.0714043369809242));
#6524=CARTESIAN_POINT('',(0.057999977809813,-0.0795956919723647,-0.0714043369811447));
#6525=CARTESIAN_POINT('',(0.0581999778098162,-0.0809981186873014,0.0915956630188606));
#6526=CARTESIAN_POINT('',(0.0581999778098162,-0.0803956919723595,0.0915956630188606));
#6527=CARTESIAN_POINT('',(0.0616157020811975,-0.0809981186873014,0.0915956630188602));
#6528=CARTESIAN_POINT('',(0.0616157020811975,-0.0803956919723595,0.0915956630188602));
#6529=CARTESIAN_POINT('',(0.0667015637463276,-0.0809981186873014,0.0898500761412271));
#6530=CARTESIAN_POINT('',(0.0667015637463276,-0.0803956919723595,0.0898500761412271));
#6531=CARTESIAN_POINT('',(0.0682693178536909,-0.0809981186873014,0.0845863817058263));
#6532=CARTESIAN_POINT('',(0.0682693178536909,-0.0803956919723595,0.0845863817058263));
#6533=CARTESIAN_POINT('',(0.0681943234381097,-0.0809981186873014,0.0810956630188633));
#6534=CARTESIAN_POINT('',(0.0681943234381097,-0.0803956919723595,0.0810956630188633));
#6535=CARTESIAN_POINT('',(0.068199977809813,-0.0810001119848507,-0.0648043369811438));
#6536=CARTESIAN_POINT('',(0.068199977809813,-0.0803956920723595,-0.0648043369811438));
#6537=CARTESIAN_POINT('',(0.0681999778098114,-0.0810001119848508,-0.071471003647807));
#6538=CARTESIAN_POINT('',(0.0681999778098114,-0.0803956920723596,-0.071471003647807));
#6539=CARTESIAN_POINT('',(0.0648666444764792,-0.0810001119848507,-0.0748043369811388));
#6540=CARTESIAN_POINT('',(0.0648666444764792,-0.0803956920723595,-0.0748043369811388));
#6541=CARTESIAN_POINT('',(0.0581999778098152,-0.0810001119848507,-0.0748043369811396));
#6542=CARTESIAN_POINT('',(0.0581999778098152,-0.0803956920723595,-0.0748043369811396));
#6543=CARTESIAN_POINT('',(0.00559997780981293,-0.0768956919723595,-0.0708043369811395));
#6544=CARTESIAN_POINT('',(0.00599997780981292,-0.0761956919723595,-0.0716528651185634));
#6545=CARTESIAN_POINT('',(0.00586776500379215,-0.0760634791663387,-0.0717151908330281));
#6546=CARTESIAN_POINT('',(0.00573425805736083,-0.0759299722199074,-0.0717714718375091));
#6547=CARTESIAN_POINT('',(0.00559997780981292,-0.0757956919723595,-0.0718241408838581));
#6548=CARTESIAN_POINT('',(0.00599997780981293,-0.0761956919723595,-0.0716528651185634));
#6549=CARTESIAN_POINT('',(0.00599997780981293,-0.0768956919723595,-0.0708043369811395));
#6550=CARTESIAN_POINT('',(0.00599997780981293,-0.0779773573549987,-0.0710043369811395));
#6551=CARTESIAN_POINT('',(0.00599997780981293,-0.0779773573549987,-0.0710043369811395));
#6552=CARTESIAN_POINT('',(0.00587036141387418,-0.0780852047153905,-0.0711339533770783));
#6553=CARTESIAN_POINT('',(0.00573638891962122,-0.078181162647085,-0.0712679258713312));
#6554=CARTESIAN_POINT('',(0.00559997780981292,-0.0782704646808463,-0.0714043369811395));
#6555=CARTESIAN_POINT('',(0.00599997780981293,-0.0761956919723595,0.0883956630188605));
#6556=CARTESIAN_POINT('',(0.00599997780981293,-0.0761956919723595,-0.0676043369811395));
#6557=CARTESIAN_POINT('',(0.00599997780981293,-0.0761956919723595,-0.0677700224060888));
#6558=CARTESIAN_POINT('',(0.00673134865971133,-0.076927062822258,-0.068072966131241));
#6559=CARTESIAN_POINT('',(0.00559997780981293,-0.0757956919723595,-0.0676043369811395));
#6560=CARTESIAN_POINT('',(0.00599997780981293,-0.0780785346848341,-0.0658871796936142));
#6561=CARTESIAN_POINT('',(0.00599997780981293,-0.0743956919723595,0.0883956630188605));
#6562=CARTESIAN_POINT('',(0.00599997780981293,-0.0782704646808463,-0.0710043369811395));
#6563=CARTESIAN_POINT('',(0.00559997780981293,-0.0793956919723595,-0.0714043369811395));
#6564=CARTESIAN_POINT('',(0.00386664447647963,-0.0813290253056929,-0.0731376703144728));
#6565=CARTESIAN_POINT('',(-2.2190187058289E-8,-0.0793956919723595,-0.0712043369811395));
#6566=CARTESIAN_POINT('',(0.057999977809813,-0.0794956919723595,-0.0713043369811395));
#6567=CARTESIAN_POINT('',(0.057999977809813,-0.0796028070412061,-0.0714114520499861));
#6568=CARTESIAN_POINT('',(0.0589083835280796,-0.0796028070412061,-0.0714100473105851));
#6569=CARTESIAN_POINT('',(0.0598045827327858,-0.0796028070412061,-0.071326659461596));
#6570=CARTESIAN_POINT('',(0.0615661000474456,-0.0796028070412061,-0.0708350892884658));
#6571=CARTESIAN_POINT('',(0.0624321103726424,-0.0796028070412061,-0.0703935062180523));
#6572=CARTESIAN_POINT('',(0.063769628288631,-0.0796028070412061,-0.0690677279147783));
#6573=CARTESIAN_POINT('',(0.064214510434961,-0.0796028070412061,-0.0682114121753664));
#6574=CARTESIAN_POINT('',(0.0647167690981622,-0.0796028070412061,-0.0664444477837366));
#6575=CARTESIAN_POINT('',(0.0648063787363125,-0.0796028070412061,-0.0655153185331726));
#6576=CARTESIAN_POINT('',(0.0648070928786595,-0.0796028070412061,-0.0646043369811395));
#6577=CARTESIAN_POINT('',(0.057999977809813,-0.0796015580841184,-0.0714102030928985));
#6578=CARTESIAN_POINT('',(0.0589083012007615,-0.0796015580841184,-0.0714087992099372));
#6579=CARTESIAN_POINT('',(0.0598043939312431,-0.0796015580841184,-0.0713254164397642));
#6580=CARTESIAN_POINT('',(0.0615656119603305,-0.0796015580841184,-0.0708339278567272));
#6581=CARTESIAN_POINT('',(0.0624314094182187,-0.0796015580841184,-0.070392442545503));
#6582=CARTESIAN_POINT('',(0.0637685696295281,-0.0796015580841184,-0.0690670186419072));
#6583=CARTESIAN_POINT('',(0.0642133520121415,-0.0796015580841184,-0.0682109156041223));
#6584=CARTESIAN_POINT('',(0.064715526824228,-0.0796015580841184,-0.0664442542605504));
#6585=CARTESIAN_POINT('',(0.0648051305999259,-0.0796015580841184,-0.0655152361943784));
#6586=CARTESIAN_POINT('',(0.0648058439215719,-0.0796015580841184,-0.0646043369811395));
#6587=CARTESIAN_POINT('',(0.057999977809813,-0.0795956919723595,-0.0714043369811395));
#6588=CARTESIAN_POINT('',(0.0589079145251477,-0.0795956919723595,-0.0714029371207118));
#6589=CARTESIAN_POINT('',(0.059803507166629,-0.0795956919723595,-0.071319578204763));
#6590=CARTESIAN_POINT('',(0.0615633195088176,-0.0795956919723595,-0.0708284728347362));
#6591=CARTESIAN_POINT('',(0.0624281171698067,-0.0795956919723595,-0.0703874466796639));
#6592=CARTESIAN_POINT('',(0.0637635973108842,-0.0795956919723595,-0.0690636873233448));
#6593=CARTESIAN_POINT('',(0.0642079111224652,-0.0795956919723595,-0.0682085833042837));
#6594=CARTESIAN_POINT('',(0.0647096921019578,-0.0795956919723595,-0.0664433453192828));
#6595=CARTESIAN_POINT('',(0.0647992683428427,-0.0795956919723595,-0.0655148494648629));
#6596=CARTESIAN_POINT('',(0.064799977809813,-0.0795956919723595,-0.0646043369811395));
#6597=CARTESIAN_POINT('',(0.057999977809813,-0.0793956919723595,-0.0712043369811395));
#6598=CARTESIAN_POINT('',(0.0588947311549804,-0.0793956919723595,-0.0712030742655083));
#6599=CARTESIAN_POINT('',(0.059773273695105,-0.0793956919723595,-0.0711205286386749));
#6600=CARTESIAN_POINT('',(0.0614851603598926,-0.0793956919723595,-0.0706424885843454));
#6601=CARTESIAN_POINT('',(0.0623158708114966,-0.0793956919723595,-0.0702171169606149));
#6602=CARTESIAN_POINT('',(0.063594070413063,-0.0793956919723595,-0.068950108902093));
#6603=CARTESIAN_POINT('',(0.0640224087011053,-0.0793956919723595,-0.0681290655612052));
#6604=CARTESIAN_POINT('',(0.0645107622993935,-0.0793956919723595,-0.0664123557539665));
#6605=CARTESIAN_POINT('',(0.0645993997646713,-0.0793956919723595,-0.0655016642569661));
#6606=CARTESIAN_POINT('',(0.064599977809813,-0.0793956919723595,-0.0646043369811395));
#6607=CARTESIAN_POINT('',(0.0646999778098129,-0.0794956919723595,-0.0646043369811395));
#6608=CARTESIAN_POINT('',(0.064599977809813,-0.0793956919723595,-0.00660433698113946));
#6609=CARTESIAN_POINT('',(0.079999977809813,-0.0947956919723595,-0.0470043369811395));
#6610=CARTESIAN_POINT('',(0.064399977809813,-0.0743956919723595,-0.0626043369811395));
#6611=CARTESIAN_POINT('',(0.064399977809813,-0.0793956919723595,-0.0626043369811395));
#6612=CARTESIAN_POINT('',(0.049999977809813,-0.0743956919723595,-0.0626043369811395));
#6613=CARTESIAN_POINT('',(0.0639828205222876,-0.0733785346848341,-0.0626043369811395));
#6614=CARTESIAN_POINT('',(0.0639828205222876,-0.0733785346848341,-0.0626043369811395));
#6615=CARTESIAN_POINT('',(0.060999977809813,-0.0757956919723595,-0.0622043369811395));
#6616=CARTESIAN_POINT('',(0.060999977809813,-0.0757956919723595,0.0233956630188605));
#6617=CARTESIAN_POINT('',(0.060999977809813,-0.0757956919723595,-0.0510043369811395));
#6618=CARTESIAN_POINT('',(0.0780558205222876,-0.0593055346848341,-0.0506043369811395));
#6619=CARTESIAN_POINT('',(0.0592828205222876,-0.0780785346848341,-0.0506043369811395));
#6620=CARTESIAN_POINT('',(0.058145977809813,-0.0543956919723595,-0.0506043369811395));
#6621=CARTESIAN_POINT('',(0.064399977809813,-0.0543956919723595,-0.0506043369811395));
#6622=CARTESIAN_POINT('',(0.064799977809813,-0.0793956919723595,-0.0510043369811395));
#6623=CARTESIAN_POINT('',(-2.2190187058289E-8,-0.0795956919723595,0.0881956630188605));
#6624=CARTESIAN_POINT('',(0.00373331114314623,-0.0814623586390262,0.0900623296855275));
#6625=CARTESIAN_POINT('',(0.00599997780981293,-0.0743956919723595,0.0877956630188606));
#6626=CARTESIAN_POINT('',(0.00599997780981293,-0.0743956919723595,0.0877956630188606));
#6627=CARTESIAN_POINT('',(0.00599997780981293,-0.0743956919723595,0.0883956630188605));
#6628=CARTESIAN_POINT('',(0.00599997780981293,-0.0780785346848341,0.0826785057313351));
#6629=CARTESIAN_POINT('',(0.00599997780981293,-0.0733785346848341,0.0873785057313351));
#6630=CARTESIAN_POINT('',(0.035699977811813,-0.0793956919723595,-0.0648043369831395));
#6631=CARTESIAN_POINT('',(0.033463909834313,-0.0795956919723595,-0.0636863029943896));
#6632=CARTESIAN_POINT('',(0.0381149312275127,-0.0793956919723595,-0.0660118136909894));
#6633=CARTESIAN_POINT('',(0.0494250243965132,-0.0793956919723595,-0.0313168602744896));
#6634=CARTESIAN_POINT('',(0.040963909834313,-0.0795956919723595,-0.0486863029943896));
#6635=CARTESIAN_POINT('',(0.043199977811813,-0.0793956919723595,-0.0498043369831395));
#6636=CARTESIAN_POINT('',(0.0456149312275128,-0.0793956919723595,-0.0510118136909894));
#6637=CARTESIAN_POINT('',(0.0408475202977504,-0.0795956919723595,-0.0600994219550142));
#6638=CARTESIAN_POINT('',(0.043199977811813,-0.0793956919723595,-0.0648043369831395));
#6639=CARTESIAN_POINT('',(0.0409639098343132,-0.0795956919723595,-0.0636863029943896));
#6640=CARTESIAN_POINT('',(0.0456149312275128,-0.0793956919723595,-0.0660118136909894));
#6641=CARTESIAN_POINT('',(0.0554250243965132,-0.0793956919723595,-0.0343168602744896));
#6642=CARTESIAN_POINT('',(0.0447139098343131,-0.0795956919723595,-0.0561863029943896));
#6643=CARTESIAN_POINT('',(0.046949977811813,-0.0793956919723595,-0.0573043369831395));
#6644=CARTESIAN_POINT('',(0.0493649312275128,-0.0793956919723595,-0.0585118136909894));
#6645=CARTESIAN_POINT('',(0.0457155542865003,-0.0795956919723595,-0.0653633539775144));
#6646=CARTESIAN_POINT('',(0.050699977811813,-0.0793956919723595,-0.0648043369831395));
#6647=CARTESIAN_POINT('',(-0.00750002219018707,-0.0757956919723595,0.0677956630188605));
#6648=CARTESIAN_POINT('',(0.00749997780981293,-0.0757956919723595,0.0677956630188605));
#6649=CARTESIAN_POINT('',(0.0652197817125316,-0.0757956919723595,0.0677956630188605));
#6650=CARTESIAN_POINT('',(0.060999977809813,-0.0757956919723595,0.0677956630188605));
#6651=CARTESIAN_POINT('',(0.0652197817125316,-0.0757956919723595,0.0677956630188605));
#6652=CARTESIAN_POINT('',(0.0651671126661826,-0.0759299722199074,0.0676613827713126));
#6653=CARTESIAN_POINT('',(0.0651108316617016,-0.0760634791663387,0.0675278758248813));
#6654=CARTESIAN_POINT('',(0.0650485059472369,-0.0761956919723595,0.0673956630188605));
#6655=CARTESIAN_POINT('',(0.0650485059472369,-0.0761956919723595,0.0673956630188605));
#6656=CARTESIAN_POINT('',(0.070261977809813,-0.0761956919723595,0.0673956630188605));
#6657=CARTESIAN_POINT('',(0.0611656632347622,-0.0761956919723595,0.0673956630188605));
#6658=CARTESIAN_POINT('',(0.0567730191243928,-0.0655909109864262,0.0780004440047938));
#6659=CARTESIAN_POINT('',(0.049999977809813,-0.0761956919723595,0.0793956630188605));
#6660=CARTESIAN_POINT('',(0.060999977809813,-0.0761956919723595,0.0793956630188605));
#6661=CARTESIAN_POINT('',(0.0650485059472369,-0.0761956919723595,0.0793956630188605));
#6662=CARTESIAN_POINT('',(0.0611656632347623,-0.0761956919723595,0.0793956630188605));
#6663=CARTESIAN_POINT('',(0.0650485059472369,-0.0761956919723595,0.0793956630188605));
#6664=CARTESIAN_POINT('',(0.0651108316617016,-0.0760634791663387,0.0792634502128397));
#6665=CARTESIAN_POINT('',(0.0651671126661826,-0.0759299722199074,0.0791299432664084));
#6666=CARTESIAN_POINT('',(0.0652197817125316,-0.0757956919723595,0.0789956630188605));
#6667=CARTESIAN_POINT('',(0.0652197817125316,-0.0757956919723595,0.0789956630188605));
#6668=CARTESIAN_POINT('',(0.0652197817125316,-0.0757956919723595,0.0789956630188605));
#6669=CARTESIAN_POINT('',(0.060999977809813,-0.0757956919723595,0.0789956630188605));
#6670=CARTESIAN_POINT('',(0.0614686069599145,-0.0769270628222579,0.0801270338687589));
#6671=CARTESIAN_POINT('',(-0.00750002219018707,-0.0757956919723595,0.0233956630188605));
#6672=CARTESIAN_POINT('',(0.0652197817125316,-0.0757956919723595,0.0173956630188606));
#6673=CARTESIAN_POINT('',(0.060999977809813,-0.0757956919723595,0.0173956630188606));
#6674=CARTESIAN_POINT('',(0.0641999778098129,-0.0768956919723595,0.0677956630188605));
#6675=CARTESIAN_POINT('',(0.0641999778098129,-0.0768956919723595,0.0677956630188605));
#6676=CARTESIAN_POINT('',(0.064799977809813,-0.0782704646808463,0.0677956630188605));
#6677=CARTESIAN_POINT('',(0.0646635667000047,-0.078181162647085,0.0676592519090522));
#6678=CARTESIAN_POINT('',(0.0645295942057518,-0.0780852047153905,0.0675252794147993));
#6679=CARTESIAN_POINT('',(0.064399977809813,-0.0779773573549987,0.0673956630188605));
#6680=CARTESIAN_POINT('',(0.064399977809813,-0.0779773573549987,0.0673956630188605));
#6681=CARTESIAN_POINT('',(0.0641999778098129,-0.0768956919723595,0.0673956630188605));
#6682=CARTESIAN_POINT('',(0.0641999778098129,-0.0768956919723595,0.0789956630188605));
#6683=CARTESIAN_POINT('',(0.0641999778098129,-0.0768956919723595,0.0793956630188605));
#6684=CARTESIAN_POINT('',(0.064399977809813,-0.0779773573549987,0.0793956630188605));
#6685=CARTESIAN_POINT('',(0.064399977809813,-0.0779773573549987,0.0793956630188605));
#6686=CARTESIAN_POINT('',(0.0645295942057518,-0.0780852047153905,0.0792660466229217));
#6687=CARTESIAN_POINT('',(0.0646635667000047,-0.078181162647085,0.0791320741286688));
#6688=CARTESIAN_POINT('',(0.064799977809813,-0.0782704646808463,0.0789956630188605));
#6689=CARTESIAN_POINT('',(0.0641999778098129,-0.0768956919723595,0.0789956630188605));
#6690=CARTESIAN_POINT('',(0.055261977809813,-0.0543956919723595,0.0673956630188605));
#6691=CARTESIAN_POINT('',(0.064399977809813,-0.0793956919723595,0.0673956630188605));
#6692=CARTESIAN_POINT('',(0.0766138205222876,-0.0607475346848341,0.0673956630188605));
#6693=CARTESIAN_POINT('',(0.060999977809813,-0.0757956919723595,0.0677956630188605));
#6694=CARTESIAN_POINT('',(0.060999977809813,-0.0757956919723595,0.0677956630188605));
#6695=CARTESIAN_POINT('',(0.060999977809813,-0.0757956919723595,0.0233956630188605));
#6696=CARTESIAN_POINT('',(0.060999977809813,-0.0757956919723595,0.0789956630188605));
#6697=CARTESIAN_POINT('',(0.060999977809813,-0.0757956919723595,0.0789956630188605));
#6698=CARTESIAN_POINT('',(0.0592828205222876,-0.0780785346848341,0.0793956630188605));
#6699=CARTESIAN_POINT('',(0.049999977809813,-0.0743956919723595,0.0793956630188605));
#6700=CARTESIAN_POINT('',(0.064399977809813,-0.0743956919723595,0.0793956630188605));
#6701=CARTESIAN_POINT('',(0.0641999778098129,-0.0768956919723595,0.0173956630188606));
#6702=CARTESIAN_POINT('',(0.064399977809813,-0.0543956919723595,0.0673956630188605));
#6703=CARTESIAN_POINT('',(0.064799977809813,-0.0793956919723595,0.0789956630188605));
#6704=CARTESIAN_POINT('',(0.0866666444764797,-0.101462358639026,0.0571289963521938));
#6705=CARTESIAN_POINT('',(0.064599977809813,-0.0793956919723595,-0.00660433698113946));
#6706=CARTESIAN_POINT('',(-0.016500022190187,-0.0757956919723595,0.00279566301886053));
#6707=CARTESIAN_POINT('',(-0.031500022190187,-0.0757956919723595,0.00279566301886053));
#6708=CARTESIAN_POINT('',(-0.0892198260929057,-0.0757956919723595,0.00279566301886053));
#6709=CARTESIAN_POINT('',(-0.085000022190187,-0.0757956919723595,0.00279566301886053));
#6710=CARTESIAN_POINT('',(-0.0807730635047669,-0.0655909109864262,0.0130004440047938));
#6711=CARTESIAN_POINT('',(-0.0851657076151362,-0.0761956919723595,0.00239566301886052));
#6712=CARTESIAN_POINT('',(-0.0942620221901871,-0.0761956919723595,0.00239566301886052));
#6713=CARTESIAN_POINT('',(-0.0890485503276109,-0.0761956919723595,0.00239566301886052));
#6714=CARTESIAN_POINT('',(-0.0892198260929057,-0.0757956919723595,0.00279566301886053));
#6715=CARTESIAN_POINT('',(-0.0891671570465567,-0.0759299722199074,0.00266138277131261));
#6716=CARTESIAN_POINT('',(-0.0891108760420756,-0.0760634791663387,0.0025278758248813));
#6717=CARTESIAN_POINT('',(-0.0890485503276109,-0.0761956919723595,0.00239566301886052));
#6718=CARTESIAN_POINT('',(-0.0740000221901871,-0.0761956919723595,0.0143956630188605));
#6719=CARTESIAN_POINT('',(-0.085000022190187,-0.0761956919723595,0.0143956630188605));
#6720=CARTESIAN_POINT('',(-0.0890485503276109,-0.0761956919723595,0.0143956630188605));
#6721=CARTESIAN_POINT('',(-0.0851657076151363,-0.0761956919723595,0.0143956630188605));
#6722=CARTESIAN_POINT('',(-0.0854686513402886,-0.0769270628222579,0.0151270338687589));
#6723=CARTESIAN_POINT('',(-0.085000022190187,-0.0757956919723595,0.0139956630188605));
#6724=CARTESIAN_POINT('',(-0.0892198260929057,-0.0757956919723595,0.0139956630188605));
#6725=CARTESIAN_POINT('',(-0.0892198260929057,-0.0757956919723595,0.0139956630188605));
#6726=CARTESIAN_POINT('',(-0.0890485503276109,-0.0761956919723595,0.0143956630188605));
#6727=CARTESIAN_POINT('',(-0.0891108760420756,-0.0760634791663387,0.0142634502128397));
#6728=CARTESIAN_POINT('',(-0.0891671570465567,-0.0759299722199074,0.0141299432664084));
#6729=CARTESIAN_POINT('',(-0.0892198260929057,-0.0757956919723595,0.0139956630188605));
#6730=CARTESIAN_POINT('',(-0.0882000221901871,-0.0768956919723595,0.0139956630188605));
#6731=CARTESIAN_POINT('',(-0.0882000221901871,-0.0768956919723595,0.0139956630188605));
#6732=CARTESIAN_POINT('',(-0.088400022190187,-0.0779773573549987,0.0143956630188605));
#6733=CARTESIAN_POINT('',(-0.0885296385861258,-0.0780852047153905,0.0142660466229218));
#6734=CARTESIAN_POINT('',(-0.0886636110803787,-0.0781811626470849,0.0141320741286688));
#6735=CARTESIAN_POINT('',(-0.088800022190187,-0.0782704646808463,0.0139956630188605));
#6736=CARTESIAN_POINT('',(-0.088400022190187,-0.0779773573549987,0.0143956630188605));
#6737=CARTESIAN_POINT('',(-0.0882000221901871,-0.0768956919723595,0.0143956630188605));
#6738=CARTESIAN_POINT('',(-0.016500022190187,-0.0757956919723595,-0.0416043369811394));
#6739=CARTESIAN_POINT('',(-0.0892198260929057,-0.0757956919723595,-0.0476043369811395));
#6740=CARTESIAN_POINT('',(-0.085000022190187,-0.0757956919723595,-0.0476043369811395));
#6741=CARTESIAN_POINT('',(-0.0882000221901871,-0.0768956919723595,0.00279566301886053));
#6742=CARTESIAN_POINT('',(-0.0882000221901871,-0.0768956919723595,0.00239566301886052));
#6743=CARTESIAN_POINT('',(-0.088400022190187,-0.0779773573549987,0.00239566301886052));
#6744=CARTESIAN_POINT('',(-0.088800022190187,-0.0782704646808463,0.00279566301886053));
#6745=CARTESIAN_POINT('',(-0.0886636110803787,-0.078181162647085,0.00265925190905223));
#6746=CARTESIAN_POINT('',(-0.0885296385861257,-0.0780852047153905,0.00252527941479927));
#6747=CARTESIAN_POINT('',(-0.088400022190187,-0.0779773573549987,0.00239566301886052));
#6748=CARTESIAN_POINT('',(-0.0882000221901871,-0.0768956919723595,0.00279566301886053));
#6749=CARTESIAN_POINT('',(-0.0792620221901871,-0.0543956919723595,0.00239566301886052));
#6750=CARTESIAN_POINT('',(-0.100613864902662,-0.0607475346848341,0.00239566301886052));
#6751=CARTESIAN_POINT('',(-0.088400022190187,-0.0793956919723595,0.00239566301886052));
#6752=CARTESIAN_POINT('',(-0.085000022190187,-0.0757956919723595,0.00279566301886053));
#6753=CARTESIAN_POINT('',(-0.085000022190187,-0.0757956919723595,0.00279566301886053));
#6754=CARTESIAN_POINT('',(-0.085000022190187,-0.0757956919723595,-0.0416043369811394));
#6755=CARTESIAN_POINT('',(-0.085000022190187,-0.0757956919723595,0.0139956630188605));
#6756=CARTESIAN_POINT('',(-0.085000022190187,-0.0757956919723595,0.0139956630188605));
#6757=CARTESIAN_POINT('',(-0.0832828649026617,-0.0780785346848341,0.0143956630188605));
#6758=CARTESIAN_POINT('',(-0.0740000221901871,-0.0743956919723595,0.0143956630188605));
#6759=CARTESIAN_POINT('',(-0.088400022190187,-0.0743956919723595,0.0143956630188605));
#6760=CARTESIAN_POINT('',(-0.088800022190187,-0.0793956919723595,0.0139956630188605));
#6761=CARTESIAN_POINT('',(-0.0882000221901871,-0.0768956919723595,-0.0476043369811395));
#6762=CARTESIAN_POINT('',(-0.088400022190187,-0.0543956919723595,0.00239566301886052));
#6763=CARTESIAN_POINT('',(-0.00750002219018707,-0.0757956919723595,0.00279566301886053));
#6764=CARTESIAN_POINT('',(0.00749997780981293,-0.0757956919723595,0.00279566301886053));
#6765=CARTESIAN_POINT('',(0.0652197817125316,-0.0757956919723595,0.00279566301886053));
#6766=CARTESIAN_POINT('',(0.060999977809813,-0.0757956919723595,0.00279566301886053));
#6767=CARTESIAN_POINT('',(0.0652197817125316,-0.0757956919723595,0.00279566301886053));
#6768=CARTESIAN_POINT('',(0.0651671126661826,-0.0759299722199074,0.00266138277131262));
#6769=CARTESIAN_POINT('',(0.0651108316617016,-0.0760634791663387,0.00252787582488129));
#6770=CARTESIAN_POINT('',(0.0650485059472369,-0.0761956919723595,0.00239566301886052));
#6771=CARTESIAN_POINT('',(0.0650485059472369,-0.0761956919723595,0.00239566301886052));
#6772=CARTESIAN_POINT('',(0.070261977809813,-0.0761956919723595,0.00239566301886052));
#6773=CARTESIAN_POINT('',(0.0611656632347622,-0.0761956919723595,0.00239566301886052));
#6774=CARTESIAN_POINT('',(0.0567730191243928,-0.0655909109864262,0.0130004440047938));
#6775=CARTESIAN_POINT('',(0.049999977809813,-0.0761956919723595,0.0143956630188605));
#6776=CARTESIAN_POINT('',(0.060999977809813,-0.0761956919723595,0.0143956630188605));
#6777=CARTESIAN_POINT('',(0.0650485059472369,-0.0761956919723595,0.0143956630188605));
#6778=CARTESIAN_POINT('',(0.0611656632347623,-0.0761956919723595,0.0143956630188605));
#6779=CARTESIAN_POINT('',(0.0650485059472369,-0.0761956919723595,0.0143956630188605));
#6780=CARTESIAN_POINT('',(0.0651108316617016,-0.0760634791663387,0.0142634502128397));
#6781=CARTESIAN_POINT('',(0.0651671126661826,-0.0759299722199074,0.0141299432664084));
#6782=CARTESIAN_POINT('',(0.0652197817125316,-0.0757956919723595,0.0139956630188605));
#6783=CARTESIAN_POINT('',(0.0652197817125316,-0.0757956919723595,0.0139956630188605));
#6784=CARTESIAN_POINT('',(0.0652197817125316,-0.0757956919723595,0.0139956630188605));
#6785=CARTESIAN_POINT('',(0.060999977809813,-0.0757956919723595,0.0139956630188605));
#6786=CARTESIAN_POINT('',(0.0614686069599145,-0.0769270628222579,0.0151270338687589));
#6787=CARTESIAN_POINT('',(0.0641999778098129,-0.0768956919723595,0.0139956630188605));
#6788=CARTESIAN_POINT('',(0.0641999778098129,-0.0768956919723595,0.0143956630188605));
#6789=CARTESIAN_POINT('',(0.064399977809813,-0.0779773573549987,0.0143956630188605));
#6790=CARTESIAN_POINT('',(0.064399977809813,-0.0779773573549987,0.0143956630188605));
#6791=CARTESIAN_POINT('',(0.0645295942057517,-0.0780852047153905,0.0142660466229218));
#6792=CARTESIAN_POINT('',(0.0646635667000047,-0.078181162647085,0.0141320741286688));
#6793=CARTESIAN_POINT('',(0.064799977809813,-0.0782704646808463,0.0139956630188605));
#6794=CARTESIAN_POINT('',(0.0641999778098129,-0.0768956919723595,0.0139956630188605));
#6795=CARTESIAN_POINT('',(-0.00750002219018707,-0.0757956919723595,-0.0416043369811394));
#6796=CARTESIAN_POINT('',(0.0652197817125316,-0.0757956919723595,-0.0476043369811395));
#6797=CARTESIAN_POINT('',(0.060999977809813,-0.0757956919723595,-0.0476043369811395));
#6798=CARTESIAN_POINT('',(0.0641999778098129,-0.0768956919723595,0.00279566301886053));
#6799=CARTESIAN_POINT('',(0.0641999778098129,-0.0768956919723595,0.00279566301886053));
#6800=CARTESIAN_POINT('',(0.064799977809813,-0.0782704646808463,0.00279566301886053));
#6801=CARTESIAN_POINT('',(0.0646635667000047,-0.078181162647085,0.00265925190905223));
#6802=CARTESIAN_POINT('',(0.0645295942057517,-0.0780852047153905,0.00252527941479927));
#6803=CARTESIAN_POINT('',(0.064399977809813,-0.0779773573549987,0.00239566301886052));
#6804=CARTESIAN_POINT('',(0.064399977809813,-0.0779773573549987,0.00239566301886052));
#6805=CARTESIAN_POINT('',(0.0641999778098129,-0.0768956919723595,0.00239566301886052));
#6806=CARTESIAN_POINT('',(0.055261977809813,-0.0543956919723595,0.00239566301886052));
#6807=CARTESIAN_POINT('',(0.064399977809813,-0.0793956919723595,0.00239566301886052));
#6808=CARTESIAN_POINT('',(0.0766138205222876,-0.0607475346848341,0.00239566301886052));
#6809=CARTESIAN_POINT('',(0.060999977809813,-0.0757956919723595,0.00279566301886053));
#6810=CARTESIAN_POINT('',(0.060999977809813,-0.0757956919723595,0.00279566301886053));
#6811=CARTESIAN_POINT('',(0.060999977809813,-0.0757956919723595,-0.0416043369811394));
#6812=CARTESIAN_POINT('',(0.060999977809813,-0.0757956919723595,0.0139956630188605));
#6813=CARTESIAN_POINT('',(0.060999977809813,-0.0757956919723595,0.0139956630188605));
#6814=CARTESIAN_POINT('',(0.0592828205222876,-0.0780785346848341,0.0143956630188605));
#6815=CARTESIAN_POINT('',(0.049999977809813,-0.0743956919723595,0.0143956630188605));
#6816=CARTESIAN_POINT('',(0.064399977809813,-0.0743956919723595,0.0143956630188605));
#6817=CARTESIAN_POINT('',(0.064799977809813,-0.0793956919723595,0.0139956630188605));
#6818=CARTESIAN_POINT('',(0.0641999778098129,-0.0768956919723595,-0.0476043369811395));
#6819=CARTESIAN_POINT('',(0.064399977809813,-0.0543956919723595,0.00239566301886052));
#6820=MECHANICAL_DESIGN_GEOMETRIC_PRESENTATION_REPRESENTATION('',(#3366),
#6821);
#6821=(
GEOMETRIC_REPRESENTATION_CONTEXT(3)
GLOBAL_UNCERTAINTY_ASSIGNED_CONTEXT((#6822))
GLOBAL_UNIT_ASSIGNED_CONTEXT((#6825,#6824,#6823))
REPRESENTATION_CONTEXT('Front_Cover','TOP_LEVEL_ASSEMBLY_PART')
);
#6822=UNCERTAINTY_MEASURE_WITH_UNIT(LENGTH_MEASURE(2.82852924624805E-5),
#6825,'DISTANCE_ACCURACY_VALUE','Maximum Tolerance applied to model');
#6823=(
NAMED_UNIT(*)
SI_UNIT($,.STERADIAN.)
SOLID_ANGLE_UNIT()
);
#6824=(
NAMED_UNIT(*)
PLANE_ANGLE_UNIT()
SI_UNIT($,.RADIAN.)
);
#6825=(
LENGTH_UNIT()
NAMED_UNIT(*)
SI_UNIT($,.METRE.)
);
#6826=PRODUCT_DEFINITION_SHAPE('','',#6827);
#6827=PRODUCT_DEFINITION('','',#6829,#6828);
#6828=PRODUCT_DEFINITION_CONTEXT('',#6835,'design');
#6829=PRODUCT_DEFINITION_FORMATION_WITH_SPECIFIED_SOURCE('','',#6831,
 .NOT_KNOWN.);
#6830=PRODUCT_RELATED_PRODUCT_CATEGORY('','',(#6831));
#6831=PRODUCT('Front_Cover','Front_Cover','Front_Cover',(#6833));
#6832=PRODUCT_CATEGORY('','');
#6833=PRODUCT_CONTEXT('',#6835,'mechanical');
#6834=APPLICATION_PROTOCOL_DEFINITION('international standard',
'ap242_managed_model_based_3d_engineering',2020,#6835);
#6835=APPLICATION_CONTEXT('managed model based 3d engineering');
ENDSEC;
END-ISO-10303-21;
