ISO-10303-21;
HEADER;
/* Generated by software containing ST-Developer
 * from STEP Tools, Inc. (www.steptools.com) 
 */
/* OPTION: using custom renumber hook */

FILE_DESCRIPTION(
/* description */ ('STEP AP242 Edition 2',
'CAx-IF Rec.Pracs.---Representation and Presentation of Product Manufa
cturing Information (PMI)---4.0---2014-10-13',
'CAx-IF Rec.Pracs.---3D Tessellated Geometry---0.4---2014-09-14','2;1',
'CAx-IF Rec.Pracs.---User Defined Attributes---1.5---2016-08-15'),
/* implementation_level */ '2;1');

FILE_NAME(
/* name */ 'Pneuma_101 - Pump_Mount',
/* time_stamp */ '2026-04-29T18:01:41Z',
/* author */ (''),
/* organization */ (''),
/* preprocessor_version */ 'ST-DEVELOPER v20',
/* originating_system */ 'ONSHAPE BY PTC INC, 1.214',
/* authorisation */ '  ');

FILE_SCHEMA (('AP242_MANAGED_MODEL_BASED_3D_ENGINEERING_MIM_LF { 1 0 10303 442 3 1 4 }'));
ENDSEC;

DATA;
#10=SHAPE_REPRESENTATION_RELATIONSHIP('','',#2021,#11);
#11=ADVANCED_BREP_SHAPE_REPRESENTATION('',(#2019),#3838);
#12=CYLINDRICAL_SURFACE('',#2125,0.0207);
#13=CYLINDRICAL_SURFACE('',#2126,0.0175);
#14=CYLINDRICAL_SURFACE('',#2128,0.0207);
#15=CYLINDRICAL_SURFACE('',#2129,0.0207);
#16=CYLINDRICAL_SURFACE('',#2130,0.0207);
#17=CYLINDRICAL_SURFACE('',#2139,0.00175);
#18=CYLINDRICAL_SURFACE('',#2140,0.00165);
#19=CYLINDRICAL_SURFACE('',#2141,0.00165);
#20=PLANE('',#2029);
#21=PLANE('',#2033);
#22=PLANE('',#2034);
#23=PLANE('',#2035);
#24=PLANE('',#2036);
#25=PLANE('',#2037);
#26=PLANE('',#2038);
#27=PLANE('',#2039);
#28=PLANE('',#2040);
#29=PLANE('',#2041);
#30=PLANE('',#2042);
#31=PLANE('',#2052);
#32=PLANE('',#2053);
#33=PLANE('',#2054);
#34=PLANE('',#2055);
#35=PLANE('',#2056);
#36=PLANE('',#2072);
#37=PLANE('',#2073);
#38=PLANE('',#2074);
#39=PLANE('',#2075);
#40=PLANE('',#2076);
#41=PLANE('',#2077);
#42=PLANE('',#2078);
#43=PLANE('',#2079);
#44=PLANE('',#2080);
#45=PLANE('',#2081);
#46=PLANE('',#2082);
#47=PLANE('',#2083);
#48=PLANE('',#2084);
#49=PLANE('',#2085);
#50=PLANE('',#2086);
#51=PLANE('',#2087);
#52=PLANE('',#2088);
#53=PLANE('',#2089);
#54=PLANE('',#2090);
#55=PLANE('',#2091);
#56=PLANE('',#2097);
#57=PLANE('',#2098);
#58=PLANE('',#2099);
#59=PLANE('',#2105);
#60=PLANE('',#2106);
#61=PLANE('',#2107);
#62=PLANE('',#2117);
#63=PLANE('',#2118);
#64=PLANE('',#2119);
#65=PLANE('',#2120);
#66=PLANE('',#2121);
#67=PLANE('',#2122);
#68=PLANE('',#2123);
#69=PLANE('',#2124);
#70=PLANE('',#2127);
#71=PLANE('',#2131);
#72=PLANE('',#2132);
#73=PLANE('',#2133);
#74=PLANE('',#2134);
#75=PLANE('',#2135);
#76=PLANE('',#2136);
#77=PLANE('',#2137);
#78=PLANE('',#2138);
#79=PLANE('',#2142);
#80=PLANE('',#2143);
#81=PLANE('',#2144);
#82=PLANE('',#2145);
#83=PLANE('',#2146);
#84=PLANE('',#2147);
#85=PLANE('',#2148);
#86=PLANE('',#2149);
#87=PLANE('',#2150);
#88=PLANE('',#2151);
#89=CIRCLE('',#2024,0.0179);
#90=CIRCLE('',#2025,0.0175);
#91=CIRCLE('',#2027,0.0207);
#92=CIRCLE('',#2028,0.0197);
#93=CIRCLE('',#2031,0.0197);
#94=CIRCLE('',#2032,0.0207);
#95=CIRCLE('',#2044,0.00165);
#96=CIRCLE('',#2045,0.00185);
#97=CIRCLE('',#2047,0.00165);
#98=CIRCLE('',#2048,0.00185);
#99=CIRCLE('',#2050,0.00175);
#100=CIRCLE('',#2051,0.00195);
#101=CIRCLE('',#2058,0.0195);
#102=CIRCLE('',#2059,0.0207);
#103=CIRCLE('',#2061,0.0207);
#104=CIRCLE('',#2062,0.0195);
#105=CIRCLE('',#2064,0.00165);
#106=CIRCLE('',#2065,0.00205);
#107=CIRCLE('',#2067,0.00165);
#108=CIRCLE('',#2068,0.00205);
#109=CIRCLE('',#2070,0.00175);
#110=CIRCLE('',#2071,0.00215);
#111=CIRCLE('',#2093,0.0814818291302457);
#112=CIRCLE('',#2094,0.0205);
#113=CIRCLE('',#2095,0.0336121005608276);
#114=CIRCLE('',#2096,0.0207);
#115=CIRCLE('',#2101,0.0336121005608188);
#116=CIRCLE('',#2102,0.0205);
#117=CIRCLE('',#2103,0.0814818291239553);
#118=CIRCLE('',#2104,0.0207);
#119=CIRCLE('',#2109,0.0207);
#120=CIRCLE('',#2110,0.0205);
#121=CIRCLE('',#2112,0.0175);
#122=CIRCLE('',#2113,0.0177);
#123=CIRCLE('',#2115,0.0207);
#124=CIRCLE('',#2116,0.0205);
#125=CONICAL_SURFACE('',#2023,0.0175,0.785398163397446);
#126=CONICAL_SURFACE('',#2026,0.0207,0.785398163397446);
#127=CONICAL_SURFACE('',#2030,0.0207,0.785398163397446);
#128=CONICAL_SURFACE('',#2043,0.00165,0.785398163397452);
#129=CONICAL_SURFACE('',#2046,0.00165,0.785398163397452);
#130=CONICAL_SURFACE('',#2049,0.00175,0.785398163397456);
#131=CONICAL_SURFACE('',#2057,0.0207,0.785398163397479);
#132=CONICAL_SURFACE('',#2060,0.0207,0.785398163397479);
#133=CONICAL_SURFACE('',#2063,0.00165,0.785398163397452);
#134=CONICAL_SURFACE('',#2066,0.00165,0.785398163397452);
#135=CONICAL_SURFACE('',#2069,0.00175,0.78539816339745);
#136=CONICAL_SURFACE('',#2092,0.0205,0.785398163397439);
#137=CONICAL_SURFACE('',#2100,0.0205,0.785398163397439);
#138=CONICAL_SURFACE('',#2108,0.0205,0.785398163397439);
#139=CONICAL_SURFACE('',#2111,0.0175,0.785398163397439);
#140=CONICAL_SURFACE('',#2114,0.0205,0.785398163397439);
#141=LINE('',#2642,#343);
#142=LINE('',#2649,#344);
#143=LINE('',#2813,#345);
#144=LINE('',#2823,#346);
#145=LINE('',#2829,#347);
#146=LINE('',#2832,#348);
#147=LINE('',#2833,#349);
#148=LINE('',#2970,#350);
#149=LINE('',#2972,#351);
#150=LINE('',#2978,#352);
#151=LINE('',#2981,#353);
#152=LINE('',#2982,#354);
#153=LINE('',#2984,#355);
#154=LINE('',#2987,#356);
#155=LINE('',#2989,#357);
#156=LINE('',#2991,#358);
#157=LINE('',#2993,#359);
#158=LINE('',#2995,#360);
#159=LINE('',#2997,#361);
#160=LINE('',#3000,#362);
#161=LINE('',#3007,#363);
#162=LINE('',#3009,#364);
#163=LINE('',#3012,#365);
#164=LINE('',#3019,#366);
#165=LINE('',#3021,#367);
#166=LINE('',#3024,#368);
#167=LINE('',#3026,#369);
#168=LINE('',#3028,#370);
#169=LINE('',#3030,#371);
#170=LINE('',#3032,#372);
#171=LINE('',#3034,#373);
#172=LINE('',#3037,#374);
#173=LINE('',#3038,#375);
#174=LINE('',#3040,#376);
#175=LINE('',#3043,#377);
#176=LINE('',#3044,#378);
#177=LINE('',#3046,#379);
#178=LINE('',#3048,#380);
#179=LINE('',#3050,#381);
#180=LINE('',#3052,#382);
#181=LINE('',#3054,#383);
#182=LINE('',#3056,#384);
#183=LINE('',#3059,#385);
#184=LINE('',#3060,#386);
#185=LINE('',#3062,#387);
#186=LINE('',#3065,#388);
#187=LINE('',#3066,#389);
#188=LINE('',#3068,#390);
#189=LINE('',#3070,#391);
#190=LINE('',#3087,#392);
#191=LINE('',#3090,#393);
#192=LINE('',#3092,#394);
#193=LINE('',#3094,#395);
#194=LINE('',#3096,#396);
#195=LINE('',#3098,#397);
#196=LINE('',#3101,#398);
#197=LINE('',#3103,#399);
#198=LINE('',#3105,#400);
#199=LINE('',#3107,#401);
#200=LINE('',#3109,#402);
#201=LINE('',#3112,#403);
#202=LINE('',#3114,#404);
#203=LINE('',#3116,#405);
#204=LINE('',#3118,#406);
#205=LINE('',#3120,#407);
#206=LINE('',#3123,#408);
#207=LINE('',#3125,#409);
#208=LINE('',#3127,#410);
#209=LINE('',#3129,#411);
#210=LINE('',#3137,#412);
#211=LINE('',#3139,#413);
#212=LINE('',#3140,#414);
#213=LINE('',#3141,#415);
#214=LINE('',#3142,#416);
#215=LINE('',#3143,#417);
#216=LINE('',#3144,#418);
#217=LINE('',#3145,#419);
#218=LINE('',#3147,#420);
#219=LINE('',#3154,#421);
#220=LINE('',#3189,#422);
#221=LINE('',#3190,#423);
#222=LINE('',#3192,#424);
#223=LINE('',#3193,#425);
#224=LINE('',#3195,#426);
#225=LINE('',#3197,#427);
#226=LINE('',#3199,#428);
#227=LINE('',#3201,#429);
#228=LINE('',#3203,#430);
#229=LINE('',#3204,#431);
#230=LINE('',#3206,#432);
#231=LINE('',#3208,#433);
#232=LINE('',#3209,#434);
#233=LINE('',#3211,#435);
#234=LINE('',#3212,#436);
#235=LINE('',#3214,#437);
#236=LINE('',#3216,#438);
#237=LINE('',#3218,#439);
#238=LINE('',#3220,#440);
#239=LINE('',#3222,#441);
#240=LINE('',#3224,#442);
#241=LINE('',#3226,#443);
#242=LINE('',#3228,#444);
#243=LINE('',#3230,#445);
#244=LINE('',#3232,#446);
#245=LINE('',#3235,#447);
#246=LINE('',#3236,#448);
#247=LINE('',#3238,#449);
#248=LINE('',#3240,#450);
#249=LINE('',#3241,#451);
#250=LINE('',#3243,#452);
#251=LINE('',#3245,#453);
#252=LINE('',#3246,#454);
#253=LINE('',#3248,#455);
#254=LINE('',#3250,#456);
#255=LINE('',#3252,#457);
#256=LINE('',#3254,#458);
#257=LINE('',#3257,#459);
#258=LINE('',#3258,#460);
#259=LINE('',#3260,#461);
#260=LINE('',#3261,#462);
#261=LINE('',#3263,#463);
#262=LINE('',#3266,#464);
#263=LINE('',#3268,#465);
#264=LINE('',#3270,#466);
#265=LINE('',#3272,#467);
#266=LINE('',#3286,#468);
#267=LINE('',#3289,#469);
#268=LINE('',#3290,#470);
#269=LINE('',#3292,#471);
#270=LINE('',#3295,#472);
#271=LINE('',#3296,#473);
#272=LINE('',#3298,#474);
#273=LINE('',#3299,#475);
#274=LINE('',#3310,#476);
#275=LINE('',#3313,#477);
#276=LINE('',#3314,#478);
#277=LINE('',#3316,#479);
#278=LINE('',#3319,#480);
#279=LINE('',#3320,#481);
#280=LINE('',#3322,#482);
#281=LINE('',#3323,#483);
#282=LINE('',#3325,#484);
#283=LINE('',#3330,#485);
#284=LINE('',#3427,#486);
#285=LINE('',#3441,#487);
#286=LINE('',#3526,#488);
#287=LINE('',#3544,#489);
#288=LINE('',#3557,#490);
#289=LINE('',#3559,#491);
#290=LINE('',#3561,#492);
#291=LINE('',#3562,#493);
#292=LINE('',#3571,#494);
#293=LINE('',#3573,#495);
#294=LINE('',#3582,#496);
#295=LINE('',#3584,#497);
#296=LINE('',#3586,#498);
#297=LINE('',#3587,#499);
#298=LINE('',#3596,#500);
#299=LINE('',#3598,#501);
#300=LINE('',#3600,#502);
#301=LINE('',#3602,#503);
#302=LINE('',#3603,#504);
#303=LINE('',#3605,#505);
#304=LINE('',#3607,#506);
#305=LINE('',#3608,#507);
#306=LINE('',#3610,#508);
#307=LINE('',#3611,#509);
#308=LINE('',#3613,#510);
#309=LINE('',#3615,#511);
#310=LINE('',#3617,#512);
#311=LINE('',#3619,#513);
#312=LINE('',#3621,#514);
#313=LINE('',#3623,#515);
#314=LINE('',#3625,#516);
#315=LINE('',#3627,#517);
#316=LINE('',#3629,#518);
#317=LINE('',#3631,#519);
#318=LINE('',#3633,#520);
#319=LINE('',#3635,#521);
#320=LINE('',#3637,#522);
#321=LINE('',#3638,#523);
#322=LINE('',#3639,#524);
#323=LINE('',#3641,#525);
#324=LINE('',#3642,#526);
#325=LINE('',#3643,#527);
#326=LINE('',#3646,#528);
#327=LINE('',#3655,#529);
#328=LINE('',#3656,#530);
#329=LINE('',#3663,#531);
#330=LINE('',#3665,#532);
#331=LINE('',#3669,#533);
#332=LINE('',#3670,#534);
#333=LINE('',#3672,#535);
#334=LINE('',#3673,#536);
#335=LINE('',#3675,#537);
#336=LINE('',#3677,#538);
#337=LINE('',#3687,#539);
#338=LINE('',#3694,#540);
#339=LINE('',#3702,#541);
#340=LINE('',#3709,#542);
#341=LINE('',#3717,#543);
#342=LINE('',#3718,#544);
#343=VECTOR('',#2154,1.);
#344=VECTOR('',#2157,1.);
#345=VECTOR('',#2162,1.);
#346=VECTOR('',#2165,1.);
#347=VECTOR('',#2172,1.);
#348=VECTOR('',#2173,1.);
#349=VECTOR('',#2174,1.);
#350=VECTOR('',#2175,1.);
#351=VECTOR('',#2178,1.);
#352=VECTOR('',#2185,1.);
#353=VECTOR('',#2186,1.);
#354=VECTOR('',#2187,1.);
#355=VECTOR('',#2190,1.);
#356=VECTOR('',#2191,1.);
#357=VECTOR('',#2192,1.);
#358=VECTOR('',#2193,1.);
#359=VECTOR('',#2194,1.);
#360=VECTOR('',#2195,1.);
#361=VECTOR('',#2198,1.);
#362=VECTOR('',#2199,1.);
#363=VECTOR('',#2200,1.);
#364=VECTOR('',#2203,1.);
#365=VECTOR('',#2204,1.);
#366=VECTOR('',#2205,1.);
#367=VECTOR('',#2208,1.);
#368=VECTOR('',#2209,1.);
#369=VECTOR('',#2210,1.);
#370=VECTOR('',#2211,1.);
#371=VECTOR('',#2212,1.);
#372=VECTOR('',#2213,1.);
#373=VECTOR('',#2216,1.);
#374=VECTOR('',#2217,1.);
#375=VECTOR('',#2218,1.);
#376=VECTOR('',#2221,1.);
#377=VECTOR('',#2222,1.);
#378=VECTOR('',#2223,1.);
#379=VECTOR('',#2224,1.);
#380=VECTOR('',#2227,1.);
#381=VECTOR('',#2228,1.);
#382=VECTOR('',#2229,1.);
#383=VECTOR('',#2230,1.);
#384=VECTOR('',#2233,1.);
#385=VECTOR('',#2234,1.);
#386=VECTOR('',#2235,1.);
#387=VECTOR('',#2238,1.);
#388=VECTOR('',#2239,1.);
#389=VECTOR('',#2240,1.);
#390=VECTOR('',#2241,1.);
#391=VECTOR('',#2242,1.);
#392=VECTOR('',#2263,1.);
#393=VECTOR('',#2264,1.);
#394=VECTOR('',#2265,1.);
#395=VECTOR('',#2266,1.);
#396=VECTOR('',#2267,1.);
#397=VECTOR('',#2270,1.);
#398=VECTOR('',#2271,1.);
#399=VECTOR('',#2272,1.);
#400=VECTOR('',#2273,1.);
#401=VECTOR('',#2274,1.);
#402=VECTOR('',#2277,1.);
#403=VECTOR('',#2278,1.);
#404=VECTOR('',#2279,1.);
#405=VECTOR('',#2280,1.);
#406=VECTOR('',#2281,1.);
#407=VECTOR('',#2284,1.);
#408=VECTOR('',#2285,1.);
#409=VECTOR('',#2286,1.);
#410=VECTOR('',#2287,1.);
#411=VECTOR('',#2288,1.);
#412=VECTOR('',#2291,1.);
#413=VECTOR('',#2292,1.);
#414=VECTOR('',#2293,1.);
#415=VECTOR('',#2294,1.);
#416=VECTOR('',#2295,1.);
#417=VECTOR('',#2296,1.);
#418=VECTOR('',#2297,1.);
#419=VECTOR('',#2298,1.);
#420=VECTOR('',#2299,1.);
#421=VECTOR('',#2300,1.);
#422=VECTOR('',#2333,1.);
#423=VECTOR('',#2334,1.);
#424=VECTOR('',#2337,1.);
#425=VECTOR('',#2338,1.);
#426=VECTOR('',#2339,1.);
#427=VECTOR('',#2340,1.);
#428=VECTOR('',#2343,1.);
#429=VECTOR('',#2344,1.);
#430=VECTOR('',#2347,1.);
#431=VECTOR('',#2348,1.);
#432=VECTOR('',#2349,1.);
#433=VECTOR('',#2352,1.);
#434=VECTOR('',#2353,1.);
#435=VECTOR('',#2356,1.);
#436=VECTOR('',#2357,1.);
#437=VECTOR('',#2358,1.);
#438=VECTOR('',#2359,1.);
#439=VECTOR('',#2362,1.);
#440=VECTOR('',#2363,1.);
#441=VECTOR('',#2364,1.);
#442=VECTOR('',#2367,1.);
#443=VECTOR('',#2368,1.);
#444=VECTOR('',#2369,1.);
#445=VECTOR('',#2370,1.);
#446=VECTOR('',#2373,1.);
#447=VECTOR('',#2374,1.);
#448=VECTOR('',#2375,1.);
#449=VECTOR('',#2378,1.);
#450=VECTOR('',#2379,1.);
#451=VECTOR('',#2380,1.);
#452=VECTOR('',#2383,1.);
#453=VECTOR('',#2384,1.);
#454=VECTOR('',#2385,1.);
#455=VECTOR('',#2388,1.);
#456=VECTOR('',#2389,1.);
#457=VECTOR('',#2390,1.);
#458=VECTOR('',#2393,1.);
#459=VECTOR('',#2394,1.);
#460=VECTOR('',#2395,1.);
#461=VECTOR('',#2398,1.);
#462=VECTOR('',#2399,1.);
#463=VECTOR('',#2400,1.);
#464=VECTOR('',#2405,1.);
#465=VECTOR('',#2406,1.);
#466=VECTOR('',#2409,1.);
#467=VECTOR('',#2410,1.);
#468=VECTOR('',#2429,1.);
#469=VECTOR('',#2430,1.);
#470=VECTOR('',#2431,1.);
#471=VECTOR('',#2434,1.);
#472=VECTOR('',#2435,1.);
#473=VECTOR('',#2436,1.);
#474=VECTOR('',#2439,1.);
#475=VECTOR('',#2440,1.);
#476=VECTOR('',#2453,1.);
#477=VECTOR('',#2454,1.);
#478=VECTOR('',#2455,1.);
#479=VECTOR('',#2458,1.);
#480=VECTOR('',#2459,1.);
#481=VECTOR('',#2460,1.);
#482=VECTOR('',#2463,1.);
#483=VECTOR('',#2464,1.);
#484=VECTOR('',#2467,1.);
#485=VECTOR('',#2470,1.);
#486=VECTOR('',#2473,1.);
#487=VECTOR('',#2476,1.);
#488=VECTOR('',#2481,1.);
#489=VECTOR('',#2484,1.);
#490=VECTOR('',#2489,1.);
#491=VECTOR('',#2490,1.);
#492=VECTOR('',#2491,1.);
#493=VECTOR('',#2492,1.);
#494=VECTOR('',#2493,1.);
#495=VECTOR('',#2494,1.);
#496=VECTOR('',#2495,1.);
#497=VECTOR('',#2496,1.);
#498=VECTOR('',#2497,1.);
#499=VECTOR('',#2498,1.);
#500=VECTOR('',#2499,1.);
#501=VECTOR('',#2500,1.);
#502=VECTOR('',#2503,1.);
#503=VECTOR('',#2504,1.);
#504=VECTOR('',#2505,1.);
#505=VECTOR('',#2506,1.);
#506=VECTOR('',#2509,1.);
#507=VECTOR('',#2510,1.);
#508=VECTOR('',#2513,1.);
#509=VECTOR('',#2514,1.);
#510=VECTOR('',#2517,1.);
#511=VECTOR('',#2518,1.);
#512=VECTOR('',#2519,1.);
#513=VECTOR('',#2520,1.);
#514=VECTOR('',#2521,1.);
#515=VECTOR('',#2522,1.);
#516=VECTOR('',#2525,1.);
#517=VECTOR('',#2526,1.);
#518=VECTOR('',#2527,1.);
#519=VECTOR('',#2528,1.);
#520=VECTOR('',#2529,1.);
#521=VECTOR('',#2530,1.);
#522=VECTOR('',#2533,1.);
#523=VECTOR('',#2534,1.);
#524=VECTOR('',#2535,1.);
#525=VECTOR('',#2538,1.);
#526=VECTOR('',#2539,1.);
#527=VECTOR('',#2540,1.);
#528=VECTOR('',#2545,1.);
#529=VECTOR('',#2550,1.);
#530=VECTOR('',#2551,1.);
#531=VECTOR('',#2552,1.);
#532=VECTOR('',#2555,1.);
#533=VECTOR('',#2562,1.);
#534=VECTOR('',#2563,1.);
#535=VECTOR('',#2566,1.);
#536=VECTOR('',#2567,1.);
#537=VECTOR('',#2570,1.);
#538=VECTOR('',#2573,1.);
#539=VECTOR('',#2592,1.);
#540=VECTOR('',#2593,1.);
#541=VECTOR('',#2596,1.);
#542=VECTOR('',#2597,1.);
#543=VECTOR('',#2600,1.);
#544=VECTOR('',#2601,1.);
#545=ORIENTED_EDGE('',*,*,#1113,.F.);
#546=ORIENTED_EDGE('',*,*,#1114,.F.);
#547=ORIENTED_EDGE('',*,*,#1115,.F.);
#548=ORIENTED_EDGE('',*,*,#1116,.F.);
#549=ORIENTED_EDGE('',*,*,#1117,.T.);
#550=ORIENTED_EDGE('',*,*,#1118,.T.);
#551=ORIENTED_EDGE('',*,*,#1115,.T.);
#552=ORIENTED_EDGE('',*,*,#1119,.F.);
#553=ORIENTED_EDGE('',*,*,#1120,.F.);
#554=ORIENTED_EDGE('',*,*,#1121,.F.);
#555=ORIENTED_EDGE('',*,*,#1117,.F.);
#556=ORIENTED_EDGE('',*,*,#1122,.F.);
#557=ORIENTED_EDGE('',*,*,#1123,.F.);
#558=ORIENTED_EDGE('',*,*,#1113,.T.);
#559=ORIENTED_EDGE('',*,*,#1124,.F.);
#560=ORIENTED_EDGE('',*,*,#1125,.F.);
#561=ORIENTED_EDGE('',*,*,#1126,.F.);
#562=ORIENTED_EDGE('',*,*,#1127,.T.);
#563=ORIENTED_EDGE('',*,*,#1128,.T.);
#564=ORIENTED_EDGE('',*,*,#1125,.T.);
#565=ORIENTED_EDGE('',*,*,#1129,.F.);
#566=ORIENTED_EDGE('',*,*,#1130,.T.);
#567=ORIENTED_EDGE('',*,*,#1131,.F.);
#568=ORIENTED_EDGE('',*,*,#1127,.F.);
#569=ORIENTED_EDGE('',*,*,#1132,.F.);
#570=ORIENTED_EDGE('',*,*,#1133,.F.);
#571=ORIENTED_EDGE('',*,*,#1120,.T.);
#572=ORIENTED_EDGE('',*,*,#1134,.F.);
#573=ORIENTED_EDGE('',*,*,#1135,.F.);
#574=ORIENTED_EDGE('',*,*,#1136,.F.);
#575=ORIENTED_EDGE('',*,*,#1137,.T.);
#576=ORIENTED_EDGE('',*,*,#1138,.F.);
#577=ORIENTED_EDGE('',*,*,#1136,.T.);
#578=ORIENTED_EDGE('',*,*,#1139,.T.);
#579=ORIENTED_EDGE('',*,*,#1140,.F.);
#580=ORIENTED_EDGE('',*,*,#1141,.F.);
#581=ORIENTED_EDGE('',*,*,#1137,.F.);
#582=ORIENTED_EDGE('',*,*,#1142,.F.);
#583=ORIENTED_EDGE('',*,*,#1143,.T.);
#584=ORIENTED_EDGE('',*,*,#1144,.F.);
#585=ORIENTED_EDGE('',*,*,#1145,.T.);
#586=ORIENTED_EDGE('',*,*,#1146,.F.);
#587=ORIENTED_EDGE('',*,*,#1147,.F.);
#588=ORIENTED_EDGE('',*,*,#1148,.F.);
#589=ORIENTED_EDGE('',*,*,#1149,.F.);
#590=ORIENTED_EDGE('',*,*,#1150,.T.);
#591=ORIENTED_EDGE('',*,*,#1151,.F.);
#592=ORIENTED_EDGE('',*,*,#1152,.F.);
#593=ORIENTED_EDGE('',*,*,#1153,.T.);
#594=ORIENTED_EDGE('',*,*,#1154,.F.);
#595=ORIENTED_EDGE('',*,*,#1155,.F.);
#596=ORIENTED_EDGE('',*,*,#1156,.F.);
#597=ORIENTED_EDGE('',*,*,#1157,.T.);
#598=ORIENTED_EDGE('',*,*,#1158,.F.);
#599=ORIENTED_EDGE('',*,*,#1159,.T.);
#600=ORIENTED_EDGE('',*,*,#1160,.F.);
#601=ORIENTED_EDGE('',*,*,#1161,.T.);
#602=ORIENTED_EDGE('',*,*,#1162,.F.);
#603=ORIENTED_EDGE('',*,*,#1163,.T.);
#604=ORIENTED_EDGE('',*,*,#1164,.F.);
#605=ORIENTED_EDGE('',*,*,#1159,.F.);
#606=ORIENTED_EDGE('',*,*,#1165,.F.);
#607=ORIENTED_EDGE('',*,*,#1166,.F.);
#608=ORIENTED_EDGE('',*,*,#1167,.F.);
#609=ORIENTED_EDGE('',*,*,#1163,.F.);
#610=ORIENTED_EDGE('',*,*,#1168,.F.);
#611=ORIENTED_EDGE('',*,*,#1169,.T.);
#612=ORIENTED_EDGE('',*,*,#1170,.F.);
#613=ORIENTED_EDGE('',*,*,#1143,.F.);
#614=ORIENTED_EDGE('',*,*,#1171,.T.);
#615=ORIENTED_EDGE('',*,*,#1172,.F.);
#616=ORIENTED_EDGE('',*,*,#1173,.F.);
#617=ORIENTED_EDGE('',*,*,#1174,.F.);
#618=ORIENTED_EDGE('',*,*,#1175,.F.);
#619=ORIENTED_EDGE('',*,*,#1173,.T.);
#620=ORIENTED_EDGE('',*,*,#1176,.F.);
#621=ORIENTED_EDGE('',*,*,#1177,.F.);
#622=ORIENTED_EDGE('',*,*,#1178,.F.);
#623=ORIENTED_EDGE('',*,*,#1174,.T.);
#624=ORIENTED_EDGE('',*,*,#1179,.F.);
#625=ORIENTED_EDGE('',*,*,#1180,.T.);
#626=ORIENTED_EDGE('',*,*,#1181,.T.);
#627=ORIENTED_EDGE('',*,*,#1182,.F.);
#628=ORIENTED_EDGE('',*,*,#1183,.T.);
#629=ORIENTED_EDGE('',*,*,#1184,.F.);
#630=ORIENTED_EDGE('',*,*,#1185,.T.);
#631=ORIENTED_EDGE('',*,*,#1186,.F.);
#632=ORIENTED_EDGE('',*,*,#1187,.T.);
#633=ORIENTED_EDGE('',*,*,#1188,.T.);
#634=ORIENTED_EDGE('',*,*,#1189,.F.);
#635=ORIENTED_EDGE('',*,*,#1190,.F.);
#636=ORIENTED_EDGE('',*,*,#1191,.F.);
#637=ORIENTED_EDGE('',*,*,#1192,.F.);
#638=ORIENTED_EDGE('',*,*,#1193,.F.);
#639=ORIENTED_EDGE('',*,*,#1194,.F.);
#640=ORIENTED_EDGE('',*,*,#1195,.T.);
#641=ORIENTED_EDGE('',*,*,#1196,.F.);
#642=ORIENTED_EDGE('',*,*,#1197,.F.);
#643=ORIENTED_EDGE('',*,*,#1198,.F.);
#644=ORIENTED_EDGE('',*,*,#1199,.F.);
#645=ORIENTED_EDGE('',*,*,#1200,.F.);
#646=ORIENTED_EDGE('',*,*,#1201,.T.);
#647=ORIENTED_EDGE('',*,*,#1202,.F.);
#648=ORIENTED_EDGE('',*,*,#1203,.T.);
#649=ORIENTED_EDGE('',*,*,#1204,.F.);
#650=ORIENTED_EDGE('',*,*,#1205,.T.);
#651=ORIENTED_EDGE('',*,*,#1206,.T.);
#652=ORIENTED_EDGE('',*,*,#1207,.F.);
#653=ORIENTED_EDGE('',*,*,#1208,.T.);
#654=ORIENTED_EDGE('',*,*,#1209,.T.);
#655=ORIENTED_EDGE('',*,*,#1210,.F.);
#656=ORIENTED_EDGE('',*,*,#1198,.T.);
#657=ORIENTED_EDGE('',*,*,#1211,.F.);
#658=ORIENTED_EDGE('',*,*,#1165,.T.);
#659=ORIENTED_EDGE('',*,*,#1212,.F.);
#660=ORIENTED_EDGE('',*,*,#1188,.F.);
#661=ORIENTED_EDGE('',*,*,#1213,.F.);
#662=ORIENTED_EDGE('',*,*,#1193,.T.);
#663=ORIENTED_EDGE('',*,*,#1214,.T.);
#664=ORIENTED_EDGE('',*,*,#1176,.T.);
#665=ORIENTED_EDGE('',*,*,#1215,.T.);
#666=ORIENTED_EDGE('',*,*,#1203,.F.);
#667=ORIENTED_EDGE('',*,*,#1216,.T.);
#668=ORIENTED_EDGE('',*,*,#1217,.T.);
#669=ORIENTED_EDGE('',*,*,#1218,.T.);
#670=ORIENTED_EDGE('',*,*,#1219,.T.);
#671=ORIENTED_EDGE('',*,*,#1183,.F.);
#672=ORIENTED_EDGE('',*,*,#1185,.F.);
#673=ORIENTED_EDGE('',*,*,#1187,.F.);
#674=ORIENTED_EDGE('',*,*,#1220,.F.);
#675=ORIENTED_EDGE('',*,*,#1221,.F.);
#676=ORIENTED_EDGE('',*,*,#1155,.T.);
#677=ORIENTED_EDGE('',*,*,#1222,.T.);
#678=ORIENTED_EDGE('',*,*,#1223,.T.);
#679=ORIENTED_EDGE('',*,*,#1151,.T.);
#680=ORIENTED_EDGE('',*,*,#1224,.F.);
#681=ORIENTED_EDGE('',*,*,#1225,.F.);
#682=ORIENTED_EDGE('',*,*,#1226,.F.);
#683=ORIENTED_EDGE('',*,*,#1227,.T.);
#684=ORIENTED_EDGE('',*,*,#1228,.F.);
#685=ORIENTED_EDGE('',*,*,#1229,.T.);
#686=ORIENTED_EDGE('',*,*,#1230,.F.);
#687=ORIENTED_EDGE('',*,*,#1231,.T.);
#688=ORIENTED_EDGE('',*,*,#1232,.F.);
#689=ORIENTED_EDGE('',*,*,#1177,.T.);
#690=ORIENTED_EDGE('',*,*,#1233,.F.);
#691=ORIENTED_EDGE('',*,*,#1161,.F.);
#692=ORIENTED_EDGE('',*,*,#1234,.F.);
#693=ORIENTED_EDGE('',*,*,#1196,.T.);
#694=ORIENTED_EDGE('',*,*,#1235,.T.);
#695=ORIENTED_EDGE('',*,*,#1236,.F.);
#696=ORIENTED_EDGE('',*,*,#1237,.F.);
#697=ORIENTED_EDGE('',*,*,#1180,.F.);
#698=ORIENTED_EDGE('',*,*,#1233,.T.);
#699=ORIENTED_EDGE('',*,*,#1181,.F.);
#700=ORIENTED_EDGE('',*,*,#1237,.T.);
#701=ORIENTED_EDGE('',*,*,#1238,.F.);
#702=ORIENTED_EDGE('',*,*,#1239,.F.);
#703=ORIENTED_EDGE('',*,*,#1162,.T.);
#704=ORIENTED_EDGE('',*,*,#1235,.F.);
#705=ORIENTED_EDGE('',*,*,#1195,.F.);
#706=ORIENTED_EDGE('',*,*,#1240,.F.);
#707=ORIENTED_EDGE('',*,*,#1191,.T.);
#708=ORIENTED_EDGE('',*,*,#1241,.F.);
#709=ORIENTED_EDGE('',*,*,#1242,.F.);
#710=ORIENTED_EDGE('',*,*,#1241,.T.);
#711=ORIENTED_EDGE('',*,*,#1190,.T.);
#712=ORIENTED_EDGE('',*,*,#1243,.F.);
#713=ORIENTED_EDGE('',*,*,#1157,.F.);
#714=ORIENTED_EDGE('',*,*,#1239,.T.);
#715=ORIENTED_EDGE('',*,*,#1244,.F.);
#716=ORIENTED_EDGE('',*,*,#1245,.F.);
#717=ORIENTED_EDGE('',*,*,#1201,.F.);
#718=ORIENTED_EDGE('',*,*,#1246,.T.);
#719=ORIENTED_EDGE('',*,*,#1247,.F.);
#720=ORIENTED_EDGE('',*,*,#1248,.T.);
#721=ORIENTED_EDGE('',*,*,#1169,.F.);
#722=ORIENTED_EDGE('',*,*,#1246,.F.);
#723=ORIENTED_EDGE('',*,*,#1200,.T.);
#724=ORIENTED_EDGE('',*,*,#1249,.F.);
#725=ORIENTED_EDGE('',*,*,#1250,.F.);
#726=ORIENTED_EDGE('',*,*,#1251,.F.);
#727=ORIENTED_EDGE('',*,*,#1252,.F.);
#728=ORIENTED_EDGE('',*,*,#1166,.T.);
#729=ORIENTED_EDGE('',*,*,#1248,.F.);
#730=ORIENTED_EDGE('',*,*,#1253,.F.);
#731=ORIENTED_EDGE('',*,*,#1254,.F.);
#732=ORIENTED_EDGE('',*,*,#1255,.T.);
#733=ORIENTED_EDGE('',*,*,#1256,.T.);
#734=ORIENTED_EDGE('',*,*,#1257,.F.);
#735=ORIENTED_EDGE('',*,*,#1250,.T.);
#736=ORIENTED_EDGE('',*,*,#1258,.F.);
#737=ORIENTED_EDGE('',*,*,#1259,.F.);
#738=ORIENTED_EDGE('',*,*,#1260,.F.);
#739=ORIENTED_EDGE('',*,*,#1254,.T.);
#740=ORIENTED_EDGE('',*,*,#1261,.F.);
#741=ORIENTED_EDGE('',*,*,#1256,.F.);
#742=ORIENTED_EDGE('',*,*,#1171,.F.);
#743=ORIENTED_EDGE('',*,*,#1148,.T.);
#744=ORIENTED_EDGE('',*,*,#1262,.F.);
#745=ORIENTED_EDGE('',*,*,#1263,.F.);
#746=ORIENTED_EDGE('',*,*,#1205,.F.);
#747=ORIENTED_EDGE('',*,*,#1264,.F.);
#748=ORIENTED_EDGE('',*,*,#1265,.F.);
#749=ORIENTED_EDGE('',*,*,#1206,.F.);
#750=ORIENTED_EDGE('',*,*,#1263,.T.);
#751=ORIENTED_EDGE('',*,*,#1266,.F.);
#752=ORIENTED_EDGE('',*,*,#1267,.T.);
#753=ORIENTED_EDGE('',*,*,#1268,.T.);
#754=ORIENTED_EDGE('',*,*,#1269,.T.);
#755=ORIENTED_EDGE('',*,*,#1267,.F.);
#756=ORIENTED_EDGE('',*,*,#1270,.F.);
#757=ORIENTED_EDGE('',*,*,#1271,.F.);
#758=ORIENTED_EDGE('',*,*,#1146,.T.);
#759=ORIENTED_EDGE('',*,*,#1272,.F.);
#760=ORIENTED_EDGE('',*,*,#1273,.F.);
#761=ORIENTED_EDGE('',*,*,#1268,.F.);
#762=ORIENTED_EDGE('',*,*,#1240,.T.);
#763=ORIENTED_EDGE('',*,*,#1194,.T.);
#764=ORIENTED_EDGE('',*,*,#1213,.T.);
#765=ORIENTED_EDGE('',*,*,#1192,.T.);
#766=ORIENTED_EDGE('',*,*,#1216,.F.);
#767=ORIENTED_EDGE('',*,*,#1207,.T.);
#768=ORIENTED_EDGE('',*,*,#1265,.T.);
#769=ORIENTED_EDGE('',*,*,#1274,.T.);
#770=ORIENTED_EDGE('',*,*,#1275,.T.);
#771=ORIENTED_EDGE('',*,*,#1249,.T.);
#772=ORIENTED_EDGE('',*,*,#1199,.T.);
#773=ORIENTED_EDGE('',*,*,#1210,.T.);
#774=ORIENTED_EDGE('',*,*,#1276,.T.);
#775=ORIENTED_EDGE('',*,*,#1277,.F.);
#776=ORIENTED_EDGE('',*,*,#1238,.T.);
#777=ORIENTED_EDGE('',*,*,#1236,.T.);
#778=ORIENTED_EDGE('',*,*,#1242,.T.);
#779=ORIENTED_EDGE('',*,*,#1244,.T.);
#780=ORIENTED_EDGE('',*,*,#1243,.T.);
#781=ORIENTED_EDGE('',*,*,#1189,.T.);
#782=ORIENTED_EDGE('',*,*,#1212,.T.);
#783=ORIENTED_EDGE('',*,*,#1158,.T.);
#784=ORIENTED_EDGE('',*,*,#1214,.F.);
#785=ORIENTED_EDGE('',*,*,#1197,.T.);
#786=ORIENTED_EDGE('',*,*,#1234,.T.);
#787=ORIENTED_EDGE('',*,*,#1179,.T.);
#788=ORIENTED_EDGE('',*,*,#1278,.F.);
#789=ORIENTED_EDGE('',*,*,#1279,.F.);
#790=ORIENTED_EDGE('',*,*,#1280,.F.);
#791=ORIENTED_EDGE('',*,*,#1281,.T.);
#792=ORIENTED_EDGE('',*,*,#1282,.F.);
#793=ORIENTED_EDGE('',*,*,#1283,.F.);
#794=ORIENTED_EDGE('',*,*,#1280,.T.);
#795=ORIENTED_EDGE('',*,*,#1284,.F.);
#796=ORIENTED_EDGE('',*,*,#1285,.F.);
#797=ORIENTED_EDGE('',*,*,#1286,.F.);
#798=ORIENTED_EDGE('',*,*,#1278,.T.);
#799=ORIENTED_EDGE('',*,*,#1287,.F.);
#800=ORIENTED_EDGE('',*,*,#1282,.T.);
#801=ORIENTED_EDGE('',*,*,#1288,.F.);
#802=ORIENTED_EDGE('',*,*,#1285,.T.);
#803=ORIENTED_EDGE('',*,*,#1289,.F.);
#804=ORIENTED_EDGE('',*,*,#1290,.F.);
#805=ORIENTED_EDGE('',*,*,#1291,.F.);
#806=ORIENTED_EDGE('',*,*,#1292,.F.);
#807=ORIENTED_EDGE('',*,*,#1293,.T.);
#808=ORIENTED_EDGE('',*,*,#1294,.T.);
#809=ORIENTED_EDGE('',*,*,#1295,.F.);
#810=ORIENTED_EDGE('',*,*,#1292,.T.);
#811=ORIENTED_EDGE('',*,*,#1296,.F.);
#812=ORIENTED_EDGE('',*,*,#1297,.T.);
#813=ORIENTED_EDGE('',*,*,#1298,.F.);
#814=ORIENTED_EDGE('',*,*,#1290,.T.);
#815=ORIENTED_EDGE('',*,*,#1299,.F.);
#816=ORIENTED_EDGE('',*,*,#1294,.F.);
#817=ORIENTED_EDGE('',*,*,#1300,.F.);
#818=ORIENTED_EDGE('',*,*,#1297,.F.);
#819=ORIENTED_EDGE('',*,*,#1301,.F.);
#820=ORIENTED_EDGE('',*,*,#1302,.T.);
#821=ORIENTED_EDGE('',*,*,#1303,.T.);
#822=ORIENTED_EDGE('',*,*,#1304,.F.);
#823=ORIENTED_EDGE('',*,*,#1305,.F.);
#824=ORIENTED_EDGE('',*,*,#1306,.F.);
#825=ORIENTED_EDGE('',*,*,#1307,.F.);
#826=ORIENTED_EDGE('',*,*,#1302,.F.);
#827=ORIENTED_EDGE('',*,*,#1308,.F.);
#828=ORIENTED_EDGE('',*,*,#1309,.F.);
#829=ORIENTED_EDGE('',*,*,#1310,.F.);
#830=ORIENTED_EDGE('',*,*,#1306,.T.);
#831=ORIENTED_EDGE('',*,*,#1311,.F.);
#832=ORIENTED_EDGE('',*,*,#1312,.T.);
#833=ORIENTED_EDGE('',*,*,#1313,.F.);
#834=ORIENTED_EDGE('',*,*,#1309,.T.);
#835=ORIENTED_EDGE('',*,*,#1314,.T.);
#836=ORIENTED_EDGE('',*,*,#1315,.F.);
#837=ORIENTED_EDGE('',*,*,#1316,.F.);
#838=ORIENTED_EDGE('',*,*,#1312,.F.);
#839=ORIENTED_EDGE('',*,*,#1317,.F.);
#840=ORIENTED_EDGE('',*,*,#1318,.F.);
#841=ORIENTED_EDGE('',*,*,#1319,.F.);
#842=ORIENTED_EDGE('',*,*,#1315,.T.);
#843=ORIENTED_EDGE('',*,*,#1320,.F.);
#844=ORIENTED_EDGE('',*,*,#1321,.T.);
#845=ORIENTED_EDGE('',*,*,#1322,.T.);
#846=ORIENTED_EDGE('',*,*,#1318,.T.);
#847=ORIENTED_EDGE('',*,*,#1323,.F.);
#848=ORIENTED_EDGE('',*,*,#1324,.T.);
#849=ORIENTED_EDGE('',*,*,#1126,.T.);
#850=ORIENTED_EDGE('',*,*,#1325,.F.);
#851=ORIENTED_EDGE('',*,*,#1326,.F.);
#852=ORIENTED_EDGE('',*,*,#1307,.T.);
#853=ORIENTED_EDGE('',*,*,#1327,.F.);
#854=ORIENTED_EDGE('',*,*,#1328,.T.);
#855=ORIENTED_EDGE('',*,*,#1114,.T.);
#856=ORIENTED_EDGE('',*,*,#1123,.T.);
#857=ORIENTED_EDGE('',*,*,#1324,.F.);
#858=ORIENTED_EDGE('',*,*,#1327,.T.);
#859=ORIENTED_EDGE('',*,*,#1310,.T.);
#860=ORIENTED_EDGE('',*,*,#1329,.F.);
#861=ORIENTED_EDGE('',*,*,#1330,.T.);
#862=ORIENTED_EDGE('',*,*,#1135,.T.);
#863=ORIENTED_EDGE('',*,*,#1331,.F.);
#864=ORIENTED_EDGE('',*,*,#1332,.F.);
#865=ORIENTED_EDGE('',*,*,#1319,.T.);
#866=ORIENTED_EDGE('',*,*,#1333,.F.);
#867=ORIENTED_EDGE('',*,*,#1134,.T.);
#868=ORIENTED_EDGE('',*,*,#1122,.T.);
#869=ORIENTED_EDGE('',*,*,#1334,.F.);
#870=ORIENTED_EDGE('',*,*,#1335,.F.);
#871=ORIENTED_EDGE('',*,*,#1316,.T.);
#872=ORIENTED_EDGE('',*,*,#1332,.T.);
#873=ORIENTED_EDGE('',*,*,#1331,.T.);
#874=ORIENTED_EDGE('',*,*,#1336,.T.);
#875=ORIENTED_EDGE('',*,*,#1153,.F.);
#876=ORIENTED_EDGE('',*,*,#1337,.T.);
#877=ORIENTED_EDGE('',*,*,#1149,.T.);
#878=ORIENTED_EDGE('',*,*,#1338,.T.);
#879=ORIENTED_EDGE('',*,*,#1339,.F.);
#880=ORIENTED_EDGE('',*,*,#1340,.F.);
#881=ORIENTED_EDGE('',*,*,#1154,.T.);
#882=ORIENTED_EDGE('',*,*,#1336,.F.);
#883=ORIENTED_EDGE('',*,*,#1341,.T.);
#884=ORIENTED_EDGE('',*,*,#1287,.T.);
#885=ORIENTED_EDGE('',*,*,#1338,.F.);
#886=ORIENTED_EDGE('',*,*,#1152,.T.);
#887=ORIENTED_EDGE('',*,*,#1342,.T.);
#888=ORIENTED_EDGE('',*,*,#1295,.T.);
#889=ORIENTED_EDGE('',*,*,#1343,.F.);
#890=ORIENTED_EDGE('',*,*,#1344,.T.);
#891=ORIENTED_EDGE('',*,*,#1345,.F.);
#892=ORIENTED_EDGE('',*,*,#1346,.T.);
#893=ORIENTED_EDGE('',*,*,#1347,.T.);
#894=ORIENTED_EDGE('',*,*,#1348,.T.);
#895=ORIENTED_EDGE('',*,*,#1349,.T.);
#896=ORIENTED_EDGE('',*,*,#1140,.T.);
#897=ORIENTED_EDGE('',*,*,#1350,.F.);
#898=ORIENTED_EDGE('',*,*,#1351,.F.);
#899=ORIENTED_EDGE('',*,*,#1352,.T.);
#900=ORIENTED_EDGE('',*,*,#1353,.T.);
#901=ORIENTED_EDGE('',*,*,#1354,.F.);
#902=ORIENTED_EDGE('',*,*,#1355,.F.);
#903=ORIENTED_EDGE('',*,*,#1130,.F.);
#904=ORIENTED_EDGE('',*,*,#1356,.T.);
#905=ORIENTED_EDGE('',*,*,#1348,.F.);
#906=ORIENTED_EDGE('',*,*,#1357,.F.);
#907=ORIENTED_EDGE('',*,*,#1299,.T.);
#908=ORIENTED_EDGE('',*,*,#1358,.T.);
#909=ORIENTED_EDGE('',*,*,#1225,.T.);
#910=ORIENTED_EDGE('',*,*,#1359,.T.);
#911=ORIENTED_EDGE('',*,*,#1351,.T.);
#912=ORIENTED_EDGE('',*,*,#1360,.F.);
#913=ORIENTED_EDGE('',*,*,#1220,.T.);
#914=ORIENTED_EDGE('',*,*,#1361,.F.);
#915=ORIENTED_EDGE('',*,*,#1283,.T.);
#916=ORIENTED_EDGE('',*,*,#1124,.T.);
#917=ORIENTED_EDGE('',*,*,#1116,.T.);
#918=ORIENTED_EDGE('',*,*,#1118,.F.);
#919=ORIENTED_EDGE('',*,*,#1121,.T.);
#920=ORIENTED_EDGE('',*,*,#1133,.T.);
#921=ORIENTED_EDGE('',*,*,#1138,.T.);
#922=ORIENTED_EDGE('',*,*,#1141,.T.);
#923=ORIENTED_EDGE('',*,*,#1349,.F.);
#924=ORIENTED_EDGE('',*,*,#1356,.F.);
#925=ORIENTED_EDGE('',*,*,#1224,.T.);
#926=ORIENTED_EDGE('',*,*,#1150,.F.);
#927=ORIENTED_EDGE('',*,*,#1337,.F.);
#928=ORIENTED_EDGE('',*,*,#1156,.T.);
#929=ORIENTED_EDGE('',*,*,#1221,.T.);
#930=ORIENTED_EDGE('',*,*,#1360,.T.);
#931=ORIENTED_EDGE('',*,*,#1350,.T.);
#932=ORIENTED_EDGE('',*,*,#1132,.T.);
#933=ORIENTED_EDGE('',*,*,#1129,.T.);
#934=ORIENTED_EDGE('',*,*,#1362,.F.);
#935=ORIENTED_EDGE('',*,*,#1139,.F.);
#936=ORIENTED_EDGE('',*,*,#1330,.F.);
#937=ORIENTED_EDGE('',*,*,#1333,.T.);
#938=ORIENTED_EDGE('',*,*,#1322,.F.);
#939=ORIENTED_EDGE('',*,*,#1334,.T.);
#940=ORIENTED_EDGE('',*,*,#1119,.T.);
#941=ORIENTED_EDGE('',*,*,#1328,.F.);
#942=ORIENTED_EDGE('',*,*,#1329,.T.);
#943=ORIENTED_EDGE('',*,*,#1313,.T.);
#944=ORIENTED_EDGE('',*,*,#1335,.T.);
#945=ORIENTED_EDGE('',*,*,#1363,.T.);
#946=ORIENTED_EDGE('',*,*,#1364,.T.);
#947=ORIENTED_EDGE('',*,*,#1352,.F.);
#948=ORIENTED_EDGE('',*,*,#1359,.F.);
#949=ORIENTED_EDGE('',*,*,#1289,.T.);
#950=ORIENTED_EDGE('',*,*,#1341,.F.);
#951=ORIENTED_EDGE('',*,*,#1339,.T.);
#952=ORIENTED_EDGE('',*,*,#1343,.T.);
#953=ORIENTED_EDGE('',*,*,#1301,.T.);
#954=ORIENTED_EDGE('',*,*,#1357,.T.);
#955=ORIENTED_EDGE('',*,*,#1347,.F.);
#956=ORIENTED_EDGE('',*,*,#1365,.T.);
#957=ORIENTED_EDGE('',*,*,#1366,.T.);
#958=ORIENTED_EDGE('',*,*,#1367,.T.);
#959=ORIENTED_EDGE('',*,*,#1227,.F.);
#960=ORIENTED_EDGE('',*,*,#1229,.F.);
#961=ORIENTED_EDGE('',*,*,#1231,.F.);
#962=ORIENTED_EDGE('',*,*,#1325,.T.);
#963=ORIENTED_EDGE('',*,*,#1128,.F.);
#964=ORIENTED_EDGE('',*,*,#1368,.T.);
#965=ORIENTED_EDGE('',*,*,#1303,.F.);
#966=ORIENTED_EDGE('',*,*,#1326,.T.);
#967=ORIENTED_EDGE('',*,*,#1361,.T.);
#968=ORIENTED_EDGE('',*,*,#1222,.F.);
#969=ORIENTED_EDGE('',*,*,#1340,.T.);
#970=ORIENTED_EDGE('',*,*,#1281,.F.);
#971=ORIENTED_EDGE('',*,*,#1342,.F.);
#972=ORIENTED_EDGE('',*,*,#1223,.F.);
#973=ORIENTED_EDGE('',*,*,#1358,.F.);
#974=ORIENTED_EDGE('',*,*,#1293,.F.);
#975=ORIENTED_EDGE('',*,*,#1272,.T.);
#976=ORIENTED_EDGE('',*,*,#1145,.F.);
#977=ORIENTED_EDGE('',*,*,#1369,.F.);
#978=ORIENTED_EDGE('',*,*,#1304,.T.);
#979=ORIENTED_EDGE('',*,*,#1370,.F.);
#980=ORIENTED_EDGE('',*,*,#1371,.F.);
#981=ORIENTED_EDGE('',*,*,#1255,.F.);
#982=ORIENTED_EDGE('',*,*,#1260,.T.);
#983=ORIENTED_EDGE('',*,*,#1372,.F.);
#984=ORIENTED_EDGE('',*,*,#1321,.F.);
#985=ORIENTED_EDGE('',*,*,#1368,.F.);
#986=ORIENTED_EDGE('',*,*,#1131,.T.);
#987=ORIENTED_EDGE('',*,*,#1355,.T.);
#988=ORIENTED_EDGE('',*,*,#1373,.T.);
#989=ORIENTED_EDGE('',*,*,#1273,.T.);
#990=ORIENTED_EDGE('',*,*,#1370,.T.);
#991=ORIENTED_EDGE('',*,*,#1344,.F.);
#992=ORIENTED_EDGE('',*,*,#1142,.T.);
#993=ORIENTED_EDGE('',*,*,#1362,.T.);
#994=ORIENTED_EDGE('',*,*,#1372,.T.);
#995=ORIENTED_EDGE('',*,*,#1259,.T.);
#996=ORIENTED_EDGE('',*,*,#1374,.T.);
#997=ORIENTED_EDGE('',*,*,#1253,.T.);
#998=ORIENTED_EDGE('',*,*,#1247,.T.);
#999=ORIENTED_EDGE('',*,*,#1251,.T.);
#1000=ORIENTED_EDGE('',*,*,#1257,.T.);
#1001=ORIENTED_EDGE('',*,*,#1261,.T.);
#1002=ORIENTED_EDGE('',*,*,#1262,.T.);
#1003=ORIENTED_EDGE('',*,*,#1147,.T.);
#1004=ORIENTED_EDGE('',*,*,#1271,.T.);
#1005=ORIENTED_EDGE('',*,*,#1270,.T.);
#1006=ORIENTED_EDGE('',*,*,#1266,.T.);
#1007=ORIENTED_EDGE('',*,*,#1264,.T.);
#1008=ORIENTED_EDGE('',*,*,#1204,.T.);
#1009=ORIENTED_EDGE('',*,*,#1215,.F.);
#1010=ORIENTED_EDGE('',*,*,#1172,.T.);
#1011=ORIENTED_EDGE('',*,*,#1211,.T.);
#1012=ORIENTED_EDGE('',*,*,#1202,.T.);
#1013=ORIENTED_EDGE('',*,*,#1245,.T.);
#1014=ORIENTED_EDGE('',*,*,#1168,.T.);
#1015=ORIENTED_EDGE('',*,*,#1230,.T.);
#1016=ORIENTED_EDGE('',*,*,#1186,.T.);
#1017=ORIENTED_EDGE('',*,*,#1226,.T.);
#1018=ORIENTED_EDGE('',*,*,#1182,.T.);
#1019=ORIENTED_EDGE('',*,*,#1228,.T.);
#1020=ORIENTED_EDGE('',*,*,#1184,.T.);
#1021=ORIENTED_EDGE('',*,*,#1369,.T.);
#1022=ORIENTED_EDGE('',*,*,#1144,.T.);
#1023=ORIENTED_EDGE('',*,*,#1170,.T.);
#1024=ORIENTED_EDGE('',*,*,#1175,.T.);
#1025=ORIENTED_EDGE('',*,*,#1178,.T.);
#1026=ORIENTED_EDGE('',*,*,#1232,.T.);
#1027=ORIENTED_EDGE('',*,*,#1160,.T.);
#1028=ORIENTED_EDGE('',*,*,#1164,.T.);
#1029=ORIENTED_EDGE('',*,*,#1167,.T.);
#1030=ORIENTED_EDGE('',*,*,#1252,.T.);
#1031=ORIENTED_EDGE('',*,*,#1371,.T.);
#1032=ORIENTED_EDGE('',*,*,#1323,.T.);
#1033=ORIENTED_EDGE('',*,*,#1320,.T.);
#1034=ORIENTED_EDGE('',*,*,#1317,.T.);
#1035=ORIENTED_EDGE('',*,*,#1314,.F.);
#1036=ORIENTED_EDGE('',*,*,#1311,.T.);
#1037=ORIENTED_EDGE('',*,*,#1308,.T.);
#1038=ORIENTED_EDGE('',*,*,#1305,.T.);
#1039=ORIENTED_EDGE('',*,*,#1284,.T.);
#1040=ORIENTED_EDGE('',*,*,#1279,.T.);
#1041=ORIENTED_EDGE('',*,*,#1286,.T.);
#1042=ORIENTED_EDGE('',*,*,#1288,.T.);
#1043=ORIENTED_EDGE('',*,*,#1296,.T.);
#1044=ORIENTED_EDGE('',*,*,#1291,.T.);
#1045=ORIENTED_EDGE('',*,*,#1298,.T.);
#1046=ORIENTED_EDGE('',*,*,#1300,.T.);
#1047=ORIENTED_EDGE('',*,*,#1277,.T.);
#1048=ORIENTED_EDGE('',*,*,#1375,.T.);
#1049=ORIENTED_EDGE('',*,*,#1376,.T.);
#1050=ORIENTED_EDGE('',*,*,#1377,.T.);
#1051=ORIENTED_EDGE('',*,*,#1345,.T.);
#1052=ORIENTED_EDGE('',*,*,#1374,.F.);
#1053=ORIENTED_EDGE('',*,*,#1258,.T.);
#1054=ORIENTED_EDGE('',*,*,#1378,.T.);
#1055=ORIENTED_EDGE('',*,*,#1379,.T.);
#1056=ORIENTED_EDGE('',*,*,#1380,.T.);
#1057=ORIENTED_EDGE('',*,*,#1381,.T.);
#1058=ORIENTED_EDGE('',*,*,#1382,.T.);
#1059=ORIENTED_EDGE('',*,*,#1383,.T.);
#1060=ORIENTED_EDGE('',*,*,#1274,.F.);
#1061=ORIENTED_EDGE('',*,*,#1269,.F.);
#1062=ORIENTED_EDGE('',*,*,#1373,.F.);
#1063=ORIENTED_EDGE('',*,*,#1354,.T.);
#1064=ORIENTED_EDGE('',*,*,#1384,.T.);
#1065=ORIENTED_EDGE('',*,*,#1376,.F.);
#1066=ORIENTED_EDGE('',*,*,#1385,.T.);
#1067=ORIENTED_EDGE('',*,*,#1378,.F.);
#1068=ORIENTED_EDGE('',*,*,#1386,.T.);
#1069=ORIENTED_EDGE('',*,*,#1380,.F.);
#1070=ORIENTED_EDGE('',*,*,#1387,.T.);
#1071=ORIENTED_EDGE('',*,*,#1382,.F.);
#1072=ORIENTED_EDGE('',*,*,#1388,.T.);
#1073=ORIENTED_EDGE('',*,*,#1275,.F.);
#1074=ORIENTED_EDGE('',*,*,#1383,.F.);
#1075=ORIENTED_EDGE('',*,*,#1389,.F.);
#1076=ORIENTED_EDGE('',*,*,#1217,.F.);
#1077=ORIENTED_EDGE('',*,*,#1389,.T.);
#1078=ORIENTED_EDGE('',*,*,#1387,.F.);
#1079=ORIENTED_EDGE('',*,*,#1390,.F.);
#1080=ORIENTED_EDGE('',*,*,#1218,.F.);
#1081=ORIENTED_EDGE('',*,*,#1390,.T.);
#1082=ORIENTED_EDGE('',*,*,#1379,.F.);
#1083=ORIENTED_EDGE('',*,*,#1391,.F.);
#1084=ORIENTED_EDGE('',*,*,#1219,.F.);
#1085=ORIENTED_EDGE('',*,*,#1391,.T.);
#1086=ORIENTED_EDGE('',*,*,#1385,.F.);
#1087=ORIENTED_EDGE('',*,*,#1392,.F.);
#1088=ORIENTED_EDGE('',*,*,#1208,.F.);
#1089=ORIENTED_EDGE('',*,*,#1276,.F.);
#1090=ORIENTED_EDGE('',*,*,#1209,.F.);
#1091=ORIENTED_EDGE('',*,*,#1392,.T.);
#1092=ORIENTED_EDGE('',*,*,#1375,.F.);
#1093=ORIENTED_EDGE('',*,*,#1346,.F.);
#1094=ORIENTED_EDGE('',*,*,#1377,.F.);
#1095=ORIENTED_EDGE('',*,*,#1393,.F.);
#1096=ORIENTED_EDGE('',*,*,#1365,.F.);
#1097=ORIENTED_EDGE('',*,*,#1393,.T.);
#1098=ORIENTED_EDGE('',*,*,#1386,.F.);
#1099=ORIENTED_EDGE('',*,*,#1394,.F.);
#1100=ORIENTED_EDGE('',*,*,#1366,.F.);
#1101=ORIENTED_EDGE('',*,*,#1394,.T.);
#1102=ORIENTED_EDGE('',*,*,#1381,.F.);
#1103=ORIENTED_EDGE('',*,*,#1395,.F.);
#1104=ORIENTED_EDGE('',*,*,#1367,.F.);
#1105=ORIENTED_EDGE('',*,*,#1395,.T.);
#1106=ORIENTED_EDGE('',*,*,#1388,.F.);
#1107=ORIENTED_EDGE('',*,*,#1396,.F.);
#1108=ORIENTED_EDGE('',*,*,#1363,.F.);
#1109=ORIENTED_EDGE('',*,*,#1353,.F.);
#1110=ORIENTED_EDGE('',*,*,#1364,.F.);
#1111=ORIENTED_EDGE('',*,*,#1396,.T.);
#1112=ORIENTED_EDGE('',*,*,#1384,.F.);
#1113=EDGE_CURVE('',#1397,#1398,#1579,.T.);
#1114=EDGE_CURVE('',#1399,#1397,#1580,.T.);
#1115=EDGE_CURVE('',#1400,#1399,#141,.T.);
#1116=EDGE_CURVE('',#1398,#1400,#1581,.T.);
#1117=EDGE_CURVE('',#1401,#1402,#142,.T.);
#1118=EDGE_CURVE('',#1402,#1400,#89,.T.);
#1119=EDGE_CURVE('',#1401,#1399,#90,.T.);
#1120=EDGE_CURVE('',#1403,#1404,#1582,.T.);
#1121=EDGE_CURVE('',#1402,#1403,#1583,.T.);
#1122=EDGE_CURVE('',#1404,#1401,#1584,.T.);
#1123=EDGE_CURVE('',#1397,#1405,#1585,.T.);
#1124=EDGE_CURVE('',#1406,#1398,#1586,.T.);
#1125=EDGE_CURVE('',#1407,#1406,#143,.T.);
#1126=EDGE_CURVE('',#1405,#1407,#1587,.T.);
#1127=EDGE_CURVE('',#1408,#1409,#144,.T.);
#1128=EDGE_CURVE('',#1409,#1407,#91,.T.);
#1129=EDGE_CURVE('',#1408,#1406,#92,.T.);
#1130=EDGE_CURVE('',#1410,#1411,#145,.T.);
#1131=EDGE_CURVE('',#1409,#1411,#146,.T.);
#1132=EDGE_CURVE('',#1410,#1408,#147,.T.);
#1133=EDGE_CURVE('',#1403,#1412,#1588,.T.);
#1134=EDGE_CURVE('',#1413,#1404,#1589,.T.);
#1135=EDGE_CURVE('',#1414,#1413,#1590,.T.);
#1136=EDGE_CURVE('',#1412,#1414,#148,.T.);
#1137=EDGE_CURVE('',#1415,#1416,#149,.T.);
#1138=EDGE_CURVE('',#1412,#1416,#93,.T.);
#1139=EDGE_CURVE('',#1414,#1415,#94,.T.);
#1140=EDGE_CURVE('',#1417,#1418,#150,.T.);
#1141=EDGE_CURVE('',#1416,#1417,#151,.T.);
#1142=EDGE_CURVE('',#1418,#1415,#152,.T.);
#1143=EDGE_CURVE('',#1419,#1420,#153,.T.);
#1144=EDGE_CURVE('',#1421,#1420,#154,.T.);
#1145=EDGE_CURVE('',#1421,#1422,#155,.T.);
#1146=EDGE_CURVE('',#1423,#1422,#156,.T.);
#1147=EDGE_CURVE('',#1424,#1423,#157,.T.);
#1148=EDGE_CURVE('',#1419,#1424,#158,.T.);
#1149=EDGE_CURVE('',#1425,#1426,#159,.T.);
#1150=EDGE_CURVE('',#1425,#1427,#160,.T.);
#1151=EDGE_CURVE('',#1428,#1427,#1591,.T.);
#1152=EDGE_CURVE('',#1426,#1428,#161,.T.);
#1153=EDGE_CURVE('',#1429,#1430,#162,.T.);
#1154=EDGE_CURVE('',#1431,#1430,#163,.T.);
#1155=EDGE_CURVE('',#1432,#1431,#1592,.T.);
#1156=EDGE_CURVE('',#1429,#1432,#164,.T.);
#1157=EDGE_CURVE('',#1433,#1434,#165,.T.);
#1158=EDGE_CURVE('',#1435,#1434,#166,.T.);
#1159=EDGE_CURVE('',#1435,#1436,#167,.T.);
#1160=EDGE_CURVE('',#1437,#1436,#168,.T.);
#1161=EDGE_CURVE('',#1437,#1438,#169,.T.);
#1162=EDGE_CURVE('',#1433,#1438,#170,.T.);
#1163=EDGE_CURVE('',#1439,#1440,#171,.T.);
#1164=EDGE_CURVE('',#1436,#1440,#172,.T.);
#1165=EDGE_CURVE('',#1439,#1435,#173,.T.);
#1166=EDGE_CURVE('',#1441,#1442,#174,.T.);
#1167=EDGE_CURVE('',#1440,#1441,#175,.T.);
#1168=EDGE_CURVE('',#1443,#1439,#176,.T.);
#1169=EDGE_CURVE('',#1443,#1442,#177,.T.);
#1170=EDGE_CURVE('',#1420,#1444,#178,.T.);
#1171=EDGE_CURVE('',#1419,#1445,#179,.T.);
#1172=EDGE_CURVE('',#1446,#1445,#180,.T.);
#1173=EDGE_CURVE('',#1444,#1446,#181,.T.);
#1174=EDGE_CURVE('',#1447,#1448,#182,.T.);
#1175=EDGE_CURVE('',#1444,#1447,#183,.T.);
#1176=EDGE_CURVE('',#1448,#1446,#184,.T.);
#1177=EDGE_CURVE('',#1449,#1450,#185,.T.);
#1178=EDGE_CURVE('',#1447,#1449,#186,.T.);
#1179=EDGE_CURVE('',#1451,#1448,#187,.T.);
#1180=EDGE_CURVE('',#1451,#1452,#188,.T.);
#1181=EDGE_CURVE('',#1452,#1450,#189,.T.);
#1182=EDGE_CURVE('',#1453,#1453,#95,.T.);
#1183=EDGE_CURVE('',#1454,#1454,#96,.T.);
#1184=EDGE_CURVE('',#1455,#1455,#97,.T.);
#1185=EDGE_CURVE('',#1456,#1456,#98,.T.);
#1186=EDGE_CURVE('',#1457,#1457,#99,.T.);
#1187=EDGE_CURVE('',#1458,#1458,#100,.T.);
#1188=EDGE_CURVE('',#1459,#1460,#190,.T.);
#1189=EDGE_CURVE('',#1461,#1460,#191,.T.);
#1190=EDGE_CURVE('',#1462,#1461,#192,.T.);
#1191=EDGE_CURVE('',#1463,#1462,#193,.T.);
#1192=EDGE_CURVE('',#1459,#1463,#194,.T.);
#1193=EDGE_CURVE('',#1464,#1465,#195,.T.);
#1194=EDGE_CURVE('',#1466,#1464,#196,.T.);
#1195=EDGE_CURVE('',#1466,#1467,#197,.T.);
#1196=EDGE_CURVE('',#1468,#1467,#198,.T.);
#1197=EDGE_CURVE('',#1465,#1468,#199,.T.);
#1198=EDGE_CURVE('',#1469,#1470,#200,.T.);
#1199=EDGE_CURVE('',#1471,#1469,#201,.T.);
#1200=EDGE_CURVE('',#1472,#1471,#202,.T.);
#1201=EDGE_CURVE('',#1472,#1473,#203,.T.);
#1202=EDGE_CURVE('',#1470,#1473,#204,.T.);
#1203=EDGE_CURVE('',#1474,#1475,#205,.T.);
#1204=EDGE_CURVE('',#1476,#1475,#206,.T.);
#1205=EDGE_CURVE('',#1476,#1477,#207,.T.);
#1206=EDGE_CURVE('',#1477,#1478,#208,.T.);
#1207=EDGE_CURVE('',#1474,#1478,#209,.T.);
#1208=EDGE_CURVE('',#1479,#1480,#1593,.T.);
#1209=EDGE_CURVE('',#1480,#1481,#210,.T.);
#1210=EDGE_CURVE('',#1469,#1481,#211,.T.);
#1211=EDGE_CURVE('',#1439,#1470,#212,.T.);
#1212=EDGE_CURVE('',#1460,#1435,#213,.T.);
#1213=EDGE_CURVE('',#1464,#1459,#214,.T.);
#1214=EDGE_CURVE('',#1465,#1448,#215,.T.);
#1215=EDGE_CURVE('',#1446,#1475,#216,.T.);
#1216=EDGE_CURVE('',#1474,#1482,#217,.T.);
#1217=EDGE_CURVE('',#1482,#1483,#218,.T.);
#1218=EDGE_CURVE('',#1483,#1484,#1594,.T.);
#1219=EDGE_CURVE('',#1484,#1479,#219,.T.);
#1220=EDGE_CURVE('',#1485,#1486,#1595,.T.);
#1221=EDGE_CURVE('',#1432,#1485,#101,.T.);
#1222=EDGE_CURVE('',#1431,#1486,#102,.T.);
#1223=EDGE_CURVE('',#1487,#1428,#103,.T.);
#1224=EDGE_CURVE('',#1488,#1427,#104,.T.);
#1225=EDGE_CURVE('',#1487,#1488,#1596,.T.);
#1226=EDGE_CURVE('',#1489,#1489,#105,.T.);
#1227=EDGE_CURVE('',#1490,#1490,#106,.T.);
#1228=EDGE_CURVE('',#1491,#1491,#107,.T.);
#1229=EDGE_CURVE('',#1492,#1492,#108,.T.);
#1230=EDGE_CURVE('',#1493,#1493,#109,.T.);
#1231=EDGE_CURVE('',#1494,#1494,#110,.T.);
#1232=EDGE_CURVE('',#1449,#1437,#220,.T.);
#1233=EDGE_CURVE('',#1438,#1450,#221,.T.);
#1234=EDGE_CURVE('',#1468,#1451,#222,.T.);
#1235=EDGE_CURVE('',#1467,#1495,#223,.T.);
#1236=EDGE_CURVE('',#1496,#1495,#224,.T.);
#1237=EDGE_CURVE('',#1452,#1496,#225,.T.);
#1238=EDGE_CURVE('',#1497,#1496,#226,.T.);
#1239=EDGE_CURVE('',#1433,#1497,#227,.T.);
#1240=EDGE_CURVE('',#1463,#1466,#228,.T.);
#1241=EDGE_CURVE('',#1498,#1462,#229,.T.);
#1242=EDGE_CURVE('',#1495,#1498,#230,.T.);
#1243=EDGE_CURVE('',#1434,#1461,#231,.T.);
#1244=EDGE_CURVE('',#1498,#1497,#232,.T.);
#1245=EDGE_CURVE('',#1473,#1443,#233,.T.);
#1246=EDGE_CURVE('',#1472,#1499,#234,.T.);
#1247=EDGE_CURVE('',#1500,#1499,#235,.T.);
#1248=EDGE_CURVE('',#1500,#1442,#236,.T.);
#1249=EDGE_CURVE('',#1501,#1471,#237,.T.);
#1250=EDGE_CURVE('',#1502,#1501,#238,.T.);
#1251=EDGE_CURVE('',#1499,#1502,#239,.T.);
#1252=EDGE_CURVE('',#1441,#1503,#240,.T.);
#1253=EDGE_CURVE('',#1504,#1500,#241,.T.);
#1254=EDGE_CURVE('',#1505,#1504,#242,.T.);
#1255=EDGE_CURVE('',#1505,#1503,#243,.T.);
#1256=EDGE_CURVE('',#1506,#1507,#244,.T.);
#1257=EDGE_CURVE('',#1502,#1507,#245,.T.);
#1258=EDGE_CURVE('',#1506,#1501,#246,.T.);
#1259=EDGE_CURVE('',#1508,#1506,#247,.T.);
#1260=EDGE_CURVE('',#1505,#1508,#248,.T.);
#1261=EDGE_CURVE('',#1507,#1504,#249,.T.);
#1262=EDGE_CURVE('',#1509,#1424,#250,.T.);
#1263=EDGE_CURVE('',#1477,#1509,#251,.T.);
#1264=EDGE_CURVE('',#1445,#1476,#252,.T.);
#1265=EDGE_CURVE('',#1478,#1510,#253,.T.);
#1266=EDGE_CURVE('',#1511,#1509,#254,.T.);
#1267=EDGE_CURVE('',#1511,#1510,#255,.T.);
#1268=EDGE_CURVE('',#1512,#1513,#256,.T.);
#1269=EDGE_CURVE('',#1513,#1510,#257,.T.);
#1270=EDGE_CURVE('',#1512,#1511,#258,.T.);
#1271=EDGE_CURVE('',#1423,#1512,#259,.T.);
#1272=EDGE_CURVE('',#1514,#1422,#260,.T.);
#1273=EDGE_CURVE('',#1513,#1514,#261,.T.);
#1274=EDGE_CURVE('',#1510,#1515,#262,.T.);
#1275=EDGE_CURVE('',#1515,#1482,#263,.T.);
#1276=EDGE_CURVE('',#1481,#1516,#264,.F.);
#1277=EDGE_CURVE('',#1501,#1516,#265,.T.);
#1278=EDGE_CURVE('',#1517,#1518,#111,.T.);
#1279=EDGE_CURVE('',#1519,#1517,#112,.T.);
#1280=EDGE_CURVE('',#1520,#1519,#113,.T.);
#1281=EDGE_CURVE('',#1520,#1518,#114,.T.);
#1282=EDGE_CURVE('',#1521,#1522,#266,.T.);
#1283=EDGE_CURVE('',#1520,#1521,#267,.T.);
#1284=EDGE_CURVE('',#1522,#1519,#268,.T.);
#1285=EDGE_CURVE('',#1523,#1524,#269,.T.);
#1286=EDGE_CURVE('',#1517,#1523,#270,.T.);
#1287=EDGE_CURVE('',#1524,#1518,#271,.T.);
#1288=EDGE_CURVE('',#1523,#1522,#272,.T.);
#1289=EDGE_CURVE('',#1521,#1524,#273,.T.);
#1290=EDGE_CURVE('',#1525,#1526,#115,.T.);
#1291=EDGE_CURVE('',#1527,#1525,#116,.T.);
#1292=EDGE_CURVE('',#1528,#1527,#117,.T.);
#1293=EDGE_CURVE('',#1528,#1526,#118,.T.);
#1294=EDGE_CURVE('',#1529,#1530,#274,.T.);
#1295=EDGE_CURVE('',#1528,#1530,#275,.T.);
#1296=EDGE_CURVE('',#1529,#1527,#276,.T.);
#1297=EDGE_CURVE('',#1531,#1532,#277,.T.);
#1298=EDGE_CURVE('',#1525,#1532,#278,.T.);
#1299=EDGE_CURVE('',#1531,#1526,#279,.T.);
#1300=EDGE_CURVE('',#1532,#1529,#280,.T.);
#1301=EDGE_CURVE('',#1530,#1531,#281,.T.);
#1302=EDGE_CURVE('',#1533,#1534,#282,.T.);
#1303=EDGE_CURVE('',#1534,#1535,#119,.T.);
#1304=EDGE_CURVE('',#1536,#1535,#283,.T.);
#1305=EDGE_CURVE('',#1533,#1536,#120,.T.);
#1306=EDGE_CURVE('',#1537,#1538,#1597,.T.);
#1307=EDGE_CURVE('',#1534,#1537,#1598,.T.);
#1308=EDGE_CURVE('',#1538,#1533,#1599,.T.);
#1309=EDGE_CURVE('',#1539,#1540,#284,.T.);
#1310=EDGE_CURVE('',#1537,#1539,#1600,.T.);
#1311=EDGE_CURVE('',#1540,#1538,#1601,.T.);
#1312=EDGE_CURVE('',#1541,#1542,#285,.T.);
#1313=EDGE_CURVE('',#1539,#1542,#121,.T.);
#1314=EDGE_CURVE('',#1540,#1541,#122,.T.);
#1315=EDGE_CURVE('',#1543,#1544,#1602,.T.);
#1316=EDGE_CURVE('',#1542,#1543,#1603,.T.);
#1317=EDGE_CURVE('',#1544,#1541,#1604,.T.);
#1318=EDGE_CURVE('',#1545,#1546,#286,.T.);
#1319=EDGE_CURVE('',#1543,#1545,#1605,.T.);
#1320=EDGE_CURVE('',#1546,#1544,#1606,.T.);
#1321=EDGE_CURVE('',#1547,#1548,#287,.T.);
#1322=EDGE_CURVE('',#1548,#1545,#123,.T.);
#1323=EDGE_CURVE('',#1547,#1546,#124,.T.);
#1324=EDGE_CURVE('',#1549,#1405,#288,.T.);
#1325=EDGE_CURVE('',#1550,#1407,#289,.T.);
#1326=EDGE_CURVE('',#1534,#1550,#290,.T.);
#1327=EDGE_CURVE('',#1549,#1537,#291,.T.);
#1328=EDGE_CURVE('',#1551,#1399,#292,.T.);
#1329=EDGE_CURVE('',#1551,#1539,#293,.T.);
#1330=EDGE_CURVE('',#1552,#1414,#294,.T.);
#1331=EDGE_CURVE('',#1553,#1413,#295,.T.);
#1332=EDGE_CURVE('',#1543,#1553,#296,.T.);
#1333=EDGE_CURVE('',#1552,#1545,#297,.T.);
#1334=EDGE_CURVE('',#1554,#1401,#298,.T.);
#1335=EDGE_CURVE('',#1542,#1554,#299,.T.);
#1336=EDGE_CURVE('',#1555,#1430,#300,.T.);
#1337=EDGE_CURVE('',#1429,#1425,#301,.T.);
#1338=EDGE_CURVE('',#1426,#1556,#302,.T.);
#1339=EDGE_CURVE('',#1555,#1556,#303,.T.);
#1340=EDGE_CURVE('',#1431,#1518,#304,.T.);
#1341=EDGE_CURVE('',#1555,#1524,#305,.T.);
#1342=EDGE_CURVE('',#1428,#1528,#306,.T.);
#1343=EDGE_CURVE('',#1556,#1530,#307,.T.);
#1344=EDGE_CURVE('',#1418,#1557,#308,.T.);
#1345=EDGE_CURVE('',#1558,#1557,#309,.T.);
#1346=EDGE_CURVE('',#1558,#1559,#310,.F.);
#1347=EDGE_CURVE('',#1559,#1560,#311,.T.);
#1348=EDGE_CURVE('',#1560,#1561,#312,.T.);
#1349=EDGE_CURVE('',#1561,#1417,#313,.T.);
#1350=EDGE_CURVE('',#1562,#1410,#314,.T.);
#1351=EDGE_CURVE('',#1563,#1562,#315,.T.);
#1352=EDGE_CURVE('',#1563,#1564,#316,.T.);
#1353=EDGE_CURVE('',#1564,#1565,#317,.F.);
#1354=EDGE_CURVE('',#1566,#1565,#318,.F.);
#1355=EDGE_CURVE('',#1411,#1566,#319,.T.);
#1356=EDGE_CURVE('',#1488,#1561,#320,.T.);
#1357=EDGE_CURVE('',#1531,#1560,#321,.T.);
#1358=EDGE_CURVE('',#1526,#1487,#322,.T.);
#1359=EDGE_CURVE('',#1521,#1563,#323,.T.);
#1360=EDGE_CURVE('',#1485,#1562,#324,.T.);
#1361=EDGE_CURVE('',#1520,#1486,#325,.T.);
#1362=EDGE_CURVE('',#1415,#1548,#326,.T.);
#1363=EDGE_CURVE('',#1567,#1568,#1607,.T.);
#1364=EDGE_CURVE('',#1568,#1564,#327,.T.);
#1365=EDGE_CURVE('',#1559,#1569,#328,.T.);
#1366=EDGE_CURVE('',#1569,#1570,#1608,.T.);
#1367=EDGE_CURVE('',#1570,#1567,#329,.T.);
#1368=EDGE_CURVE('',#1409,#1535,#330,.T.);
#1369=EDGE_CURVE('',#1536,#1421,#331,.T.);
#1370=EDGE_CURVE('',#1514,#1535,#332,.T.);
#1371=EDGE_CURVE('',#1503,#1547,#333,.T.);
#1372=EDGE_CURVE('',#1548,#1508,#334,.T.);
#1373=EDGE_CURVE('',#1566,#1513,#335,.T.);
#1374=EDGE_CURVE('',#1506,#1557,#336,.T.);
#1375=EDGE_CURVE('',#1516,#1571,#337,.T.);
#1376=EDGE_CURVE('',#1571,#1572,#1609,.T.);
#1377=EDGE_CURVE('',#1572,#1558,#338,.T.);
#1378=EDGE_CURVE('',#1573,#1574,#1610,.T.);
#1379=EDGE_CURVE('',#1574,#1575,#339,.T.);
#1380=EDGE_CURVE('',#1575,#1576,#1611,.T.);
#1381=EDGE_CURVE('',#1576,#1573,#340,.T.);
#1382=EDGE_CURVE('',#1577,#1578,#1612,.T.);
#1383=EDGE_CURVE('',#1578,#1515,#341,.T.);
#1384=EDGE_CURVE('',#1565,#1577,#342,.T.);
#1385=EDGE_CURVE('',#1571,#1574,#1613,.T.);
#1386=EDGE_CURVE('',#1573,#1572,#1614,.T.);
#1387=EDGE_CURVE('',#1575,#1578,#1615,.T.);
#1388=EDGE_CURVE('',#1577,#1576,#1616,.T.);
#1389=EDGE_CURVE('',#1483,#1578,#1617,.F.);
#1390=EDGE_CURVE('',#1484,#1575,#1618,.T.);
#1391=EDGE_CURVE('',#1479,#1574,#1619,.F.);
#1392=EDGE_CURVE('',#1480,#1571,#1620,.T.);
#1393=EDGE_CURVE('',#1569,#1572,#1621,.F.);
#1394=EDGE_CURVE('',#1570,#1573,#1622,.T.);
#1395=EDGE_CURVE('',#1567,#1576,#1623,.F.);
#1396=EDGE_CURVE('',#1568,#1577,#1624,.T.);
#1397=VERTEX_POINT('',#2635);
#1398=VERTEX_POINT('',#2636);
#1399=VERTEX_POINT('',#2641);
#1400=VERTEX_POINT('',#2643);
#1401=VERTEX_POINT('',#2650);
#1402=VERTEX_POINT('',#2651);
#1403=VERTEX_POINT('',#2674);
#1404=VERTEX_POINT('',#2675);
#1405=VERTEX_POINT('',#2801);
#1406=VERTEX_POINT('',#2812);
#1407=VERTEX_POINT('',#2814);
#1408=VERTEX_POINT('',#2824);
#1409=VERTEX_POINT('',#2825);
#1410=VERTEX_POINT('',#2830);
#1411=VERTEX_POINT('',#2831);
#1412=VERTEX_POINT('',#2955);
#1413=VERTEX_POINT('',#2961);
#1414=VERTEX_POINT('',#2969);
#1415=VERTEX_POINT('',#2973);
#1416=VERTEX_POINT('',#2974);
#1417=VERTEX_POINT('',#2979);
#1418=VERTEX_POINT('',#2980);
#1419=VERTEX_POINT('',#2985);
#1420=VERTEX_POINT('',#2986);
#1421=VERTEX_POINT('',#2988);
#1422=VERTEX_POINT('',#2990);
#1423=VERTEX_POINT('',#2992);
#1424=VERTEX_POINT('',#2994);
#1425=VERTEX_POINT('',#2998);
#1426=VERTEX_POINT('',#2999);
#1427=VERTEX_POINT('',#3001);
#1428=VERTEX_POINT('',#3006);
#1429=VERTEX_POINT('',#3010);
#1430=VERTEX_POINT('',#3011);
#1431=VERTEX_POINT('',#3013);
#1432=VERTEX_POINT('',#3018);
#1433=VERTEX_POINT('',#3022);
#1434=VERTEX_POINT('',#3023);
#1435=VERTEX_POINT('',#3025);
#1436=VERTEX_POINT('',#3027);
#1437=VERTEX_POINT('',#3029);
#1438=VERTEX_POINT('',#3031);
#1439=VERTEX_POINT('',#3035);
#1440=VERTEX_POINT('',#3036);
#1441=VERTEX_POINT('',#3041);
#1442=VERTEX_POINT('',#3042);
#1443=VERTEX_POINT('',#3045);
#1444=VERTEX_POINT('',#3049);
#1445=VERTEX_POINT('',#3051);
#1446=VERTEX_POINT('',#3053);
#1447=VERTEX_POINT('',#3057);
#1448=VERTEX_POINT('',#3058);
#1449=VERTEX_POINT('',#3063);
#1450=VERTEX_POINT('',#3064);
#1451=VERTEX_POINT('',#3067);
#1452=VERTEX_POINT('',#3069);
#1453=VERTEX_POINT('',#3073);
#1454=VERTEX_POINT('',#3075);
#1455=VERTEX_POINT('',#3078);
#1456=VERTEX_POINT('',#3080);
#1457=VERTEX_POINT('',#3083);
#1458=VERTEX_POINT('',#3085);
#1459=VERTEX_POINT('',#3088);
#1460=VERTEX_POINT('',#3089);
#1461=VERTEX_POINT('',#3091);
#1462=VERTEX_POINT('',#3093);
#1463=VERTEX_POINT('',#3095);
#1464=VERTEX_POINT('',#3099);
#1465=VERTEX_POINT('',#3100);
#1466=VERTEX_POINT('',#3102);
#1467=VERTEX_POINT('',#3104);
#1468=VERTEX_POINT('',#3106);
#1469=VERTEX_POINT('',#3110);
#1470=VERTEX_POINT('',#3111);
#1471=VERTEX_POINT('',#3113);
#1472=VERTEX_POINT('',#3115);
#1473=VERTEX_POINT('',#3117);
#1474=VERTEX_POINT('',#3121);
#1475=VERTEX_POINT('',#3122);
#1476=VERTEX_POINT('',#3124);
#1477=VERTEX_POINT('',#3126);
#1478=VERTEX_POINT('',#3128);
#1479=VERTEX_POINT('',#3135);
#1480=VERTEX_POINT('',#3136);
#1481=VERTEX_POINT('',#3138);
#1482=VERTEX_POINT('',#3146);
#1483=VERTEX_POINT('',#3148);
#1484=VERTEX_POINT('',#3153);
#1485=VERTEX_POINT('',#3160);
#1486=VERTEX_POINT('',#3161);
#1487=VERTEX_POINT('',#3166);
#1488=VERTEX_POINT('',#3168);
#1489=VERTEX_POINT('',#3175);
#1490=VERTEX_POINT('',#3177);
#1491=VERTEX_POINT('',#3180);
#1492=VERTEX_POINT('',#3182);
#1493=VERTEX_POINT('',#3185);
#1494=VERTEX_POINT('',#3187);
#1495=VERTEX_POINT('',#3194);
#1496=VERTEX_POINT('',#3196);
#1497=VERTEX_POINT('',#3200);
#1498=VERTEX_POINT('',#3205);
#1499=VERTEX_POINT('',#3213);
#1500=VERTEX_POINT('',#3215);
#1501=VERTEX_POINT('',#3219);
#1502=VERTEX_POINT('',#3221);
#1503=VERTEX_POINT('',#3225);
#1504=VERTEX_POINT('',#3227);
#1505=VERTEX_POINT('',#3229);
#1506=VERTEX_POINT('',#3233);
#1507=VERTEX_POINT('',#3234);
#1508=VERTEX_POINT('',#3239);
#1509=VERTEX_POINT('',#3244);
#1510=VERTEX_POINT('',#3249);
#1511=VERTEX_POINT('',#3251);
#1512=VERTEX_POINT('',#3255);
#1513=VERTEX_POINT('',#3256);
#1514=VERTEX_POINT('',#3262);
#1515=VERTEX_POINT('',#3267);
#1516=VERTEX_POINT('',#3271);
#1517=VERTEX_POINT('',#3278);
#1518=VERTEX_POINT('',#3279);
#1519=VERTEX_POINT('',#3281);
#1520=VERTEX_POINT('',#3283);
#1521=VERTEX_POINT('',#3287);
#1522=VERTEX_POINT('',#3288);
#1523=VERTEX_POINT('',#3293);
#1524=VERTEX_POINT('',#3294);
#1525=VERTEX_POINT('',#3302);
#1526=VERTEX_POINT('',#3303);
#1527=VERTEX_POINT('',#3305);
#1528=VERTEX_POINT('',#3307);
#1529=VERTEX_POINT('',#3311);
#1530=VERTEX_POINT('',#3312);
#1531=VERTEX_POINT('',#3317);
#1532=VERTEX_POINT('',#3318);
#1533=VERTEX_POINT('',#3326);
#1534=VERTEX_POINT('',#3327);
#1535=VERTEX_POINT('',#3329);
#1536=VERTEX_POINT('',#3331);
#1537=VERTEX_POINT('',#3387);
#1538=VERTEX_POINT('',#3388);
#1539=VERTEX_POINT('',#3428);
#1540=VERTEX_POINT('',#3429);
#1541=VERTEX_POINT('',#3442);
#1542=VERTEX_POINT('',#3443);
#1543=VERTEX_POINT('',#3474);
#1544=VERTEX_POINT('',#3475);
#1545=VERTEX_POINT('',#3527);
#1546=VERTEX_POINT('',#3528);
#1547=VERTEX_POINT('',#3545);
#1548=VERTEX_POINT('',#3546);
#1549=VERTEX_POINT('',#3558);
#1550=VERTEX_POINT('',#3560);
#1551=VERTEX_POINT('',#3572);
#1552=VERTEX_POINT('',#3583);
#1553=VERTEX_POINT('',#3585);
#1554=VERTEX_POINT('',#3597);
#1555=VERTEX_POINT('',#3601);
#1556=VERTEX_POINT('',#3604);
#1557=VERTEX_POINT('',#3614);
#1558=VERTEX_POINT('',#3616);
#1559=VERTEX_POINT('',#3618);
#1560=VERTEX_POINT('',#3620);
#1561=VERTEX_POINT('',#3622);
#1562=VERTEX_POINT('',#3626);
#1563=VERTEX_POINT('',#3628);
#1564=VERTEX_POINT('',#3630);
#1565=VERTEX_POINT('',#3632);
#1566=VERTEX_POINT('',#3634);
#1567=VERTEX_POINT('',#3653);
#1568=VERTEX_POINT('',#3654);
#1569=VERTEX_POINT('',#3657);
#1570=VERTEX_POINT('',#3662);
#1571=VERTEX_POINT('',#3688);
#1572=VERTEX_POINT('',#3693);
#1573=VERTEX_POINT('',#3700);
#1574=VERTEX_POINT('',#3701);
#1575=VERTEX_POINT('',#3703);
#1576=VERTEX_POINT('',#3708);
#1577=VERTEX_POINT('',#3715);
#1578=VERTEX_POINT('',#3716);
#1579=B_SPLINE_CURVE_WITH_KNOTS('',3,(#2631,#2632,#2633,#2634),
 .UNSPECIFIED.,.F.,.F.,(4,4),(1.7347234759768E-18,0.000599884774615104),
 .UNSPECIFIED.);
#1580=B_SPLINE_CURVE_WITH_KNOTS('',3,(#2637,#2638,#2639,#2640),
 .UNSPECIFIED.,.F.,.F.,(4,4),(0.,0.00106012036099914),.UNSPECIFIED.);
#1581=B_SPLINE_CURVE_WITH_KNOTS('',3,(#2644,#2645,#2646,#2647),
 .UNSPECIFIED.,.F.,.F.,(4,4),(3.10316769155909E-17,0.000691827639690648),
 .UNSPECIFIED.);
#1582=B_SPLINE_CURVE_WITH_KNOTS('',3,(#2670,#2671,#2672,#2673),
 .UNSPECIFIED.,.F.,.F.,(4,4),(0.,0.000599795161679699),.UNSPECIFIED.);
#1583=B_SPLINE_CURVE_WITH_KNOTS('',3,(#2676,#2677,#2678,#2679),
 .UNSPECIFIED.,.F.,.F.,(4,4),(0.,1.),.UNSPECIFIED.);
#1584=B_SPLINE_CURVE_WITH_KNOTS('',3,(#2680,#2681,#2682,#2683),
 .UNSPECIFIED.,.F.,.F.,(4,4),(0.,0.00105798901976667),.UNSPECIFIED.);
#1585=B_SPLINE_CURVE_WITH_KNOTS('',3,(#2796,#2797,#2798,#2799,#2800),
 .UNSPECIFIED.,.F.,.F.,(4,1,4),(0.,0.000721980541762517,0.00144396108352503),
 .UNSPECIFIED.);
#1586=B_SPLINE_CURVE_WITH_KNOTS('',3,(#2802,#2803,#2804,#2805,#2806,#2807,
#2808,#2809,#2810,#2811),.UNSPECIFIED.,.F.,.F.,(4,1,1,1,1,1,1,4),(6.93889390390723E-18,
0.000313896716407118,0.000627793432814229,0.00094169014922134,0.00125558686562845,
0.00156948358203556,0.00188338029844267,0.0025111737312569),
 .UNSPECIFIED.);
#1587=B_SPLINE_CURVE_WITH_KNOTS('',3,(#2815,#2816,#2817,#2818,#2819,#2820,
#2821),.UNSPECIFIED.,.F.,.F.,(4,1,1,1,4),(3.01584011206374E-14,0.000838558314767461,
0.00167711662950476,0.00251567494424207,0.00335423325897937),
 .UNSPECIFIED.);
#1588=B_SPLINE_CURVE_WITH_KNOTS('',3,(#2946,#2947,#2948,#2949,#2950,#2951,
#2952,#2953,#2954),.UNSPECIFIED.,.F.,.F.,(4,1,1,1,1,1,4),(0.,0.00063275259188797,
0.000949128887831955,0.00126550518377594,0.00158188147971993,0.00189825777566391,
0.00253101036755188),.UNSPECIFIED.);
#1589=B_SPLINE_CURVE_WITH_KNOTS('',3,(#2956,#2957,#2958,#2959,#2960),
 .UNSPECIFIED.,.F.,.F.,(4,1,4),(0.,0.000719602345103953,0.00143920469020791),
 .UNSPECIFIED.);
#1590=B_SPLINE_CURVE_WITH_KNOTS('',3,(#2962,#2963,#2964,#2965,#2966,#2967,
#2968),.UNSPECIFIED.,.F.,.F.,(4,1,1,1,4),(0.,0.000843507589081611,0.00168701517816322,
0.00253052276724483,0.00337403035632644),.UNSPECIFIED.);
#1591=B_SPLINE_CURVE_WITH_KNOTS('',3,(#3002,#3003,#3004,#3005),
 .UNSPECIFIED.,.F.,.F.,(4,4),(0.,0.00204766544960102),.UNSPECIFIED.);
#1592=B_SPLINE_CURVE_WITH_KNOTS('',3,(#3014,#3015,#3016,#3017),
 .UNSPECIFIED.,.F.,.F.,(4,4),(-0.00170918229849095,0.000338483151110002),
 .UNSPECIFIED.);
#1593=B_SPLINE_CURVE_WITH_KNOTS('',3,(#3131,#3132,#3133,#3134),
 .UNSPECIFIED.,.F.,.F.,(4,4),(0.,1.),.UNSPECIFIED.);
#1594=B_SPLINE_CURVE_WITH_KNOTS('',3,(#3149,#3150,#3151,#3152),
 .UNSPECIFIED.,.F.,.F.,(4,4),(0.,1.),.UNSPECIFIED.);
#1595=B_SPLINE_CURVE_WITH_KNOTS('',3,(#3156,#3157,#3158,#3159),
 .UNSPECIFIED.,.F.,.F.,(4,4),(1.55158384577955E-17,0.00273159279682159),
 .UNSPECIFIED.);
#1596=B_SPLINE_CURVE_WITH_KNOTS('',3,(#3169,#3170,#3171,#3172),
 .UNSPECIFIED.,.F.,.F.,(4,4),(0.,0.00273159279682162),.UNSPECIFIED.);
#1597=B_SPLINE_CURVE_WITH_KNOTS('',3,(#3383,#3384,#3385,#3386),
 .UNSPECIFIED.,.F.,.F.,(4,4),(3.80280507913798E-16,0.000283827289642896),
 .UNSPECIFIED.);
#1598=B_SPLINE_CURVE_WITH_KNOTS('',3,(#3389,#3390,#3391,#3392,#3393,#3394,
#3395),.UNSPECIFIED.,.F.,.F.,(4,1,1,1,4),(0.,0.000848484842521284,0.00169696968504257,
0.00254545452756385,0.00339393937008514),.UNSPECIFIED.);
#1599=B_SPLINE_CURVE_WITH_KNOTS('',3,(#3396,#3397,#3398,#3399,#3400,#3401,
#3402),.UNSPECIFIED.,.F.,.F.,(4,1,1,1,4),(1.38777878078145E-17,0.00075695009473772,
0.00151390018947543,0.00227085028421313,0.00302780037895084),
 .UNSPECIFIED.);
#1600=B_SPLINE_CURVE_WITH_KNOTS('',3,(#3430,#3431,#3432,#3433,#3434),
 .UNSPECIFIED.,.F.,.F.,(4,1,4),(0.,0.0011771940288038,0.00235438805760761),
 .UNSPECIFIED.);
#1601=B_SPLINE_CURVE_WITH_KNOTS('',3,(#3435,#3436,#3437,#3438,#3439),
 .UNSPECIFIED.,.F.,.F.,(4,1,4),(0.,0.00104524451257474,0.00209048902514948),
 .UNSPECIFIED.);
#1602=B_SPLINE_CURVE_WITH_KNOTS('',3,(#3470,#3471,#3472,#3473),
 .UNSPECIFIED.,.F.,.F.,(4,4),(3.82725762567405E-16,0.000283831278169907),
 .UNSPECIFIED.);
#1603=B_SPLINE_CURVE_WITH_KNOTS('',3,(#3476,#3477,#3478,#3479,#3480),
 .UNSPECIFIED.,.F.,.F.,(4,1,4),(0.,0.00118107522689461,0.00236215045378921),
 .UNSPECIFIED.);
#1604=B_SPLINE_CURVE_WITH_KNOTS('',3,(#3481,#3482,#3483,#3484,#3485),
 .UNSPECIFIED.,.F.,.F.,(4,1,4),(0.,0.00104035075922266,0.00208070151844532),
 .UNSPECIFIED.);
#1605=B_SPLINE_CURVE_WITH_KNOTS('',3,(#3529,#3530,#3531,#3532,#3533,#3534,
#3535),.UNSPECIFIED.,.F.,.F.,(4,1,1,1,4),(1.33042669242877E-14,0.000848265446334808,
0.00169653089265631,0.00254479633897782,0.00339306178529932),
 .UNSPECIFIED.);
#1606=B_SPLINE_CURVE_WITH_KNOTS('',3,(#3536,#3537,#3538,#3539,#3540,#3541,
#3542),.UNSPECIFIED.,.F.,.F.,(4,1,1,1,4),(4.9065389333868E-17,0.000758588784136264,
0.00151717756827248,0.00227576635240869,0.00303435513654491),
 .UNSPECIFIED.);
#1607=B_SPLINE_CURVE_WITH_KNOTS('',3,(#3649,#3650,#3651,#3652),
 .UNSPECIFIED.,.F.,.F.,(4,4),(0.,1.),.UNSPECIFIED.);
#1608=B_SPLINE_CURVE_WITH_KNOTS('',3,(#3658,#3659,#3660,#3661),
 .UNSPECIFIED.,.F.,.F.,(4,4),(0.,1.),.UNSPECIFIED.);
#1609=B_SPLINE_CURVE_WITH_KNOTS('',3,(#3689,#3690,#3691,#3692),
 .UNSPECIFIED.,.F.,.F.,(4,4),(0.133333333333332,0.866666666666668),
 .UNSPECIFIED.);
#1610=B_SPLINE_CURVE_WITH_KNOTS('',3,(#3696,#3697,#3698,#3699),
 .UNSPECIFIED.,.F.,.F.,(4,4),(0.133333333333332,0.866666666666668),
 .UNSPECIFIED.);
#1611=B_SPLINE_CURVE_WITH_KNOTS('',3,(#3704,#3705,#3706,#3707),
 .UNSPECIFIED.,.F.,.F.,(4,4),(0.133333333333332,0.866666666666668),
 .UNSPECIFIED.);
#1612=B_SPLINE_CURVE_WITH_KNOTS('',3,(#3711,#3712,#3713,#3714),
 .UNSPECIFIED.,.F.,.F.,(4,4),(0.133333333333332,0.866666666666668),
 .UNSPECIFIED.);
#1613=B_SPLINE_CURVE_WITH_KNOTS('',3,(#3727,#3728,#3729,#3730),
 .UNSPECIFIED.,.F.,.F.,(4,4),(0.,1.),.UNSPECIFIED.);
#1614=B_SPLINE_CURVE_WITH_KNOTS('',3,(#3731,#3732,#3733,#3734),
 .UNSPECIFIED.,.F.,.F.,(4,4),(0.,1.),.UNSPECIFIED.);
#1615=B_SPLINE_CURVE_WITH_KNOTS('',3,(#3743,#3744,#3745,#3746),
 .UNSPECIFIED.,.F.,.F.,(4,4),(0.,1.),.UNSPECIFIED.);
#1616=B_SPLINE_CURVE_WITH_KNOTS('',3,(#3747,#3748,#3749,#3750),
 .UNSPECIFIED.,.F.,.F.,(4,4),(0.,1.),.UNSPECIFIED.);
#1617=B_SPLINE_CURVE_WITH_KNOTS('',3,(#3752,#3753,#3754,#3755),
 .UNSPECIFIED.,.F.,.F.,(4,4),(0.,1.),.UNSPECIFIED.);
#1618=B_SPLINE_CURVE_WITH_KNOTS('',3,(#3768,#3769,#3770,#3771),
 .UNSPECIFIED.,.F.,.F.,(4,4),(0.,1.),.UNSPECIFIED.);
#1619=B_SPLINE_CURVE_WITH_KNOTS('',3,(#3773,#3774,#3775,#3776),
 .UNSPECIFIED.,.F.,.F.,(4,4),(0.,1.),.UNSPECIFIED.);
#1620=B_SPLINE_CURVE_WITH_KNOTS('',3,(#3789,#3790,#3791,#3792),
 .UNSPECIFIED.,.F.,.F.,(4,4),(0.,1.),.UNSPECIFIED.);
#1621=B_SPLINE_CURVE_WITH_KNOTS('',3,(#3795,#3796,#3797,#3798),
 .UNSPECIFIED.,.F.,.F.,(4,4),(0.,1.),.UNSPECIFIED.);
#1622=B_SPLINE_CURVE_WITH_KNOTS('',3,(#3811,#3812,#3813,#3814),
 .UNSPECIFIED.,.F.,.F.,(4,4),(0.,1.),.UNSPECIFIED.);
#1623=B_SPLINE_CURVE_WITH_KNOTS('',3,(#3816,#3817,#3818,#3819),
 .UNSPECIFIED.,.F.,.F.,(4,4),(0.,1.),.UNSPECIFIED.);
#1624=B_SPLINE_CURVE_WITH_KNOTS('',3,(#3832,#3833,#3834,#3835),
 .UNSPECIFIED.,.F.,.F.,(4,4),(0.,1.),.UNSPECIFIED.);
#1625=EDGE_LOOP('',(#545,#546,#547,#548));
#1626=EDGE_LOOP('',(#549,#550,#551,#552));
#1627=EDGE_LOOP('',(#553,#554,#555,#556));
#1628=EDGE_LOOP('',(#557,#558,#559,#560,#561));
#1629=EDGE_LOOP('',(#562,#563,#564,#565));
#1630=EDGE_LOOP('',(#566,#567,#568,#569));
#1631=EDGE_LOOP('',(#570,#571,#572,#573,#574));
#1632=EDGE_LOOP('',(#575,#576,#577,#578));
#1633=EDGE_LOOP('',(#579,#580,#581,#582));
#1634=EDGE_LOOP('',(#583,#584,#585,#586,#587,#588));
#1635=EDGE_LOOP('',(#589,#590,#591,#592));
#1636=EDGE_LOOP('',(#593,#594,#595,#596));
#1637=EDGE_LOOP('',(#597,#598,#599,#600,#601,#602));
#1638=EDGE_LOOP('',(#603,#604,#605,#606));
#1639=EDGE_LOOP('',(#607,#608,#609,#610,#611));
#1640=EDGE_LOOP('',(#612,#613,#614,#615,#616));
#1641=EDGE_LOOP('',(#617,#618,#619,#620));
#1642=EDGE_LOOP('',(#621,#622,#623,#624,#625,#626));
#1643=EDGE_LOOP('',(#627));
#1644=EDGE_LOOP('',(#628));
#1645=EDGE_LOOP('',(#629));
#1646=EDGE_LOOP('',(#630));
#1647=EDGE_LOOP('',(#631));
#1648=EDGE_LOOP('',(#632));
#1649=EDGE_LOOP('',(#633,#634,#635,#636,#637));
#1650=EDGE_LOOP('',(#638,#639,#640,#641,#642));
#1651=EDGE_LOOP('',(#643,#644,#645,#646,#647));
#1652=EDGE_LOOP('',(#648,#649,#650,#651,#652));
#1653=EDGE_LOOP('',(#653,#654,#655,#656,#657,#658,#659,#660,#661,#662,#663,
#664,#665,#666,#667,#668,#669,#670));
#1654=EDGE_LOOP('',(#671));
#1655=EDGE_LOOP('',(#672));
#1656=EDGE_LOOP('',(#673));
#1657=EDGE_LOOP('',(#674,#675,#676,#677));
#1658=EDGE_LOOP('',(#678,#679,#680,#681));
#1659=EDGE_LOOP('',(#682));
#1660=EDGE_LOOP('',(#683));
#1661=EDGE_LOOP('',(#684));
#1662=EDGE_LOOP('',(#685));
#1663=EDGE_LOOP('',(#686));
#1664=EDGE_LOOP('',(#687));
#1665=EDGE_LOOP('',(#688,#689,#690,#691));
#1666=EDGE_LOOP('',(#692,#693,#694,#695,#696,#697));
#1667=EDGE_LOOP('',(#698,#699,#700,#701,#702,#703));
#1668=EDGE_LOOP('',(#704,#705,#706,#707,#708,#709));
#1669=EDGE_LOOP('',(#710,#711,#712,#713,#714,#715));
#1670=EDGE_LOOP('',(#716,#717,#718,#719,#720,#721));
#1671=EDGE_LOOP('',(#722,#723,#724,#725,#726));
#1672=EDGE_LOOP('',(#727,#728,#729,#730,#731,#732));
#1673=EDGE_LOOP('',(#733,#734,#735,#736));
#1674=EDGE_LOOP('',(#737,#738,#739,#740,#741));
#1675=EDGE_LOOP('',(#742,#743,#744,#745,#746,#747));
#1676=EDGE_LOOP('',(#748,#749,#750,#751,#752));
#1677=EDGE_LOOP('',(#753,#754,#755,#756));
#1678=EDGE_LOOP('',(#757,#758,#759,#760,#761));
#1679=EDGE_LOOP('',(#762,#763,#764,#765));
#1680=EDGE_LOOP('',(#766,#767,#768,#769,#770));
#1681=EDGE_LOOP('',(#771,#772,#773,#774,#775));
#1682=EDGE_LOOP('',(#776,#777,#778,#779));
#1683=EDGE_LOOP('',(#780,#781,#782,#783));
#1684=EDGE_LOOP('',(#784,#785,#786,#787));
#1685=EDGE_LOOP('',(#788,#789,#790,#791));
#1686=EDGE_LOOP('',(#792,#793,#794,#795));
#1687=EDGE_LOOP('',(#796,#797,#798,#799));
#1688=EDGE_LOOP('',(#800,#801,#802,#803));
#1689=EDGE_LOOP('',(#804,#805,#806,#807));
#1690=EDGE_LOOP('',(#808,#809,#810,#811));
#1691=EDGE_LOOP('',(#812,#813,#814,#815));
#1692=EDGE_LOOP('',(#816,#817,#818,#819));
#1693=EDGE_LOOP('',(#820,#821,#822,#823));
#1694=EDGE_LOOP('',(#824,#825,#826,#827));
#1695=EDGE_LOOP('',(#828,#829,#830,#831));
#1696=EDGE_LOOP('',(#832,#833,#834,#835));
#1697=EDGE_LOOP('',(#836,#837,#838,#839));
#1698=EDGE_LOOP('',(#840,#841,#842,#843));
#1699=EDGE_LOOP('',(#844,#845,#846,#847));
#1700=EDGE_LOOP('',(#848,#849,#850,#851,#852,#853));
#1701=EDGE_LOOP('',(#854,#855,#856,#857,#858,#859,#860));
#1702=EDGE_LOOP('',(#861,#862,#863,#864,#865,#866));
#1703=EDGE_LOOP('',(#867,#868,#869,#870,#871,#872,#873));
#1704=EDGE_LOOP('',(#874,#875,#876,#877,#878,#879));
#1705=EDGE_LOOP('',(#880,#881,#882,#883,#884));
#1706=EDGE_LOOP('',(#885,#886,#887,#888,#889));
#1707=EDGE_LOOP('',(#890,#891,#892,#893,#894,#895,#896));
#1708=EDGE_LOOP('',(#897,#898,#899,#900,#901,#902,#903));
#1709=EDGE_LOOP('',(#904,#905,#906,#907,#908,#909));
#1710=EDGE_LOOP('',(#910,#911,#912,#913,#914,#915));
#1711=EDGE_LOOP('',(#916,#917,#918,#919,#920,#921,#922,#923,#924,#925,#926,
#927,#928,#929,#930,#931,#932,#933));
#1712=EDGE_LOOP('',(#934,#935,#936,#937,#938));
#1713=EDGE_LOOP('',(#939,#940,#941,#942,#943,#944));
#1714=EDGE_LOOP('',(#945,#946,#947,#948,#949,#950,#951,#952,#953,#954,#955,
#956,#957,#958));
#1715=EDGE_LOOP('',(#959));
#1716=EDGE_LOOP('',(#960));
#1717=EDGE_LOOP('',(#961));
#1718=EDGE_LOOP('',(#962,#963,#964,#965,#966));
#1719=EDGE_LOOP('',(#967,#968,#969,#970));
#1720=EDGE_LOOP('',(#971,#972,#973,#974));
#1721=EDGE_LOOP('',(#975,#976,#977,#978,#979));
#1722=EDGE_LOOP('',(#980,#981,#982,#983,#984));
#1723=EDGE_LOOP('',(#985,#986,#987,#988,#989,#990));
#1724=EDGE_LOOP('',(#991,#992,#993,#994,#995,#996));
#1725=EDGE_LOOP('',(#997,#998,#999,#1000,#1001));
#1726=EDGE_LOOP('',(#1002,#1003,#1004,#1005,#1006));
#1727=EDGE_LOOP('',(#1007,#1008,#1009,#1010));
#1728=EDGE_LOOP('',(#1011,#1012,#1013,#1014));
#1729=EDGE_LOOP('',(#1015));
#1730=EDGE_LOOP('',(#1016));
#1731=EDGE_LOOP('',(#1017));
#1732=EDGE_LOOP('',(#1018));
#1733=EDGE_LOOP('',(#1019));
#1734=EDGE_LOOP('',(#1020));
#1735=EDGE_LOOP('',(#1021,#1022,#1023,#1024,#1025,#1026,#1027,#1028,#1029,
#1030,#1031,#1032,#1033,#1034,#1035,#1036,#1037,#1038));
#1736=EDGE_LOOP('',(#1039,#1040,#1041,#1042));
#1737=EDGE_LOOP('',(#1043,#1044,#1045,#1046));
#1738=EDGE_LOOP('',(#1047,#1048,#1049,#1050,#1051,#1052,#1053));
#1739=EDGE_LOOP('',(#1054,#1055,#1056,#1057));
#1740=EDGE_LOOP('',(#1058,#1059,#1060,#1061,#1062,#1063,#1064));
#1741=EDGE_LOOP('',(#1065,#1066,#1067,#1068));
#1742=EDGE_LOOP('',(#1069,#1070,#1071,#1072));
#1743=EDGE_LOOP('',(#1073,#1074,#1075,#1076));
#1744=EDGE_LOOP('',(#1077,#1078,#1079,#1080));
#1745=EDGE_LOOP('',(#1081,#1082,#1083,#1084));
#1746=EDGE_LOOP('',(#1085,#1086,#1087,#1088));
#1747=EDGE_LOOP('',(#1089,#1090,#1091,#1092));
#1748=EDGE_LOOP('',(#1093,#1094,#1095,#1096));
#1749=EDGE_LOOP('',(#1097,#1098,#1099,#1100));
#1750=EDGE_LOOP('',(#1101,#1102,#1103,#1104));
#1751=EDGE_LOOP('',(#1105,#1106,#1107,#1108));
#1752=EDGE_LOOP('',(#1109,#1110,#1111,#1112));
#1753=FACE_BOUND('',#1625,.T.);
#1754=FACE_BOUND('',#1626,.T.);
#1755=FACE_BOUND('',#1627,.T.);
#1756=FACE_BOUND('',#1628,.T.);
#1757=FACE_BOUND('',#1629,.T.);
#1758=FACE_BOUND('',#1630,.T.);
#1759=FACE_BOUND('',#1631,.T.);
#1760=FACE_BOUND('',#1632,.T.);
#1761=FACE_BOUND('',#1633,.T.);
#1762=FACE_BOUND('',#1634,.T.);
#1763=FACE_BOUND('',#1635,.T.);
#1764=FACE_BOUND('',#1636,.T.);
#1765=FACE_BOUND('',#1637,.T.);
#1766=FACE_BOUND('',#1638,.T.);
#1767=FACE_BOUND('',#1639,.T.);
#1768=FACE_BOUND('',#1640,.T.);
#1769=FACE_BOUND('',#1641,.T.);
#1770=FACE_BOUND('',#1642,.T.);
#1771=FACE_BOUND('',#1643,.T.);
#1772=FACE_BOUND('',#1644,.T.);
#1773=FACE_BOUND('',#1645,.T.);
#1774=FACE_BOUND('',#1646,.T.);
#1775=FACE_BOUND('',#1647,.T.);
#1776=FACE_BOUND('',#1648,.T.);
#1777=FACE_BOUND('',#1649,.T.);
#1778=FACE_BOUND('',#1650,.T.);
#1779=FACE_BOUND('',#1651,.T.);
#1780=FACE_BOUND('',#1652,.T.);
#1781=FACE_BOUND('',#1653,.T.);
#1782=FACE_BOUND('',#1654,.T.);
#1783=FACE_BOUND('',#1655,.T.);
#1784=FACE_BOUND('',#1656,.T.);
#1785=FACE_BOUND('',#1657,.T.);
#1786=FACE_BOUND('',#1658,.T.);
#1787=FACE_BOUND('',#1659,.T.);
#1788=FACE_BOUND('',#1660,.T.);
#1789=FACE_BOUND('',#1661,.T.);
#1790=FACE_BOUND('',#1662,.T.);
#1791=FACE_BOUND('',#1663,.T.);
#1792=FACE_BOUND('',#1664,.T.);
#1793=FACE_BOUND('',#1665,.T.);
#1794=FACE_BOUND('',#1666,.T.);
#1795=FACE_BOUND('',#1667,.T.);
#1796=FACE_BOUND('',#1668,.T.);
#1797=FACE_BOUND('',#1669,.T.);
#1798=FACE_BOUND('',#1670,.T.);
#1799=FACE_BOUND('',#1671,.T.);
#1800=FACE_BOUND('',#1672,.T.);
#1801=FACE_BOUND('',#1673,.T.);
#1802=FACE_BOUND('',#1674,.T.);
#1803=FACE_BOUND('',#1675,.T.);
#1804=FACE_BOUND('',#1676,.T.);
#1805=FACE_BOUND('',#1677,.T.);
#1806=FACE_BOUND('',#1678,.T.);
#1807=FACE_BOUND('',#1679,.T.);
#1808=FACE_BOUND('',#1680,.T.);
#1809=FACE_BOUND('',#1681,.T.);
#1810=FACE_BOUND('',#1682,.T.);
#1811=FACE_BOUND('',#1683,.T.);
#1812=FACE_BOUND('',#1684,.T.);
#1813=FACE_BOUND('',#1685,.T.);
#1814=FACE_BOUND('',#1686,.T.);
#1815=FACE_BOUND('',#1687,.T.);
#1816=FACE_BOUND('',#1688,.T.);
#1817=FACE_BOUND('',#1689,.T.);
#1818=FACE_BOUND('',#1690,.T.);
#1819=FACE_BOUND('',#1691,.T.);
#1820=FACE_BOUND('',#1692,.T.);
#1821=FACE_BOUND('',#1693,.T.);
#1822=FACE_BOUND('',#1694,.T.);
#1823=FACE_BOUND('',#1695,.T.);
#1824=FACE_BOUND('',#1696,.T.);
#1825=FACE_BOUND('',#1697,.T.);
#1826=FACE_BOUND('',#1698,.T.);
#1827=FACE_BOUND('',#1699,.T.);
#1828=FACE_BOUND('',#1700,.T.);
#1829=FACE_BOUND('',#1701,.T.);
#1830=FACE_BOUND('',#1702,.T.);
#1831=FACE_BOUND('',#1703,.T.);
#1832=FACE_BOUND('',#1704,.T.);
#1833=FACE_BOUND('',#1705,.T.);
#1834=FACE_BOUND('',#1706,.T.);
#1835=FACE_BOUND('',#1707,.T.);
#1836=FACE_BOUND('',#1708,.T.);
#1837=FACE_BOUND('',#1709,.T.);
#1838=FACE_BOUND('',#1710,.T.);
#1839=FACE_BOUND('',#1711,.T.);
#1840=FACE_BOUND('',#1712,.T.);
#1841=FACE_BOUND('',#1713,.T.);
#1842=FACE_BOUND('',#1714,.T.);
#1843=FACE_BOUND('',#1715,.T.);
#1844=FACE_BOUND('',#1716,.T.);
#1845=FACE_BOUND('',#1717,.T.);
#1846=FACE_BOUND('',#1718,.T.);
#1847=FACE_BOUND('',#1719,.T.);
#1848=FACE_BOUND('',#1720,.T.);
#1849=FACE_BOUND('',#1721,.T.);
#1850=FACE_BOUND('',#1722,.T.);
#1851=FACE_BOUND('',#1723,.T.);
#1852=FACE_BOUND('',#1724,.T.);
#1853=FACE_BOUND('',#1725,.T.);
#1854=FACE_BOUND('',#1726,.T.);
#1855=FACE_BOUND('',#1727,.T.);
#1856=FACE_BOUND('',#1728,.T.);
#1857=FACE_BOUND('',#1729,.T.);
#1858=FACE_BOUND('',#1730,.T.);
#1859=FACE_BOUND('',#1731,.T.);
#1860=FACE_BOUND('',#1732,.T.);
#1861=FACE_BOUND('',#1733,.T.);
#1862=FACE_BOUND('',#1734,.T.);
#1863=FACE_BOUND('',#1735,.T.);
#1864=FACE_BOUND('',#1736,.T.);
#1865=FACE_BOUND('',#1737,.T.);
#1866=FACE_BOUND('',#1738,.T.);
#1867=FACE_BOUND('',#1739,.T.);
#1868=FACE_BOUND('',#1740,.T.);
#1869=FACE_BOUND('',#1741,.T.);
#1870=FACE_BOUND('',#1742,.T.);
#1871=FACE_BOUND('',#1743,.T.);
#1872=FACE_BOUND('',#1744,.T.);
#1873=FACE_BOUND('',#1745,.T.);
#1874=FACE_BOUND('',#1746,.T.);
#1875=FACE_BOUND('',#1747,.T.);
#1876=FACE_BOUND('',#1748,.T.);
#1877=FACE_BOUND('',#1749,.T.);
#1878=FACE_BOUND('',#1750,.T.);
#1879=FACE_BOUND('',#1751,.T.);
#1880=FACE_BOUND('',#1752,.T.);
#1881=B_SPLINE_SURFACE_WITH_KNOTS('',1,3,((#2615,#2616,#2617,#2618),(#2619,
#2620,#2621,#2622),(#2623,#2624,#2625,#2626),(#2627,#2628,#2629,#2630)),
 .RULED_SURF.,.F.,.F.,.F.,(2,1,1,2),(4,4),(-0.00830210512346941,0.,1.,1.0060533381062),
(0.,0.000869721452911176),.PIECEWISE_BEZIER_KNOTS.);
#1882=B_SPLINE_SURFACE_WITH_KNOTS('',1,3,((#2654,#2655,#2656,#2657),(#2658,
#2659,#2660,#2661),(#2662,#2663,#2664,#2665),(#2666,#2667,#2668,#2669)),
 .RULED_SURF.,.F.,.F.,.F.,(2,1,1,2),(4,4),(-0.00603317354876044,0.,1.,1.00722449812858),
(0.,0.000872456917165927),.PIECEWISE_BEZIER_KNOTS.);
#1883=B_SPLINE_SURFACE_WITH_KNOTS('',1,3,((#2684,#2685,#2686,#2687,#2688,
#2689,#2690,#2691,#2692,#2693,#2694,#2695,#2696,#2697,#2698,#2699,#2700,
#2701,#2702,#2703,#2704,#2705,#2706,#2707,#2708,#2709,#2710,#2711),(#2712,
#2713,#2714,#2715,#2716,#2717,#2718,#2719,#2720,#2721,#2722,#2723,#2724,
#2725,#2726,#2727,#2728,#2729,#2730,#2731,#2732,#2733,#2734,#2735,#2736,
#2737,#2738,#2739),(#2740,#2741,#2742,#2743,#2744,#2745,#2746,#2747,#2748,
#2749,#2750,#2751,#2752,#2753,#2754,#2755,#2756,#2757,#2758,#2759,#2760,
#2761,#2762,#2763,#2764,#2765,#2766,#2767),(#2768,#2769,#2770,#2771,#2772,
#2773,#2774,#2775,#2776,#2777,#2778,#2779,#2780,#2781,#2782,#2783,#2784,
#2785,#2786,#2787,#2788,#2789,#2790,#2791,#2792,#2793,#2794,#2795)),
 .RULED_SURF.,.F.,.F.,.F.,(2,1,1,2),(4,2,2,2,2,2,2,2,2,2,2,2,2,4),(-0.00602992036133234,
0.,1.,1.00836028031016),(0.,0.000393846885737918,0.000590770328606878,0.000787693771475837,
0.000886155492910316,0.000984617214344796,0.00108307893577928,0.00118154065721375,
0.00128000237864823,0.00137846410008271,0.00157538754295167,0.00196923442868959,
0.00236308131442751,0.00275615963442496),.UNSPECIFIED.);
#1884=B_SPLINE_SURFACE_WITH_KNOTS('',1,3,((#2834,#2835,#2836,#2837,#2838,
#2839,#2840,#2841,#2842,#2843,#2844,#2845,#2846,#2847,#2848,#2849,#2850,
#2851,#2852,#2853,#2854,#2855,#2856,#2857,#2858,#2859,#2860,#2861),(#2862,
#2863,#2864,#2865,#2866,#2867,#2868,#2869,#2870,#2871,#2872,#2873,#2874,
#2875,#2876,#2877,#2878,#2879,#2880,#2881,#2882,#2883,#2884,#2885,#2886,
#2887,#2888,#2889),(#2890,#2891,#2892,#2893,#2894,#2895,#2896,#2897,#2898,
#2899,#2900,#2901,#2902,#2903,#2904,#2905,#2906,#2907,#2908,#2909,#2910,
#2911,#2912,#2913,#2914,#2915,#2916,#2917),(#2918,#2919,#2920,#2921,#2922,
#2923,#2924,#2925,#2926,#2927,#2928,#2929,#2930,#2931,#2932,#2933,#2934,
#2935,#2936,#2937,#2938,#2939,#2940,#2941,#2942,#2943,#2944,#2945)),
 .RULED_SURF.,.F.,.F.,.F.,(2,1,1,2),(4,2,2,2,2,2,2,2,2,2,2,2,2,4),(-0.00833972576017779,
0.,1.,1.0060243027784),(0.,0.000392026461245818,0.000588039691868726,0.000784052922491635,
0.00088205953780309,0.000980066153114544,0.001078072768426,0.00117607938373745,
0.00127408599904891,0.00137209261436036,0.00156810584498327,0.00196013230622909,
0.0023521587674749,0.00274338025300462),.UNSPECIFIED.);
#1885=B_SPLINE_SURFACE_WITH_KNOTS('',1,3,((#3333,#3334,#3335,#3336,#3337,
#3338,#3339,#3340,#3341,#3342),(#3343,#3344,#3345,#3346,#3347,#3348,#3349,
#3350,#3351,#3352),(#3353,#3354,#3355,#3356,#3357,#3358,#3359,#3360,#3361,
#3362),(#3363,#3364,#3365,#3366,#3367,#3368,#3369,#3370,#3371,#3372),(#3373,
#3374,#3375,#3376,#3377,#3378,#3379,#3380,#3381,#3382)),.RULED_SURF.,.F.,
 .F.,.F.,(2,1,1,1,2),(4,2,2,2,4),(-0.00610484755598116,0.,1.,1.01,1.01750966572587),
(0.000130071953418692,0.000793084125148578,0.00158616825029716,0.00237925237544573,
0.00317233650059431),.UNSPECIFIED.);
#1886=B_SPLINE_SURFACE_WITH_KNOTS('',1,3,((#3403,#3404,#3405,#3406,#3407,
#3408),(#3409,#3410,#3411,#3412,#3413,#3414),(#3415,#3416,#3417,#3418,#3419,
#3420),(#3421,#3422,#3423,#3424,#3425,#3426)),.RULED_SURF.,.F.,.F.,.F.,
(2,1,1,2),(4,2,4),(-0.00607192422888392,0.,1.,1.01198952130571),(0.,0.00110837996634337,
0.00212010438529115),.UNSPECIFIED.);
#1887=B_SPLINE_SURFACE_WITH_KNOTS('',1,3,((#3446,#3447,#3448,#3449,#3450,
#3451),(#3452,#3453,#3454,#3455,#3456,#3457),(#3458,#3459,#3460,#3461,#3462,
#3463),(#3464,#3465,#3466,#3467,#3468,#3469)),.RULED_SURF.,.F.,.F.,.F.,
(2,1,1,2),(4,2,4),(-0.00612521627711779,0.,1.,1.01226182168884),(9.66555452492277E-5,
0.00110837996526884,0.00221675993053769),.UNSPECIFIED.);
#1888=B_SPLINE_SURFACE_WITH_KNOTS('',1,3,((#3486,#3487,#3488,#3489,#3490,
#3491,#3492,#3493,#3494,#3495),(#3496,#3497,#3498,#3499,#3500,#3501,#3502,
#3503,#3504,#3505),(#3506,#3507,#3508,#3509,#3510,#3511,#3512,#3513,#3514,
#3515),(#3516,#3517,#3518,#3519,#3520,#3521,#3522,#3523,#3524,#3525)),
 .RULED_SURF.,.F.,.F.,.F.,(2,1,1,2),(4,2,2,2,4),(-0.00613427501651671,0.,
1.,1.01),(0.,0.000793084126187195,0.00158616825237439,0.00237925237856158,
0.00304226455680757),.UNSPECIFIED.);
#1889=B_SPLINE_SURFACE_WITH_KNOTS('',3,1,((#3549,#3550),(#3551,#3552),(#3553,
#3554),(#3555,#3556)),.SURF_OF_LINEAR_EXTRUSION.,.F.,.F.,.F.,(4,4),(2,2),
(1.02562577777731E-9,0.910312905175369),(0.,1.),
 .PIECEWISE_BEZIER_KNOTS.);
#1890=B_SPLINE_SURFACE_WITH_KNOTS('',3,1,((#3563,#3564),(#3565,#3566),(#3567,
#3568),(#3569,#3570)),.SURF_OF_LINEAR_EXTRUSION.,.F.,.F.,.F.,(4,4),(2,2),
(0.115201498293215,1.00527732466713),(0.,1.),.PIECEWISE_BEZIER_KNOTS.);
#1891=B_SPLINE_SURFACE_WITH_KNOTS('',3,1,((#3574,#3575),(#3576,#3577),(#3578,
#3579),(#3580,#3581)),.SURF_OF_LINEAR_EXTRUSION.,.F.,.F.,.F.,(4,4),(2,2),
(0.0896872962997488,0.999999997950048),(0.,1.),.PIECEWISE_BEZIER_KNOTS.);
#1892=B_SPLINE_SURFACE_WITH_KNOTS('',3,1,((#3588,#3589),(#3590,#3591),(#3592,
#3593),(#3594,#3595)),.SURF_OF_LINEAR_EXTRUSION.,.F.,.F.,.F.,(4,4),(2,2),
(7.31041800981353E-11,0.884781320647982),(0.,1.),
 .PIECEWISE_BEZIER_KNOTS.);
#1893=B_SPLINE_SURFACE_WITH_KNOTS('',3,1,((#3719,#3720),(#3721,#3722),(#3723,
#3724),(#3725,#3726)),.SURF_OF_LINEAR_EXTRUSION.,.F.,.F.,.F.,(4,4),(2,2),
(-6.43329793095081E-15,1.),(0.,1.),.PIECEWISE_BEZIER_KNOTS.);
#1894=B_SPLINE_SURFACE_WITH_KNOTS('',3,1,((#3735,#3736),(#3737,#3738),(#3739,
#3740),(#3741,#3742)),.SURF_OF_LINEAR_EXTRUSION.,.F.,.F.,.F.,(4,4),(2,2),
(-2.87161741005162E-15,1.),(0.,1.),.PIECEWISE_BEZIER_KNOTS.);
#1895=B_SPLINE_SURFACE_WITH_KNOTS('',1,3,((#3756,#3757,#3758,#3759,#3760,
#3761),(#3762,#3763,#3764,#3765,#3766,#3767)),.RULED_SURF.,.F.,.F.,.F.,
(2,2),(4,2,4),(0.,1.),(0.,0.00297061542990266,0.00594123085980533),
 .UNSPECIFIED.);
#1896=B_SPLINE_SURFACE_WITH_KNOTS('',1,3,((#3777,#3778,#3779,#3780,#3781,
#3782),(#3783,#3784,#3785,#3786,#3787,#3788)),.RULED_SURF.,.F.,.F.,.F.,
(2,2),(4,2,4),(0.,1.),(0.,0.00297061542990266,0.00594123085980532),
 .UNSPECIFIED.);
#1897=B_SPLINE_SURFACE_WITH_KNOTS('',1,3,((#3799,#3800,#3801,#3802,#3803,
#3804),(#3805,#3806,#3807,#3808,#3809,#3810)),.RULED_SURF.,.F.,.F.,.F.,
(2,2),(4,2,4),(0.,1.),(0.,0.00297061542990266,0.00594123085980533),
 .UNSPECIFIED.);
#1898=B_SPLINE_SURFACE_WITH_KNOTS('',1,3,((#3820,#3821,#3822,#3823,#3824,
#3825),(#3826,#3827,#3828,#3829,#3830,#3831)),.RULED_SURF.,.F.,.F.,.F.,
(2,2),(4,2,4),(0.,1.),(0.,0.00297061542990266,0.00594123085980533),
 .UNSPECIFIED.);
#1899=ADVANCED_FACE('',(#1753),#1881,.T.);
#1900=ADVANCED_FACE('',(#1754),#125,.F.);
#1901=ADVANCED_FACE('',(#1755),#1882,.T.);
#1902=ADVANCED_FACE('',(#1756),#1883,.T.);
#1903=ADVANCED_FACE('',(#1757),#126,.T.);
#1904=ADVANCED_FACE('',(#1758),#20,.F.);
#1905=ADVANCED_FACE('',(#1759),#1884,.T.);
#1906=ADVANCED_FACE('',(#1760),#127,.T.);
#1907=ADVANCED_FACE('',(#1761),#21,.T.);
#1908=ADVANCED_FACE('',(#1762),#22,.T.);
#1909=ADVANCED_FACE('',(#1763),#23,.F.);
#1910=ADVANCED_FACE('',(#1764),#24,.T.);
#1911=ADVANCED_FACE('',(#1765),#25,.F.);
#1912=ADVANCED_FACE('',(#1766),#26,.F.);
#1913=ADVANCED_FACE('',(#1767),#27,.T.);
#1914=ADVANCED_FACE('',(#1768),#28,.F.);
#1915=ADVANCED_FACE('',(#1769),#29,.F.);
#1916=ADVANCED_FACE('',(#1770),#30,.T.);
#1917=ADVANCED_FACE('',(#1771,#1772),#128,.F.);
#1918=ADVANCED_FACE('',(#1773,#1774),#129,.F.);
#1919=ADVANCED_FACE('',(#1775,#1776),#130,.F.);
#1920=ADVANCED_FACE('',(#1777),#31,.F.);
#1921=ADVANCED_FACE('',(#1778),#32,.T.);
#1922=ADVANCED_FACE('',(#1779),#33,.T.);
#1923=ADVANCED_FACE('',(#1780),#34,.F.);
#1924=ADVANCED_FACE('',(#1781,#1782,#1783,#1784),#35,.T.);
#1925=ADVANCED_FACE('',(#1785),#131,.T.);
#1926=ADVANCED_FACE('',(#1786),#132,.T.);
#1927=ADVANCED_FACE('',(#1787,#1788),#133,.F.);
#1928=ADVANCED_FACE('',(#1789,#1790),#134,.F.);
#1929=ADVANCED_FACE('',(#1791,#1792),#135,.F.);
#1930=ADVANCED_FACE('',(#1793),#36,.F.);
#1931=ADVANCED_FACE('',(#1794),#37,.T.);
#1932=ADVANCED_FACE('',(#1795),#38,.T.);
#1933=ADVANCED_FACE('',(#1796),#39,.F.);
#1934=ADVANCED_FACE('',(#1797),#40,.F.);
#1935=ADVANCED_FACE('',(#1798),#41,.F.);
#1936=ADVANCED_FACE('',(#1799),#42,.T.);
#1937=ADVANCED_FACE('',(#1800),#43,.T.);
#1938=ADVANCED_FACE('',(#1801),#44,.T.);
#1939=ADVANCED_FACE('',(#1802),#45,.F.);
#1940=ADVANCED_FACE('',(#1803),#46,.T.);
#1941=ADVANCED_FACE('',(#1804),#47,.T.);
#1942=ADVANCED_FACE('',(#1805),#48,.F.);
#1943=ADVANCED_FACE('',(#1806),#49,.T.);
#1944=ADVANCED_FACE('',(#1807),#50,.F.);
#1945=ADVANCED_FACE('',(#1808),#51,.T.);
#1946=ADVANCED_FACE('',(#1809),#52,.T.);
#1947=ADVANCED_FACE('',(#1810),#53,.F.);
#1948=ADVANCED_FACE('',(#1811),#54,.T.);
#1949=ADVANCED_FACE('',(#1812),#55,.F.);
#1950=ADVANCED_FACE('',(#1813),#136,.T.);
#1951=ADVANCED_FACE('',(#1814),#56,.F.);
#1952=ADVANCED_FACE('',(#1815),#57,.T.);
#1953=ADVANCED_FACE('',(#1816),#58,.F.);
#1954=ADVANCED_FACE('',(#1817),#137,.T.);
#1955=ADVANCED_FACE('',(#1818),#59,.F.);
#1956=ADVANCED_FACE('',(#1819),#60,.T.);
#1957=ADVANCED_FACE('',(#1820),#61,.F.);
#1958=ADVANCED_FACE('',(#1821),#138,.T.);
#1959=ADVANCED_FACE('',(#1822),#1885,.T.);
#1960=ADVANCED_FACE('',(#1823),#1886,.T.);
#1961=ADVANCED_FACE('',(#1824),#139,.F.);
#1962=ADVANCED_FACE('',(#1825),#1887,.T.);
#1963=ADVANCED_FACE('',(#1826),#1888,.T.);
#1964=ADVANCED_FACE('',(#1827),#140,.T.);
#1965=ADVANCED_FACE('',(#1828),#1889,.T.);
#1966=ADVANCED_FACE('',(#1829),#1890,.T.);
#1967=ADVANCED_FACE('',(#1830),#1891,.T.);
#1968=ADVANCED_FACE('',(#1831),#1892,.T.);
#1969=ADVANCED_FACE('',(#1832),#62,.T.);
#1970=ADVANCED_FACE('',(#1833),#63,.F.);
#1971=ADVANCED_FACE('',(#1834),#64,.T.);
#1972=ADVANCED_FACE('',(#1835),#65,.F.);
#1973=ADVANCED_FACE('',(#1836),#66,.F.);
#1974=ADVANCED_FACE('',(#1837),#67,.F.);
#1975=ADVANCED_FACE('',(#1838),#68,.T.);
#1976=ADVANCED_FACE('',(#1839),#69,.T.);
#1977=ADVANCED_FACE('',(#1840),#12,.T.);
#1978=ADVANCED_FACE('',(#1841),#13,.F.);
#1979=ADVANCED_FACE('',(#1842,#1843,#1844,#1845),#70,.T.);
#1980=ADVANCED_FACE('',(#1846),#14,.T.);
#1981=ADVANCED_FACE('',(#1847),#15,.T.);
#1982=ADVANCED_FACE('',(#1848),#16,.T.);
#1983=ADVANCED_FACE('',(#1849),#71,.F.);
#1984=ADVANCED_FACE('',(#1850),#72,.T.);
#1985=ADVANCED_FACE('',(#1851),#73,.T.);
#1986=ADVANCED_FACE('',(#1852),#74,.F.);
#1987=ADVANCED_FACE('',(#1853),#75,.F.);
#1988=ADVANCED_FACE('',(#1854),#76,.F.);
#1989=ADVANCED_FACE('',(#1855),#77,.T.);
#1990=ADVANCED_FACE('',(#1856),#78,.F.);
#1991=ADVANCED_FACE('',(#1857,#1858),#17,.F.);
#1992=ADVANCED_FACE('',(#1859,#1860),#18,.F.);
#1993=ADVANCED_FACE('',(#1861,#1862),#19,.F.);
#1994=ADVANCED_FACE('',(#1863,#1864,#1865),#79,.T.);
#1995=ADVANCED_FACE('',(#1866),#80,.T.);
#1996=ADVANCED_FACE('',(#1867),#81,.T.);
#1997=ADVANCED_FACE('',(#1868),#82,.F.);
#1998=ADVANCED_FACE('',(#1869),#1893,.T.);
#1999=ADVANCED_FACE('',(#1870),#1894,.T.);
#2000=ADVANCED_FACE('',(#1871),#83,.T.);
#2001=ADVANCED_FACE('',(#1872),#1895,.T.);
#2002=ADVANCED_FACE('',(#1873),#84,.F.);
#2003=ADVANCED_FACE('',(#1874),#1896,.T.);
#2004=ADVANCED_FACE('',(#1875),#85,.F.);
#2005=ADVANCED_FACE('',(#1876),#86,.F.);
#2006=ADVANCED_FACE('',(#1877),#1897,.T.);
#2007=ADVANCED_FACE('',(#1878),#87,.F.);
#2008=ADVANCED_FACE('',(#1879),#1898,.T.);
#2009=ADVANCED_FACE('',(#1880),#88,.T.);
#2010=CLOSED_SHELL('',(#1899,#1900,#1901,#1902,#1903,#1904,#1905,#1906,
#1907,#1908,#1909,#1910,#1911,#1912,#1913,#1914,#1915,#1916,#1917,#1918,
#1919,#1920,#1921,#1922,#1923,#1924,#1925,#1926,#1927,#1928,#1929,#1930,
#1931,#1932,#1933,#1934,#1935,#1936,#1937,#1938,#1939,#1940,#1941,#1942,
#1943,#1944,#1945,#1946,#1947,#1948,#1949,#1950,#1951,#1952,#1953,#1954,
#1955,#1956,#1957,#1958,#1959,#1960,#1961,#1962,#1963,#1964,#1965,#1966,
#1967,#1968,#1969,#1970,#1971,#1972,#1973,#1974,#1975,#1976,#1977,#1978,
#1979,#1980,#1981,#1982,#1983,#1984,#1985,#1986,#1987,#1988,#1989,#1990,
#1991,#1992,#1993,#1994,#1995,#1996,#1997,#1998,#1999,#2000,#2001,#2002,
#2003,#2004,#2005,#2006,#2007,#2008,#2009));
#2011=STYLED_ITEM('',(#2012),#2019);
#2012=PRESENTATION_STYLE_ASSIGNMENT((#2013));
#2013=SURFACE_STYLE_USAGE(.BOTH.,#2014);
#2014=SURFACE_SIDE_STYLE('',(#2015));
#2015=SURFACE_STYLE_FILL_AREA(#2016);
#2016=FILL_AREA_STYLE('',(#2017));
#2017=FILL_AREA_STYLE_COLOUR('',#2018);
#2018=COLOUR_RGB('',0.8,0.0470588235294118,0.384313725490196);
#2019=MANIFOLD_SOLID_BREP('Pump_Mount',#2010);
#2020=SHAPE_DEFINITION_REPRESENTATION(#3843,#2021);
#2021=SHAPE_REPRESENTATION('Pump_Mount',(#2022),#3838);
#2022=AXIS2_PLACEMENT_3D('',#2614,#2152,#2153);
#2023=AXIS2_PLACEMENT_3D('',#2648,#2155,#2156);
#2024=AXIS2_PLACEMENT_3D('',#2652,#2158,#2159);
#2025=AXIS2_PLACEMENT_3D('',#2653,#2160,#2161);
#2026=AXIS2_PLACEMENT_3D('',#2822,#2163,#2164);
#2027=AXIS2_PLACEMENT_3D('',#2826,#2166,#2167);
#2028=AXIS2_PLACEMENT_3D('',#2827,#2168,#2169);
#2029=AXIS2_PLACEMENT_3D('',#2828,#2170,#2171);
#2030=AXIS2_PLACEMENT_3D('',#2971,#2176,#2177);
#2031=AXIS2_PLACEMENT_3D('',#2975,#2179,#2180);
#2032=AXIS2_PLACEMENT_3D('',#2976,#2181,#2182);
#2033=AXIS2_PLACEMENT_3D('',#2977,#2183,#2184);
#2034=AXIS2_PLACEMENT_3D('',#2983,#2188,#2189);
#2035=AXIS2_PLACEMENT_3D('',#2996,#2196,#2197);
#2036=AXIS2_PLACEMENT_3D('',#3008,#2201,#2202);
#2037=AXIS2_PLACEMENT_3D('',#3020,#2206,#2207);
#2038=AXIS2_PLACEMENT_3D('',#3033,#2214,#2215);
#2039=AXIS2_PLACEMENT_3D('',#3039,#2219,#2220);
#2040=AXIS2_PLACEMENT_3D('',#3047,#2225,#2226);
#2041=AXIS2_PLACEMENT_3D('',#3055,#2231,#2232);
#2042=AXIS2_PLACEMENT_3D('',#3061,#2236,#2237);
#2043=AXIS2_PLACEMENT_3D('',#3071,#2243,#2244);
#2044=AXIS2_PLACEMENT_3D('',#3072,#2245,#2246);
#2045=AXIS2_PLACEMENT_3D('',#3074,#2247,#2248);
#2046=AXIS2_PLACEMENT_3D('',#3076,#2249,#2250);
#2047=AXIS2_PLACEMENT_3D('',#3077,#2251,#2252);
#2048=AXIS2_PLACEMENT_3D('',#3079,#2253,#2254);
#2049=AXIS2_PLACEMENT_3D('',#3081,#2255,#2256);
#2050=AXIS2_PLACEMENT_3D('',#3082,#2257,#2258);
#2051=AXIS2_PLACEMENT_3D('',#3084,#2259,#2260);
#2052=AXIS2_PLACEMENT_3D('',#3086,#2261,#2262);
#2053=AXIS2_PLACEMENT_3D('',#3097,#2268,#2269);
#2054=AXIS2_PLACEMENT_3D('',#3108,#2275,#2276);
#2055=AXIS2_PLACEMENT_3D('',#3119,#2282,#2283);
#2056=AXIS2_PLACEMENT_3D('',#3130,#2289,#2290);
#2057=AXIS2_PLACEMENT_3D('',#3155,#2301,#2302);
#2058=AXIS2_PLACEMENT_3D('',#3162,#2303,#2304);
#2059=AXIS2_PLACEMENT_3D('',#3163,#2305,#2306);
#2060=AXIS2_PLACEMENT_3D('',#3164,#2307,#2308);
#2061=AXIS2_PLACEMENT_3D('',#3165,#2309,#2310);
#2062=AXIS2_PLACEMENT_3D('',#3167,#2311,#2312);
#2063=AXIS2_PLACEMENT_3D('',#3173,#2313,#2314);
#2064=AXIS2_PLACEMENT_3D('',#3174,#2315,#2316);
#2065=AXIS2_PLACEMENT_3D('',#3176,#2317,#2318);
#2066=AXIS2_PLACEMENT_3D('',#3178,#2319,#2320);
#2067=AXIS2_PLACEMENT_3D('',#3179,#2321,#2322);
#2068=AXIS2_PLACEMENT_3D('',#3181,#2323,#2324);
#2069=AXIS2_PLACEMENT_3D('',#3183,#2325,#2326);
#2070=AXIS2_PLACEMENT_3D('',#3184,#2327,#2328);
#2071=AXIS2_PLACEMENT_3D('',#3186,#2329,#2330);
#2072=AXIS2_PLACEMENT_3D('',#3188,#2331,#2332);
#2073=AXIS2_PLACEMENT_3D('',#3191,#2335,#2336);
#2074=AXIS2_PLACEMENT_3D('',#3198,#2341,#2342);
#2075=AXIS2_PLACEMENT_3D('',#3202,#2345,#2346);
#2076=AXIS2_PLACEMENT_3D('',#3207,#2350,#2351);
#2077=AXIS2_PLACEMENT_3D('',#3210,#2354,#2355);
#2078=AXIS2_PLACEMENT_3D('',#3217,#2360,#2361);
#2079=AXIS2_PLACEMENT_3D('',#3223,#2365,#2366);
#2080=AXIS2_PLACEMENT_3D('',#3231,#2371,#2372);
#2081=AXIS2_PLACEMENT_3D('',#3237,#2376,#2377);
#2082=AXIS2_PLACEMENT_3D('',#3242,#2381,#2382);
#2083=AXIS2_PLACEMENT_3D('',#3247,#2386,#2387);
#2084=AXIS2_PLACEMENT_3D('',#3253,#2391,#2392);
#2085=AXIS2_PLACEMENT_3D('',#3259,#2396,#2397);
#2086=AXIS2_PLACEMENT_3D('',#3264,#2401,#2402);
#2087=AXIS2_PLACEMENT_3D('',#3265,#2403,#2404);
#2088=AXIS2_PLACEMENT_3D('',#3269,#2407,#2408);
#2089=AXIS2_PLACEMENT_3D('',#3273,#2411,#2412);
#2090=AXIS2_PLACEMENT_3D('',#3274,#2413,#2414);
#2091=AXIS2_PLACEMENT_3D('',#3275,#2415,#2416);
#2092=AXIS2_PLACEMENT_3D('',#3276,#2417,#2418);
#2093=AXIS2_PLACEMENT_3D('',#3277,#2419,#2420);
#2094=AXIS2_PLACEMENT_3D('',#3280,#2421,#2422);
#2095=AXIS2_PLACEMENT_3D('',#3282,#2423,#2424);
#2096=AXIS2_PLACEMENT_3D('',#3284,#2425,#2426);
#2097=AXIS2_PLACEMENT_3D('',#3285,#2427,#2428);
#2098=AXIS2_PLACEMENT_3D('',#3291,#2432,#2433);
#2099=AXIS2_PLACEMENT_3D('',#3297,#2437,#2438);
#2100=AXIS2_PLACEMENT_3D('',#3300,#2441,#2442);
#2101=AXIS2_PLACEMENT_3D('',#3301,#2443,#2444);
#2102=AXIS2_PLACEMENT_3D('',#3304,#2445,#2446);
#2103=AXIS2_PLACEMENT_3D('',#3306,#2447,#2448);
#2104=AXIS2_PLACEMENT_3D('',#3308,#2449,#2450);
#2105=AXIS2_PLACEMENT_3D('',#3309,#2451,#2452);
#2106=AXIS2_PLACEMENT_3D('',#3315,#2456,#2457);
#2107=AXIS2_PLACEMENT_3D('',#3321,#2461,#2462);
#2108=AXIS2_PLACEMENT_3D('',#3324,#2465,#2466);
#2109=AXIS2_PLACEMENT_3D('',#3328,#2468,#2469);
#2110=AXIS2_PLACEMENT_3D('',#3332,#2471,#2472);
#2111=AXIS2_PLACEMENT_3D('',#3440,#2474,#2475);
#2112=AXIS2_PLACEMENT_3D('',#3444,#2477,#2478);
#2113=AXIS2_PLACEMENT_3D('',#3445,#2479,#2480);
#2114=AXIS2_PLACEMENT_3D('',#3543,#2482,#2483);
#2115=AXIS2_PLACEMENT_3D('',#3547,#2485,#2486);
#2116=AXIS2_PLACEMENT_3D('',#3548,#2487,#2488);
#2117=AXIS2_PLACEMENT_3D('',#3599,#2501,#2502);
#2118=AXIS2_PLACEMENT_3D('',#3606,#2507,#2508);
#2119=AXIS2_PLACEMENT_3D('',#3609,#2511,#2512);
#2120=AXIS2_PLACEMENT_3D('',#3612,#2515,#2516);
#2121=AXIS2_PLACEMENT_3D('',#3624,#2523,#2524);
#2122=AXIS2_PLACEMENT_3D('',#3636,#2531,#2532);
#2123=AXIS2_PLACEMENT_3D('',#3640,#2536,#2537);
#2124=AXIS2_PLACEMENT_3D('',#3644,#2541,#2542);
#2125=AXIS2_PLACEMENT_3D('',#3645,#2543,#2544);
#2126=AXIS2_PLACEMENT_3D('',#3647,#2546,#2547);
#2127=AXIS2_PLACEMENT_3D('',#3648,#2548,#2549);
#2128=AXIS2_PLACEMENT_3D('',#3664,#2553,#2554);
#2129=AXIS2_PLACEMENT_3D('',#3666,#2556,#2557);
#2130=AXIS2_PLACEMENT_3D('',#3667,#2558,#2559);
#2131=AXIS2_PLACEMENT_3D('',#3668,#2560,#2561);
#2132=AXIS2_PLACEMENT_3D('',#3671,#2564,#2565);
#2133=AXIS2_PLACEMENT_3D('',#3674,#2568,#2569);
#2134=AXIS2_PLACEMENT_3D('',#3676,#2571,#2572);
#2135=AXIS2_PLACEMENT_3D('',#3678,#2574,#2575);
#2136=AXIS2_PLACEMENT_3D('',#3679,#2576,#2577);
#2137=AXIS2_PLACEMENT_3D('',#3680,#2578,#2579);
#2138=AXIS2_PLACEMENT_3D('',#3681,#2580,#2581);
#2139=AXIS2_PLACEMENT_3D('',#3682,#2582,#2583);
#2140=AXIS2_PLACEMENT_3D('',#3683,#2584,#2585);
#2141=AXIS2_PLACEMENT_3D('',#3684,#2586,#2587);
#2142=AXIS2_PLACEMENT_3D('',#3685,#2588,#2589);
#2143=AXIS2_PLACEMENT_3D('',#3686,#2590,#2591);
#2144=AXIS2_PLACEMENT_3D('',#3695,#2594,#2595);
#2145=AXIS2_PLACEMENT_3D('',#3710,#2598,#2599);
#2146=AXIS2_PLACEMENT_3D('',#3751,#2602,#2603);
#2147=AXIS2_PLACEMENT_3D('',#3772,#2604,#2605);
#2148=AXIS2_PLACEMENT_3D('',#3793,#2606,#2607);
#2149=AXIS2_PLACEMENT_3D('',#3794,#2608,#2609);
#2150=AXIS2_PLACEMENT_3D('',#3815,#2610,#2611);
#2151=AXIS2_PLACEMENT_3D('',#3836,#2612,#2613);
#2152=DIRECTION('',(0.,0.,1.));
#2153=DIRECTION('',(1.,0.,0.));
#2154=DIRECTION('',(-0.6888708615903,-0.159552298797981,0.707106781186631));
#2155=DIRECTION('',(0.,0.,-1.));
#2156=DIRECTION('',(-1.,0.,0.));
#2157=DIRECTION('',(0.688870861463697,-0.159552299344647,-0.707106781186619));
#2158=DIRECTION('',(0.,0.,-1.));
#2159=DIRECTION('',(-1.,0.,0.));
#2160=DIRECTION('',(0.,0.,-1.));
#2161=DIRECTION('',(-1.,0.,0.));
#2162=DIRECTION('',(-0.687254202679385,-0.166378066161487,-0.707106781186467));
#2163=DIRECTION('',(0.,0.,1.));
#2164=DIRECTION('',(1.,0.,0.));
#2165=DIRECTION('',(0.,0.707106781186548,0.707106781186548));
#2166=DIRECTION('',(0.,0.,-1.));
#2167=DIRECTION('',(-1.,0.,0.));
#2168=DIRECTION('',(0.,0.,-1.));
#2169=DIRECTION('',(-1.,0.,0.));
#2170=DIRECTION('',(0.,-0.707106781186548,0.707106781186548));
#2171=DIRECTION('',(1.,-3.06161699786838E-17,-3.06161699786838E-17));
#2172=DIRECTION('',(0.904534033733291,0.301511344577764,0.301511344577764));
#2173=DIRECTION('',(-1.,6.12323399573677E-17,0.));
#2174=DIRECTION('',(1.,-6.12323399573677E-17,0.));
#2175=DIRECTION('',(0.687254202679276,-0.166378066161477,0.707106781186576));
#2176=DIRECTION('',(0.,0.,1.));
#2177=DIRECTION('',(1.,0.,0.));
#2178=DIRECTION('',(0.,0.707106781186548,-0.707106781186548));
#2179=DIRECTION('',(0.,0.,-1.));
#2180=DIRECTION('',(-1.,0.,0.));
#2181=DIRECTION('',(0.,0.,-1.));
#2182=DIRECTION('',(-1.,0.,0.));
#2183=DIRECTION('',(0.,-0.707106781186548,-0.707106781186548));
#2184=DIRECTION('',(-1.,3.06161699786838E-17,-3.06161699786838E-17));
#2185=DIRECTION('',(0.904534033733291,-0.301511344577764,0.301511344577764));
#2186=DIRECTION('',(-1.,6.12323399573677E-17,0.));
#2187=DIRECTION('',(1.,-6.12323399573677E-17,0.));
#2188=DIRECTION('',(-0.707106781186548,4.32978028117746E-17,0.707106781186548));
#2189=DIRECTION('',(6.12323399573677E-17,1.,0.));
#2190=DIRECTION('',(0.577350269189631,0.577350269189616,0.577350269189631));
#2191=DIRECTION('',(-6.12323399573677E-17,-1.,0.));
#2192=DIRECTION('',(-0.577350269189629,0.577350269189619,-0.577350269189629));
#2193=DIRECTION('',(0.577350269189626,0.577350269189626,0.577350269189626));
#2194=DIRECTION('',(6.12323399573677E-17,1.,0.));
#2195=DIRECTION('',(-0.577350269189626,0.577350269189626,-0.577350269189626));
#2196=DIRECTION('',(0.,0.707106781186548,0.707106781186548));
#2197=DIRECTION('',(1.,-1.11594506466603E-16,1.11594506466603E-16));
#2198=DIRECTION('',(0.577350269189628,-0.577350269189621,0.577350269189628));
#2199=DIRECTION('',(1.,-2.23189012933207E-16,0.));
#2200=DIRECTION('',(1.,-2.23189012933207E-16,0.));
#2201=DIRECTION('',(0.,0.707106781186548,-0.707106781186548));
#2202=DIRECTION('',(-1.,1.11594506466603E-16,1.11594506466603E-16));
#2203=DIRECTION('',(0.577350269189623,0.577350269189631,0.577350269189624));
#2204=DIRECTION('',(-1.,2.23189012933207E-16,0.));
#2205=DIRECTION('',(1.,-2.23189012933207E-16,0.));
#2206=DIRECTION('',(0.,0.707106781186548,-0.707106781186548));
#2207=DIRECTION('',(1.,-1.11594506466603E-16,-1.11594506466603E-16));
#2208=DIRECTION('',(0.577350269189628,-0.577350269189628,-0.577350269189622));
#2209=DIRECTION('',(-1.,6.12323399573677E-17,0.));
#2210=DIRECTION('',(0.577350269189609,0.577350269189637,0.577350269189631));
#2211=DIRECTION('',(1.,-6.12323399573677E-17,0.));
#2212=DIRECTION('',(-0.862856209460994,-0.357406744336622,-0.357406744336619));
#2213=DIRECTION('',(0.577350269189624,0.57735026918963,0.577350269189624));
#2214=DIRECTION('',(0.707106781186561,-4.32978028117755E-17,-0.707106781186534));
#2215=DIRECTION('',(6.12323399573677E-17,1.,0.));
#2216=DIRECTION('',(0.57735026918961,-0.577350269189636,0.577350269189632));
#2217=DIRECTION('',(-6.12323399573677E-17,-1.,0.));
#2218=DIRECTION('',(6.12323399573677E-17,1.,0.));
#2219=DIRECTION('',(0.,0.707106781186548,0.707106781186548));
#2220=DIRECTION('',(-1.,3.06161699786838E-17,-3.06161699786838E-17));
#2221=DIRECTION('',(-0.577350269189624,0.577350269189629,-0.577350269189624));
#2222=DIRECTION('',(-1.,6.12323399573677E-17,0.));
#2223=DIRECTION('',(1.,-6.12323399573677E-17,0.));
#2224=DIRECTION('',(-0.577350269189627,-0.577350269189627,0.577350269189623));
#2225=DIRECTION('',(4.32978028117747E-17,0.707106781186548,-0.707106781186548));
#2226=DIRECTION('',(1.,-6.12323399573677E-17,0.));
#2227=DIRECTION('',(1.,-6.12323399573677E-17,0.));
#2228=DIRECTION('',(0.577350269189621,-0.577350269189621,-0.577350269189635));
#2229=DIRECTION('',(-1.,6.12323399573677E-17,0.));
#2230=DIRECTION('',(-0.577350269189616,-0.577350269189624,-0.577350269189638));
#2231=DIRECTION('',(0.707106781186561,-4.32978028117755E-17,-0.707106781186534));
#2232=DIRECTION('',(6.12323399573677E-17,1.,0.));
#2233=DIRECTION('',(-0.577350269189613,0.577350269189629,-0.577350269189635));
#2234=DIRECTION('',(-6.12323399573677E-17,-1.,0.));
#2235=DIRECTION('',(6.12323399573677E-17,1.,0.));
#2236=DIRECTION('',(0.,0.707106781186548,0.707106781186548));
#2237=DIRECTION('',(-1.,1.11594506466603E-16,-1.11594506466603E-16));
#2238=DIRECTION('',(-0.862856209460997,0.357406744336616,-0.35740674433662));
#2239=DIRECTION('',(-1.,6.12323399573677E-17,0.));
#2240=DIRECTION('',(1.,-6.12323399573677E-17,0.));
#2241=DIRECTION('',(-0.577350269189624,-0.577350269189624,0.57735026918963));
#2242=DIRECTION('',(0.577350269189628,-0.577350269189622,0.577350269189628));
#2243=DIRECTION('',(-1.,0.,0.));
#2244=DIRECTION('',(0.,0.,1.));
#2245=DIRECTION('',(-1.,0.,0.));
#2246=DIRECTION('',(0.,0.,1.));
#2247=DIRECTION('',(-1.,6.12323399573677E-17,0.));
#2248=DIRECTION('',(-6.12323399573677E-17,-1.,0.));
#2249=DIRECTION('',(-1.,0.,0.));
#2250=DIRECTION('',(0.,0.,1.));
#2251=DIRECTION('',(-1.,0.,0.));
#2252=DIRECTION('',(0.,0.,1.));
#2253=DIRECTION('',(-1.,6.12323399573677E-17,0.));
#2254=DIRECTION('',(-6.12323399573677E-17,-1.,0.));
#2255=DIRECTION('',(-1.,0.,0.));
#2256=DIRECTION('',(0.,0.,1.));
#2257=DIRECTION('',(-1.,0.,0.));
#2258=DIRECTION('',(0.,0.,1.));
#2259=DIRECTION('',(-1.,6.12323399573677E-17,0.));
#2260=DIRECTION('',(-6.12323399573677E-17,-1.,0.));
#2261=DIRECTION('',(0.,0.707106781186548,0.707106781186548));
#2262=DIRECTION('',(-1.,3.06161699786838E-17,-3.06161699786838E-17));
#2263=DIRECTION('',(-4.32978028117744E-17,-0.707106781186545,0.707106781186551));
#2264=DIRECTION('',(1.,-6.12323399573677E-17,0.));
#2265=DIRECTION('',(0.577350269189624,-0.577350269189624,0.577350269189629));
#2266=DIRECTION('',(-0.577350269189628,-0.577350269189622,0.577350269189627));
#2267=DIRECTION('',(-1.,6.12323399573677E-17,0.));
#2268=DIRECTION('',(0.,0.707106781186548,-0.707106781186548));
#2269=DIRECTION('',(1.,-3.06161699786838E-17,-3.06161699786838E-17));
#2270=DIRECTION('',(4.32978028117744E-17,0.707106781186545,0.707106781186551));
#2271=DIRECTION('',(1.,-6.12323399573677E-17,0.));
#2272=DIRECTION('',(-0.577350269189628,0.577350269189622,0.577350269189627));
#2273=DIRECTION('',(-0.577350269189624,-0.577350269189624,-0.577350269189629));
#2274=DIRECTION('',(-1.,6.12323399573677E-17,0.));
#2275=DIRECTION('',(0.,0.707106781186548,-0.707106781186548));
#2276=DIRECTION('',(1.,-3.06161699786838E-17,-3.06161699786838E-17));
#2277=DIRECTION('',(4.32978028117746E-17,0.707106781186546,0.707106781186549));
#2278=DIRECTION('',(1.,-6.12323399573677E-17,0.));
#2279=DIRECTION('',(0.577350269189627,-0.577350269189624,-0.577350269189627));
#2280=DIRECTION('',(0.577350269189625,0.577350269189625,0.577350269189628));
#2281=DIRECTION('',(-1.,6.12323399573677E-17,0.));
#2282=DIRECTION('',(0.,0.707106781186548,0.707106781186548));
#2283=DIRECTION('',(-1.,3.06161699786838E-17,-3.06161699786838E-17));
#2284=DIRECTION('',(-4.32978028117745E-17,-0.707106781186546,0.707106781186549));
#2285=DIRECTION('',(1.,-6.12323399573677E-17,0.));
#2286=DIRECTION('',(-0.577350269189625,0.577350269189625,-0.577350269189628));
#2287=DIRECTION('',(0.577350269189627,0.577350269189624,-0.577350269189627));
#2288=DIRECTION('',(-1.,6.12323399573677E-17,0.));
#2289=DIRECTION('',(-1.,6.12323399573677E-17,0.));
#2290=DIRECTION('',(0.,0.,1.));
#2291=DIRECTION('',(-4.32978028117747E-17,-0.707106781186548,0.707106781186548));
#2292=DIRECTION('',(-6.12323399573677E-17,-1.,0.));
#2293=DIRECTION('',(0.,0.,-1.));
#2294=DIRECTION('',(0.,0.,1.));
#2295=DIRECTION('',(-6.12323399573677E-17,-1.,0.));
#2296=DIRECTION('',(0.,0.,1.));
#2297=DIRECTION('',(0.,0.,-1.));
#2298=DIRECTION('',(6.12323399573677E-17,1.,0.));
#2299=DIRECTION('',(-4.32978028117747E-17,-0.707106781186548,-0.707106781186548));
#2300=DIRECTION('',(-6.12323399573677E-17,-1.,0.));
#2301=DIRECTION('',(0.,0.,1.));
#2302=DIRECTION('',(1.,0.,0.));
#2303=DIRECTION('',(0.,0.,-1.));
#2304=DIRECTION('',(-1.,0.,0.));
#2305=DIRECTION('',(0.,0.,-1.));
#2306=DIRECTION('',(-1.,0.,0.));
#2307=DIRECTION('',(0.,0.,1.));
#2308=DIRECTION('',(1.,0.,0.));
#2309=DIRECTION('',(0.,0.,-1.));
#2310=DIRECTION('',(-1.,0.,0.));
#2311=DIRECTION('',(0.,0.,-1.));
#2312=DIRECTION('',(-1.,0.,0.));
#2313=DIRECTION('',(1.,0.,0.));
#2314=DIRECTION('',(0.,0.,-1.));
#2315=DIRECTION('',(1.,0.,0.));
#2316=DIRECTION('',(0.,0.,-1.));
#2317=DIRECTION('',(1.,-6.12323399573677E-17,0.));
#2318=DIRECTION('',(6.12323399573677E-17,1.,0.));
#2319=DIRECTION('',(1.,0.,0.));
#2320=DIRECTION('',(0.,0.,-1.));
#2321=DIRECTION('',(1.,0.,0.));
#2322=DIRECTION('',(0.,0.,-1.));
#2323=DIRECTION('',(1.,-6.12323399573677E-17,0.));
#2324=DIRECTION('',(6.12323399573677E-17,1.,0.));
#2325=DIRECTION('',(1.,0.,0.));
#2326=DIRECTION('',(0.,0.,-1.));
#2327=DIRECTION('',(1.,0.,0.));
#2328=DIRECTION('',(0.,0.,-1.));
#2329=DIRECTION('',(1.,-6.12323399573677E-17,0.));
#2330=DIRECTION('',(6.12323399573677E-17,1.,0.));
#2331=DIRECTION('',(0.382683432365121,-2.34326020266334E-17,-0.923879532511274));
#2332=DIRECTION('',(-6.12323399573677E-17,-1.,0.));
#2333=DIRECTION('',(-6.12323399573677E-17,-1.,0.));
#2334=DIRECTION('',(6.12323399573677E-17,1.,-2.17894099802631E-33));
#2335=DIRECTION('',(-0.707106781186548,0.707106781186548,0.));
#2336=DIRECTION('',(0.,0.,-1.));
#2337=DIRECTION('',(0.,0.,1.));
#2338=DIRECTION('',(-0.577350269189626,-0.577350269189626,0.577350269189626));
#2339=DIRECTION('',(0.,0.,-1.));
#2340=DIRECTION('',(-0.577350269189626,-0.577350269189626,-0.577350269189626));
#2341=DIRECTION('',(-0.707106781186548,4.32978028117746E-17,0.707106781186548));
#2342=DIRECTION('',(6.12323399573677E-17,1.,0.));
#2343=DIRECTION('',(6.12323399573677E-17,1.,0.));
#2344=DIRECTION('',(-0.577350269189626,0.577350269189626,-0.577350269189626));
#2345=DIRECTION('',(0.707106781186548,-4.32978028117746E-17,0.707106781186548));
#2346=DIRECTION('',(-6.12323399573677E-17,-1.,0.));
#2347=DIRECTION('',(6.12323399573677E-17,1.,0.));
#2348=DIRECTION('',(0.577350269189626,-0.577350269189626,-0.577350269189626));
#2349=DIRECTION('',(-6.12323399573677E-17,-1.,0.));
#2350=DIRECTION('',(0.707106781186548,0.707106781186548,0.));
#2351=DIRECTION('',(0.,0.,1.));
#2352=DIRECTION('',(0.,0.,-1.));
#2353=DIRECTION('',(0.,0.,1.));
#2354=DIRECTION('',(0.707106781186548,-0.707106781186548,0.));
#2355=DIRECTION('',(0.,0.,-1.));
#2356=DIRECTION('',(0.,0.,1.));
#2357=DIRECTION('',(-0.577350269189626,-0.577350269189626,0.577350269189626));
#2358=DIRECTION('',(0.,0.,-1.));
#2359=DIRECTION('',(0.577350269189626,0.577350269189626,0.577350269189626));
#2360=DIRECTION('',(-0.707106781186548,4.32978028117746E-17,-0.707106781186548));
#2361=DIRECTION('',(-6.12323399573677E-17,-1.,0.));
#2362=DIRECTION('',(6.12323399573677E-17,1.,0.));
#2363=DIRECTION('',(0.678598344545845,-0.281084637714829,-0.678598344545845));
#2364=DIRECTION('',(-6.12323399573677E-17,-1.,0.));
#2365=DIRECTION('',(-0.707106781186548,4.32978028117746E-17,0.707106781186548));
#2366=DIRECTION('',(6.12323399573677E-17,1.,0.));
#2367=DIRECTION('',(-6.12323399573677E-17,-1.,0.));
#2368=DIRECTION('',(6.12323399573677E-17,1.,0.));
#2369=DIRECTION('',(-0.577350269189626,0.577350269189626,-0.577350269189626));
#2370=DIRECTION('',(0.577350269189625,0.577350269189627,0.577350269189625));
#2371=DIRECTION('',(-0.707106781186549,-0.5,-0.5));
#2372=DIRECTION('',(4.32978028117747E-17,0.707106781186548,-0.707106781186548));
#2373=DIRECTION('',(-0.678598344545845,0.678598344545845,0.281084637714829));
#2374=DIRECTION('',(-4.32978028117747E-17,-0.707106781186548,0.707106781186548));
#2375=DIRECTION('',(4.32978028117747E-17,0.707106781186548,-0.707106781186548));
#2376=DIRECTION('',(0.707106781186548,0.707106781186548,0.));
#2377=DIRECTION('',(0.,0.,-1.));
#2378=DIRECTION('',(0.,0.,-1.));
#2379=DIRECTION('',(0.577350269189626,-0.577350269189626,-0.577350269189625));
#2380=DIRECTION('',(0.,0.,1.));
#2381=DIRECTION('',(-0.707106781186548,-0.707106781186548,0.));
#2382=DIRECTION('',(0.,0.,1.));
#2383=DIRECTION('',(0.,0.,1.));
#2384=DIRECTION('',(-0.577350269189626,0.577350269189626,0.577350269189626));
#2385=DIRECTION('',(0.,0.,-1.));
#2386=DIRECTION('',(-0.707106781186548,4.32978028117746E-17,-0.707106781186548));
#2387=DIRECTION('',(-6.12323399573677E-17,-1.,0.));
#2388=DIRECTION('',(6.12323399573677E-17,1.,0.));
#2389=DIRECTION('',(-6.12323399573677E-17,-1.,0.));
#2390=DIRECTION('',(0.678598344545845,0.281084637714829,-0.678598344545845));
#2391=DIRECTION('',(0.707106781186549,-0.5,0.5));
#2392=DIRECTION('',(-4.32978028117747E-17,-0.707106781186548,-0.707106781186548));
#2393=DIRECTION('',(0.678598344545845,0.678598344545845,-0.281084637714829));
#2394=DIRECTION('',(-4.32978028117747E-17,-0.707106781186548,-0.707106781186548));
#2395=DIRECTION('',(-4.32978028117747E-17,-0.707106781186548,-0.707106781186548));
#2396=DIRECTION('',(-0.707106781186548,0.707106781186548,0.));
#2397=DIRECTION('',(0.,0.,1.));
#2398=DIRECTION('',(0.,0.,-1.));
#2399=DIRECTION('',(-0.577350269189625,-0.577350269189625,0.577350269189627));
#2400=DIRECTION('',(0.,0.,1.));
#2401=DIRECTION('',(0.,0.,1.));
#2402=DIRECTION('',(1.,0.,0.));
#2403=DIRECTION('',(0.,0.,-1.));
#2404=DIRECTION('',(1.,0.,0.));
#2405=DIRECTION('',(1.,-6.12323399573677E-17,0.));
#2406=DIRECTION('',(-0.577350269189623,-0.816496580927728,0.));
#2407=DIRECTION('',(0.,0.,-1.));
#2408=DIRECTION('',(1.,0.,0.));
#2409=DIRECTION('',(-0.577350269189623,0.816496580927728,0.));
#2410=DIRECTION('',(1.,-6.12323399573677E-17,0.));
#2411=DIRECTION('',(1.,-6.12323399573677E-17,0.));
#2412=DIRECTION('',(6.12323399573677E-17,1.,0.));
#2413=DIRECTION('',(0.,-1.,0.));
#2414=DIRECTION('',(1.,0.,0.));
#2415=DIRECTION('',(0.,-1.,0.));
#2416=DIRECTION('',(1.,0.,0.));
#2417=DIRECTION('',(0.,0.,-1.));
#2418=DIRECTION('',(-6.12323399573677E-17,-1.,0.));
#2419=DIRECTION('',(-1.634128838181E-10,-0.707106781262685,-0.70710678111041));
#2420=DIRECTION('',(-0.834475545420723,-0.389647638180389,0.389647638457147));
#2421=DIRECTION('',(0.,0.,1.));
#2422=DIRECTION('',(6.12323399573677E-17,1.,0.));
#2423=DIRECTION('',(4.66016114586409E-13,0.707106781185894,-0.707106781187202));
#2424=DIRECTION('',(-0.378859122013179,0.654395051046886,0.654395051045426));
#2425=DIRECTION('',(0.,0.,1.));
#2426=DIRECTION('',(6.12323399573677E-17,1.,0.));
#2427=DIRECTION('',(4.32978028117747E-17,0.707106781186548,-0.707106781186548));
#2428=DIRECTION('',(1.,-6.12323399573677E-17,0.));
#2429=DIRECTION('',(-0.577350269189626,0.577350269189626,0.577350269189626));
#2430=DIRECTION('',(-1.,6.12323399573677E-17,0.));
#2431=DIRECTION('',(1.,-6.12323399573677E-17,0.));
#2432=DIRECTION('',(0.,0.707106781186548,0.707106781186548));
#2433=DIRECTION('',(-1.,1.11594506466603E-16,-1.11594506466603E-16));
#2434=DIRECTION('',(0.577350269189626,0.577350269189626,-0.577350269189626));
#2435=DIRECTION('',(-1.,2.23189012933207E-16,0.));
#2436=DIRECTION('',(1.,-2.23189012933207E-16,0.));
#2437=DIRECTION('',(-0.707106781186548,4.32978028117747E-17,-0.707106781186548));
#2438=DIRECTION('',(-6.12323399573677E-17,-1.,0.));
#2439=DIRECTION('',(6.12323399573677E-17,1.,0.));
#2440=DIRECTION('',(-6.12323399573677E-17,-1.,0.));
#2441=DIRECTION('',(0.,0.,-1.));
#2442=DIRECTION('',(-6.12323399573677E-17,-1.,0.));
#2443=DIRECTION('',(2.09554595897999E-14,-0.707106781186682,-0.707106781186413));
#2444=DIRECTION('',(-0.357614594659179,-0.660345289105038,0.660345289105279));
#2445=DIRECTION('',(0.,0.,1.));
#2446=DIRECTION('',(6.12323399573677E-17,1.,0.));
#2447=DIRECTION('',(-1.26896593967678E-11,0.707106781192624,-0.707106781180471));
#2448=DIRECTION('',(-0.836757432866479,0.387193103325665,0.387193103347336));
#2449=DIRECTION('',(0.,0.,1.));
#2450=DIRECTION('',(6.12323399573677E-17,1.,0.));
#2451=DIRECTION('',(0.,0.707106781186548,-0.707106781186548));
#2452=DIRECTION('',(1.,-1.11594506466603E-16,-1.11594506466603E-16));
#2453=DIRECTION('',(0.577350269189626,-0.577350269189626,-0.577350269189626));
#2454=DIRECTION('',(-1.,2.23189012933207E-16,0.));
#2455=DIRECTION('',(1.,-2.23189012933207E-16,0.));
#2456=DIRECTION('',(0.,0.707106781186548,0.707106781186548));
#2457=DIRECTION('',(-1.,3.06161699786838E-17,-3.06161699786838E-17));
#2458=DIRECTION('',(-0.577350269189619,-0.577350269189639,0.577350269189619));
#2459=DIRECTION('',(-1.,6.12323399573677E-17,0.));
#2460=DIRECTION('',(1.,-6.12323399573677E-17,0.));
#2461=DIRECTION('',(-0.707106781186548,4.32978028117747E-17,-0.707106781186548));
#2462=DIRECTION('',(-6.12323399573677E-17,-1.,0.));
#2463=DIRECTION('',(6.12323399573677E-17,1.,0.));
#2464=DIRECTION('',(-6.12323399573677E-17,-1.,0.));
#2465=DIRECTION('',(0.,0.,-1.));
#2466=DIRECTION('',(-6.12323399573677E-17,-1.,0.));
#2467=DIRECTION('',(0.68725420267949,0.166378066161424,-0.707106781186381));
#2468=DIRECTION('',(0.,0.,1.));
#2469=DIRECTION('',(6.12323399573677E-17,1.,0.));
#2470=DIRECTION('',(4.32978028117742E-17,0.707106781186542,-0.707106781186554));
#2471=DIRECTION('',(0.,0.,1.));
#2472=DIRECTION('',(6.12323399573677E-17,1.,0.));
#2473=DIRECTION('',(0.688870861463952,0.159552299344196,0.707106781186472));
#2474=DIRECTION('',(0.,0.,1.));
#2475=DIRECTION('',(6.12323399573677E-17,1.,0.));
#2476=DIRECTION('',(-0.68887086146378,0.159552299345433,-0.70710678118636));
#2477=DIRECTION('',(0.,0.,1.));
#2478=DIRECTION('',(6.12323399573677E-17,1.,0.));
#2479=DIRECTION('',(0.,0.,1.));
#2480=DIRECTION('',(6.12323399573677E-17,1.,0.));
#2481=DIRECTION('',(-0.687254202678972,0.166378066161474,0.707106781186872));
#2482=DIRECTION('',(0.,0.,-1.));
#2483=DIRECTION('',(-6.12323399573677E-17,-1.,0.));
#2484=DIRECTION('',(-4.32978028117739E-17,-0.707106781186535,-0.70710678118656));
#2485=DIRECTION('',(0.,0.,1.));
#2486=DIRECTION('',(6.12323399573677E-17,1.,0.));
#2487=DIRECTION('',(0.,0.,1.));
#2488=DIRECTION('',(6.12323399573677E-17,1.,0.));
#2489=DIRECTION('',(0.,0.,-1.));
#2490=DIRECTION('',(0.,0.,-1.));
#2491=DIRECTION('',(0.,0.,-1.));
#2492=DIRECTION('',(0.,0.,1.));
#2493=DIRECTION('',(0.,0.,-1.));
#2494=DIRECTION('',(0.,0.,1.));
#2495=DIRECTION('',(0.,0.,-1.));
#2496=DIRECTION('',(0.,0.,-1.));
#2497=DIRECTION('',(0.,0.,-1.));
#2498=DIRECTION('',(0.,0.,1.));
#2499=DIRECTION('',(0.,0.,-1.));
#2500=DIRECTION('',(0.,0.,-1.));
#2501=DIRECTION('',(0.707106781186548,-4.32978028117747E-17,-0.707106781186547));
#2502=DIRECTION('',(6.12323399573677E-17,1.,0.));
#2503=DIRECTION('',(0.707106781186548,-1.57818464531403E-16,0.707106781186548));
#2504=DIRECTION('',(-6.12323399573677E-17,-1.,0.));
#2505=DIRECTION('',(-0.707106781186548,1.57818464531403E-16,-0.707106781186548));
#2506=DIRECTION('',(-6.12323399573677E-17,-1.,0.));
#2507=DIRECTION('',(0.,-1.,0.));
#2508=DIRECTION('',(1.,0.,0.));
#2509=DIRECTION('',(0.,0.,1.));
#2510=DIRECTION('',(0.,0.,1.));
#2511=DIRECTION('',(0.,-1.,0.));
#2512=DIRECTION('',(1.,0.,0.));
#2513=DIRECTION('',(0.,0.,1.));
#2514=DIRECTION('',(0.,0.,1.));
#2515=DIRECTION('',(-0.316227766016838,1.93633660727019E-17,0.948683298050514));
#2516=DIRECTION('',(0.948683298050514,-5.80900982181058E-17,0.316227766016838));
#2517=DIRECTION('',(-0.948683298050514,5.80900982181058E-17,-0.316227766016838));
#2518=DIRECTION('',(0.904534033733291,-0.301511344577764,0.301511344577764));
#2519=DIRECTION('',(-0.662351420999507,-0.715922555634751,-0.220783806999835));
#2520=DIRECTION('',(6.12323399573677E-17,1.,0.));
#2521=DIRECTION('',(0.948683298050514,-5.80900982181058E-17,0.316227766016838));
#2522=DIRECTION('',(-6.12323399573677E-17,-1.,0.));
#2523=DIRECTION('',(-0.316227766016838,1.93633660727019E-17,0.948683298050514));
#2524=DIRECTION('',(0.948683298050514,-5.80900982181058E-17,0.316227766016838));
#2525=DIRECTION('',(6.12323399573677E-17,1.,0.));
#2526=DIRECTION('',(0.948683298050514,-5.80900982181058E-17,0.316227766016838));
#2527=DIRECTION('',(6.12323399573677E-17,1.,0.));
#2528=DIRECTION('',(0.662351420999505,-0.715922555634753,0.220783806999835));
#2529=DIRECTION('',(0.904534033733291,0.301511344577764,0.301511344577764));
#2530=DIRECTION('',(-0.948683298050514,5.80900982181058E-17,-0.316227766016838));
#2531=DIRECTION('',(-6.12323399573677E-17,-1.,0.));
#2532=DIRECTION('',(0.,0.,1.));
#2533=DIRECTION('',(-1.,6.12323399573677E-17,0.));
#2534=DIRECTION('',(0.,0.,-1.));
#2535=DIRECTION('',(0.,0.,-1.));
#2536=DIRECTION('',(-6.12323399573677E-17,-1.,0.));
#2537=DIRECTION('',(0.,0.,1.));
#2538=DIRECTION('',(0.,0.,-1.));
#2539=DIRECTION('',(-1.,6.12323399573677E-17,0.));
#2540=DIRECTION('',(0.,0.,-1.));
#2541=DIRECTION('',(0.,0.,-1.));
#2542=DIRECTION('',(6.12323399573677E-17,1.,0.));
#2543=DIRECTION('',(0.,0.,-1.));
#2544=DIRECTION('',(-6.12323399573677E-17,-1.,0.));
#2545=DIRECTION('',(0.,0.,1.));
#2546=DIRECTION('',(0.,0.,-1.));
#2547=DIRECTION('',(-6.12323399573677E-17,-1.,0.));
#2548=DIRECTION('',(1.,-6.12323399573677E-17,0.));
#2549=DIRECTION('',(0.,0.,-1.));
#2550=DIRECTION('',(4.32978028117747E-17,0.707106781186548,0.707106781186548));
#2551=DIRECTION('',(4.32978028117747E-17,0.707106781186548,-0.707106781186548));
#2552=DIRECTION('',(6.12323399573677E-17,1.,0.));
#2553=DIRECTION('',(0.,0.,-1.));
#2554=DIRECTION('',(-6.12323399573677E-17,-1.,0.));
#2555=DIRECTION('',(0.,0.,1.));
#2556=DIRECTION('',(0.,0.,-1.));
#2557=DIRECTION('',(-6.12323399573677E-17,-1.,0.));
#2558=DIRECTION('',(0.,0.,-1.));
#2559=DIRECTION('',(-6.12323399573677E-17,-1.,0.));
#2560=DIRECTION('',(0.,-0.707106781186548,-0.707106781186548));
#2561=DIRECTION('',(-1.,3.06161699786838E-17,-3.06161699786838E-17));
#2562=DIRECTION('',(-1.,6.12323399573677E-17,0.));
#2563=DIRECTION('',(1.,-6.12323399573677E-17,0.));
#2564=DIRECTION('',(0.,-0.707106781186548,0.707106781186548));
#2565=DIRECTION('',(1.,-3.06161699786838E-17,-3.06161699786838E-17));
#2566=DIRECTION('',(1.,-6.12323399573677E-17,0.));
#2567=DIRECTION('',(-1.,6.12323399573677E-17,0.));
#2568=DIRECTION('',(6.12323399573677E-17,1.,0.));
#2569=DIRECTION('',(0.,0.,-1.));
#2570=DIRECTION('',(-1.,6.12323399573677E-17,0.));
#2571=DIRECTION('',(6.12323399573677E-17,1.,0.));
#2572=DIRECTION('',(0.,0.,-1.));
#2573=DIRECTION('',(1.,-6.12323399573677E-17,0.));
#2574=DIRECTION('',(1.,-6.12323399573677E-17,0.));
#2575=DIRECTION('',(6.12323399573677E-17,1.,0.));
#2576=DIRECTION('',(1.,-6.12323399573677E-17,0.));
#2577=DIRECTION('',(6.12323399573677E-17,1.,0.));
#2578=DIRECTION('',(-6.12323399573677E-17,-1.,0.));
#2579=DIRECTION('',(0.,0.,1.));
#2580=DIRECTION('',(-6.12323399573677E-17,-1.,0.));
#2581=DIRECTION('',(0.,0.,1.));
#2582=DIRECTION('',(1.,-6.12323399573677E-17,0.));
#2583=DIRECTION('',(0.,0.,-1.));
#2584=DIRECTION('',(1.,-6.12323399573677E-17,0.));
#2585=DIRECTION('',(0.,0.,-1.));
#2586=DIRECTION('',(1.,-6.12323399573677E-17,0.));
#2587=DIRECTION('',(0.,0.,-1.));
#2588=DIRECTION('',(0.,0.,1.));
#2589=DIRECTION('',(6.12323399573677E-17,1.,0.));
#2590=DIRECTION('',(-4.32978028117747E-17,-0.707106781186548,-0.707106781186548));
#2591=DIRECTION('',(1.,-6.12323399573677E-17,0.));
#2592=DIRECTION('',(4.32978028117747E-17,0.707106781186548,-0.707106781186548));
#2593=DIRECTION('',(-4.32978028117747E-17,-0.707106781186548,0.707106781186548));
#2594=DIRECTION('',(0.,0.,-1.));
#2595=DIRECTION('',(6.12323399573677E-17,1.,0.));
#2596=DIRECTION('',(6.12323399573677E-17,1.,0.));
#2597=DIRECTION('',(-6.12323399573677E-17,-1.,0.));
#2598=DIRECTION('',(-4.32978028117747E-17,-0.707106781186548,0.707106781186548));
#2599=DIRECTION('',(-1.,6.12323399573677E-17,0.));
#2600=DIRECTION('',(4.32978028117747E-17,0.707106781186548,0.707106781186548));
#2601=DIRECTION('',(-4.32978028117747E-17,-0.707106781186548,-0.707106781186548));
#2602=DIRECTION('',(-0.70710678118655,0.5,-0.5));
#2603=DIRECTION('',(4.32978028117747E-17,0.707106781186548,0.707106781186548));
#2604=DIRECTION('',(0.707106781186548,-4.32978028117747E-17,0.707106781186547));
#2605=DIRECTION('',(6.12323399573677E-17,1.,0.));
#2606=DIRECTION('',(0.70710678118655,0.5,0.5));
#2607=DIRECTION('',(4.32978028117747E-17,0.707106781186548,-0.707106781186548));
#2608=DIRECTION('',(-0.707106781186545,0.5,0.5));
#2609=DIRECTION('',(4.32978028117747E-17,0.707106781186548,-0.707106781186548));
#2610=DIRECTION('',(-0.707106781186548,4.32978028117747E-17,0.707106781186548));
#2611=DIRECTION('',(-6.12323399573677E-17,-1.,0.));
#2612=DIRECTION('',(0.707106781186546,0.5,-0.5));
#2613=DIRECTION('',(4.32978028117747E-17,0.707106781186548,0.707106781186548));
#2614=CARTESIAN_POINT('',(0.,0.,0.));
#2615=CARTESIAN_POINT('',(-0.0299545513268325,0.0424479692357813,0.0143729099022931));
#2616=CARTESIAN_POINT('',(-0.0298795663355353,0.0421284577092635,0.0143729099022931));
#2617=CARTESIAN_POINT('',(-0.0297542819372141,0.0417864293540959,0.0143729099022931));
#2618=CARTESIAN_POINT('',(-0.0295026883819534,0.041492588208781,0.0143729099022931));
#2619=CARTESIAN_POINT('',(-0.0299513161275893,0.0424487185539873,0.0143695890602437));
#2620=CARTESIAN_POINT('',(-0.0298764108908455,0.0421295203600554,0.0143695890602437));
#2621=CARTESIAN_POINT('',(-0.0297512611553573,0.0417879976464367,0.0143695890602437));
#2622=CARTESIAN_POINT('',(-0.0295001728841182,0.0414947542710844,0.0143695890602437));
#2623=CARTESIAN_POINT('',(-0.029561631921587,0.0425389749642437,0.0139695890602437));
#2624=CARTESIAN_POINT('',(-0.0294963332306711,0.0422575181119552,0.0139695890602437));
#2625=CARTESIAN_POINT('',(-0.0293874038189524,0.041976900619533,0.0139695890602437));
#2626=CARTESIAN_POINT('',(-0.0291971777042536,0.0417556594597276,0.0139695890602437));
#2627=CARTESIAN_POINT('',(-0.0295592730313334,0.0425395213168112,0.0139671677250012));
#2628=CARTESIAN_POINT('',(-0.0294940324920874,0.0422582929256243,0.0139671677250012));
#2629=CARTESIAN_POINT('',(-0.0293852012674727,0.0419780441130984,0.0139671677250012));
#2630=CARTESIAN_POINT('',(-0.0291953435719853,0.0417572388070481,0.0139671677250012));
#2631=CARTESIAN_POINT('',(-0.0295046364017116,0.0415000188084094,0.0143695689991468));
#2632=CARTESIAN_POINT('',(-0.0294425234088243,0.0416344161802442,0.014235162725775));
#2633=CARTESIAN_POINT('',(-0.0293766086481915,0.041767912674524,0.014101609086406));
#2634=CARTESIAN_POINT('',(-0.0293050211936223,0.0418999302339903,0.0139695733110326));
#2635=CARTESIAN_POINT('',(-0.0295046767882395,0.0415000105054852,0.0143695420329999));
#2636=CARTESIAN_POINT('',(-0.0293050554423789,0.0418999645570048,0.0139695890602437));
#2637=CARTESIAN_POINT('',(-0.0299513161275362,0.0424487185537579,0.0143695890602437));
#2638=CARTESIAN_POINT('',(-0.0298714877674237,0.0421040577034303,0.0143706133574852));
#2639=CARTESIAN_POINT('',(-0.0297350894085621,0.0417693401472255,0.0143708481471717));
#2640=CARTESIAN_POINT('',(-0.0295048387901051,0.0414998710235192,0.0143698190308882));
#2641=CARTESIAN_POINT('',(-0.0299513161275893,0.0424487185539873,0.0143695890602437));
#2642=CARTESIAN_POINT('',(-0.0297564740246061,0.0424938467591927,0.0141695890602437));
#2643=CARTESIAN_POINT('',(-0.029561631921587,0.0425389749642437,0.0139695890602437));
#2644=CARTESIAN_POINT('',(-0.0293050602596336,0.0418999614240779,0.0139695890602437));
#2645=CARTESIAN_POINT('',(-0.0294312707288582,0.0420940253167791,0.0139695890602437));
#2646=CARTESIAN_POINT('',(-0.0295094098517365,0.0423138822526754,0.0139695890602437));
#2647=CARTESIAN_POINT('',(-0.029561631921587,0.0425389749642437,0.0139695890602437));
#2648=CARTESIAN_POINT('',(-0.047,0.0385,0.0143695890602437));
#2649=CARTESIAN_POINT('',(-0.0297564738843992,0.0345061538461537,0.0141695890602437));
#2650=CARTESIAN_POINT('',(-0.0299513159874004,0.0345512820512819,0.0143695890602437));
#2651=CARTESIAN_POINT('',(-0.0295616317813981,0.0344610256410255,0.0139695890602437));
#2652=CARTESIAN_POINT('',(-0.047,0.0385,0.0139695890602437));
#2653=CARTESIAN_POINT('',(-0.047,0.0385,0.0143695890602437));
#2654=CARTESIAN_POINT('',(-0.0295592807489541,0.0344604811084385,0.0139671757908242));
#2655=CARTESIAN_POINT('',(-0.02949413121957,0.0347421907642092,0.0139671757908242));
#2656=CARTESIAN_POINT('',(-0.0293838291953645,0.035024036183571,0.0139671757908242));
#2657=CARTESIAN_POINT('',(-0.0291954433591095,0.0352427321458937,0.0139671757908242));
#2658=CARTESIAN_POINT('',(-0.0295616317813981,0.0344610256410255,0.0139695890602437));
#2659=CARTESIAN_POINT('',(-0.029496424738279,0.0347429630608088,0.0139695890602437));
#2660=CARTESIAN_POINT('',(-0.0293860220736808,0.0350251793942373,0.0139695890602437));
#2661=CARTESIAN_POINT('',(-0.0291972716151195,0.035244306086466,0.0139695890602437));
#2662=CARTESIAN_POINT('',(-0.0299513159874004,0.0345512820512819,0.0143695890602437));
#2663=CARTESIAN_POINT('',(-0.0298765760285432,0.0348709714121889,0.0143695890602437));
#2664=CARTESIAN_POINT('',(-0.0297494921941062,0.0352146668434269,0.0143695890602437));
#2665=CARTESIAN_POINT('',(-0.029500305498569,0.0355051871235538,0.0143695890602437));
#2666=CARTESIAN_POINT('',(-0.0299541312602174,0.0345519341085489,0.0143724788594951));
#2667=CARTESIAN_POINT('',(-0.0298793224308283,0.0348718962082839,0.0143724788594951));
#2668=CARTESIAN_POINT('',(-0.029752118083311,0.035216035795149,0.0143724788594951));
#2669=CARTESIAN_POINT('',(-0.0295024947662929,0.035507071858118,0.0143724788594951));
#2670=CARTESIAN_POINT('',(-0.0293050900172812,0.0351000744211136,0.0139695787734448));
#2671=CARTESIAN_POINT('',(-0.0293767159821121,0.0352320704079529,0.014101592751158));
#2672=CARTESIAN_POINT('',(-0.0294426574925302,0.035365550176901,0.0142351291526523));
#2673=CARTESIAN_POINT('',(-0.0295047121907971,0.0354999500812669,0.0143695378931207));
#2674=CARTESIAN_POINT('',(-0.0293051092099214,0.0351000537182674,0.0139695890602437));
#2675=CARTESIAN_POINT('',(-0.0295046866367062,0.0354999714073908,0.0143695283663771));
#2676=CARTESIAN_POINT('',(-0.0295616317813981,0.0344610256410255,0.0139695890602437));
#2677=CARTESIAN_POINT('',(-0.0295031776358975,0.0347137653784797,0.0139695890602437));
#2678=CARTESIAN_POINT('',(-0.0294176843029021,0.0349267562378321,0.0139695890602437));
#2679=CARTESIAN_POINT('',(-0.0293051517824119,0.0350999982190826,0.0139695890602437));
#2680=CARTESIAN_POINT('',(-0.0295048521739757,0.0355001134577002,0.0143697504611278));
#2681=CARTESIAN_POINT('',(-0.0297347757487649,0.0352310203606897,0.014370475286096));
#2682=CARTESIAN_POINT('',(-0.0298715720530899,0.0348955783913067,0.0143703182720513));
#2683=CARTESIAN_POINT('',(-0.0299513159873473,0.0345512820515113,0.0143695890602442));
#2684=CARTESIAN_POINT('',(-0.0278589536053378,0.043133875312856,0.0139635591398824));
#2685=CARTESIAN_POINT('',(-0.0278281416463293,0.0430063210170247,0.0139635591398824));
#2686=CARTESIAN_POINT('',(-0.0278027632275807,0.0428774087847076,0.0139635591398824));
#2687=CARTESIAN_POINT('',(-0.0277800739571237,0.0426822648860418,0.0139635591398824));
#2688=CARTESIAN_POINT('',(-0.0277749318538676,0.0426170111986444,0.0139635591398824));
#2689=CARTESIAN_POINT('',(-0.0277722906690945,0.0424864979934761,0.0139635591398824));
#2690=CARTESIAN_POINT('',(-0.0277744740985281,0.0424205365274785,0.0139635591398824));
#2691=CARTESIAN_POINT('',(-0.0277879022982679,0.0423237245853828,0.0139635591398824));
#2692=CARTESIAN_POINT('',(-0.0277939286097598,0.0422914550286676,0.0139635591398825));
#2693=CARTESIAN_POINT('',(-0.0278113469808503,0.0422287092964303,0.0139635591398825));
#2694=CARTESIAN_POINT('',(-0.027822461128579,0.0421983678420404,0.0139635591398825));
#2695=CARTESIAN_POINT('',(-0.0278543404612029,0.0421418094140948,0.0139635591398824));
#2696=CARTESIAN_POINT('',(-0.0278754381047618,0.0421180632084664,0.0139635591398824));
#2697=CARTESIAN_POINT('',(-0.0279262681536795,0.0420773793015303,0.0139635591398824));
#2698=CARTESIAN_POINT('',(-0.0279538790211788,0.0420608229475866,0.0139635591398824));
#2699=CARTESIAN_POINT('',(-0.0280116812075586,0.0420314215536991,0.0139635591398824));
#2700=CARTESIAN_POINT('',(-0.0280420050882032,0.0420187294647875,0.0139635591398824));
#2701=CARTESIAN_POINT('',(-0.0281028670921118,0.0419965197911024,0.0139635591398824));
#2702=CARTESIAN_POINT('',(-0.0281337815230398,0.0419868926627188,0.0139635591398824));
#2703=CARTESIAN_POINT('',(-0.0282270462478466,0.0419612824434647,0.0139635591398824));
#2704=CARTESIAN_POINT('',(-0.0282904622934972,0.0419486143752622,0.0139635591398824));
#2705=CARTESIAN_POINT('',(-0.0284823727369549,0.0419182493863133,0.0139635591398824));
#2706=CARTESIAN_POINT('',(-0.028612910438263,0.0419090932352435,0.0139635591398824));
#2707=CARTESIAN_POINT('',(-0.0288719840489122,0.0419046323029516,0.0139635591398824));
#2708=CARTESIAN_POINT('',(-0.0290021187908955,0.0419062372991712,0.0139635591398824));
#2709=CARTESIAN_POINT('',(-0.0292615959046908,0.0419058229462369,0.0139635591398824));
#2710=CARTESIAN_POINT('',(-0.0293912556058091,0.0419060291125692,0.0139635591398824));
#2711=CARTESIAN_POINT('',(-0.0295208915190615,0.0419060299179967,0.0139635591398824));
#2712=CARTESIAN_POINT('',(-0.0278530929797288,0.0431352941176469,0.0139695890602437));
#2713=CARTESIAN_POINT('',(-0.0278222373486742,0.0430075563503887,0.0139695890602437));
#2714=CARTESIAN_POINT('',(-0.0277968087587565,0.0428784327141059,0.0139695890602437));
#2715=CARTESIAN_POINT('',(-0.0277740676866213,0.0426828048260297,0.0139695890602437));
#2716=CARTESIAN_POINT('',(-0.0277689074198671,0.042617370536194,0.0139695890602437));
#2717=CARTESIAN_POINT('',(-0.0277662577671131,0.0424863844348457,0.0139695890602437));
#2718=CARTESIAN_POINT('',(-0.0277684303770495,0.042420149078242,0.0139695890602437));
#2719=CARTESIAN_POINT('',(-0.0277819627907871,0.0423226920377467,0.0139695890602437));
#2720=CARTESIAN_POINT('',(-0.0277880232353995,0.0422901780765687,0.0139695890602438));
#2721=CARTESIAN_POINT('',(-0.0278056297507095,0.0422267683574702,0.0139695890602438));
#2722=CARTESIAN_POINT('',(-0.0278168729087301,0.0421960202392723,0.0139695890602438));
#2723=CARTESIAN_POINT('',(-0.0278494458915305,0.0421381945608163,0.0139695890602437));
#2724=CARTESIAN_POINT('',(-0.0278712021695889,0.0421137178925666,0.0139695890602437));
#2725=CARTESIAN_POINT('',(-0.0279229423905018,0.0420723299127348,0.0139695890602437));
#2726=CARTESIAN_POINT('',(-0.0279508800467006,0.0420555845903291,0.0139695890602437));
#2727=CARTESIAN_POINT('',(-0.028009219274642,0.0420259073183074,0.0139695890602437));
#2728=CARTESIAN_POINT('',(-0.0280397551918272,0.0420131317946207,0.0139695890602437));
#2729=CARTESIAN_POINT('',(-0.0281009823519349,0.0419907885363939,0.0139695890602437));
#2730=CARTESIAN_POINT('',(-0.0281320496239531,0.0419811156896513,0.0139695890602437));
#2731=CARTESIAN_POINT('',(-0.0282257262587442,0.0419553906211909,0.0139695890602437));
#2732=CARTESIAN_POINT('',(-0.0282893453817561,0.0419426896024643,0.0139695890602437));
#2733=CARTESIAN_POINT('',(-0.0284818097676047,0.0419122266795069,0.0139695890602437));
#2734=CARTESIAN_POINT('',(-0.0286125673664537,0.0419030685193478,0.0139695890602437));
#2735=CARTESIAN_POINT('',(-0.0288720799197737,0.0418985997119362,0.0139695890602437));
#2736=CARTESIAN_POINT('',(-0.0290020964593308,0.0419002076965628,0.0139695890602437));
#2737=CARTESIAN_POINT('',(-0.029261618192677,0.0418997927087427,0.0139695890602437));
#2738=CARTESIAN_POINT('',(-0.0293912556927961,0.0418999991909701,0.0139695890602437));
#2739=CARTESIAN_POINT('',(-0.0295208915193161,0.0418999999976318,0.0139695890602437));
#2740=CARTESIAN_POINT('',(-0.0268811687655019,0.0433705882352939,0.0149695890602437));
#2741=CARTESIAN_POINT('',(-0.026843070576757,0.0432124236272399,0.0149695890602437));
#2742=CARTESIAN_POINT('',(-0.0268093216167456,0.0430482408271402,0.0149695890602437));
#2743=CARTESIAN_POINT('',(-0.0267779897714125,0.0427723482951875,0.0149695890602437));
#2744=CARTESIAN_POINT('',(-0.0267698172761371,0.0426769629566659,0.0149695890602437));
#2745=CARTESIAN_POINT('',(-0.026765763296234,0.0424675519091102,0.0149695890602437));
#2746=CARTESIAN_POINT('',(-0.0267661416043188,0.0423558946249049,0.0149695890602437));
#2747=CARTESIAN_POINT('',(-0.026796956833008,0.0421514546790048,0.0149695890602437));
#2748=CARTESIAN_POINT('',(-0.0268086779030561,0.0420784087624808,0.0149695890602437));
#2749=CARTESIAN_POINT('',(-0.0268574861935493,0.0419048836817481,0.0149695890602438));
#2750=CARTESIAN_POINT('',(-0.0268901243757381,0.0418066945720263,0.0149695890602438));
#2751=CARTESIAN_POINT('',(-0.0270377320745825,0.0415387084877188,0.0149695890602438));
#2752=CARTESIAN_POINT('',(-0.0271687160803839,0.0413930921397567,0.0149695890602437));
#2753=CARTESIAN_POINT('',(-0.0273713989241847,0.0412349409435742,0.0149695890602437));
#2754=CARTESIAN_POINT('',(-0.0274535311103084,0.0411868571538744,0.0149695890602437));
#2755=CARTESIAN_POINT('',(-0.0276009331333523,0.0411114283432459,0.0149695890602437));
#2756=CARTESIAN_POINT('',(-0.0276666331203634,0.041084816024029,0.0149695890602437));
#2757=CARTESIAN_POINT('',(-0.0277884176638494,0.0410403191495557,0.0149695890602437));
#2758=CARTESIAN_POINT('',(-0.0278448320517555,0.0410230643852632,0.0149695890602437));
#2759=CARTESIAN_POINT('',(-0.0280068197022155,0.0409782927623925,0.0149695890602437));
#2760=CARTESIAN_POINT('',(-0.028104117107726,0.040960127239636,0.0149695890602437));
#2761=CARTESIAN_POINT('',(-0.0283884471166158,0.0409134229730663,0.0149695890602437));
#2762=CARTESIAN_POINT('',(-0.0285556724509775,0.040903931626215,0.0149695890602437));
#2763=CARTESIAN_POINT('',(-0.0288879791117565,0.0408981568115485,0.0149695890602437));
#2764=CARTESIAN_POINT('',(-0.0289983930000165,0.0409002603926108,0.0149695890602437));
#2765=CARTESIAN_POINT('',(-0.0292653144249393,0.0408997401155276,0.0149695890602437));
#2766=CARTESIAN_POINT('',(-0.029391270118694,0.0408999989857058,0.0149695890602437));
#2767=CARTESIAN_POINT('',(-0.0295208915615428,0.040899999997031,0.0149695890602437));
#2768=CARTESIAN_POINT('',(-0.0268730432066307,0.0433725553600728,0.0149779493405539));
#2769=CARTESIAN_POINT('',(-0.0268348844680734,0.0432141363751008,0.0149779493405539));
#2770=CARTESIAN_POINT('',(-0.0268010659474357,0.0430496604705641,0.0149779493405539));
#2771=CARTESIAN_POINT('',(-0.0267696622808306,0.0427730969036896,0.0149779493405539));
#2772=CARTESIAN_POINT('',(-0.0267614646024804,0.0426774611660054,0.0149779493405539));
#2773=CARTESIAN_POINT('',(-0.0267573988820087,0.0424673944639161,0.0149779493405539));
#2774=CARTESIAN_POINT('',(-0.026757762189227,0.0423553574396638,0.0149779493405539));
#2775=CARTESIAN_POINT('',(-0.0267887219070938,0.0421500230866861,0.0149779493405539));
#2776=CARTESIAN_POINT('',(-0.0268004903015573,0.0420766383116539,0.0149779493405539));
#2777=CARTESIAN_POINT('',(-0.0268495594476372,0.0419021926356315,0.014977949340554));
#2778=CARTESIAN_POINT('',(-0.0268823764982253,0.0418034397003162,0.014977949340554));
#2779=CARTESIAN_POINT('',(-0.0270309459195412,0.0415336966161056,0.014977949340554));
#2780=CARTESIAN_POINT('',(-0.0271628430997642,0.0413870675064645,0.0149779493405539));
#2781=CARTESIAN_POINT('',(-0.0273667878662031,0.0412279401370634,0.0149779493405539));
#2782=CARTESIAN_POINT('',(-0.0274493731337882,0.0411795943489925,0.0149779493405539));
#2783=CARTESIAN_POINT('',(-0.0275975197467643,0.0411037830426767,0.0149779493405539));
#2784=CARTESIAN_POINT('',(-0.027663513715256,0.0410770550439705,0.0149779493405539));
#2785=CARTESIAN_POINT('',(-0.027785804535442,0.0410323729590555,0.0149779493405539));
#2786=CARTESIAN_POINT('',(-0.0278424308323419,0.041015054807807,0.0149779493405539));
#2787=CARTESIAN_POINT('',(-0.0280049895820412,0.0409701239504025,0.0149779493405539));
#2788=CARTESIAN_POINT('',(-0.0281025685474337,0.0409519127428606,0.0149779493405539));
#2789=CARTESIAN_POINT('',(-0.028387666578683,0.0409050726941056,0.0149779493405539));
#2790=CARTESIAN_POINT('',(-0.0285551967935359,0.0408955785617202,0.0149779493405539));
#2791=CARTESIAN_POINT('',(-0.0288881120334582,0.040889792828467,0.0149779493405539));
#2792=CARTESIAN_POINT('',(-0.0289983620380585,0.0408919005528544,0.0149779493405539));
#2793=CARTESIAN_POINT('',(-0.0292653453264771,0.0408913793955234,0.0149779493405539));
#2794=CARTESIAN_POINT('',(-0.0293912702392985,0.0408916387036796,0.0149779493405539));
#2795=CARTESIAN_POINT('',(-0.0295208915618958,0.0408916397167158,0.0149779493405539));
#2796=CARTESIAN_POINT('',(-0.0295048938255521,0.0414999354364717,0.0143696524078746));
#2797=CARTESIAN_POINT('',(-0.0293789827410493,0.0413525626906646,0.0145170072432758));
#2798=CARTESIAN_POINT('',(-0.0290592622456869,0.0410860292806482,0.0147850195337668));
#2799=CARTESIAN_POINT('',(-0.0286031238744295,0.0409529057770699,0.0149131473273226));
#2800=CARTESIAN_POINT('',(-0.0283680802940685,0.0409224797955014,0.0149686498752723));
#2801=CARTESIAN_POINT('',(-0.0283681867259494,0.0409225038463652,0.0149691137123185));
#2802=CARTESIAN_POINT('',(-0.0278530929797288,0.0431352941176469,0.0139695890602437));
#2803=CARTESIAN_POINT('',(-0.0278283381868033,0.0430328129215355,0.0139695890602437));
#2804=CARTESIAN_POINT('',(-0.02778506737987,0.0428253887406851,0.0139695890602437));
#2805=CARTESIAN_POINT('',(-0.0277615923332858,0.0425199916783603,0.0139695890602436));
#2806=CARTESIAN_POINT('',(-0.0277719557878469,0.0421740256784601,0.0139695890602439));
#2807=CARTESIAN_POINT('',(-0.0280517786917037,0.0419855417665167,0.0139695890602436));
#2808=CARTESIAN_POINT('',(-0.0283627141828385,0.0419255624152225,0.0139695890602437));
#2809=CARTESIAN_POINT('',(-0.0287806537589363,0.0418893470178889,0.0139695890602437));
#2810=CARTESIAN_POINT('',(-0.0290954339633152,0.0418998525527821,0.0139695890602437));
#2811=CARTESIAN_POINT('',(-0.029305055457172,0.0418999144945519,0.0139695890602437));
#2812=CARTESIAN_POINT('',(-0.0278530929797289,0.0431352941176469,0.0139695890602437));
#2813=CARTESIAN_POINT('',(-0.0273671308726154,0.0432529411764704,0.0144695890602437));
#2814=CARTESIAN_POINT('',(-0.0268811687655019,0.0433705882352939,0.0149695890602437));
#2815=CARTESIAN_POINT('',(-0.0283681876650832,0.040922527558792,0.0149685908805368));
#2816=CARTESIAN_POINT('',(-0.0280862172358598,0.040952196603574,0.0149694300142527));
#2817=CARTESIAN_POINT('',(-0.0275304870344808,0.0410624932720458,0.0149692795535935));
#2818=CARTESIAN_POINT('',(-0.0268543770555254,0.0416601167924547,0.0149703463700694));
#2819=CARTESIAN_POINT('',(-0.0267222326610519,0.0425397978507078,0.0149690505439087));
#2820=CARTESIAN_POINT('',(-0.0268143079813078,0.0430944078697432,0.0149699150703774));
#2821=CARTESIAN_POINT('',(-0.026881168764275,0.0433705882302261,0.0149695890602497));
#2822=CARTESIAN_POINT('',(-0.047,0.0385,0.0149695890602437));
#2823=CARTESIAN_POINT('',(-0.047,0.0582,0.0139695890602437));
#2824=CARTESIAN_POINT('',(-0.047,0.0582,0.0139695890602437));
#2825=CARTESIAN_POINT('',(-0.047,0.0592,0.0149695890602437));
#2826=CARTESIAN_POINT('',(-0.047,0.0385,0.0149695890602437));
#2827=CARTESIAN_POINT('',(-0.047,0.0385,0.0139695890602437));
#2828=CARTESIAN_POINT('',(-0.05015,0.0582,0.0139695890602437));
#2829=CARTESIAN_POINT('',(-0.0512136363636364,0.0597954545454546,0.0155650436056983));
#2830=CARTESIAN_POINT('',(-0.056,0.0582,0.0139695890602437));
#2831=CARTESIAN_POINT('',(-0.053,0.0592,0.0149695890602437));
#2832=CARTESIAN_POINT('',(-0.0571551710965399,0.0592,0.0149695890602437));
#2833=CARTESIAN_POINT('',(-0.05015,0.0582,0.0139695890602437));
#2834=CARTESIAN_POINT('',(-0.0268730631840957,0.0336274494762915,0.0149779287860039));
#2835=CARTESIAN_POINT('',(-0.0268349498507205,0.0337856569421122,0.0149779287860039));
#2836=CARTESIAN_POINT('',(-0.0268013265278185,0.0339494113622371,0.0149779287860039));
#2837=CARTESIAN_POINT('',(-0.0267699312852497,0.0342242304444167,0.0149779287860039));
#2838=CARTESIAN_POINT('',(-0.0267616381800031,0.0343195148172012,0.0149779287860039));
#2839=CARTESIAN_POINT('',(-0.0267573747110476,0.0345304402106098,0.0149779287860039));
#2840=CARTESIAN_POINT('',(-0.0267575999311399,0.0346413808248444,0.0149779287860039));
#2841=CARTESIAN_POINT('',(-0.0267882139950524,0.0348470489572112,0.0149779287860039));
#2842=CARTESIAN_POINT('',(-0.0267999766566783,0.0349202406891018,0.0149779287860039));
#2843=CARTESIAN_POINT('',(-0.0268477641643559,0.0350923885169766,0.0149779287860039));
#2844=CARTESIAN_POINT('',(-0.0268816065544218,0.035193136921167,0.0149779287860039));
#2845=CARTESIAN_POINT('',(-0.0270251457128309,0.0354580217033029,0.0149779287860039));
#2846=CARTESIAN_POINT('',(-0.0271586398803711,0.03560912561774,0.0149779287860039));
#2847=CARTESIAN_POINT('',(-0.0273632438828815,0.0357695544753079,0.014977928786004));
#2848=CARTESIAN_POINT('',(-0.0274464147947451,0.0358187655648178,0.0149779287860039));
#2849=CARTESIAN_POINT('',(-0.0275963187715195,0.0358956948468507,0.0149779287860039));
#2850=CARTESIAN_POINT('',(-0.0276616733037977,0.0359221715005242,0.0149779287860039));
#2851=CARTESIAN_POINT('',(-0.0277841892920215,0.0359670937503529,0.0149779287860039));
#2852=CARTESIAN_POINT('',(-0.0278408378080969,0.0359844402182464,0.0149779287860039));
#2853=CARTESIAN_POINT('',(-0.0280043044461789,0.0360297593664982,0.0149779287860039));
#2854=CARTESIAN_POINT('',(-0.0281026082327817,0.0360480926142443,0.0149779287860039));
#2855=CARTESIAN_POINT('',(-0.0283901381441845,0.0360952530148651,0.014977928786004));
#2856=CARTESIAN_POINT('',(-0.0285559373345377,0.0361044157841239,0.0149779287860039));
#2857=CARTESIAN_POINT('',(-0.0288887359093693,0.0361101995856428,0.014977928786004));
#2858=CARTESIAN_POINT('',(-0.0289987652239306,0.0361080815365973,0.0149779287860039));
#2859=CARTESIAN_POINT('',(-0.0292655839214262,0.0361085973847647,0.0149779287860039));
#2860=CARTESIAN_POINT('',(-0.0293914374793686,0.0361083407838992,0.0149779287860039));
#2861=CARTESIAN_POINT('',(-0.0295209775276575,0.0361083397290193,0.0149779287860039));
#2862=CARTESIAN_POINT('',(-0.026881168765502,0.0336294117647057,0.0149695890602437));
#2863=CARTESIAN_POINT('',(-0.0268431157715536,0.0337873658640086,0.0149695890602437));
#2864=CARTESIAN_POINT('',(-0.0268095613950027,0.0339508288284092,0.0149695890602437));
#2865=CARTESIAN_POINT('',(-0.0267782376724032,0.0342249840676581,0.0149695890602437));
#2866=CARTESIAN_POINT('',(-0.0267699698549667,0.0343200205078925,0.0149695890602437));
#2867=CARTESIAN_POINT('',(-0.0267657186873212,0.0345302905519891,0.0149695890602437));
#2868=CARTESIAN_POINT('',(-0.0267659591598857,0.0346408574129282,0.0149695890602437));
#2869=CARTESIAN_POINT('',(-0.0267964311324151,0.034845634252016,0.0149695890602437));
#2870=CARTESIAN_POINT('',(-0.0268081463716639,0.0349184891378782,0.0149695890602437));
#2871=CARTESIAN_POINT('',(-0.0268556815205812,0.0350897343624821,0.0149695890602437));
#2872=CARTESIAN_POINT('',(-0.0268893388933832,0.0351899096334422,0.0149695890602437));
#2873=CARTESIAN_POINT('',(-0.0270319544169218,0.0354530781789524,0.0149695890602437));
#2874=CARTESIAN_POINT('',(-0.0271645264587108,0.0356031406156178,0.0149695890602437));
#2875=CARTESIAN_POINT('',(-0.0273678638322654,0.0357625850581759,0.0149695890602438));
#2876=CARTESIAN_POINT('',(-0.0274505780189952,0.0358115290530266,0.0149695890602437));
#2877=CARTESIAN_POINT('',(-0.0275997292457361,0.0358880705647683,0.0149695890602437));
#2878=CARTESIAN_POINT('',(-0.0276647931981084,0.0359144329238675,0.0149695890602437));
#2879=CARTESIAN_POINT('',(-0.0277868021754314,0.035959169014377,0.0149695890602437));
#2880=CARTESIAN_POINT('',(-0.027843239037938,0.0359764521363063,0.0149695890602437));
#2881=CARTESIAN_POINT('',(-0.0280061318325917,0.0360216107635909,0.0149695890602437));
#2882=CARTESIAN_POINT('',(-0.0281041527271967,0.0360398982638741,0.0149695890602437));
#2883=CARTESIAN_POINT('',(-0.0283909105671192,0.0360869223157144,0.0149695890602438));
#2884=CARTESIAN_POINT('',(-0.0285564100206605,0.0360960832482398,0.0149695890602437));
#2885=CARTESIAN_POINT('',(-0.0288886027740054,0.036101856126555,0.0149695890602438));
#2886=CARTESIAN_POINT('',(-0.0289987960644757,0.0360997422456531,0.0149695890602437));
#2887=CARTESIAN_POINT('',(-0.0292655531442082,0.0361002572250814,0.0149695890602437));
#2888=CARTESIAN_POINT('',(-0.0293914373529745,0.036100001056357,0.0149695890602437));
#2889=CARTESIAN_POINT('',(-0.0295209775272682,0.0361000000032536,0.0149695890602437));
#2890=CARTESIAN_POINT('',(-0.027853092979729,0.0338647058823527,0.0139695890602437));
#2891=CARTESIAN_POINT('',(-0.0278222751669505,0.0339922793042733,0.0139695890602437));
#2892=CARTESIAN_POINT('',(-0.0277969880108149,0.0341207943899761,0.0139695890602437));
#2893=CARTESIAN_POINT('',(-0.0277742401061079,0.0343153495380694,0.0139695890602437));
#2894=CARTESIAN_POINT('',(-0.0277690044998948,0.0343806568772224,0.0139695890602437));
#2895=CARTESIAN_POINT('',(-0.0277662283579654,0.0345123452831618,0.0139695890602437));
#2896=CARTESIAN_POINT('',(-0.0277682977242662,0.0345780961266102,0.0139695890602437));
#2897=CARTESIAN_POINT('',(-0.0277817318004451,0.0346759997537245,0.0139695890602437));
#2898=CARTESIAN_POINT('',(-0.0277877607163663,0.0347084640994095,0.0139695890602437));
#2899=CARTESIAN_POINT('',(-0.0278050360261182,0.0347714799533039,0.0139695890602437));
#2900=CARTESIAN_POINT('',(-0.0278165083452107,0.0348029319536471,0.0139695890602437));
#2901=CARTESIAN_POINT('',(-0.0278483726405771,0.0348603099641889,0.0139695890602438));
#2902=CARTESIAN_POINT('',(-0.0278703744097071,0.0348854908637793,0.0139695890602437));
#2903=CARTESIAN_POINT('',(-0.027921832813599,0.0349268960520434,0.0139695890602438));
#2904=CARTESIAN_POINT('',(-0.0279497819940204,0.0349438132552484,0.0139695890602437));
#2905=CARTESIAN_POINT('',(-0.0280086724549829,0.0349738579993122,0.0139695890602437));
#2906=CARTESIAN_POINT('',(-0.0280388935462977,0.0349865155223553,0.0139695890602437));
#2907=CARTESIAN_POINT('',(-0.0281001078505849,0.0350089296175701,0.0139695890602437));
#2908=CARTESIAN_POINT('',(-0.0281311657528133,0.035018617050379,0.0139695890602437));
#2909=CARTESIAN_POINT('',(-0.0282252501184211,0.0350445279263854,0.0139695890602437));
#2910=CARTESIAN_POINT('',(-0.0282893499938,0.0350573299389871,0.0139695890602437));
#2911=CARTESIAN_POINT('',(-0.0284835302715146,0.0350880046785736,0.0139695890602438));
#2912=CARTESIAN_POINT('',(-0.0286130888775416,0.0350969453720376,0.0139695890602438));
#2913=CARTESIAN_POINT('',(-0.0288726387761826,0.0351014084706402,0.0139695890602438));
#2914=CARTESIAN_POINT('',(-0.0290024940931626,0.0350997943835741,0.0139695890602437));
#2915=CARTESIAN_POINT('',(-0.0292618627089457,0.0351002051942188,0.0139695890602437));
#2916=CARTESIAN_POINT('',(-0.0293914221973099,0.0351000008426797,0.0139695890602437));
#2917=CARTESIAN_POINT('',(-0.0295209774805879,0.0351000000025955,0.0139695890602437));
#2918=CARTESIAN_POINT('',(-0.0278589481454732,0.0338661233653594,0.0139635647574653));
#2919=CARTESIAN_POINT('',(-0.0278281739196167,0.0339935137648808,0.0139635647574653));
#2920=CARTESIAN_POINT('',(-0.02780293656772,0.0341218183139809,0.0139635647574653));
#2921=CARTESIAN_POINT('',(-0.0277802403263366,0.0343158939270239,0.0139635647574653));
#2922=CARTESIAN_POINT('',(-0.027775022987082,0.0343810221690706,0.0139635647574653));
#2923=CARTESIAN_POINT('',(-0.0277722557311541,0.034512237175429,0.0139635647574653));
#2924=CARTESIAN_POINT('',(-0.0277743361152645,0.0345777180336186,0.0139635647574653));
#2925=CARTESIAN_POINT('',(-0.0277876675499971,0.0346749778241451,0.0139635647574653));
#2926=CARTESIAN_POINT('',(-0.0277936622097849,0.0347071988449867,0.0139635647574653));
#2927=CARTESIAN_POINT('',(-0.0278107552251036,0.0347695626923824,0.0139635647574653));
#2928=CARTESIAN_POINT('',(-0.0278220938947154,0.0348006006829355,0.0139635647574653));
#2929=CARTESIAN_POINT('',(-0.0278532909911502,0.0348567389489857,0.0139635647574654));
#2930=CARTESIAN_POINT('',(-0.0278746266514794,0.0348811675243854,0.0139635647574653));
#2931=CARTESIAN_POINT('',(-0.0279251700904724,0.0349218616084419,0.0139635647574654));
#2932=CARTESIAN_POINT('',(-0.0279527893499141,0.034938585872557,0.0139635647574653));
#2933=CARTESIAN_POINT('',(-0.0280111360526946,0.0349683505060141,0.0139635647574653));
#2934=CARTESIAN_POINT('',(-0.0280411472400647,0.0349809254669753,0.0139635647574653));
#2935=CARTESIAN_POINT('',(-0.0281019952988342,0.0350032050877318,0.0139635647574653));
#2936=CARTESIAN_POINT('',(-0.0281329003105217,0.0350128467618096,0.0139635647574653));
#2937=CARTESIAN_POINT('',(-0.0282265701533192,0.0350386416835345,0.0139635647574653));
#2938=CARTESIAN_POINT('',(-0.0282904656782078,0.0350514106498975,0.0139635647574653));
#2939=CARTESIAN_POINT('',(-0.0284840882406571,0.0350819868962768,0.0139635647574654));
#2940=CARTESIAN_POINT('',(-0.0286134303281366,0.035090926262954,0.0139635647574654));
#2941=CARTESIAN_POINT('',(-0.0288725426042261,0.035095381471047,0.0139635647574654));
#2942=CARTESIAN_POINT('',(-0.0290025163712071,0.0350937703948903,0.0139635647574653));
#2943=CARTESIAN_POINT('',(-0.0292618404766463,0.0350941805779907,0.0139635647574653));
#2944=CARTESIAN_POINT('',(-0.0293914221060076,0.0350939765386141,0.0139635647574653));
#2945=CARTESIAN_POINT('',(-0.0295209774803067,0.0350939756998131,0.0139635647574653));
#2946=CARTESIAN_POINT('',(-0.0293051092189592,0.0351000847025381,0.0139695890602437));
#2947=CARTESIAN_POINT('',(-0.0290941808076783,0.0351001462283846,0.0139695890602437));
#2948=CARTESIAN_POINT('',(-0.0287771813896787,0.0351110111485396,0.013969589060244));
#2949=CARTESIAN_POINT('',(-0.0283570313650367,0.0350734243083382,0.0139695890602437));
#2950=CARTESIAN_POINT('',(-0.0280450834045777,0.0350133011387124,0.0139695890602437));
#2951=CARTESIAN_POINT('',(-0.0277706227433592,0.0348186118499091,0.0139695890602437));
#2952=CARTESIAN_POINT('',(-0.0277578606534588,0.0343670511089379,0.0139695890602437));
#2953=CARTESIAN_POINT('',(-0.0278038402886347,0.0340685923290275,0.0139695890602437));
#2954=CARTESIAN_POINT('',(-0.027853092979729,0.0338647058823527,0.0139695890602437));
#2955=CARTESIAN_POINT('',(-0.027853092979729,0.0338647058823527,0.0139695890602437));
#2956=CARTESIAN_POINT('',(-0.0283681295247161,0.0360775138311999,0.0149686046977259));
#2957=CARTESIAN_POINT('',(-0.0286035261207328,0.0360470373892697,0.0149129588702005));
#2958=CARTESIAN_POINT('',(-0.0290588341474458,0.0359139763716039,0.014785079741539));
#2959=CARTESIAN_POINT('',(-0.0293785586747741,0.0356479372967055,0.0145175072150776));
#2960=CARTESIAN_POINT('',(-0.029504906483348,0.0355000498929934,0.0143696377324594));
#2961=CARTESIAN_POINT('',(-0.0283682418252616,0.0360774931091233,0.014969091107924));
#2962=CARTESIAN_POINT('',(-0.0268811687642752,0.0336294117697735,0.0149695890602437));
#2963=CARTESIAN_POINT('',(-0.0268144847761231,0.0339048618490164,0.0149699048608333));
#2964=CARTESIAN_POINT('',(-0.0267223483552788,0.0344570043091518,0.0149690336595978));
#2965=CARTESIAN_POINT('',(-0.0268537972989205,0.0353357979958547,0.0149704324931811));
#2966=CARTESIAN_POINT('',(-0.0275202614606834,0.0359334583416435,0.0149692615414864));
#2967=CARTESIAN_POINT('',(-0.0280852143764715,0.0360477021333179,0.0149694719352158));
#2968=CARTESIAN_POINT('',(-0.0283682416759016,0.0360774781238423,0.0149685571404872));
#2969=CARTESIAN_POINT('',(-0.026881168765502,0.0336294117647057,0.0149695890602437));
#2970=CARTESIAN_POINT('',(-0.0273671308726154,0.0337470588235292,0.0144695890602437));
#2971=CARTESIAN_POINT('',(-0.047,0.0385,0.0149695890602437));
#2972=CARTESIAN_POINT('',(-0.047,0.0178,0.0149695890602437));
#2973=CARTESIAN_POINT('',(-0.047,0.0178,0.0149695890602437));
#2974=CARTESIAN_POINT('',(-0.047,0.0188,0.0139695890602437));
#2975=CARTESIAN_POINT('',(-0.047,0.0385,0.0139695890602437));
#2976=CARTESIAN_POINT('',(-0.047,0.0385,0.0149695890602437));
#2977=CARTESIAN_POINT('',(-0.0571551710965399,0.0178,0.0149695890602437));
#2978=CARTESIAN_POINT('',(-0.0606909090909091,0.0203636363636364,0.0124059526966074));
#2979=CARTESIAN_POINT('',(-0.056,0.0188,0.0139695890602437));
#2980=CARTESIAN_POINT('',(-0.053,0.0178,0.0149695890602437));
#2981=CARTESIAN_POINT('',(-0.056,0.0188,0.0139695890602437));
#2982=CARTESIAN_POINT('',(-0.047,0.0178,0.0149695890602437));
#2983=CARTESIAN_POINT('',(-0.0814,0.0385,0.0219695890602438));
#2984=CARTESIAN_POINT('',(-0.0699333333333332,0.0676666666666666,0.0334362557269106));
#2985=CARTESIAN_POINT('',(-0.0815,0.0561,0.0218695890602437));
#2986=CARTESIAN_POINT('',(-0.0814,0.0562,0.0219695890602438));
#2987=CARTESIAN_POINT('',(-0.0814,0.0564,0.0219695890602438));
#2988=CARTESIAN_POINT('',(-0.0814,0.059,0.0219695890602438));
#2989=CARTESIAN_POINT('',(-0.0699333333333332,0.0475333333333334,0.0334362557269106));
#2990=CARTESIAN_POINT('',(-0.0815,0.0591,0.0218695890602438));
#2991=CARTESIAN_POINT('',(-0.0870690586058543,0.0535309413941458,0.0163005304543895));
#2992=CARTESIAN_POINT('',(-0.0818,0.0588,0.0215695890602438));
#2993=CARTESIAN_POINT('',(-0.0818,0.0588,0.0215695890602438));
#2994=CARTESIAN_POINT('',(-0.0818,0.0564,0.0215695890602438));
#2995=CARTESIAN_POINT('',(-0.0860666666666667,0.0606666666666667,0.017302922393577));
#2996=CARTESIAN_POINT('',(-0.047,0.0369,0.0151695890602437));
#2997=CARTESIAN_POINT('',(-0.0731333333333334,0.0402333333333334,0.0118362557269104));
#2998=CARTESIAN_POINT('',(-0.071,0.0381,0.0139695890602437));
#2999=CARTESIAN_POINT('',(-0.0698,0.0369,0.0151695890602437));
#3000=CARTESIAN_POINT('',(-0.05015,0.0381,0.0139695890602437));
#3001=CARTESIAN_POINT('',(-0.0664958970042416,0.0381,0.0139695890602437));
#3002=CARTESIAN_POINT('',(-0.0676380716153424,0.0369,0.0151695890602437));
#3003=CARTESIAN_POINT('',(-0.0672643177901987,0.037303851215174,0.0147657378450697));
#3004=CARTESIAN_POINT('',(-0.066883695375274,0.0377041635026147,0.0143654255576291));
#3005=CARTESIAN_POINT('',(-0.0664958970042416,0.0381,0.0139695890602437));
#3006=CARTESIAN_POINT('',(-0.0676380716153424,0.0369,0.0151695890602437));
#3007=CARTESIAN_POINT('',(-0.047,0.0369,0.0151695890602437));
#3008=CARTESIAN_POINT('',(-0.05015,0.0399,0.0149695890602437));
#3009=CARTESIAN_POINT('',(-0.0731333333333333,0.0367666666666666,0.0118362557269104));
#3010=CARTESIAN_POINT('',(-0.071,0.0389,0.0139695890602437));
#3011=CARTESIAN_POINT('',(-0.0698,0.0401,0.0151695890602437));
#3012=CARTESIAN_POINT('',(-0.07,0.0401,0.0151695890602437));
#3013=CARTESIAN_POINT('',(-0.0676380716153424,0.0401,0.0151695890602437));
#3014=CARTESIAN_POINT('',(-0.0664958970042417,0.0389,0.0139695890602438));
#3015=CARTESIAN_POINT('',(-0.0668836953752741,0.0392958364973854,0.0143654255576291));
#3016=CARTESIAN_POINT('',(-0.0672643177901987,0.039696148784826,0.0147657378450697));
#3017=CARTESIAN_POINT('',(-0.0676380716153424,0.0401,0.0151695890602437));
#3018=CARTESIAN_POINT('',(-0.0664958970042417,0.0389,0.0139695890602437));
#3019=CARTESIAN_POINT('',(-0.05015,0.0389,0.0139695890602437));
#3020=CARTESIAN_POINT('',(-0.047,0.0371,0.0219695890602438));
#3021=CARTESIAN_POINT('',(-0.0763309413941458,0.0318309413941458,0.0167005304543896));
#3022=CARTESIAN_POINT('',(-0.0815,0.037,0.0218695890602437));
#3023=CARTESIAN_POINT('',(-0.0814,0.0369,0.0217695890602437));
#3024=CARTESIAN_POINT('',(-0.0813171572875254,0.0369,0.0217695890602437));
#3025=CARTESIAN_POINT('',(-0.077,0.0369,0.0217695890602437));
#3026=CARTESIAN_POINT('',(-0.0668666666666672,0.0470333333333333,0.0319029223935769));
#3027=CARTESIAN_POINT('',(-0.0768,0.0371,0.0219695890602438));
#3028=CARTESIAN_POINT('',(-0.077,0.0371,0.0219695890602438));
#3029=CARTESIAN_POINT('',(-0.0813171572875254,0.0371,0.0219695890602438));
#3030=CARTESIAN_POINT('',(-0.0808854104074097,0.0372788354132563,0.0221484244734999));
#3031=CARTESIAN_POINT('',(-0.0814585786437627,0.0370414213562374,0.021911010416481));
#3032=CARTESIAN_POINT('',(-0.0809333333333333,0.0375666666666667,0.0224362557269104));
#3033=CARTESIAN_POINT('',(-0.077,0.02815,0.0217695890602437));
#3034=CARTESIAN_POINT('',(-0.0793833333333333,0.0233833333333335,0.0193862557269103));
#3035=CARTESIAN_POINT('',(-0.077,0.021,0.0217695890602437));
#3036=CARTESIAN_POINT('',(-0.0768,0.0208,0.0219695890602438));
#3037=CARTESIAN_POINT('',(-0.0768,0.0385,0.0219695890602438));
#3038=CARTESIAN_POINT('',(-0.077,0.02815,0.0217695890602437));
#3039=CARTESIAN_POINT('',(-0.0620165192833915,0.021,0.0217695890602437));
#3040=CARTESIAN_POINT('',(-0.0873,0.0267,0.0160695890602437));
#3041=CARTESIAN_POINT('',(-0.0814,0.0208,0.0219695890602438));
#3042=CARTESIAN_POINT('',(-0.0815,0.0209,0.0218695890602437));
#3043=CARTESIAN_POINT('',(-0.0814,0.0208,0.0219695890602438));
#3044=CARTESIAN_POINT('',(-0.077,0.021,0.0217695890602437));
#3045=CARTESIAN_POINT('',(-0.0814,0.021,0.0217695890602438));
#3046=CARTESIAN_POINT('',(-0.0763309413941458,0.0260690586058543,0.0167005304543896));
#3047=CARTESIAN_POINT('',(-0.047,0.0562,0.0219695890602438));
#3048=CARTESIAN_POINT('',(-0.047,0.0562,0.0219695890602438));
#3049=CARTESIAN_POINT('',(-0.0768,0.0562,0.0219695890602438));
#3050=CARTESIAN_POINT('',(-0.0768,0.0514,0.0171695890602436));
#3051=CARTESIAN_POINT('',(-0.0814,0.056,0.0217695890602437));
#3052=CARTESIAN_POINT('',(-0.08,0.056,0.0217695890602437));
#3053=CARTESIAN_POINT('',(-0.077,0.056,0.0217695890602437));
#3054=CARTESIAN_POINT('',(-0.066866666666667,0.0661333333333331,0.0319029223935771));
#3055=CARTESIAN_POINT('',(-0.077,0.02815,0.0217695890602437));
#3056=CARTESIAN_POINT('',(-0.0730166666666667,0.0361166666666667,0.0257529223935772));
#3057=CARTESIAN_POINT('',(-0.0768,0.0399,0.0219695890602438));
#3058=CARTESIAN_POINT('',(-0.077,0.0401,0.0217695890602437));
#3059=CARTESIAN_POINT('',(-0.0768,0.0385,0.0219695890602438));
#3060=CARTESIAN_POINT('',(-0.077,0.02815,0.0217695890602437));
#3061=CARTESIAN_POINT('',(-0.047,0.0401,0.0217695890602437));
#3062=CARTESIAN_POINT('',(-0.0808854104074097,0.0397211645867438,0.0221484244734999));
#3063=CARTESIAN_POINT('',(-0.0813171572875253,0.0399,0.0219695890602438));
#3064=CARTESIAN_POINT('',(-0.0814585786437627,0.0399585786437627,0.021911010416481));
#3065=CARTESIAN_POINT('',(-0.047,0.0399,0.0219695890602438));
#3066=CARTESIAN_POINT('',(-0.08,0.0401,0.0217695890602437));
#3067=CARTESIAN_POINT('',(-0.0814,0.0401,0.0217695890602437));
#3068=CARTESIAN_POINT('',(-0.0798,0.0417,0.0201695890602437));
#3069=CARTESIAN_POINT('',(-0.0815,0.04,0.0218695890602437));
#3070=CARTESIAN_POINT('',(-0.0809333333333333,0.0394333333333333,0.0224362557269104));
#3071=CARTESIAN_POINT('',(-0.0768,0.027,0.0139695890602437));
#3072=CARTESIAN_POINT('',(-0.0768,0.027,0.0139695890602437));
#3073=CARTESIAN_POINT('',(-0.0768,0.027,0.0156195890602437));
#3074=CARTESIAN_POINT('',(-0.077,0.027,0.0139695890602437));
#3075=CARTESIAN_POINT('',(-0.077,0.02515,0.0139695890602437));
#3076=CARTESIAN_POINT('',(-0.0768,0.05,0.0139695890602437));
#3077=CARTESIAN_POINT('',(-0.0768,0.05,0.0139695890602437));
#3078=CARTESIAN_POINT('',(-0.0768,0.05,0.0156195890602437));
#3079=CARTESIAN_POINT('',(-0.077,0.05,0.0139695890602437));
#3080=CARTESIAN_POINT('',(-0.077,0.04815,0.0139695890602437));
#3081=CARTESIAN_POINT('',(-0.0768,0.0385,0.00546958906024374));
#3082=CARTESIAN_POINT('',(-0.0768,0.0385,0.00546958906024374));
#3083=CARTESIAN_POINT('',(-0.0768,0.0385,0.00721958906024374));
#3084=CARTESIAN_POINT('',(-0.077,0.0385,0.00546958906024374));
#3085=CARTESIAN_POINT('',(-0.077,0.03655,0.00546958906024374));
#3086=CARTESIAN_POINT('',(-0.08,0.0371,0.0111695890602437));
#3087=CARTESIAN_POINT('',(-0.077,0.0371,0.0111695890602437));
#3088=CARTESIAN_POINT('',(-0.077,0.0371,0.0111695890602437));
#3089=CARTESIAN_POINT('',(-0.077,0.0369,0.0113695890602437));
#3090=CARTESIAN_POINT('',(-0.08,0.0369,0.0113695890602437));
#3091=CARTESIAN_POINT('',(-0.0814,0.0369,0.0113695890602437));
#3092=CARTESIAN_POINT('',(-0.0835357252725209,0.039035725272521,0.0092338637877228));
#3093=CARTESIAN_POINT('',(-0.0815,0.037,0.0112695890602437));
#3094=CARTESIAN_POINT('',(-0.0810455272895012,0.0374544727104988,0.010815116349745));
#3095=CARTESIAN_POINT('',(-0.0814,0.0371,0.0111695890602437));
#3096=CARTESIAN_POINT('',(-0.08,0.0371,0.0111695890602437));
#3097=CARTESIAN_POINT('',(-0.08,0.0401,0.0113695890602437));
#3098=CARTESIAN_POINT('',(-0.077,0.0401,0.0113695890602437));
#3099=CARTESIAN_POINT('',(-0.077,0.0399,0.0111695890602437));
#3100=CARTESIAN_POINT('',(-0.077,0.0401,0.0113695890602437));
#3101=CARTESIAN_POINT('',(-0.077,0.0399,0.0111695890602437));
#3102=CARTESIAN_POINT('',(-0.0814,0.0399,0.0111695890602437));
#3103=CARTESIAN_POINT('',(-0.0813544727104988,0.0398544727104988,0.0111240617707425));
#3104=CARTESIAN_POINT('',(-0.0815,0.04,0.0112695890602437));
#3105=CARTESIAN_POINT('',(-0.0795333333333333,0.0419666666666667,0.0132362557269104));
#3106=CARTESIAN_POINT('',(-0.0814,0.0401,0.0113695890602437));
#3107=CARTESIAN_POINT('',(-0.0814,0.0401,0.0113695890602437));
#3108=CARTESIAN_POINT('',(-0.08,0.021,0.00716958906024374));
#3109=CARTESIAN_POINT('',(-0.077,0.021,0.00716958906024374));
#3110=CARTESIAN_POINT('',(-0.077,0.0208,0.00696958906024374));
#3111=CARTESIAN_POINT('',(-0.077,0.021,0.00716958906024374));
#3112=CARTESIAN_POINT('',(-0.077,0.0208,0.00696958906024374));
#3113=CARTESIAN_POINT('',(-0.0814,0.0208,0.00696958906024374));
#3114=CARTESIAN_POINT('',(-0.0874116872294866,0.0268116872294865,0.0129812762897303));
#3115=CARTESIAN_POINT('',(-0.0815,0.0209,0.00706958906024374));
#3116=CARTESIAN_POINT('',(-0.0821357252725209,0.0202642747274791,0.00643386378772282));
#3117=CARTESIAN_POINT('',(-0.0814,0.021,0.00716958906024373));
#3118=CARTESIAN_POINT('',(-0.0814,0.021,0.00716958906024374));
#3119=CARTESIAN_POINT('',(-0.0802698812130349,0.0562,0.00696958906024374));
#3120=CARTESIAN_POINT('',(-0.077,0.0562,0.00696958906024374));
#3121=CARTESIAN_POINT('',(-0.077,0.0562,0.00696958906024374));
#3122=CARTESIAN_POINT('',(-0.077,0.056,0.00716958906024374));
#3123=CARTESIAN_POINT('',(-0.08,0.056,0.00716958906024374));
#3124=CARTESIAN_POINT('',(-0.0814,0.056,0.00716958906024372));
#3125=CARTESIAN_POINT('',(-0.0811333333333333,0.0557333333333333,0.00743625572691041));
#3126=CARTESIAN_POINT('',(-0.0815,0.0561,0.00706958906024374));
#3127=CARTESIAN_POINT('',(-0.0871883127705134,0.0504116872294866,0.0127579018307572));
#3128=CARTESIAN_POINT('',(-0.0814,0.0562,0.00696958906024375));
#3129=CARTESIAN_POINT('',(-0.0802698812130349,0.0562,0.00696958906024374));
#3130=CARTESIAN_POINT('',(-0.077,0.02815,0.0199695890602438));
#3131=CARTESIAN_POINT('',(-0.077,0.0291137084989848,0.000369589060243803));
#3132=CARTESIAN_POINT('',(-0.077,0.0270138150457254,0.000369392539889436));
#3133=CARTESIAN_POINT('',(-0.077,0.0252224778667195,0.00111138869421682));
#3134=CARTESIAN_POINT('',(-0.077,0.023739696961967,0.00259557752322595));
#3135=CARTESIAN_POINT('',(-0.077,0.0291137084989848,0.000369589060243737));
#3136=CARTESIAN_POINT('',(-0.077,0.023739696961967,0.00259557752322598));
#3137=CARTESIAN_POINT('',(-0.077,0.0172578427124746,0.00907743177271839));
#3138=CARTESIAN_POINT('',(-0.077,0.0193656854249492,0.00696958906024374));
#3139=CARTESIAN_POINT('',(-0.077,0.02815,0.00696958906024374));
#3140=CARTESIAN_POINT('',(-0.077,0.021,0.00796958906024374));
#3141=CARTESIAN_POINT('',(-0.077,0.0369,0.0169695890602438));
#3142=CARTESIAN_POINT('',(-0.077,0.0369,0.0111695890602437));
#3143=CARTESIAN_POINT('',(-0.077,0.0401,0.0169695890602438));
#3144=CARTESIAN_POINT('',(-0.077,0.056,0.00796958906024374));
#3145=CARTESIAN_POINT('',(-0.077,0.0388350616884598,0.00696958906024374));
#3146=CARTESIAN_POINT('',(-0.077,0.0576343145750508,0.00696958906024374));
#3147=CARTESIAN_POINT('',(-0.077,0.053260303038033,0.00259557752322597));
#3148=CARTESIAN_POINT('',(-0.077,0.053260303038033,0.00259557752322598));
#3149=CARTESIAN_POINT('',(-0.077,0.053260303038033,0.00259557752322595));
#3150=CARTESIAN_POINT('',(-0.077,0.0517755930983392,0.00111058966178189));
#3151=CARTESIAN_POINT('',(-0.077,0.0499842559193333,0.000368593507454504));
#3152=CARTESIAN_POINT('',(-0.077,0.0478862915010153,0.000369589060243803));
#3153=CARTESIAN_POINT('',(-0.077,0.0478862915010152,0.000369589060243737));
#3154=CARTESIAN_POINT('',(-0.077,0.02815,0.000369589060243737));
#3155=CARTESIAN_POINT('',(-0.047,0.0385,0.0151695890602437));
#3156=CARTESIAN_POINT('',(-0.0556023252670426,0.056,0.0139695890602438));
#3157=CARTESIAN_POINT('',(-0.0564360416027263,0.056,0.0143373787576795));
#3158=CARTESIAN_POINT('',(-0.0572525584670373,0.056,0.014740339864845));
#3159=CARTESIAN_POINT('',(-0.0580562199688682,0.056,0.0151695890602437));
#3160=CARTESIAN_POINT('',(-0.0556023252670426,0.056,0.0139695890602437));
#3161=CARTESIAN_POINT('',(-0.0580562199688682,0.056,0.0151695890602437));
#3162=CARTESIAN_POINT('',(-0.047,0.0385,0.0139695890602437));
#3163=CARTESIAN_POINT('',(-0.047,0.0385,0.0151695890602437));
#3164=CARTESIAN_POINT('',(-0.047,0.0385,0.0151695890602437));
#3165=CARTESIAN_POINT('',(-0.047,0.0385,0.0151695890602437));
#3166=CARTESIAN_POINT('',(-0.0580562199688682,0.021,0.0151695890602437));
#3167=CARTESIAN_POINT('',(-0.047,0.0385,0.0139695890602437));
#3168=CARTESIAN_POINT('',(-0.0556023252670426,0.021,0.0139695890602437));
#3169=CARTESIAN_POINT('',(-0.0580562199688682,0.021,0.0151695890602437));
#3170=CARTESIAN_POINT('',(-0.0572525584670373,0.021,0.014740339864845));
#3171=CARTESIAN_POINT('',(-0.0564360416027262,0.021,0.0143373787576795));
#3172=CARTESIAN_POINT('',(-0.0556023252670425,0.021,0.0139695890602437));
#3173=CARTESIAN_POINT('',(-0.0744,0.027,0.0139695890602437));
#3174=CARTESIAN_POINT('',(-0.0744,0.027,0.0139695890602437));
#3175=CARTESIAN_POINT('',(-0.0744,0.027,0.0123195890602437));
#3176=CARTESIAN_POINT('',(-0.074,0.027,0.0139695890602437));
#3177=CARTESIAN_POINT('',(-0.074,0.02905,0.0139695890602437));
#3178=CARTESIAN_POINT('',(-0.0744,0.05,0.0139695890602437));
#3179=CARTESIAN_POINT('',(-0.0744,0.05,0.0139695890602437));
#3180=CARTESIAN_POINT('',(-0.0744,0.05,0.0123195890602437));
#3181=CARTESIAN_POINT('',(-0.074,0.05,0.0139695890602437));
#3182=CARTESIAN_POINT('',(-0.074,0.05205,0.0139695890602437));
#3183=CARTESIAN_POINT('',(-0.0744,0.0385,0.00546958906024374));
#3184=CARTESIAN_POINT('',(-0.0744,0.0385,0.00546958906024374));
#3185=CARTESIAN_POINT('',(-0.0744,0.0385,0.00371958906024374));
#3186=CARTESIAN_POINT('',(-0.074,0.0385,0.00546958906024374));
#3187=CARTESIAN_POINT('',(-0.074,0.04065,0.00546958906024374));
#3188=CARTESIAN_POINT('',(-0.0813171572875254,0.0385,0.0219695890602438));
#3189=CARTESIAN_POINT('',(-0.0813171572875254,0.0385,0.0219695890602438));
#3190=CARTESIAN_POINT('',(-0.0814585786437627,0.0385,0.021911010416481));
#3191=CARTESIAN_POINT('',(-0.0814,0.0401,0.0169695890602438));
#3192=CARTESIAN_POINT('',(-0.0814,0.0401,0.0219695890602438));
#3193=CARTESIAN_POINT('',(-0.0820455272895012,0.0394544727104988,0.011815116349745));
#3194=CARTESIAN_POINT('',(-0.0818,0.0397,0.0115695890602437));
#3195=CARTESIAN_POINT('',(-0.0818,0.0397,0.0111695890602437));
#3196=CARTESIAN_POINT('',(-0.0818,0.0397,0.0215695890602438));
#3197=CARTESIAN_POINT('',(-0.0819333333333333,0.0395666666666667,0.0214362557269104));
#3198=CARTESIAN_POINT('',(-0.0814,0.0385,0.0219695890602438));
#3199=CARTESIAN_POINT('',(-0.0818,0.0401,0.0215695890602438));
#3200=CARTESIAN_POINT('',(-0.0818,0.0373,0.0215695890602438));
#3201=CARTESIAN_POINT('',(-0.0819333333333333,0.0374333333333334,0.0214362557269104));
#3202=CARTESIAN_POINT('',(-0.0818,0.0389634181314963,0.0115695890602437));
#3203=CARTESIAN_POINT('',(-0.0814,0.0369,0.0111695890602437));
#3204=CARTESIAN_POINT('',(-0.0798642747274791,0.0353642747274791,0.00963386378772282));
#3205=CARTESIAN_POINT('',(-0.0818,0.0373,0.0115695890602437));
#3206=CARTESIAN_POINT('',(-0.0818,0.0389634181314963,0.0115695890602437));
#3207=CARTESIAN_POINT('',(-0.0818,0.0373,0.00576241324268099));
#3208=CARTESIAN_POINT('',(-0.0814,0.0369,0.0169695890602438));
#3209=CARTESIAN_POINT('',(-0.0818,0.0373,0.00576241324268099));
#3210=CARTESIAN_POINT('',(-0.0818,0.0206,0.00576241324268099));
#3211=CARTESIAN_POINT('',(-0.0814,0.021,0.00796958906024374));
#3212=CARTESIAN_POINT('',(-0.0754549794371801,0.0269450205628199,0.00102456849742383));
#3213=CARTESIAN_POINT('',(-0.0818,0.0206,0.00736958906024374));
#3214=CARTESIAN_POINT('',(-0.0818,0.0206,0.00576241324268099));
#3215=CARTESIAN_POINT('',(-0.0818,0.0206,0.0215695890602438));
#3216=CARTESIAN_POINT('',(-0.0755666666666667,0.0268333333333334,0.0278029223935771));
#3217=CARTESIAN_POINT('',(-0.0814,0.0388350616884598,0.00696958906024374));
#3218=CARTESIAN_POINT('',(-0.0814,0.021,0.00696958906024374));
#3219=CARTESIAN_POINT('',(-0.0814,0.0188,0.00696958906024374));
#3220=CARTESIAN_POINT('',(-0.0788860148089403,0.0177586732382579,0.00445560386918403));
#3221=CARTESIAN_POINT('',(-0.0818,0.0189656854249492,0.00736958906024374));
#3222=CARTESIAN_POINT('',(-0.0818,0.0188,0.00736958906024374));
#3223=CARTESIAN_POINT('',(-0.0814,0.0385,0.0219695890602438));
#3224=CARTESIAN_POINT('',(-0.0814,0.0178,0.0219695890602438));
#3225=CARTESIAN_POINT('',(-0.0814,0.018,0.0219695890602438));
#3226=CARTESIAN_POINT('',(-0.0818,0.021,0.0215695890602438));
#3227=CARTESIAN_POINT('',(-0.0818,0.0182,0.0215695890602438));
#3228=CARTESIAN_POINT('',(-0.0883,0.0247,0.0150695890602437));
#3229=CARTESIAN_POINT('',(-0.0815,0.0179,0.0218695890602438));
#3230=CARTESIAN_POINT('',(-0.0745666666666667,0.0248333333333333,0.0288029223935771));
#3231=CARTESIAN_POINT('',(-0.0818,0.0297681396870042,-0.00343286520181118));
#3232=CARTESIAN_POINT('',(-0.0836889228379666,0.0200889228379666,0.00891769194295507));
#3233=CARTESIAN_POINT('',(-0.0814,0.0178,0.00796958906024374));
#3234=CARTESIAN_POINT('',(-0.0818,0.0182,0.00813527448519298));
#3235=CARTESIAN_POINT('',(-0.0818,0.0180828427124746,0.00825243177271836));
#3236=CARTESIAN_POINT('',(-0.0814,0.0188,0.00696958906024374));
#3237=CARTESIAN_POINT('',(-0.0814,0.0178,0.0199695890602438));
#3238=CARTESIAN_POINT('',(-0.0814,0.0178,0.0199695890602438));
#3239=CARTESIAN_POINT('',(-0.0814,0.0178,0.0217695890602437));
#3240=CARTESIAN_POINT('',(-0.0808,0.0172,0.0211695890602438));
#3241=CARTESIAN_POINT('',(-0.0818,0.0182,0.00576241324268099));
#3242=CARTESIAN_POINT('',(-0.0814,0.056,0.00796958906024374));
#3243=CARTESIAN_POINT('',(-0.0818,0.0564,0.0219695890602438));
#3244=CARTESIAN_POINT('',(-0.0818,0.0564,0.00736958906024374));
#3245=CARTESIAN_POINT('',(-0.0756783538961532,0.0502783538961533,0.00124794295639698));
#3246=CARTESIAN_POINT('',(-0.0814,0.056,0.00696958906024374));
#3247=CARTESIAN_POINT('',(-0.0814,0.0388350616884598,0.00696958906024374));
#3248=CARTESIAN_POINT('',(-0.0814,0.0582,0.00696958906024374));
#3249=CARTESIAN_POINT('',(-0.0814,0.0582,0.00696958906024374));
#3250=CARTESIAN_POINT('',(-0.0818,0.056,0.00736958906024374));
#3251=CARTESIAN_POINT('',(-0.0818,0.0580343145750508,0.00736958906024374));
#3252=CARTESIAN_POINT('',(-0.0790110228431971,0.0591895467385473,0.00458061190344087));
#3253=CARTESIAN_POINT('',(-0.0818,0.0476952784444922,-0.00296944707031487));
#3254=CARTESIAN_POINT('',(-0.0813473919758907,0.0592526080241093,0.00794779810316802));
#3255=CARTESIAN_POINT('',(-0.0818,0.0588,0.00813527448519298));
#3256=CARTESIAN_POINT('',(-0.0814,0.0592,0.00796958906024374));
#3257=CARTESIAN_POINT('',(-0.0814,0.0592,0.00796958906024375));
#3258=CARTESIAN_POINT('',(-0.0818,0.0579171572875254,0.00725243177271836));
#3259=CARTESIAN_POINT('',(-0.0818,0.0588,0.00576241324268099));
#3260=CARTESIAN_POINT('',(-0.0818,0.0588,0.00796958906024375));
#3261=CARTESIAN_POINT('',(-0.0763309413941457,0.0642690586058543,0.0167005304543895));
#3262=CARTESIAN_POINT('',(-0.0814,0.0592,0.0217695890602438));
#3263=CARTESIAN_POINT('',(-0.0814,0.0592,0.0219695890602438));
#3264=CARTESIAN_POINT('',(-0.08,0.0369,0.0111695890602437));
#3265=CARTESIAN_POINT('',(-0.0802698812130349,0.0388350616884598,0.00696958906024374));
#3266=CARTESIAN_POINT('',(-0.0571551710965399,0.0582,0.00696958906024374));
#3267=CARTESIAN_POINT('',(-0.0766,0.0582,0.00696958906024374));
#3268=CARTESIAN_POINT('',(-0.0808853902064102,0.0521395430500338,0.00696958906024374));
#3269=CARTESIAN_POINT('',(-0.0802698812130349,0.0388350616884598,0.00696958906024374));
#3270=CARTESIAN_POINT('',(-0.0798998316455372,0.0234666666666667,0.00696958906024374));
#3271=CARTESIAN_POINT('',(-0.0766,0.0188,0.00696958906024374));
#3272=CARTESIAN_POINT('',(-0.0536620843493478,0.0188,0.00696958906024374));
#3273=CARTESIAN_POINT('',(-0.0818,0.0389634181314963,0.00576241324268099));
#3274=CARTESIAN_POINT('',(-0.047,0.0369,0.0169695890602438));
#3275=CARTESIAN_POINT('',(-0.047,0.0401,0.0169695890602438));
#3276=CARTESIAN_POINT('',(-0.047,0.0385,0.0219695890602438));
#3277=CARTESIAN_POINT('',(0.000542454552929228,0.0716492022752183,-0.00977961323752521));
#3278=CARTESIAN_POINT('',(-0.0674521392524107,0.0399,0.0219695890602438));
#3279=CARTESIAN_POINT('',(-0.0676380716153424,0.0401,0.0217695890602437));
#3280=CARTESIAN_POINT('',(-0.047,0.0385,0.0219695890602438));
#3281=CARTESIAN_POINT('',(-0.0573421467790781,0.0562,0.0219695890602438));
#3282=CARTESIAN_POINT('',(-0.0453219690613744,0.0340044077377041,-0.000226003202003092));
#3283=CARTESIAN_POINT('',(-0.0580562199688682,0.056,0.0217695890602437));
#3284=CARTESIAN_POINT('',(-0.047,0.0385,0.0217695890602437));
#3285=CARTESIAN_POINT('',(-0.047,0.0562,0.0219695890602438));
#3286=CARTESIAN_POINT('',(-0.0651333333333333,0.0471333333333333,0.0129029223935771));
#3287=CARTESIAN_POINT('',(-0.074,0.056,0.0217695890602437));
#3288=CARTESIAN_POINT('',(-0.0742,0.0562,0.0219695890602438));
#3289=CARTESIAN_POINT('',(-0.0620165192833915,0.056,0.0217695890602437));
#3290=CARTESIAN_POINT('',(-0.047,0.0562,0.0219695890602438));
#3291=CARTESIAN_POINT('',(-0.047,0.0401,0.0217695890602437));
#3292=CARTESIAN_POINT('',(-0.0745333333333333,0.0395666666666667,0.0223029223935771));
#3293=CARTESIAN_POINT('',(-0.0742,0.0399,0.0219695890602438));
#3294=CARTESIAN_POINT('',(-0.074,0.0401,0.0217695890602437));
#3295=CARTESIAN_POINT('',(-0.074,0.0399,0.0219695890602438));
#3296=CARTESIAN_POINT('',(-0.0676380716153424,0.0401,0.0217695890602437));
#3297=CARTESIAN_POINT('',(-0.074,0.0385,0.0217695890602437));
#3298=CARTESIAN_POINT('',(-0.0742,0.0385,0.0219695890602438));
#3299=CARTESIAN_POINT('',(-0.074,0.0385,0.0217695890602437));
#3300=CARTESIAN_POINT('',(-0.047,0.0385,0.0219695890602438));
#3301=CARTESIAN_POINT('',(-0.0453219690613776,0.0429955922622615,-0.000226003202025746));
#3302=CARTESIAN_POINT('',(-0.0573421467790783,0.0208,0.0219695890602438));
#3303=CARTESIAN_POINT('',(-0.0580562199688683,0.021,0.0217695890602437));
#3304=CARTESIAN_POINT('',(-0.047,0.0385,0.0219695890602438));
#3305=CARTESIAN_POINT('',(-0.0674521392524108,0.0371,0.0219695890602438));
#3306=CARTESIAN_POINT('',(0.000542454547683549,0.00535079771684418,-0.00977961322467791));
#3307=CARTESIAN_POINT('',(-0.0676380716153424,0.0369,0.0217695890602437));
#3308=CARTESIAN_POINT('',(-0.047,0.0385,0.0217695890602437));
#3309=CARTESIAN_POINT('',(-0.047,0.0371,0.0219695890602438));
#3310=CARTESIAN_POINT('',(-0.0745333333333333,0.0374333333333334,0.022302922393577));
#3311=CARTESIAN_POINT('',(-0.0742,0.0371,0.0219695890602438));
#3312=CARTESIAN_POINT('',(-0.074,0.0369,0.0217695890602437));
#3313=CARTESIAN_POINT('',(-0.047,0.0369,0.0217695890602437));
#3314=CARTESIAN_POINT('',(-0.047,0.0371,0.0219695890602438));
#3315=CARTESIAN_POINT('',(-0.0620165192833915,0.021,0.0217695890602437));
#3316=CARTESIAN_POINT('',(-0.0700055064277973,0.0249944935722029,0.017775095488041));
#3317=CARTESIAN_POINT('',(-0.074,0.021,0.0217695890602437));
#3318=CARTESIAN_POINT('',(-0.0742,0.0208,0.0219695890602438));
#3319=CARTESIAN_POINT('',(-0.074,0.0208,0.0219695890602438));
#3320=CARTESIAN_POINT('',(-0.0580562199688682,0.021,0.0217695890602437));
#3321=CARTESIAN_POINT('',(-0.074,0.0385,0.0217695890602437));
#3322=CARTESIAN_POINT('',(-0.0742,0.0385,0.0219695890602438));
#3323=CARTESIAN_POINT('',(-0.074,0.0385,0.0217695890602437));
#3324=CARTESIAN_POINT('',(-0.047,0.0385,0.0219695890602438));
#3325=CARTESIAN_POINT('',(-0.0269783611869246,0.0433470588235292,0.0218695890602437));
#3326=CARTESIAN_POINT('',(-0.0270755536083473,0.0433235294117645,0.0219695890602438));
#3327=CARTESIAN_POINT('',(-0.026881169008483,0.0433705881764704,0.0217695893102437));
#3328=CARTESIAN_POINT('',(-0.047,0.0385,0.0217695890602437));
#3329=CARTESIAN_POINT('',(-0.047,0.0592,0.0217695890602437));
#3330=CARTESIAN_POINT('',(-0.047,0.059,0.0219695890602438));
#3331=CARTESIAN_POINT('',(-0.047,0.059,0.0219695890602438));
#3332=CARTESIAN_POINT('',(-0.047,0.0385,0.0219695890602438));
#3333=CARTESIAN_POINT('',(-0.0284105974092577,0.0411205901408171,0.0219708100297549));
#3334=CARTESIAN_POINT('',(-0.0281884404439837,0.0411427521920219,0.0219708100297549));
#3335=CARTESIAN_POINT('',(-0.0279655741148131,0.0411862378838765,0.021970810029755));
#3336=CARTESIAN_POINT('',(-0.0275089738315929,0.0413620364623916,0.021970810029755));
#3337=CARTESIAN_POINT('',(-0.0272785399600415,0.0415295440033214,0.021970810029755));
#3338=CARTESIAN_POINT('',(-0.0270103994672596,0.0419952579578311,0.021970810029755));
#3339=CARTESIAN_POINT('',(-0.0269661763055438,0.0422723477200386,0.021970810029755));
#3340=CARTESIAN_POINT('',(-0.0269708893716243,0.0428016673293758,0.021970810029755));
#3341=CARTESIAN_POINT('',(-0.0270142913019787,0.043063534859796,0.021970810029755));
#3342=CARTESIAN_POINT('',(-0.0270767402981801,0.0433232421248207,0.021970810029755));
#3343=CARTESIAN_POINT('',(-0.0284104768019045,0.0411193757076597,0.0219695890602437));
#3344=CARTESIAN_POINT('',(-0.0281882419065571,0.0411415461594525,0.0219695890602437));
#3345=CARTESIAN_POINT('',(-0.0279652719294255,0.0411850494646545,0.0219695890602438));
#3346=CARTESIAN_POINT('',(-0.0275083570561732,0.0413609613649873,0.0219695890602438));
#3347=CARTESIAN_POINT('',(-0.0272776399658656,0.0415286535913645,0.0219695890602438));
#3348=CARTESIAN_POINT('',(-0.0270091896519511,0.0419949188291711,0.0219695890602438));
#3349=CARTESIAN_POINT('',(-0.0269649548366815,0.0422722251943871,0.0219695890602438));
#3350=CARTESIAN_POINT('',(-0.0269696689716079,0.0428018083636353,0.0219695890602438));
#3351=CARTESIAN_POINT('',(-0.0270130900212085,0.0430637582953758,0.0219695890602438));
#3352=CARTESIAN_POINT('',(-0.0270755536083473,0.0433235294117645,0.0219695890602438));
#3353=CARTESIAN_POINT('',(-0.0283907208043779,0.0409204463902211,0.0217695890602437));
#3354=CARTESIAN_POINT('',(-0.0281557206314956,0.0409439928940595,0.0217695890602437));
#3355=CARTESIAN_POINT('',(-0.0279157726774226,0.0409903813404886,0.0217695890602437));
#3356=CARTESIAN_POINT('',(-0.0274073266186266,0.0411848558366492,0.0217695890602437));
#3357=CARTESIAN_POINT('',(-0.027130217091229,0.04138280032497,0.0217695890602437));
#3358=CARTESIAN_POINT('',(-0.0268110167578047,0.0419393681119921,0.0217695890602437));
#3359=CARTESIAN_POINT('',(-0.0267648730408487,0.042252154971446,0.0217695890602437));
#3360=CARTESIAN_POINT('',(-0.0267697622572845,0.0428249103753158,0.0217695890602437));
#3361=CARTESIAN_POINT('',(-0.0268163151207477,0.0431003579938526,0.0217695890602437));
#3362=CARTESIAN_POINT('',(-0.0268811687655019,0.0433705882352939,0.0217695890602437));
#3363=CARTESIAN_POINT('',(-0.0283905232444027,0.0409184570970467,0.0217675890602437));
#3364=CARTESIAN_POINT('',(-0.028155395418745,0.0409420173614055,0.0217675890602437));
#3365=CARTESIAN_POINT('',(-0.0279152776849026,0.0409884346592469,0.0217675890602437));
#3366=CARTESIAN_POINT('',(-0.0274063163142511,0.0411830947813659,0.0217675890602437));
#3367=CARTESIAN_POINT('',(-0.0271287428624827,0.041381341792306,0.0217675890602437));
#3368=CARTESIAN_POINT('',(-0.0268090350288632,0.0419388126048203,0.0217675890602437));
#3369=CARTESIAN_POINT('',(-0.0267628722228904,0.0422519542692166,0.0217675890602437));
#3370=CARTESIAN_POINT('',(-0.0267677631901412,0.0428251413954326,0.0217675890602437));
#3371=CARTESIAN_POINT('',(-0.0268143473717431,0.0431007239908374,0.0217675890602437));
#3372=CARTESIAN_POINT('',(-0.0268792249170734,0.0433710588235292,0.0217675890602437));
#3373=CARTESIAN_POINT('',(-0.0283903748834651,0.0409169632043697,0.0217660871270985));
#3374=CARTESIAN_POINT('',(-0.0281551511948403,0.0409405338024194,0.0217660871270985));
#3375=CARTESIAN_POINT('',(-0.0279149059620664,0.040986972766707,0.0217660871270985));
#3376=CARTESIAN_POINT('',(-0.027405557609437,0.0411817722877155,0.0217660871270985));
#3377=CARTESIAN_POINT('',(-0.0271276357659738,0.0413802464830304,0.0217660871270985));
#3378=CARTESIAN_POINT('',(-0.0268075468166723,0.0419383954375034,0.0217660871270985));
#3379=CARTESIAN_POINT('',(-0.0267613696754859,0.0422518035485513,0.0217660871270985));
#3380=CARTESIAN_POINT('',(-0.0267662619575403,0.0428253148838179,0.0217660871270985));
#3381=CARTESIAN_POINT('',(-0.0268128696580174,0.0431009988423386,0.0217660871270985));
#3382=CARTESIAN_POINT('',(-0.0268777651518815,0.0433714122195633,0.0217660871270985));
#3383=CARTESIAN_POINT('',(-0.0283714240304906,0.0409224960976318,0.0217696543529854));
#3384=CARTESIAN_POINT('',(-0.0283702754189817,0.0409896180586352,0.0218363192184438));
#3385=CARTESIAN_POINT('',(-0.0283690545850888,0.0410567549893115,0.0219029677668044));
#3386=CARTESIAN_POINT('',(-0.0283677616267923,0.0411239104337495,0.0219695962576048));
#3387=CARTESIAN_POINT('',(-0.0283698779798227,0.0409225031439207,0.0217696206204898));
#3388=CARTESIAN_POINT('',(-0.0283676654195603,0.0411239157223358,0.0219695890602438));
#3389=CARTESIAN_POINT('',(-0.0268811688857683,0.0433705882008257,0.0217695893102437));
#3390=CARTESIAN_POINT('',(-0.0268144727421553,0.043095087911294,0.0217690275421249));
#3391=CARTESIAN_POINT('',(-0.0267226726157073,0.0425372398533626,0.0217700694803551));
#3392=CARTESIAN_POINT('',(-0.0268525908319488,0.0416682016632619,0.0217687866485269));
#3393=CARTESIAN_POINT('',(-0.0275198967523423,0.0410655874970652,0.0217702357717912));
#3394=CARTESIAN_POINT('',(-0.028086508566462,0.040952034238509,0.0217690278202477));
#3395=CARTESIAN_POINT('',(-0.0283698624269161,0.0409223517301568,0.0217693465233207));
#3396=CARTESIAN_POINT('',(-0.0283676652288145,0.0411239140246445,0.0219695890602437));
#3397=CARTESIAN_POINT('',(-0.028115431205158,0.0411522540301901,0.0219695890602437));
#3398=CARTESIAN_POINT('',(-0.0276092244047493,0.0412514255800226,0.0219695890602439));
#3399=CARTESIAN_POINT('',(-0.0270207719313059,0.0417966941107186,0.0219695890602438));
#3400=CARTESIAN_POINT('',(-0.0269320581752527,0.0425814878589598,0.0219695890602438));
#3401=CARTESIAN_POINT('',(-0.0270163705550172,0.0430774012507179,0.0219695890602438));
#3402=CARTESIAN_POINT('',(-0.0270755536083473,0.0433235294117645,0.0219695890602438));
#3403=CARTESIAN_POINT('',(-0.0297552908179131,0.0424941201688881,0.0219708034450896));
#3404=CARTESIAN_POINT('',(-0.0296728488365741,0.0421355402246512,0.0219708034450896));
#3405=CARTESIAN_POINT('',(-0.0295200690880233,0.0417804216287475,0.0219708034450896));
#3406=CARTESIAN_POINT('',(-0.0290004405630513,0.0412855253859424,0.0219708034450896));
#3407=CARTESIAN_POINT('',(-0.0286677361063785,0.0411621287658028,0.0219708034450896));
#3408=CARTESIAN_POINT('',(-0.0283330755620071,0.0411205225650308,0.0219708034450896));
#3409=CARTESIAN_POINT('',(-0.0297564738843991,0.042493846153846,0.0219695890602438));
#3410=CARTESIAN_POINT('',(-0.0296739996348603,0.042135132058521,0.0219695890602438));
#3411=CARTESIAN_POINT('',(-0.0295211499235708,0.0417797767217079,0.0219695890602438));
#3412=CARTESIAN_POINT('',(-0.0290010498310718,0.0412844261597281,0.0219695890602438));
#3413=CARTESIAN_POINT('',(-0.0286680588947288,0.0411609430814139,0.0219695890602438));
#3414=CARTESIAN_POINT('',(-0.0283332247728109,0.0411193165905815,0.0219695890602438));
#3415=CARTESIAN_POINT('',(-0.0299513159874003,0.0424487179487178,0.0217695890602437));
#3416=CARTESIAN_POINT('',(-0.0298635274093856,0.0420679101837462,0.0217695890602437));
#3417=CARTESIAN_POINT('',(-0.0296991553641518,0.0416735654095686,0.0217695890602437));
#3418=CARTESIAN_POINT('',(-0.0291013916662969,0.0411033919154185,0.0217695890602437));
#3419=CARTESIAN_POINT('',(-0.0287212196948602,0.040965669829607,0.0217695890602437));
#3420=CARTESIAN_POINT('',(-0.0283577986637569,0.0409207017192789,0.0217695890602437));
#3421=CARTESIAN_POINT('',(-0.0299536520509455,0.042448176883141,0.0217671911559825));
#3422=CARTESIAN_POINT('',(-0.0298657997566763,0.0420671042256464,0.0217671911559825));
#3423=CARTESIAN_POINT('',(-0.0297012895641742,0.0416722919867788,0.0217671911559825));
#3424=CARTESIAN_POINT('',(-0.0291025947168682,0.0411012214014893,0.0217671911559825));
#3425=CARTESIAN_POINT('',(-0.028721857067406,0.040963328596794,0.0217671911559825));
#3426=CARTESIAN_POINT('',(-0.028358093292946,0.0409183204220478,0.0217671911559825));
#3427=CARTESIAN_POINT('',(-0.0298538949358997,0.0424712820512819,0.0218695890602437));
#3428=CARTESIAN_POINT('',(-0.0299513157438477,0.0424487180051281,0.0217695893102437));
#3429=CARTESIAN_POINT('',(-0.0297564738843991,0.042493846153846,0.0219695890602438));
#3430=CARTESIAN_POINT('',(-0.028369850692973,0.0409227096150831,0.021770068094699));
#3431=CARTESIAN_POINT('',(-0.0287626995904888,0.0409738493330592,0.0217704125864018));
#3432=CARTESIAN_POINT('',(-0.0295289830116739,0.0412987998406229,0.0217685941477416));
#3433=CARTESIAN_POINT('',(-0.0298619847064857,0.0420630283448749,0.0217699956757149));
#3434=CARTESIAN_POINT('',(-0.0299513159873479,0.0424487179484917,0.021769589060244));
#3435=CARTESIAN_POINT('',(-0.0297564738843991,0.042493846153846,0.0219695890602438));
#3436=CARTESIAN_POINT('',(-0.0296778563173726,0.0421519063412344,0.0219695890602438));
#3437=CARTESIAN_POINT('',(-0.0293970468132668,0.041474731221162,0.0219695890602438));
#3438=CARTESIAN_POINT('',(-0.0287164185850512,0.0411731662179123,0.0219695890602438));
#3439=CARTESIAN_POINT('',(-0.0283676690432128,0.0411238900761082,0.0219695890602438));
#3440=CARTESIAN_POINT('',(-0.047,0.0385,0.0217695890602437));
#3441=CARTESIAN_POINT('',(-0.0298538949358997,0.0345287179487178,0.0218695890602437));
#3442=CARTESIAN_POINT('',(-0.0297564738843992,0.0345061538461537,0.0219695890602438));
#3443=CARTESIAN_POINT('',(-0.0299513157438477,0.0345512819948717,0.0217695893102437));
#3444=CARTESIAN_POINT('',(-0.047,0.0385,0.0217695890602437));
#3445=CARTESIAN_POINT('',(-0.047,0.0385,0.0219695890602438));
#3446=CARTESIAN_POINT('',(-0.0283330742524271,0.0358794668503727,0.0219708141034992));
#3447=CARTESIAN_POINT('',(-0.0286677332736624,0.035837860827672,0.0219708141034992));
#3448=CARTESIAN_POINT('',(-0.0290004352163557,0.0357144649660714,0.0219708141034992));
#3449=CARTESIAN_POINT('',(-0.0295200596020518,0.0352195727103278,0.0219708141034992));
#3450=CARTESIAN_POINT('',(-0.0296728387363256,0.0348644561926151,0.0219708141034992));
#3451=CARTESIAN_POINT('',(-0.0297552804343784,0.0345058774261371,0.0219708141034992));
#3452=CARTESIAN_POINT('',(-0.0283332247728239,0.0358806834094153,0.0219695890602438));
#3453=CARTESIAN_POINT('',(-0.0286680588950607,0.0358390569185725,0.0219695890602438));
#3454=CARTESIAN_POINT('',(-0.0290010498317988,0.0357155738399711,0.0219695890602438));
#3455=CARTESIAN_POINT('',(-0.029521149923874,0.0352202232775852,0.0219695890602438));
#3456=CARTESIAN_POINT('',(-0.0296739996349351,0.0348648679411366,0.0219695890602438));
#3457=CARTESIAN_POINT('',(-0.0297564738843992,0.0345061538461537,0.0219695890602438));
#3458=CARTESIAN_POINT('',(-0.0283577986637741,0.0360792982807169,0.0217695890602437));
#3459=CARTESIAN_POINT('',(-0.0287212196951999,0.0360343301703876,0.0217695890602437));
#3460=CARTESIAN_POINT('',(-0.0291013916671431,0.03589660808423,0.0217695890602437));
#3461=CARTESIAN_POINT('',(-0.0296991553644807,0.0353264345896339,0.0217695890602437));
#3462=CARTESIAN_POINT('',(-0.0298635274094629,0.0349320898158955,0.0217695890602437));
#3463=CARTESIAN_POINT('',(-0.0299513159874004,0.0345512820512819,0.0217695890602437));
#3464=CARTESIAN_POINT('',(-0.0283580999844431,0.0360817336608536,0.021767136695906));
#3465=CARTESIAN_POINT('',(-0.0287218715434521,0.0360367245761819,0.021767136695906));
#3466=CARTESIAN_POINT('',(-0.029102622040836,0.0358988278938527,0.021767136695906));
#3467=CARTESIAN_POINT('',(-0.0297013380354531,0.0353277369338036,0.021767136695906));
#3468=CARTESIAN_POINT('',(-0.0298658513652393,0.0349329140785374,0.021767136695906));
#3469=CARTESIAN_POINT('',(-0.0299537051065249,0.0345518354052863,0.021767136695906));
#3470=CARTESIAN_POINT('',(-0.0283714239051412,0.0360774965764038,0.0217696616290579));
#3471=CARTESIAN_POINT('',(-0.0283702752722175,0.0360103736710629,0.0218363274301406));
#3472=CARTESIAN_POINT('',(-0.0283690544149488,0.0359432357955226,0.0219029769135555));
#3473=CARTESIAN_POINT('',(-0.0283677614311808,0.0358760794054953,0.0219696063386295));
#3474=CARTESIAN_POINT('',(-0.0283698778311507,0.0360774895269786,0.0217696278928797));
#3475=CARTESIAN_POINT('',(-0.0283673405510636,0.0358760629792791,0.0219695816150701));
#3476=CARTESIAN_POINT('',(-0.0299513159873473,0.0345512820515113,0.0217695890602437));
#3477=CARTESIAN_POINT('',(-0.0298619845003597,0.0349369728789658,0.0217699956016429));
#3478=CARTESIAN_POINT('',(-0.0295303671670141,0.035699711366747,0.0217685862915646));
#3479=CARTESIAN_POINT('',(-0.0287629247108138,0.0360261212282777,0.021770412772987));
#3480=CARTESIAN_POINT('',(-0.0283698515076342,0.0360772902788931,0.0217700680953724));
#3481=CARTESIAN_POINT('',(-0.0283673534663293,0.0358761544881642,0.0219695890602438));
#3482=CARTESIAN_POINT('',(-0.0287151659283099,0.0358270653713232,0.0219695890602438));
#3483=CARTESIAN_POINT('',(-0.0293915029370317,0.0355314539975382,0.0219695890602438));
#3484=CARTESIAN_POINT('',(-0.0296777666985381,0.0348484834475537,0.0219695890602438));
#3485=CARTESIAN_POINT('',(-0.0297564738843992,0.0345061538461537,0.0219695890602438));
#3486=CARTESIAN_POINT('',(-0.0270767460184325,0.0336767592600006,0.0219708159152471));
#3487=CARTESIAN_POINT('',(-0.0270142970924846,0.0339364662175802,0.0219708159152471));
#3488=CARTESIAN_POINT('',(-0.0269708952542593,0.0341983333511438,0.0219708159152471));
#3489=CARTESIAN_POINT('',(-0.0269661821935392,0.0347276516907423,0.0219708159152471));
#3490=CARTESIAN_POINT('',(-0.027010405299397,0.0350047404092214,0.0219708159152471));
#3491=CARTESIAN_POINT('',(-0.0272785443000177,0.0354704517064343,0.0219708159152471));
#3492=CARTESIAN_POINT('',(-0.0275089768071273,0.0356379583567522,0.0219708159152471));
#3493=CARTESIAN_POINT('',(-0.027965575576543,0.035813756389086,0.0219708159152471));
#3494=CARTESIAN_POINT('',(-0.0281884414085046,0.0358572419958516,0.021970815915247));
#3495=CARTESIAN_POINT('',(-0.0284105980003116,0.0358794040061615,0.021970815915247));
#3496=CARTESIAN_POINT('',(-0.0270755536083474,0.0336764705882351,0.0219695890602438));
#3497=CARTESIAN_POINT('',(-0.0270130900211288,0.0339362417049643,0.0219695890602438));
#3498=CARTESIAN_POINT('',(-0.0269696689714959,0.0341981916370509,0.0219695890602438));
#3499=CARTESIAN_POINT('',(-0.0269649548367778,0.0347277748070103,0.0219695890602438));
#3500=CARTESIAN_POINT('',(-0.0270091896523637,0.0350050811725996,0.0219695890602438));
#3501=CARTESIAN_POINT('',(-0.0272776399675632,0.0354713464104849,0.0219695890602438));
#3502=CARTESIAN_POINT('',(-0.0275083570586408,0.0356390386364962,0.0219695890602438));
#3503=CARTESIAN_POINT('',(-0.0279652719345211,0.0358149505368975,0.0219695890602438));
#3504=CARTESIAN_POINT('',(-0.0281882419140628,0.0358584538419125,0.0219695890602437));
#3505=CARTESIAN_POINT('',(-0.0284104768115929,0.0358806242933039,0.0219695890602437));
#3506=CARTESIAN_POINT('',(-0.026881168765502,0.0336294117647057,0.0217695890602437));
#3507=CARTESIAN_POINT('',(-0.0268163151206656,0.0338996420065018,0.0217695890602437));
#3508=CARTESIAN_POINT('',(-0.0267697622571652,0.0341750896254096,0.0217695890602437));
#3509=CARTESIAN_POINT('',(-0.0267648730409509,0.0347478450300863,0.0217695890602437));
#3510=CARTESIAN_POINT('',(-0.0268110167582519,0.0350606318900552,0.0217695890602437));
#3511=CARTESIAN_POINT('',(-0.0271302170932853,0.0356171996772776,0.0217695890602437));
#3512=CARTESIAN_POINT('',(-0.0274073266214923,0.0358151441650412,0.0217695890602437));
#3513=CARTESIAN_POINT('',(-0.0279157726830088,0.0360096186612066,0.0217695890602437));
#3514=CARTESIAN_POINT('',(-0.0281557206395466,0.0360560071073959,0.0217695890602437));
#3515=CARTESIAN_POINT('',(-0.0283907208146197,0.0360795536108007,0.0217695890602437));
#3516=CARTESIAN_POINT('',(-0.0268792249170735,0.0336289411764704,0.0217675890602437));
#3517=CARTESIAN_POINT('',(-0.026814347371661,0.0338992760095172,0.0217675890602437));
#3518=CARTESIAN_POINT('',(-0.0267677631900219,0.0341748586052932,0.0217675890602437));
#3519=CARTESIAN_POINT('',(-0.0267628722229926,0.0347480457323171,0.0217675890602437));
#3520=CARTESIAN_POINT('',(-0.0268090350293108,0.0350611873972297,0.0217675890602437));
#3521=CARTESIAN_POINT('',(-0.0271287428645425,0.0356186582099456,0.0217675890602437));
#3522=CARTESIAN_POINT('',(-0.0274063163171208,0.0358169052203266,0.0217675890602437));
#3523=CARTESIAN_POINT('',(-0.0279152776904937,0.0360115653424497,0.0217675890602437));
#3524=CARTESIAN_POINT('',(-0.0281553954268015,0.0360579826400508,0.0217675890602437));
#3525=CARTESIAN_POINT('',(-0.02839052325465,0.0360815429039757,0.0217675890602437));
#3526=CARTESIAN_POINT('',(-0.0269783611869247,0.0336529411764703,0.0218695890602437));
#3527=CARTESIAN_POINT('',(-0.0268811690084831,0.0336294118235292,0.0217695893102437));
#3528=CARTESIAN_POINT('',(-0.0270755536083474,0.0336764705882351,0.0219695890602438));
#3529=CARTESIAN_POINT('',(-0.0283698615284462,0.0360776481757246,0.021769346522306));
#3530=CARTESIAN_POINT('',(-0.0280873160439297,0.0360480502775381,0.0217690287289873));
#3531=CARTESIAN_POINT('',(-0.027522729813487,0.0359345809196157,0.0217702453121211));
#3532=CARTESIAN_POINT('',(-0.0268555477314152,0.0353379504541085,0.0217688229545914));
#3533=CARTESIAN_POINT('',(-0.0267218663292691,0.0344643486129485,0.0217700627844626));
#3534=CARTESIAN_POINT('',(-0.0268143444966748,0.0339054413019872,0.0217690262124326));
#3535=CARTESIAN_POINT('',(-0.0268811687592269,0.0336294117906262,0.0217695890601908));
#3536=CARTESIAN_POINT('',(-0.0270755536083474,0.0336764705882351,0.0219695890602438));
#3537=CARTESIAN_POINT('',(-0.0270162991712211,0.0339228956174218,0.0219695890602438));
#3538=CARTESIAN_POINT('',(-0.0269316571375258,0.0344197806827896,0.0219695890602438));
#3539=CARTESIAN_POINT('',(-0.0270221122844712,0.0352057595643421,0.0219695890602438));
#3540=CARTESIAN_POINT('',(-0.027609363293886,0.0357481142953152,0.0219695890602439));
#3541=CARTESIAN_POINT('',(-0.0281152640957754,0.0358477026102631,0.0219695890602436));
#3542=CARTESIAN_POINT('',(-0.0283673420501509,0.0358760496485434,0.0219695890602436));
#3543=CARTESIAN_POINT('',(-0.047,0.0385,0.0219695890602438));
#3544=CARTESIAN_POINT('',(-0.047,0.018,0.0219695890602438));
#3545=CARTESIAN_POINT('',(-0.047,0.018,0.0219695890602438));
#3546=CARTESIAN_POINT('',(-0.047,0.0178,0.0217695890602437));
#3547=CARTESIAN_POINT('',(-0.047,0.0385,0.0217695890602437));
#3548=CARTESIAN_POINT('',(-0.047,0.0385,0.0219695890602438));
#3549=CARTESIAN_POINT('',(-0.026881168764275,0.0433705882302261,0.0218110330235261));
#3550=CARTESIAN_POINT('',(-0.026881168764275,0.0433705882302261,0.0149267597224172));
#3551=CARTESIAN_POINT('',(-0.0265181922927664,0.0418712493308114,0.0218110330235261));
#3552=CARTESIAN_POINT('',(-0.0265181922927664,0.0418712493308114,0.0149267597224172));
#3553=CARTESIAN_POINT('',(-0.0270225740114605,0.0410543442060122,0.0218110330235261));
#3554=CARTESIAN_POINT('',(-0.0270225740114605,0.0410543442060122,0.0149267597224172));
#3555=CARTESIAN_POINT('',(-0.0283943139203571,0.0409198728558283,0.0218110330235261));
#3556=CARTESIAN_POINT('',(-0.0283943139203571,0.0409198728558283,0.0149267597224172));
#3557=CARTESIAN_POINT('',(-0.0283683319289316,0.0409225123821891,0.0151695893068565));
#3558=CARTESIAN_POINT('',(-0.0283683319289317,0.0409225123821892,0.0151695893068565));
#3559=CARTESIAN_POINT('',(-0.0268811687655019,0.0433705882352939,0.0151695890602425));
#3560=CARTESIAN_POINT('',(-0.0268811687655019,0.0433705882352939,0.0151695890602425));
#3561=CARTESIAN_POINT('',(-0.0268811687655019,0.0433705882352939,0.018469589060243));
#3562=CARTESIAN_POINT('',(-0.0283683319289317,0.0409225123821893,0.018469606050331));
#3563=CARTESIAN_POINT('',(-0.0283528330469867,0.0409205536324776,0.0218146457839129));
#3564=CARTESIAN_POINT('',(-0.0283528330469867,0.0409205536324776,0.0143249458607852));
#3565=CARTESIAN_POINT('',(-0.0292119945320608,0.0410264219982927,0.0218146457839129));
#3566=CARTESIAN_POINT('',(-0.0292119945320608,0.0410264219982927,0.0143249458607852));
#3567=CARTESIAN_POINT('',(-0.0297459825510649,0.0415413866880814,0.0218146457839129));
#3568=CARTESIAN_POINT('',(-0.0297459825510649,0.0415413866880814,0.0143249458607852));
#3569=CARTESIAN_POINT('',(-0.0299550682500884,0.0424651065766292,0.0218146457839129));
#3570=CARTESIAN_POINT('',(-0.0299550682500884,0.0424651065766292,0.0143249458607852));
#3571=CARTESIAN_POINT('',(-0.0299513161275893,0.0424487185539873,0.0149695890602437));
#3572=CARTESIAN_POINT('',(-0.0299513159874003,0.0424487179487178,0.0151695890602437));
#3573=CARTESIAN_POINT('',(-0.0299513159874003,0.0424487179487178,0.0184695890602437));
#3574=CARTESIAN_POINT('',(-0.0283943130095557,0.0360801270548861,0.0218110684834343));
#3575=CARTESIAN_POINT('',(-0.0283943130095557,0.0360801270548861,0.0149273404578743));
#3576=CARTESIAN_POINT('',(-0.0270225737897394,0.0359456554325358,0.0218110684834343));
#3577=CARTESIAN_POINT('',(-0.0270225737897394,0.0359456554325358,0.0149273404578743));
#3578=CARTESIAN_POINT('',(-0.0265181923742387,0.0351287503391879,0.0218110684834343));
#3579=CARTESIAN_POINT('',(-0.0265181923742387,0.0351287503391879,0.0149273404578743));
#3580=CARTESIAN_POINT('',(-0.0268811687630483,0.0336294117748414,0.0218110684834343));
#3581=CARTESIAN_POINT('',(-0.0268811687630483,0.0336294117748414,0.0149273404578743));
#3582=CARTESIAN_POINT('',(-0.026881168765502,0.0336294117647057,0.0151695890602437));
#3583=CARTESIAN_POINT('',(-0.026881168765502,0.0336294117647057,0.0151695890602437));
#3584=CARTESIAN_POINT('',(-0.0283683319289318,0.0360774876178106,0.0151695361817566));
#3585=CARTESIAN_POINT('',(-0.0283683319289318,0.0360774876178106,0.0151695361817566));
#3586=CARTESIAN_POINT('',(-0.0283683319289318,0.0360774876178107,0.018502579920841));
#3587=CARTESIAN_POINT('',(-0.026881168765502,0.0336294117647056,0.0184695890602437));
#3588=CARTESIAN_POINT('',(-0.0299513159873473,0.0345512820515113,0.0218146349992777));
#3589=CARTESIAN_POINT('',(-0.0299513159873473,0.0345512820515113,0.0143250344141939));
#3590=CARTESIAN_POINT('',(-0.0297397322567311,0.0354647998593527,0.0218146349992777));
#3591=CARTESIAN_POINT('',(-0.0297397322567311,0.0354647998593527,0.0143250344141939));
#3592=CARTESIAN_POINT('',(-0.0292069211937498,0.0359741859204705,0.0218146349992777));
#3593=CARTESIAN_POINT('',(-0.0292069211937498,0.0359741859204705,0.0143250344141939));
#3594=CARTESIAN_POINT('',(-0.028352882799589,0.0360794402363609,0.0218146349992777));
#3595=CARTESIAN_POINT('',(-0.028352882799589,0.0360794402363609,0.0143250344141939));
#3596=CARTESIAN_POINT('',(-0.0299513159874004,0.0345512820512819,0.0151695890602437));
#3597=CARTESIAN_POINT('',(-0.0299513159874004,0.0345512820512819,0.0151695890602437));
#3598=CARTESIAN_POINT('',(-0.0299513159874003,0.0345512820512819,0.0184695890602437));
#3599=CARTESIAN_POINT('',(-0.074,0.0385,0.0109695890602437));
#3600=CARTESIAN_POINT('',(-0.0575,0.0401,0.0274695890602438));
#3601=CARTESIAN_POINT('',(-0.074,0.0401,0.0109695890602438));
#3602=CARTESIAN_POINT('',(-0.071,0.0385,0.0139695890602437));
#3603=CARTESIAN_POINT('',(-0.074,0.0369,0.0109695890602437));
#3604=CARTESIAN_POINT('',(-0.074,0.0369,0.0109695890602437));
#3605=CARTESIAN_POINT('',(-0.074,0.0369,0.0109695890602437));
#3606=CARTESIAN_POINT('',(-0.047,0.0401,0.0169695890602438));
#3607=CARTESIAN_POINT('',(-0.0676380716153424,0.0401,0.0169695890602438));
#3608=CARTESIAN_POINT('',(-0.074,0.0401,0.0169695890602438));
#3609=CARTESIAN_POINT('',(-0.047,0.0369,0.0169695890602438));
#3610=CARTESIAN_POINT('',(-0.0676380716153424,0.0369,0.0169695890602438));
#3611=CARTESIAN_POINT('',(-0.074,0.0369,0.0169695890602438));
#3612=CARTESIAN_POINT('',(-0.0605,0.021,0.0124695890602437));
#3613=CARTESIAN_POINT('',(-0.0605,0.0178,0.0124695890602437));
#3614=CARTESIAN_POINT('',(-0.074,0.0178,0.00796958906024374));
#3615=CARTESIAN_POINT('',(-0.0626,0.014,0.0117695890602437));
#3616=CARTESIAN_POINT('',(-0.0744,0.0179333333333334,0.00783625572691037));
#3617=CARTESIAN_POINT('',(-0.0661701871811448,0.0268287752979318,0.0105795266665288));
#3618=CARTESIAN_POINT('',(-0.074,0.0183656854249492,0.00796958906024374));
#3619=CARTESIAN_POINT('',(-0.074,0.0385,0.00796958906024374));
#3620=CARTESIAN_POINT('',(-0.074,0.021,0.00796958906024375));
#3621=CARTESIAN_POINT('',(-0.0605,0.021,0.0124695890602437));
#3622=CARTESIAN_POINT('',(-0.056,0.021,0.0139695890602437));
#3623=CARTESIAN_POINT('',(-0.056,0.021,0.0139695890602437));
#3624=CARTESIAN_POINT('',(-0.0605,0.021,0.0124695890602437));
#3625=CARTESIAN_POINT('',(-0.056,0.056,0.0139695890602437));
#3626=CARTESIAN_POINT('',(-0.056,0.056,0.0139695890602437));
#3627=CARTESIAN_POINT('',(-0.0596148673550524,0.056,0.0127646332752263));
#3628=CARTESIAN_POINT('',(-0.074,0.056,0.00796958906024376));
#3629=CARTESIAN_POINT('',(-0.074,0.0385,0.00796958906024374));
#3630=CARTESIAN_POINT('',(-0.074,0.0586343145750508,0.00796958906024374));
#3631=CARTESIAN_POINT('',(-0.0744437274471667,0.0591139307997755,0.00782167991118813));
#3632=CARTESIAN_POINT('',(-0.0744,0.0590666666666666,0.00783625572691037));
#3633=CARTESIAN_POINT('',(-0.0721454545454545,0.0598181818181818,0.00858777087842552));
#3634=CARTESIAN_POINT('',(-0.074,0.0592,0.00796958906024372));
#3635=CARTESIAN_POINT('',(-0.0605,0.0592,0.0124695890602437));
#3636=CARTESIAN_POINT('',(-0.0620165192833915,0.021,0.0199695890602438));
#3637=CARTESIAN_POINT('',(-0.05015,0.021,0.0139695890602437));
#3638=CARTESIAN_POINT('',(-0.074,0.021,0.00796958906024374));
#3639=CARTESIAN_POINT('',(-0.0580562199688682,0.021,0.0199695890602438));
#3640=CARTESIAN_POINT('',(-0.0620165192833915,0.056,0.0199695890602438));
#3641=CARTESIAN_POINT('',(-0.074,0.056,0.00796958906024374));
#3642=CARTESIAN_POINT('',(-0.05015,0.056,0.0139695890602437));
#3643=CARTESIAN_POINT('',(-0.0580562199688682,0.056,0.0199695890602438));
#3644=CARTESIAN_POINT('',(-0.05015,0.0385,0.0139695890602437));
#3645=CARTESIAN_POINT('',(-0.047,0.0385,0.0219695890602438));
#3646=CARTESIAN_POINT('',(-0.047,0.0178,0.0199695890602438));
#3647=CARTESIAN_POINT('',(-0.047,0.0385,0.0219695890602438));
#3648=CARTESIAN_POINT('',(-0.074,0.0385,0.00796958906024374));
#3649=CARTESIAN_POINT('',(-0.074,0.0478862915010152,0.000369589060243741));
#3650=CARTESIAN_POINT('',(-0.074,0.0499861849542744,0.000369392539889402));
#3651=CARTESIAN_POINT('',(-0.074,0.0517775221332803,0.00111138869421681));
#3652=CARTESIAN_POINT('',(-0.074,0.053260303038033,0.00259557752322597));
#3653=CARTESIAN_POINT('',(-0.074,0.0478862915010152,0.000369589060243737));
#3654=CARTESIAN_POINT('',(-0.074,0.053260303038033,0.00259557752322598));
#3655=CARTESIAN_POINT('',(-0.074,0.0589171572875254,0.00825243177271835));
#3656=CARTESIAN_POINT('',(-0.074,0.0284328427124746,-0.00209756822728165));
#3657=CARTESIAN_POINT('',(-0.074,0.023739696961967,0.00259557752322597));
#3658=CARTESIAN_POINT('',(-0.074,0.023739696961967,0.00259557752322597));
#3659=CARTESIAN_POINT('',(-0.074,0.0252244069016607,0.0011105896617819));
#3660=CARTESIAN_POINT('',(-0.074,0.0270157440806666,0.000368593507454488));
#3661=CARTESIAN_POINT('',(-0.074,0.0291137084989848,0.000369589060243741));
#3662=CARTESIAN_POINT('',(-0.074,0.0291137084989848,0.000369589060243737));
#3663=CARTESIAN_POINT('',(-0.074,0.0385,0.000369589060243737));
#3664=CARTESIAN_POINT('',(-0.047,0.0385,0.0219695890602438));
#3665=CARTESIAN_POINT('',(-0.047,0.0592,0.0199695890602438));
#3666=CARTESIAN_POINT('',(-0.047,0.0385,0.0219695890602438));
#3667=CARTESIAN_POINT('',(-0.047,0.0385,0.0219695890602438));
#3668=CARTESIAN_POINT('',(-0.047,0.059,0.0219695890602438));
#3669=CARTESIAN_POINT('',(-0.047,0.059,0.0219695890602438));
#3670=CARTESIAN_POINT('',(-0.0571551710965399,0.0592,0.0217695890602437));
#3671=CARTESIAN_POINT('',(-0.0571551710965399,0.0178,0.0217695890602437));
#3672=CARTESIAN_POINT('',(-0.047,0.018,0.0219695890602438));
#3673=CARTESIAN_POINT('',(-0.079,0.0178,0.0217695890602437));
#3674=CARTESIAN_POINT('',(-0.0571551710965399,0.0592,0.0199695890602438));
#3675=CARTESIAN_POINT('',(-0.0571551710965399,0.0592,0.00796958906024374));
#3676=CARTESIAN_POINT('',(-0.0571551710965399,0.0178,0.0199695890602438));
#3677=CARTESIAN_POINT('',(-0.074,0.0178,0.00796958906024374));
#3678=CARTESIAN_POINT('',(-0.0818,0.0389634181314963,0.00576241324268099));
#3679=CARTESIAN_POINT('',(-0.0818,0.0389634181314963,0.00576241324268099));
#3680=CARTESIAN_POINT('',(-0.0620165192833915,0.056,0.0199695890602438));
#3681=CARTESIAN_POINT('',(-0.0620165192833915,0.021,0.0199695890602438));
#3682=CARTESIAN_POINT('',(-0.099,0.0385,0.00546958906024374));
#3683=CARTESIAN_POINT('',(-0.099,0.027,0.0139695890602437));
#3684=CARTESIAN_POINT('',(-0.099,0.05,0.0139695890602437));
#3685=CARTESIAN_POINT('',(-0.047,0.0385,0.0219695890602438));
#3686=CARTESIAN_POINT('',(-0.0536620843493478,0.0258,-3.04109397562604E-5));
#3687=CARTESIAN_POINT('',(-0.0766,0.0258,-3.04109397562604E-5));
#3688=CARTESIAN_POINT('',(-0.0766,0.0234568542494924,0.00231273481075136));
#3689=CARTESIAN_POINT('',(-0.0766,0.0234568542494924,0.00231273481075136));
#3690=CARTESIAN_POINT('',(-0.0758666666666667,0.0234568542494924,0.00231273481075136));
#3691=CARTESIAN_POINT('',(-0.0751333333333333,0.0234568542494924,0.00231273481075136));
#3692=CARTESIAN_POINT('',(-0.0744,0.0234568542494924,0.00231273481075136));
#3693=CARTESIAN_POINT('',(-0.0744,0.0234568542494924,0.00231273481075136));
#3694=CARTESIAN_POINT('',(-0.0744,0.0258,-3.04109397562604E-5));
#3695=CARTESIAN_POINT('',(-0.0536620843493478,0.0385,-3.04109397562604E-5));
#3696=CARTESIAN_POINT('',(-0.0744,0.0291137084989848,-3.04109397562604E-5));
#3697=CARTESIAN_POINT('',(-0.0751333333333333,0.0291137084989848,-3.04109397562604E-5));
#3698=CARTESIAN_POINT('',(-0.0758666666666667,0.0291137084989848,-3.04109397562604E-5));
#3699=CARTESIAN_POINT('',(-0.0766,0.0291137084989848,-3.04109397562604E-5));
#3700=CARTESIAN_POINT('',(-0.0744,0.0291137084989848,-3.04109397562604E-5));
#3701=CARTESIAN_POINT('',(-0.0766,0.0291137084989848,-3.04109397562604E-5));
#3702=CARTESIAN_POINT('',(-0.0766,0.0385,-3.04109397562604E-5));
#3703=CARTESIAN_POINT('',(-0.0766,0.0478862915010152,-3.04109397562604E-5));
#3704=CARTESIAN_POINT('',(-0.0766,0.0478862915010152,-3.04109397562604E-5));
#3705=CARTESIAN_POINT('',(-0.0758666666666667,0.0478862915010152,-3.04109397562604E-5));
#3706=CARTESIAN_POINT('',(-0.0751333333333333,0.0478862915010152,-3.04109397562604E-5));
#3707=CARTESIAN_POINT('',(-0.0744,0.0478862915010152,-3.04109397562604E-5));
#3708=CARTESIAN_POINT('',(-0.0744,0.0478862915010152,-3.04109397562604E-5));
#3709=CARTESIAN_POINT('',(-0.0744,0.0385,-3.04109397562604E-5));
#3710=CARTESIAN_POINT('',(-0.0571551710965399,0.0592,0.00796958906024374));
#3711=CARTESIAN_POINT('',(-0.0744,0.0535431457505076,0.00231273481075136));
#3712=CARTESIAN_POINT('',(-0.0751333333333333,0.0535431457505076,0.00231273481075136));
#3713=CARTESIAN_POINT('',(-0.0758666666666667,0.0535431457505076,0.00231273481075136));
#3714=CARTESIAN_POINT('',(-0.0766,0.0535431457505076,0.00231273481075136));
#3715=CARTESIAN_POINT('',(-0.0744,0.0535431457505076,0.00231273481075135));
#3716=CARTESIAN_POINT('',(-0.0766,0.0535431457505076,0.00231273481075135));
#3717=CARTESIAN_POINT('',(-0.0766,0.0582,0.00696958906024374));
#3718=CARTESIAN_POINT('',(-0.0744,0.0535431457505076,0.00231273481075136));
#3719=CARTESIAN_POINT('',(-0.0744,0.0291137084989848,-3.04109397562605E-5));
#3720=CARTESIAN_POINT('',(-0.0766,0.0291137084989848,-3.04109397562605E-5));
#3721=CARTESIAN_POINT('',(-0.0744,0.0269045694996616,-3.04109397562704E-5));
#3722=CARTESIAN_POINT('',(-0.0766,0.0269045694996616,-3.04109397562704E-5));
#3723=CARTESIAN_POINT('',(-0.0744,0.0250189514164974,0.000750637643746272));
#3724=CARTESIAN_POINT('',(-0.0766,0.0250189514164974,0.000750637643746272));
#3725=CARTESIAN_POINT('',(-0.0744,0.0234568542494924,0.00231273481075137));
#3726=CARTESIAN_POINT('',(-0.0766,0.0234568542494924,0.00231273481075137));
#3727=CARTESIAN_POINT('',(-0.0766,0.0234568542494924,0.00231273481075135));
#3728=CARTESIAN_POINT('',(-0.0766,0.0250189514164974,0.000750637643746279));
#3729=CARTESIAN_POINT('',(-0.0766,0.0269045694996616,-3.04109397562594E-5));
#3730=CARTESIAN_POINT('',(-0.0766,0.0291137084989847,-3.04109397562605E-5));
#3731=CARTESIAN_POINT('',(-0.0744,0.0291137084989848,-3.04109397562605E-5));
#3732=CARTESIAN_POINT('',(-0.0744,0.0269045694996616,-3.04109397562704E-5));
#3733=CARTESIAN_POINT('',(-0.0744,0.0250189514164974,0.000750637643746269));
#3734=CARTESIAN_POINT('',(-0.0744,0.0234568542494924,0.00231273481075136));
#3735=CARTESIAN_POINT('',(-0.0744,0.0535431457505076,0.00231273481075137));
#3736=CARTESIAN_POINT('',(-0.0766,0.0535431457505076,0.00231273481075137));
#3737=CARTESIAN_POINT('',(-0.0744,0.0519810485835025,0.000750637643746283));
#3738=CARTESIAN_POINT('',(-0.0766,0.0519810485835025,0.000750637643746283));
#3739=CARTESIAN_POINT('',(-0.0744,0.0500954305003384,-3.04109397562612E-5));
#3740=CARTESIAN_POINT('',(-0.0766,0.0500954305003384,-3.04109397562612E-5));
#3741=CARTESIAN_POINT('',(-0.0744,0.0478862915010152,-3.04109397562604E-5));
#3742=CARTESIAN_POINT('',(-0.0766,0.0478862915010152,-3.04109397562604E-5));
#3743=CARTESIAN_POINT('',(-0.0766,0.0478862915010152,-3.04109397562604E-5));
#3744=CARTESIAN_POINT('',(-0.0766,0.0500954305003384,-3.04109397562612E-5));
#3745=CARTESIAN_POINT('',(-0.0766,0.0519810485835025,0.000750637643746277));
#3746=CARTESIAN_POINT('',(-0.0766,0.0535431457505076,0.00231273481075135));
#3747=CARTESIAN_POINT('',(-0.0744,0.0535431457505076,0.00231273481075136));
#3748=CARTESIAN_POINT('',(-0.0744,0.0519810485835025,0.000750637643746279));
#3749=CARTESIAN_POINT('',(-0.0744,0.0500954305003384,-3.04109397562603E-5));
#3750=CARTESIAN_POINT('',(-0.0744,0.0478862915010152,-3.04109397562604E-5));
#3751=CARTESIAN_POINT('',(-0.077,0.0493921572875254,-0.00127256822728161));
#3752=CARTESIAN_POINT('',(-0.0766,0.0535431457505076,0.00231273481075136));
#3753=CARTESIAN_POINT('',(-0.0767333333333333,0.0534488648463494,0.00240701571490956));
#3754=CARTESIAN_POINT('',(-0.0768666666666667,0.0533545839421912,0.00250129661906777));
#3755=CARTESIAN_POINT('',(-0.077,0.053260303038033,0.00259557752322598));
#3756=CARTESIAN_POINT('',(-0.077,0.053260303038033,0.00259557752322598));
#3757=CARTESIAN_POINT('',(-0.077,0.0525509495688848,0.00188609127072904));
#3758=CARTESIAN_POINT('',(-0.077,0.051733112036785,0.00131043486701682));
#3759=CARTESIAN_POINT('',(-0.077,0.0498778349647169,0.000540403818159343));
#3760=CARTESIAN_POINT('',(-0.077,0.0488969377108757,0.000369109475535627));
#3761=CARTESIAN_POINT('',(-0.077,0.0478862915010152,0.000369589060243737));
#3762=CARTESIAN_POINT('',(-0.0766,0.0535431457505076,0.00231273481075136));
#3763=CARTESIAN_POINT('',(-0.0766,0.0528025248376039,0.00157171324762701));
#3764=CARTESIAN_POINT('',(-0.0766,0.0519396576294272,0.000963079614136122));
#3765=CARTESIAN_POINT('',(-0.0766,0.049977572013219,0.000148711749325347));
#3766=CARTESIAN_POINT('',(-0.0766,0.0489416776978226,-3.11103935321094E-5));
#3767=CARTESIAN_POINT('',(-0.0766,0.0478862915010152,-3.04109397562605E-5));
#3768=CARTESIAN_POINT('',(-0.077,0.0478862915010152,0.000369589060243738));
#3769=CARTESIAN_POINT('',(-0.0768666666666667,0.0478862915010152,0.000236255726910405));
#3770=CARTESIAN_POINT('',(-0.0767333333333333,0.0478862915010152,0.000102922393577073));
#3771=CARTESIAN_POINT('',(-0.0766,0.0478862915010152,-3.04109397562601E-5));
#3772=CARTESIAN_POINT('',(-0.0766,0.0385,-3.04109397562604E-5));
#3773=CARTESIAN_POINT('',(-0.0766,0.0291137084989848,-3.04109397562607E-5));
#3774=CARTESIAN_POINT('',(-0.0767333333333333,0.0291137084989848,0.000102922393577072));
#3775=CARTESIAN_POINT('',(-0.0768666666666667,0.0291137084989848,0.000236255726910404));
#3776=CARTESIAN_POINT('',(-0.077,0.0291137084989848,0.000369589060243737));
#3777=CARTESIAN_POINT('',(-0.077,0.0291137084989848,0.000369589060243737));
#3778=CARTESIAN_POINT('',(-0.077,0.0281104373103927,0.000369495168237375));
#3779=CARTESIAN_POINT('',(-0.077,0.0271250882988377,0.000540743086395701));
#3780=CARTESIAN_POINT('',(-0.077,0.025268715123827,0.00130812790866366));
#3781=CARTESIAN_POINT('',(-0.077,0.0244539926327405,0.0018806036172539));
#3782=CARTESIAN_POINT('',(-0.077,0.023739696961967,0.00259557752322598));
#3783=CARTESIAN_POINT('',(-0.0766,0.0291137084989848,-3.04109397562604E-5));
#3784=CARTESIAN_POINT('',(-0.0766,0.0280660290568913,-3.06942422441706E-5));
#3785=CARTESIAN_POINT('',(-0.0766,0.0270255208332265,0.000149076042421488));
#3786=CARTESIAN_POINT('',(-0.0766,0.0250622717491489,0.000960635047322785));
#3787=CARTESIAN_POINT('',(-0.0766,0.0242026303975175,0.00156596948571016));
#3788=CARTESIAN_POINT('',(-0.0766,0.0234568542494924,0.00231273481075136));
#3789=CARTESIAN_POINT('',(-0.077,0.023739696961967,0.00259557752322598));
#3790=CARTESIAN_POINT('',(-0.0768666666666667,0.0236454160578088,0.00250129661906778));
#3791=CARTESIAN_POINT('',(-0.0767333333333333,0.0235511351536506,0.00240701571490957));
#3792=CARTESIAN_POINT('',(-0.0766,0.0234568542494924,0.00231273481075136));
#3793=CARTESIAN_POINT('',(-0.0766,0.0258,-3.04109397562604E-5));
#3794=CARTESIAN_POINT('',(-0.074,0.0284328427124746,-0.00209756822728165));
#3795=CARTESIAN_POINT('',(-0.0744,0.0234568542494924,0.00231273481075135));
#3796=CARTESIAN_POINT('',(-0.0742666666666667,0.0235511351536506,0.00240701571490955));
#3797=CARTESIAN_POINT('',(-0.0741333333333333,0.0236454160578088,0.00250129661906776));
#3798=CARTESIAN_POINT('',(-0.074,0.023739696961967,0.00259557752322596));
#3799=CARTESIAN_POINT('',(-0.074,0.023739696961967,0.00259557752322598));
#3800=CARTESIAN_POINT('',(-0.074,0.0244490504311151,0.00188609127072906));
#3801=CARTESIAN_POINT('',(-0.074,0.025266887963215,0.00131043486701683));
#3802=CARTESIAN_POINT('',(-0.074,0.0271221650352831,0.000540403818159341));
#3803=CARTESIAN_POINT('',(-0.074,0.0281030622891243,0.000369109475535632));
#3804=CARTESIAN_POINT('',(-0.074,0.0291137084989848,0.000369589060243737));
#3805=CARTESIAN_POINT('',(-0.0744,0.0234568542494924,0.00231273481075136));
#3806=CARTESIAN_POINT('',(-0.0744,0.0241974751623961,0.00157171324762702));
#3807=CARTESIAN_POINT('',(-0.0744,0.0250603423705728,0.000963079614136133));
#3808=CARTESIAN_POINT('',(-0.0744,0.027022427986781,0.000148711749325345));
#3809=CARTESIAN_POINT('',(-0.0744,0.0280583223021774,-3.11103935321052E-5));
#3810=CARTESIAN_POINT('',(-0.0744,0.0291137084989848,-3.04109397562604E-5));
#3811=CARTESIAN_POINT('',(-0.074,0.0291137084989848,0.000369589060243738));
#3812=CARTESIAN_POINT('',(-0.0741333333333333,0.0291137084989848,0.000236255726910405));
#3813=CARTESIAN_POINT('',(-0.0742666666666667,0.0291137084989848,0.000102922393577073));
#3814=CARTESIAN_POINT('',(-0.0744,0.0291137084989848,-3.04109397562601E-5));
#3815=CARTESIAN_POINT('',(-0.0744,0.0385,-3.04109397562604E-5));
#3816=CARTESIAN_POINT('',(-0.0744,0.0478862915010152,-3.04109397562746E-5));
#3817=CARTESIAN_POINT('',(-0.0742666666666667,0.0478862915010152,0.000102922393577056));
#3818=CARTESIAN_POINT('',(-0.0741333333333333,0.0478862915010152,0.000236255726910386));
#3819=CARTESIAN_POINT('',(-0.074,0.0478862915010152,0.000369589060243717));
#3820=CARTESIAN_POINT('',(-0.074,0.0478862915010152,0.000369589060243737));
#3821=CARTESIAN_POINT('',(-0.074,0.0488895626896072,0.000369495168237373));
#3822=CARTESIAN_POINT('',(-0.074,0.0498749117011624,0.000540743086395704));
#3823=CARTESIAN_POINT('',(-0.074,0.051731284876173,0.00130812790866365));
#3824=CARTESIAN_POINT('',(-0.074,0.0525460073672594,0.00188060361725391));
#3825=CARTESIAN_POINT('',(-0.074,0.053260303038033,0.00259557752322598));
#3826=CARTESIAN_POINT('',(-0.0744,0.0478862915010152,-3.04109397562604E-5));
#3827=CARTESIAN_POINT('',(-0.0744,0.0489339709431086,-3.06942422441746E-5));
#3828=CARTESIAN_POINT('',(-0.0744,0.0499744791667736,0.000149076042421489));
#3829=CARTESIAN_POINT('',(-0.0744,0.0519377282508511,0.000960635047322778));
#3830=CARTESIAN_POINT('',(-0.0744,0.0527973696024825,0.00156596948571017));
#3831=CARTESIAN_POINT('',(-0.0744,0.0535431457505076,0.00231273481075136));
#3832=CARTESIAN_POINT('',(-0.074,0.053260303038033,0.00259557752322597));
#3833=CARTESIAN_POINT('',(-0.0741333333333333,0.0533545839421912,0.00250129661906777));
#3834=CARTESIAN_POINT('',(-0.0742666666666667,0.0534488648463494,0.00240701571490956));
#3835=CARTESIAN_POINT('',(-0.0744,0.0535431457505076,0.00231273481075136));
#3836=CARTESIAN_POINT('',(-0.0744,0.0592,0.00796958906024374));
#3837=MECHANICAL_DESIGN_GEOMETRIC_PRESENTATION_REPRESENTATION('',(#2011),
#3838);
#3838=(
GEOMETRIC_REPRESENTATION_CONTEXT(3)
GLOBAL_UNCERTAINTY_ASSIGNED_CONTEXT((#3839))
GLOBAL_UNIT_ASSIGNED_CONTEXT((#3842,#3841,#3840))
REPRESENTATION_CONTEXT('Pump_Mount','TOP_LEVEL_ASSEMBLY_PART')
);
#3839=UNCERTAINTY_MEASURE_WITH_UNIT(LENGTH_MEASURE(2.51073501672982E-5),
#3842,'DISTANCE_ACCURACY_VALUE','Maximum Tolerance applied to model');
#3840=(
NAMED_UNIT(*)
SI_UNIT($,.STERADIAN.)
SOLID_ANGLE_UNIT()
);
#3841=(
NAMED_UNIT(*)
PLANE_ANGLE_UNIT()
SI_UNIT($,.RADIAN.)
);
#3842=(
LENGTH_UNIT()
NAMED_UNIT(*)
SI_UNIT($,.METRE.)
);
#3843=PRODUCT_DEFINITION_SHAPE('','',#3844);
#3844=PRODUCT_DEFINITION('','',#3846,#3845);
#3845=PRODUCT_DEFINITION_CONTEXT('',#3852,'design');
#3846=PRODUCT_DEFINITION_FORMATION_WITH_SPECIFIED_SOURCE('','',#3848,
 .NOT_KNOWN.);
#3847=PRODUCT_RELATED_PRODUCT_CATEGORY('','',(#3848));
#3848=PRODUCT('Pump_Mount','Pump_Mount','Pump_Mount',(#3850));
#3849=PRODUCT_CATEGORY('','');
#3850=PRODUCT_CONTEXT('',#3852,'mechanical');
#3851=APPLICATION_PROTOCOL_DEFINITION('international standard',
'ap242_managed_model_based_3d_engineering',2020,#3852);
#3852=APPLICATION_CONTEXT('managed model based 3d engineering');
ENDSEC;
END-ISO-10303-21;
